{"type":"FeatureCollection","license":"ODbL-1.0, © OpenStreetMap contributors","osm_base":"2026-07-15T15:22:01Z","bbox":"47.476,19.022,47.544999999999995,19.078000000000003","features":[
{"type":"Feature","properties":{"id":"relation/20407774","bridge:structure":"arch","layer":"1","man_made":"bridge","name":"Margit híd","name:en":"Margaret Bridge"},"geometry":{"type":"MultiPolygon","coordinates":[[[[19.0436803,47.5148367],[19.0436713,47.514842],[19.0436622,47.5148501],[19.0436564,47.5148576],[19.0436515,47.514867],[19.0436489,47.5148749],[19.043648,47.5148823],[19.0436499,47.514899],[19.0438199,47.5155078],[19.0439107,47.515494],[19.0439254,47.5155441],[19.0438224,47.5155593],[19.0437538,47.5155695],[19.0436888,47.5155791],[19.0435753,47.5155965],[19.0435579,47.5155469],[19.0436488,47.5155329],[19.0434768,47.5149229],[19.0434711,47.5149126],[19.0434661,47.5149049],[19.0434584,47.5148971],[19.04345,47.5148899],[19.0434365,47.5148825],[19.0434218,47.514877],[19.0434109,47.5148732],[19.0436803,47.5148367]]],[[[19.0434107,47.5148732],[19.043396,47.5148708],[19.0399563,47.5147769],[19.039955,47.5148172],[19.0397927,47.5148127],[19.0397121,47.5148105],[19.0397125,47.514799],[19.0393836,47.5147929],[19.0393825,47.5148259],[19.039307,47.5148226],[19.039127,47.5148148],[19.0391263,47.5148789],[19.038983,47.5148768],[19.0389851,47.5148133],[19.0388857,47.5148111],[19.03887,47.5148115],[19.0387628,47.5148062],[19.0386773,47.5148054],[19.0386217,47.5148077],[19.0385624,47.5148244],[19.0385224,47.5148426],[19.0384738,47.5148772],[19.0384849,47.5148321],[19.0385024,47.5147609],[19.0385139,47.5147073],[19.0385256,47.5146531],[19.0385307,47.514629],[19.0385343,47.5146131],[19.0385381,47.5145964],[19.0385427,47.5145736],[19.0385534,47.5145234],[19.0385692,47.5144403],[19.0385723,47.5144146],[19.0388042,47.5144178],[19.0388234,47.5144196],[19.0390031,47.5144188],[19.0390037,47.5143913],[19.0391314,47.5143935],[19.0391308,47.514451],[19.0391925,47.5144521],[19.0392903,47.514455],[19.0393945,47.5144577],[19.0393931,47.514501],[19.0397306,47.5145128],[19.0397324,47.5145009],[19.0398105,47.5145035],[19.0398479,47.5145047],[19.0399652,47.5145085],[19.0399648,47.5145216],[19.0433433,47.5145815],[19.0434362,47.5145758],[19.0434995,47.5145606],[19.0463676,47.5135854],[19.0465238,47.5135323],[19.0465189,47.5135243],[19.0466208,47.5134804],[19.0467228,47.5134364],[19.0467315,47.5134476],[19.0469443,47.5133584],[19.046937,47.5133478],[19.0470044,47.5133235],[19.046969,47.5132761],[19.0469831,47.513271],[19.0470995,47.5132289],[19.0471424,47.513285],[19.0474107,47.5131938],[19.047422,47.5131899],[19.0476269,47.5131232],[19.0476591,47.513111],[19.0476863,47.5130886],[19.0477041,47.5130651],[19.0477209,47.5129633],[19.0477519,47.5130091],[19.0477921,47.5130694],[19.0478119,47.5130993],[19.0478342,47.5131314],[19.0478598,47.5131702],[19.047892,47.5132178],[19.0479165,47.513254],[19.0479422,47.5132936],[19.0480035,47.5133825],[19.0480622,47.5134709],[19.0480231,47.5134354],[19.0479843,47.5134105],[19.0479429,47.5133894],[19.0479047,47.5133795],[19.0478639,47.5133796],[19.0478188,47.5133877],[19.0477722,47.5133995],[19.0476259,47.5134496],[19.0473439,47.5135453],[19.0473769,47.5135919],[19.0472421,47.5136355],[19.0472119,47.5135928],[19.0471438,47.5136179],[19.0471379,47.5136087],[19.0469158,47.5136867],[19.0469226,47.5136966],[19.0467128,47.5137661],[19.046706,47.5137563],[19.046493,47.5138322],[19.0436958,47.5148286],[19.0436805,47.5148366],[19.0434107,47.5148732]]]]}},
{"type":"Feature","properties":{"id":"way/10221884","bridge":"yes","highway":"secondary_link","lanes":"1","layer":"1","name":"Boráros tér","oneway":"yes"},"geometry":{"type":"LineString","coordinates":[[19.0665716,47.4802306],[19.0669175,47.4803501],[19.0670565,47.4803769],[19.0671428,47.4803856]]}},
{"type":"Feature","properties":{"id":"way/106787454","bridge":"yes","highway":"footway","layer":"1"},"geometry":{"type":"LineString","coordinates":[[19.0532093,47.484758],[19.0567535,47.486587]]}},
{"type":"Feature","properties":{"id":"way/108520174","bridge":"yes","highway":"secondary","lanes":"2","layer":"1","name":"Margit híd","name:en":"Margaret Bridge","oneway":"yes"},"geometry":{"type":"LineString","coordinates":[[19.0471178,47.5135326],[19.0443991,47.5144761]]}},
{"type":"Feature","properties":{"id":"way/1110782881","bridge":"yes","highway":"footway","layer":"1"},"geometry":{"type":"LineString","coordinates":[[19.0607676,47.4773773],[19.0609579,47.4775116]]}},
{"type":"Feature","properties":{"id":"way/114068046","bridge":"yes","highway":"footway","layer":"1"},"geometry":{"type":"LineString","coordinates":[[19.043691,47.5335121],[19.0439811,47.5338129],[19.0440319,47.5338655]]}},
{"type":"Feature","properties":{"id":"way/116434059","bridge":"yes","highway":"footway","layer":"1"},"geometry":{"type":"LineString","coordinates":[[19.0530803,47.4848744],[19.0566268,47.4866998]]}},
{"type":"Feature","properties":{"id":"way/1165420141","bridge":"yes","highway":"service","lanes":"2","layer":"1","name":"Margit híd","name:en":"Margaret Bridge"},"geometry":{"type":"LineString","coordinates":[[19.0408114,47.5146661],[19.0422634,47.5147018]]}},
{"type":"Feature","properties":{"id":"way/1165420142","bridge":"yes","highway":"service","lanes":"1","layer":"1","name":"Margit híd","name:en":"Margaret Bridge","oneway":"yes"},"geometry":{"type":"LineString","coordinates":[[19.0408114,47.5146661],[19.0407234,47.5146859],[19.0405739,47.5147197]]}},
{"type":"Feature","properties":{"id":"way/1165420143","bridge":"yes","highway":"service","lanes":"1","layer":"1","name":"Margit híd","name:en":"Margaret Bridge","oneway":"yes"},"geometry":{"type":"LineString","coordinates":[[19.0397035,47.5146371],[19.0396402,47.5146523],[19.0395747,47.5146681]]}},
{"type":"Feature","properties":{"id":"way/1165420144","bridge":"yes","highway":"service","lanes":"2","layer":"1","name":"Margit híd","name:en":"Margaret Bridge"},"geometry":{"type":"LineString","coordinates":[[19.0385343,47.5146131],[19.0391815,47.5146215],[19.0394335,47.514629]]}},
{"type":"Feature","properties":{"id":"way/1165420145","bridge":"yes","highway":"service","lanes":"1","layer":"1","name":"Margit híd","name:en":"Margaret Bridge","oneway":"yes"},"geometry":{"type":"LineString","coordinates":[[19.0395627,47.514606],[19.0396179,47.5146182],[19.0397035,47.5146371]]}},
{"type":"Feature","properties":{"id":"way/1165420146","bridge":"yes","layer":"1","name":"Margitsziget / Margit híd","railway":"platform"},"geometry":{"type":"LineString","coordinates":[[19.0436472,47.5146719],[19.0443421,47.5144327]]}},
{"type":"Feature","properties":{"id":"way/1165420156","bridge":"yes","highway":"secondary_link","lanes":"1","layer":"1","name":"Margit híd","name:en":"Margaret Bridge","oneway":"yes"},"geometry":{"type":"LineString","coordinates":[[19.038629,47.5147099],[19.0385024,47.5147609]]}},
{"type":"Feature","properties":{"id":"way/1165420158","bridge":"yes","highway":"secondary","lanes":"2","layer":"1","name":"Margit híd","name:en":"Margaret Bridge","oneway":"yes"},"geometry":{"type":"LineString","coordinates":[[19.0385534,47.5145234],[19.0386984,47.5145204]]}},
{"type":"Feature","properties":{"id":"way/1165420169","bridge":"yes","highway":"service","lanes":"1","layer":"1","name":"Margit híd","name:en":"Margaret Bridge","oneway":"yes"},"geometry":{"type":"LineString","coordinates":[[19.0445962,47.5143431],[19.0444991,47.5144086],[19.0443991,47.5144761]]}},
{"type":"Feature","properties":{"id":"way/1165420170","bridge":"yes","highway":"service","lanes":"1","layer":"1","name":"Margit híd","name:en":"Margaret Bridge","oneway":"yes"},"geometry":{"type":"LineString","coordinates":[[19.0422634,47.5147018],[19.0423878,47.5146761],[19.0425673,47.5146346]]}},
{"type":"Feature","properties":{"id":"way/1190717643","bridge":"yes","highway":"footway","layer":"1"},"geometry":{"type":"LineString","coordinates":[[19.0386626,47.4976973],[19.0386933,47.4976257]]}},
{"type":"Feature","properties":{"id":"way/1206573648","bridge":"trestle","bridge:structure":"beam","layer":"1","man_made":"bridge"},"geometry":{"type":"Polygon","coordinates":[[[19.0293336,47.4829923],[19.0293632,47.4829811],[19.0294185,47.4829602],[19.0294474,47.4829492],[19.029717,47.4833457],[19.0296887,47.4833563],[19.029633,47.4833772],[19.0296045,47.4833878],[19.0293336,47.4829923]]]}},
{"type":"Feature","properties":{"id":"way/1214495653","bridge":"yes","highway":"footway","layer":"1"},"geometry":{"type":"LineString","coordinates":[[19.0626934,47.4766142],[19.062397,47.476512]]}},
{"type":"Feature","properties":{"id":"way/1214495660","bridge":"yes","highway":"footway","layer":"1"},"geometry":{"type":"LineString","coordinates":[[19.0550846,47.4873978],[19.0552657,47.4875164]]}},
{"type":"Feature","properties":{"id":"way/1214495661","bridge":"yes","highway":"footway","layer":"1"},"geometry":{"type":"LineString","coordinates":[[19.0548102,47.4875814],[19.0549976,47.4877007]]}},
{"type":"Feature","properties":{"id":"way/121469332","bridge":"yes","highway":"footway","layer":"1"},"geometry":{"type":"LineString","coordinates":[[19.054241,47.5372592],[19.054156,47.5372769]]}},
{"type":"Feature","properties":{"id":"way/1214993739","bridge":"yes","highway":"steps","layer":"1","name":"Iskola lépcső"},"geometry":{"type":"LineString","coordinates":[[19.033516,47.5033861],[19.0335312,47.5033643]]}},
{"type":"Feature","properties":{"id":"way/1231108285","layer":"1","man_made":"bridge"},"geometry":{"type":"Polygon","coordinates":[[[19.0245799,47.514055],[19.0245754,47.514002],[19.0246029,47.5140002],[19.0246306,47.5139984],[19.0246353,47.5140536],[19.0245799,47.514055]]]}},
{"type":"Feature","properties":{"id":"way/1231108287","bridge":"yes","highway":"footway","layer":"1"},"geometry":{"type":"LineString","coordinates":[[19.024613,47.5140715],[19.0246029,47.5140002]]}},
{"type":"Feature","properties":{"id":"way/1232033150","bridge":"yes","highway":"footway","layer":"1"},"geometry":{"type":"LineString","coordinates":[[19.0409673,47.5005327],[19.0406461,47.5004933]]}},
{"type":"Feature","properties":{"id":"way/1234979160","bridge":"yes","highway":"footway","layer":"1"},"geometry":{"type":"LineString","coordinates":[[19.0253424,47.5133557],[19.0253318,47.5132701]]}},
{"type":"Feature","properties":{"id":"way/1252607748","bridge":"yes","highway":"footway","layer":"1"},"geometry":{"type":"LineString","coordinates":[[19.0456696,47.489671],[19.0457124,47.48962]]}},
{"type":"Feature","properties":{"id":"way/1263351302","bridge":"yes","bridge:structure":"beam","highway":"footway","layer":"1"},"geometry":{"type":"LineString","coordinates":[[19.0340746,47.4909856],[19.0341272,47.4910325]]}},
{"type":"Feature","properties":{"id":"way/128180292","bridge":"yes","highway":"residential","layer":"1","name":"Cserhalom utca"},"geometry":{"type":"LineString","coordinates":[[19.0672968,47.5424049],[19.0672147,47.5422232]]}},
{"type":"Feature","properties":{"id":"way/128180297","bridge":"yes","highway":"footway","layer":"1"},"geometry":{"type":"LineString","coordinates":[[19.0672345,47.5424088],[19.0671487,47.5422176]]}},
{"type":"Feature","properties":{"id":"way/128180716","bridge":"yes","highway":"cycleway","layer":"1"},"geometry":{"type":"LineString","coordinates":[[19.0703626,47.5425753],[19.0703952,47.5423471]]}},
{"type":"Feature","properties":{"id":"way/1294701206","bridge":"yes","highway":"footway","layer":"1"},"geometry":{"type":"LineString","coordinates":[[19.0249889,47.490284],[19.0250361,47.4904637],[19.0250263,47.4905316]]}},
{"type":"Feature","properties":{"id":"way/1294701207","bridge":"yes","highway":"footway","layer":"1"},"geometry":{"type":"LineString","coordinates":[[19.0253108,47.4902779],[19.025387,47.490502],[19.0253802,47.490563]]}},
{"type":"Feature","properties":{"id":"way/1313436912","bridge":"yes","highway":"primary","lanes":"3","layer":"1","name":"Döbrentei tér","oneway":"yes"},"geometry":{"type":"LineString","coordinates":[[19.0455739,47.4904372],[19.0454867,47.4904988]]}},
{"type":"Feature","properties":{"id":"way/131450095","bridge":"yes","highway":"unclassified","lanes":"2","layer":"1","name":"Margit híd","name:en":"Margaret Bridge"},"geometry":{"type":"LineString","coordinates":[[19.0435445,47.5148632],[19.0435566,47.514904],[19.0437538,47.5155695]]}},
{"type":"Feature","properties":{"id":"way/131450099","bridge":"yes","highway":"footway","layer":"1"},"geometry":{"type":"LineString","coordinates":[[19.043456,47.5147244],[19.0434528,47.5146924],[19.0434484,47.5146429],[19.0434433,47.514596]]}},
{"type":"Feature","properties":{"id":"way/131450100","bridge":"yes","highway":"footway","layer":"1"},"geometry":{"type":"LineString","coordinates":[[19.0435352,47.5147067],[19.0435575,47.5147343],[19.043583,47.5147654],[19.0436309,47.5148223]]}},
{"type":"Feature","properties":{"id":"way/131450105","bridge":"yes","layer":"1","name":"Margitsziget / Margit híd","railway":"platform"},"geometry":{"type":"LineString","coordinates":[[19.043229,47.5147239],[19.0424663,47.5147077]]}},
{"type":"Feature","properties":{"id":"way/131450106","bridge":"yes","highway":"footway","layer":"1"},"geometry":{"type":"LineString","coordinates":[[19.043229,47.5147239],[19.043456,47.5147244],[19.0435352,47.5147067],[19.0435841,47.5146917],[19.0436472,47.5146719]]}},
{"type":"Feature","properties":{"id":"way/131564117","bridge":"yes","highway":"footway","layer":"1"},"geometry":{"type":"LineString","coordinates":[[19.0536922,47.5377093],[19.0537699,47.5376886]]}},
{"type":"Feature","properties":{"id":"way/131564138","bridge":"yes","highway":"platform","layer":"1","name":"Margitsziget/ Árpád híd"},"geometry":{"type":"LineString","coordinates":[[19.054148,47.5375951],[19.0537699,47.5376886]]}},
{"type":"Feature","properties":{"id":"way/131564174","bridge":"yes","highway":"primary_link","layer":"1","oneway":"yes"},"geometry":{"type":"LineString","coordinates":[[19.0544211,47.537667],[19.0543775,47.5376092],[19.0543431,47.5375791],[19.0542844,47.5375521],[19.0541666,47.5375236]]}},
{"type":"Feature","properties":{"id":"way/131564176","bridge":"yes","highway":"primary_link","layer":"1","oneway":"yes"},"geometry":{"type":"LineString","coordinates":[[19.0545003,47.5374455],[19.0544715,47.5374688],[19.0544498,47.5374954],[19.0544346,47.5375358],[19.054425,47.5375825],[19.0544211,47.537667]]}},
{"type":"Feature","properties":{"id":"way/131564193","bridge":"yes","highway":"primary","lanes":"3","layer":"1","name":"Árpád híd","name:en":"Árpád Bridge","oneway":"yes"},"geometry":{"type":"LineString","coordinates":[[19.0541666,47.5375236],[19.0500459,47.5385085]]}},
{"type":"Feature","properties":{"id":"way/1315682093","bridge":"yes","highway":"steps","layer":"1"},"geometry":{"type":"LineString","coordinates":[[19.0660898,47.4801217],[19.0660628,47.480108]]}},
{"type":"Feature","properties":{"id":"way/1315682131","bridge":"yes","highway":"steps","layer":"1"},"geometry":{"type":"LineString","coordinates":[[19.0660628,47.480108],[19.0660003,47.4800762]]}},
{"type":"Feature","properties":{"id":"way/133323461","bridge":"yes","highway":"tertiary","lanes":"2","layer":"1","name":"Röppentyű utca"},"geometry":{"type":"LineString","coordinates":[[19.0780903,47.5415791],[19.077999,47.5413841]]}},
{"type":"Feature","properties":{"id":"way/1340238082","bridge":"yes","highway":"footway","layer":"1"},"geometry":{"type":"LineString","coordinates":[[19.0341569,47.5097754],[19.0341547,47.5098287],[19.0341516,47.509904],[19.033827,47.5098968],[19.0338284,47.5097826]]}},
{"type":"Feature","properties":{"id":"way/1340238089","bridge":"yes","highway":"footway","layer":"1"},"geometry":{"type":"LineString","coordinates":[[19.0341922,47.5098297],[19.0341547,47.5098287]]}},
{"type":"Feature","properties":{"id":"way/1341298162","bridge":"yes","highway":"service","layer":"1"},"geometry":{"type":"LineString","coordinates":[[19.0284464,47.5431307],[19.0284251,47.5432164]]}},
{"type":"Feature","properties":{"id":"way/1346291144","bridge":"yes","highway":"primary","lanes":"6","layer":"1","name":"Erzsébet híd"},"geometry":{"type":"LineString","coordinates":[[19.0490397,47.4908514],[19.0479317,47.4904436]]}},
{"type":"Feature","properties":{"id":"way/1349527702","bridge":"yes","highway":"footway","layer":"3"},"geometry":{"type":"LineString","coordinates":[[19.0606557,47.5136],[19.0605093,47.5137042]]}},
{"type":"Feature","properties":{"id":"way/1349527703","bridge":"yes","highway":"footway","layer":"2"},"geometry":{"type":"LineString","coordinates":[[19.0605533,47.5135412],[19.060419,47.5136525]]}},
{"type":"Feature","properties":{"id":"way/1351811917","bridge":"yes","highway":"service","lanes":"1","layer":"1","name":"Margit híd","name:en":"Margaret Bridge","oneway":"yes"},"geometry":{"type":"LineString","coordinates":[[19.047892,47.5132178],[19.0477909,47.5132477],[19.0476283,47.513282]]}},
{"type":"Feature","properties":{"id":"way/1351811918","bridge":"yes","highway":"service","lanes":"2","layer":"1","name":"Margit híd","name:en":"Margaret Bridge"},"geometry":{"type":"LineString","coordinates":[[19.0466387,47.5136409],[19.0472566,47.5134169],[19.0476283,47.513282]]}},
{"type":"Feature","properties":{"id":"way/1351811919","bridge":"yes","highway":"service","lanes":"1","layer":"1","name":"Margit híd","name:en":"Margaret Bridge","oneway":"yes"},"geometry":{"type":"LineString","coordinates":[[19.0476283,47.513282],[19.0477668,47.5132102],[19.0478598,47.5131702]]}},
{"type":"Feature","properties":{"id":"way/135198911","bridge":"yes","highway":"footway","layer":"1"},"geometry":{"type":"LineString","coordinates":[[19.0390602,47.4976868],[19.0390139,47.4977851]]}},
{"type":"Feature","properties":{"id":"way/135315473","bridge":"yes","highway":"secondary","lanes":"2","layer":"1","name":"Margit híd","name:en":"Margaret Bridge","oneway":"yes"},"geometry":{"type":"LineString","coordinates":[[19.0435211,47.5147843],[19.0434761,47.5147896],[19.0434419,47.5147918],[19.0433608,47.5147941],[19.0405739,47.5147197],[19.0401439,47.5147082]]}},
{"type":"Feature","properties":{"id":"way/1353806375","bridge":"yes","highway":"footway","layer":"1"},"geometry":{"type":"LineString","coordinates":[[19.0536947,47.5373129],[19.0537376,47.5373283],[19.0537742,47.5373293],[19.0538116,47.5373258],[19.053863,47.5373112],[19.0539389,47.537288],[19.054034,47.5372651],[19.0541248,47.5372506],[19.054157,47.5372475],[19.0542103,47.537259],[19.054241,47.5372592]]}},
{"type":"Feature","properties":{"id":"way/1353806376","bridge":"yes","highway":"footway","layer":"1"},"geometry":{"type":"LineString","coordinates":[[19.0535741,47.5373506],[19.0536484,47.5373274],[19.0536947,47.5373129]]}},
{"type":"Feature","properties":{"id":"way/1360894869","bridge":"yes","highway":"tertiary","lanes":"2","layer":"1","name":"Széchenyi lánchíd"},"geometry":{"type":"LineString","coordinates":[[19.0464158,47.4995082],[19.043652,47.4989785]]}},
{"type":"Feature","properties":{"id":"way/136225894","bridge":"yes","highway":"unclassified","lanes":"1","layer":"1","name":"Schulek Frigyes sétány","oneway":"yes"},"geometry":{"type":"LineString","coordinates":[[19.0536494,47.5373291],[19.0536977,47.537362],[19.0537612,47.5373905],[19.0538147,47.5374025],[19.0538772,47.5374046]]}},
{"type":"Feature","properties":{"id":"way/136225895","bridge":"yes","highway":"unclassified","lanes":"1","layer":"1","name":"Schulek Frigyes sétány","oneway":"yes"},"geometry":{"type":"LineString","coordinates":[[19.0535764,47.5374722],[19.0536178,47.5374261],[19.0536357,47.5373978],[19.0536441,47.5373692],[19.0536494,47.5373291]]}},
{"type":"Feature","properties":{"id":"way/136226449","bridge":"yes","highway":"primary","lanes":"3","layer":"1","name":"Árpád híd","oneway":"yes"},"geometry":{"type":"LineString","coordinates":[[19.0535764,47.5374722],[19.0538772,47.5374046]]}},
{"type":"Feature","properties":{"id":"way/136229342","bridge":"yes","highway":"unclassified","lanes":"2","layer":"1","name":"Schulek Frigyes sétány","oneway":"no"},"geometry":{"type":"LineString","coordinates":[[19.0534407,47.5370687],[19.0536484,47.5373274],[19.0536494,47.5373291]]}},
{"type":"Feature","properties":{"id":"way/1375972349","bridge":"yes","highway":"service","layer":"1"},"geometry":{"type":"LineString","coordinates":[[19.024066,47.5426974],[19.0240675,47.5426748]]}},
{"type":"Feature","properties":{"id":"way/1376702388","bridge":"yes","highway":"cycleway","layer":"1","name":"Margit híd","name:en":"Margaret Bridge","width":"3"},"geometry":{"type":"LineString","coordinates":[[19.0388865,47.5147859],[19.0386924,47.51478],[19.0386016,47.514788],[19.0385361,47.5148052],[19.0384849,47.5148321]]}},
{"type":"Feature","properties":{"id":"way/1376702389","bridge":"yes","highway":"secondary","lanes":"2","layer":"1","name":"Margit híd","name:en":"Margaret Bridge","oneway":"yes"},"geometry":{"type":"LineString","coordinates":[[19.0397002,47.5147029],[19.0394935,47.5147029]]}},
{"type":"Feature","properties":{"id":"way/1376702390","bridge":"yes","highway":"service","lanes":"1","layer":"1","name":"Margit híd","name:en":"Margaret Bridge","oneway":"yes"},"geometry":{"type":"LineString","coordinates":[[19.0395627,47.514606],[19.0397051,47.5145806]]}},
{"type":"Feature","properties":{"id":"way/1376702391","bridge":"yes","highway":"service","lanes":"1","layer":"1","name":"Margit híd","name:en":"Margaret Bridge","oneway":"yes"},"geometry":{"type":"LineString","coordinates":[[19.0394241,47.5145753],[19.0395627,47.514606]]}},
{"type":"Feature","properties":{"id":"way/1376702392","bridge":"yes","highway":"service","lanes":"1","layer":"1","name":"Margit híd","name:en":"Margaret Bridge","oneway":"yes"},"geometry":{"type":"LineString","coordinates":[[19.0395747,47.5146681],[19.0395022,47.514648],[19.0394335,47.514629]]}},
{"type":"Feature","properties":{"id":"way/1376702393","bridge":"yes","highway":"service","lanes":"1","layer":"1","name":"Margit híd","name:en":"Margaret Bridge","oneway":"yes"},"geometry":{"type":"LineString","coordinates":[[19.0395747,47.5146681],[19.0394304,47.5147029]]}},
{"type":"Feature","properties":{"id":"way/1376702394","bridge":"yes","highway":"service","lanes":"2","layer":"1","name":"Margit híd","name:en":"Margaret Bridge"},"geometry":{"type":"LineString","coordinates":[[19.0394335,47.514629],[19.0397035,47.5146371]]}},
{"type":"Feature","properties":{"id":"way/1376702395","bridge":"yes","highway":"service","lanes":"1","layer":"1","name":"Margit híd","name:en":"Margaret Bridge","oneway":"yes"},"geometry":{"type":"LineString","coordinates":[[19.0394335,47.514629],[19.0395122,47.514615],[19.0395627,47.514606]]}},
{"type":"Feature","properties":{"id":"way/1376702396","bridge":"yes","highway":"service","lanes":"1","layer":"1","name":"Margit híd","name:en":"Margaret Bridge","oneway":"yes"},"geometry":{"type":"LineString","coordinates":[[19.0397002,47.5147029],[19.0395747,47.5146681]]}},
{"type":"Feature","properties":{"id":"way/1376702397","bridge":"yes","highway":"cycleway","layer":"1","name":"Margit híd","name:en":"Margaret Bridge"},"geometry":{"type":"LineString","coordinates":[[19.0436215,47.514853],[19.0435445,47.5148632]]}},
{"type":"Feature","properties":{"id":"way/1376702398","bridge":"yes","highway":"secondary","lanes":"2","layer":"1","name":"Margit híd","name:en":"Margaret Bridge","oneway":"yes"},"geometry":{"type":"LineString","coordinates":[[19.0443991,47.5144761],[19.0441486,47.514563]]}},
{"type":"Feature","properties":{"id":"way/1376702400","bridge":"yes","highway":"secondary","lanes":"2","layer":"1","name":"Margit híd","name:en":"Margaret Bridge","oneway":"yes"},"geometry":{"type":"LineString","coordinates":[[19.0425673,47.5146346],[19.0432737,47.5146479]]}},
{"type":"Feature","properties":{"id":"way/1376702403","bridge":"yes","highway":"cycleway","layer":"1","name":"Margit híd","name:en":"Margaret Bridge"},"geometry":{"type":"LineString","coordinates":[[19.0477506,47.5133844],[19.0476129,47.5134322],[19.0471506,47.5135947]]}},
{"type":"Feature","properties":{"id":"way/138015171","bridge:structure":"beam","layer":"1","man_made":"bridge","name":"Petőfi híd","name:en":"Petőfi Bridge"},"geometry":{"type":"Polygon","coordinates":[[[19.0668625,47.4807377],[19.0668563,47.4807454],[19.0667289,47.4806871],[19.0662834,47.4804701],[19.0662548,47.480501],[19.0661958,47.4804722],[19.0662047,47.4804501],[19.0657408,47.4801821],[19.0654228,47.4799695],[19.0652388,47.4798988],[19.0652651,47.479871],[19.0641745,47.4793427],[19.0633912,47.4789639],[19.0630971,47.478819],[19.0612062,47.4779054],[19.0611806,47.4779277],[19.0610952,47.4778846],[19.0611201,47.4778608],[19.0607745,47.4776943],[19.0607215,47.4777396],[19.0605042,47.4776336],[19.0604744,47.4776206],[19.0599378,47.4773579],[19.0599524,47.4773447],[19.0600209,47.4772826],[19.0600632,47.4772465],[19.0601273,47.4771886],[19.0601627,47.4771551],[19.06023,47.4770932],[19.0602439,47.4770806],[19.0607722,47.4773359],[19.060802,47.4773498],[19.0610259,47.4774564],[19.0609749,47.4775061],[19.0613192,47.4776743],[19.0613454,47.4776519],[19.0614297,47.4776877],[19.0614056,47.4777154],[19.0636714,47.478814],[19.0643668,47.4791497],[19.0654915,47.4796799],[19.0655253,47.4796583],[19.0656127,47.4796886],[19.0657926,47.4797511],[19.0660466,47.4798507],[19.0665739,47.4801063],[19.0665869,47.4800925],[19.0666418,47.480122],[19.0666165,47.4801475],[19.0668273,47.4802527],[19.066925,47.4802907],[19.0670373,47.4803229],[19.0671592,47.4803359],[19.0671428,47.4803856],[19.0671322,47.4804275],[19.0671281,47.4804422],[19.0671604,47.4804591],[19.0670909,47.4805199],[19.0670472,47.4805598],[19.0669945,47.4806099],[19.0669415,47.4806632],[19.0668625,47.4807377]]]}},
{"type":"Feature","properties":{"id":"way/1381167467","bridge":"yes","highway":"service","layer":"1"},"geometry":{"type":"LineString","coordinates":[[19.0593744,47.5130538],[19.059505,47.5129364]]}},
{"type":"Feature","properties":{"id":"way/1384399137","bridge":"yes","highway":"secondary","lanes":"1","layer":"1","name":"Szabadság híd","oneway":"yes"},"geometry":{"type":"LineString","coordinates":[[19.0535864,47.4850903],[19.0531174,47.4848483],[19.0531123,47.4848456]]}},
{"type":"Feature","properties":{"id":"way/138972317","bridge":"yes","highway":"service","layer":"1","oneway":"yes"},"geometry":{"type":"LineString","coordinates":[[19.0607638,47.5182435],[19.061095,47.5188963],[19.0611099,47.5189193],[19.0611275,47.518937],[19.0611554,47.5189488],[19.0611853,47.5189533]]}},
{"type":"Feature","properties":{"id":"way/138972342","bridge":"yes","highway":"service","layer":"1","oneway":"yes"},"geometry":{"type":"LineString","coordinates":[[19.0612661,47.5178209],[19.0621238,47.518731]]}},
{"type":"Feature","properties":{"id":"way/1415047214","bridge":"yes","highway":"footway","layer":"1"},"geometry":{"type":"LineString","coordinates":[[19.0389044,47.4805517],[19.0390276,47.4804983],[19.0390646,47.4804822]]}},
{"type":"Feature","properties":{"id":"way/1415047217","bridge":"yes","highway":"footway","layer":"1"},"geometry":{"type":"LineString","coordinates":[[19.0390045,47.4804754],[19.0390276,47.4804983]]}},
{"type":"Feature","properties":{"id":"way/1425933147","bridge":"yes","highway":"footway"},"geometry":{"type":"LineString","coordinates":[[19.0701809,47.4760514],[19.0702261,47.4759895]]}},
{"type":"Feature","properties":{"id":"way/1434024276","bridge":"yes","highway":"pedestrian","layer":"1","name":"Kórház utca"},"geometry":{"type":"LineString","coordinates":[[19.0420335,47.5422758],[19.0420844,47.5422664]]}},
{"type":"Feature","properties":{"id":"way/1444791097","bridge":"yes","highway":"primary","lanes":"3","layer":"1","name":"Árpád híd","name:en":"Árpád Bridge","oneway":"yes"},"geometry":{"type":"LineString","coordinates":[[19.0500459,47.5385085],[19.0485207,47.538873]]}},
{"type":"Feature","properties":{"id":"way/1446365423","bridge":"yes","highway":"footway","layer":"1"},"geometry":{"type":"LineString","coordinates":[[19.0562398,47.5318495],[19.0566562,47.5317947]]}},
{"type":"Feature","properties":{"id":"way/1446365424","bridge":"yes","highway":"footway","layer":"1"},"geometry":{"type":"LineString","coordinates":[[19.056346,47.5322499],[19.0567711,47.5321972]]}},
{"type":"Feature","properties":{"id":"way/1448685722","bridge":"yes","bridge:structure":"arch","highway":"steps","name":"Jezsuita lépcső"},"geometry":{"type":"LineString","coordinates":[[19.0360341,47.5011482],[19.0359153,47.5012332],[19.0357246,47.5013536]]}},
{"type":"Feature","properties":{"id":"way/1469816740","bridge":"yes","highway":"footway","layer":"2"},"geometry":{"type":"LineString","coordinates":[[19.0576457,47.4934803],[19.0576574,47.4934602]]}},
{"type":"Feature","properties":{"id":"way/1480987395","bridge":"yes","highway":"footway","layer":"1"},"geometry":{"type":"LineString","coordinates":[[19.0385692,47.5144403],[19.0388217,47.5144405],[19.0390077,47.5144623]]}},
{"type":"Feature","properties":{"id":"way/1480987396","bridge":"yes","highway":"footway","layer":"1"},"geometry":{"type":"LineString","coordinates":[[19.0470031,47.5133727],[19.0470977,47.5133377],[19.0474401,47.5132154],[19.0476759,47.5131233],[19.047711,47.513096],[19.0477341,47.5130586],[19.0477519,47.5130091]]}},
{"type":"Feature","properties":{"id":"way/1480987399","bridge":"yes","highway":"secondary","lanes":"2","layer":"1","name":"Margit híd","name:en":"Margaret Bridge","oneway":"yes"},"geometry":{"type":"LineString","coordinates":[[19.0434484,47.5146429],[19.0435016,47.5146301],[19.0435418,47.514618],[19.0437057,47.5145633]]}},
{"type":"Feature","properties":{"id":"way/1480987406","bridge":"yes","highway":"secondary","lanes":"3","layer":"1","name":"Margit híd","name:en":"Margaret Bridge","oneway":"yes"},"geometry":{"type":"LineString","coordinates":[[19.0474301,47.5132883],[19.0475898,47.5132296]]}},
{"type":"Feature","properties":{"id":"way/1484751203","bridge":"yes","highway":"steps","layer":"1"},"geometry":{"type":"LineString","coordinates":[[19.0388761,47.497484],[19.0388145,47.4975959],[19.0387823,47.4975887],[19.0388373,47.4974935],[19.038809,47.4974835]]}},
{"type":"Feature","properties":{"id":"way/1494464600","bridge":"yes","highway":"footway","layer":"1"},"geometry":{"type":"LineString","coordinates":[[19.0634811,47.534623],[19.0637186,47.5344829],[19.0639317,47.5343185]]}},
{"type":"Feature","properties":{"id":"way/1494464601","bridge":"yes","highway":"cycleway","layer":"1"},"geometry":{"type":"LineString","coordinates":[[19.0642331,47.5346282],[19.0637532,47.5349135]]}},
{"type":"Feature","properties":{"id":"way/1494464603","bridge":"yes","layer":"1","railway":"tram"},"geometry":{"type":"LineString","coordinates":[[19.0641001,47.5345004],[19.0636554,47.5347895]]}},
{"type":"Feature","properties":{"id":"way/1494464604","bridge":"yes","layer":"1","railway":"tram"},"geometry":{"type":"LineString","coordinates":[[19.0636007,47.5347389],[19.0640498,47.5344512]]}},
{"type":"Feature","properties":{"id":"way/1494464607","bridge":"yes","highway":"primary","lanes":"3","layer":"1","name":"Róbert Károly körút","oneway":"yes"},"geometry":{"type":"LineString","coordinates":[[19.0641593,47.5345575],[19.0639945,47.5346686]]}},
{"type":"Feature","properties":{"id":"way/1494464608","bridge":"yes","highway":"primary","lanes":"3","layer":"1","name":"Róbert Károly körút","oneway":"yes"},"geometry":{"type":"LineString","coordinates":[[19.0639945,47.5346686],[19.0637081,47.5348607]]}},
{"type":"Feature","properties":{"id":"way/1494464609","bridge":"yes","highway":"primary","lanes":"3","layer":"1","name":"Róbert Károly körút","oneway":"yes"},"geometry":{"type":"LineString","coordinates":[[19.0635313,47.5346736],[19.0639769,47.5343764]]}},
{"type":"Feature","properties":{"id":"way/1496127574","bridge":"yes","highway":"construction","layer":"1","name":"Cserhalom utca"},"geometry":{"type":"LineString","coordinates":[[19.0675015,47.5422028],[19.0676076,47.5424438]]}},
{"type":"Feature","properties":{"id":"way/1496127580","bridge":"yes","highway":"cycleway","layer":"1"},"geometry":{"type":"LineString","coordinates":[[19.0675784,47.5422027],[19.0676879,47.542443]]}},
{"type":"Feature","properties":{"id":"way/15005908","bridge":"yes","highway":"primary_link","lanes":"2","layer":"1","name":"Attila út","oneway":"yes"},"geometry":{"type":"LineString","coordinates":[[19.044479,47.4912571],[19.0438024,47.4917628]]}},
{"type":"Feature","properties":{"id":"way/15011065","bridge":"yes","highway":"unclassified","lanes":"2","layer":"1","name":"Margit híd","name:en":"Margaret Bridge"},"geometry":{"type":"LineString","coordinates":[[19.0435211,47.5147843],[19.0435445,47.5148632]]}},
{"type":"Feature","properties":{"id":"way/1531732616","bridge":"yes","highway":"footway","layer":"1"},"geometry":{"type":"LineString","coordinates":[[19.0287222,47.5111848],[19.0287334,47.5111824],[19.0287274,47.511169],[19.0287213,47.5111557],[19.02871,47.511158]]}},
{"type":"Feature","properties":{"id":"way/1531732617","bridge":"yes","highway":"footway","layer":"1"},"geometry":{"type":"LineString","coordinates":[[19.0286283,47.5109779],[19.0286371,47.5109761],[19.0286314,47.5109634],[19.0286256,47.5109507],[19.0286167,47.5109525]]}},
{"type":"Feature","properties":{"id":"way/1531732618","bridge":"yes","highway":"footway","layer":"1"},"geometry":{"type":"LineString","coordinates":[[19.0285342,47.5107708],[19.0285426,47.5107691],[19.0285367,47.5107561],[19.0285308,47.510743],[19.0285224,47.5107448]]}},
{"type":"Feature","properties":{"id":"way/1531732625","bridge":"yes","highway":"footway","layer":"1"},"geometry":{"type":"LineString","coordinates":[[19.0285367,47.5107561],[19.0285959,47.5107444]]}},
{"type":"Feature","properties":{"id":"way/1531732626","bridge":"yes","highway":"footway","layer":"1"},"geometry":{"type":"LineString","coordinates":[[19.0286314,47.5109634],[19.0286915,47.5109509]]}},
{"type":"Feature","properties":{"id":"way/1531732627","bridge":"yes","highway":"footway","layer":"1"},"geometry":{"type":"LineString","coordinates":[[19.0287274,47.511169],[19.0287868,47.5111568]]}},
{"type":"Feature","properties":{"id":"way/156974370","bridge":"yes","highway":"tertiary","lanes":"1","layer":"1","name":"Széchenyi lánchíd","oneway":"yes"},"geometry":{"type":"LineString","coordinates":[[19.0409998,47.4984651],[19.0408747,47.4984652],[19.0407881,47.4984744]]}},
{"type":"Feature","properties":{"id":"way/158372726","bridge":"yes","highway":"secondary","lanes":"2","layer":"1","name":"Margit híd","name:en":"Margaret Bridge","oneway":"yes"},"geometry":{"type":"LineString","coordinates":[[19.0477883,47.5132925],[19.0471178,47.5135326]]}},
{"type":"Feature","properties":{"id":"way/159590441","bridge":"yes","highway":"primary_link","lanes":"2","layer":"1","oneway":"no"},"geometry":{"type":"LineString","coordinates":[[19.0595299,47.5370471],[19.0593883,47.5368543],[19.059188,47.536628]]}},
{"type":"Feature","properties":{"id":"way/164247524","bridge":"yes","highway":"footway","layer":"1"},"geometry":{"type":"LineString","coordinates":[[19.0518563,47.4916468],[19.0518796,47.4916544],[19.051847,47.4917006]]}},
{"type":"Feature","properties":{"id":"way/165214726","bridge":"yes","bridge:name":"Margit híd","layer":"1","railway":"tram"},"geometry":{"type":"LineString","coordinates":[[19.0473852,47.5133515],[19.0473233,47.5133776],[19.0473083,47.5133851],[19.0472941,47.5133931],[19.0472807,47.513401],[19.0472677,47.5134095],[19.0472566,47.5134169],[19.0472348,47.5134312],[19.0472225,47.5134387],[19.0472094,47.5134459],[19.0471959,47.5134528],[19.0471818,47.5134596],[19.0471239,47.513485]]}},
{"type":"Feature","properties":{"id":"way/165340368","bridge":"yes","highway":"footway","layer":"1"},"geometry":{"type":"LineString","coordinates":[[19.0616195,47.5137409],[19.0618071,47.5137923],[19.0618451,47.5138192],[19.0618584,47.5138563],[19.0618513,47.5138826],[19.0618383,47.513909],[19.0610547,47.5144927]]}},
{"type":"Feature","properties":{"id":"way/165691542","bridge":"yes","highway":"primary","lanes":"7","layer":"1","name":"Erzsébet híd"},"geometry":{"type":"LineString","coordinates":[[19.052848,47.4921407],[19.0527488,47.4920938],[19.0526042,47.4920336],[19.0524774,47.4919874],[19.0522762,47.4919247],[19.0520781,47.4918705]]}},
{"type":"Feature","properties":{"id":"way/16604632","bridge":"yes","highway":"secondary","lanes":"2","layer":"1","name":"Nyugati téri felüljáró"},"geometry":{"type":"LineString","coordinates":[[19.056534,47.5116117],[19.0559941,47.5109108]]}},
{"type":"Feature","properties":{"id":"way/17097295","bridge":"yes","highway":"secondary","lanes":"3","layer":"1","name":"Irinyi József utca","oneway":"yes"},"geometry":{"type":"LineString","coordinates":[[19.0608142,47.4776404],[19.0605229,47.477509]]}},
{"type":"Feature","properties":{"id":"way/171382783","bridge":"yes","highway":"secondary","lanes":"2","layer":"1","name":"Margit híd","name:en":"Margaret Bridge","oneway":"yes"},"geometry":{"type":"LineString","coordinates":[[19.0432737,47.5146479],[19.0433608,47.5146487],[19.043399,47.5146478],[19.0434484,47.5146429]]}},
{"type":"Feature","properties":{"id":"way/171382784","bridge":"yes","highway":"secondary","lanes":"2","layer":"1","name":"Margit híd","name:en":"Margaret Bridge","oneway":"yes"},"geometry":{"type":"LineString","coordinates":[[19.0441486,47.514563],[19.0436844,47.5147291],[19.043583,47.5147654],[19.0435499,47.5147764],[19.0435211,47.5147843]]}},
{"type":"Feature","properties":{"id":"way/171382785","bridge":"yes","highway":"secondary","lanes":"2","layer":"1","name":"Margit híd","name:en":"Margaret Bridge","oneway":"yes"},"geometry":{"type":"LineString","coordinates":[[19.0437057,47.5145633],[19.0458385,47.5138367]]}},
{"type":"Feature","properties":{"id":"way/172699280","bridge":"yes","highway":"tertiary","lanes":"2","layer":"1","name":"Széchenyi lánchíd"},"geometry":{"type":"LineString","coordinates":[[19.0409998,47.4984651],[19.043652,47.4989785]]}},
{"type":"Feature","properties":{"id":"way/172966646","bridge":"yes","highway":"footway","layer":"1"},"geometry":{"type":"LineString","coordinates":[[19.0651764,47.4800918],[19.0649056,47.4799633]]}},
{"type":"Feature","properties":{"id":"way/172966648","bridge":"yes","highway":"footway","layer":"1"},"geometry":{"type":"LineString","coordinates":[[19.0578754,47.5376706],[19.058196,47.5376258]]}},
{"type":"Feature","properties":{"id":"way/172966651","bridge":"yes","highway":"footway","layer":"1"},"geometry":{"type":"LineString","coordinates":[[19.0537545,47.5254152],[19.0539993,47.525351]]}},
{"type":"Feature","properties":{"id":"way/172966652","bridge":"yes","highway":"footway","layer":"1"},"geometry":{"type":"LineString","coordinates":[[19.0464338,47.518682],[19.0462258,47.5187405]]}},
{"type":"Feature","properties":{"id":"way/172966654","bridge":"yes","highway":"footway","layer":"1"},"geometry":{"type":"LineString","coordinates":[[19.0469276,47.5152123],[19.0471849,47.5151443]]}},
{"type":"Feature","properties":{"id":"way/172966655","bridge":"yes","highway":"footway","layer":"1"},"geometry":{"type":"LineString","coordinates":[[19.0490426,47.4935975],[19.0492728,47.4936715]]}},
{"type":"Feature","properties":{"id":"way/172966656","bridge":"yes","highway":"footway","layer":"1"},"geometry":{"type":"LineString","coordinates":[[19.0398312,47.5046681],[19.0401171,47.5046763]]}},
{"type":"Feature","properties":{"id":"way/183827291","bridge":"yes","highway":"residential","layer":"1","name":"Madarász Viktor utca"},"geometry":{"type":"LineString","coordinates":[[19.0731212,47.5425276],[19.073219,47.5427372]]}},
{"type":"Feature","properties":{"id":"way/19109629","bridge":"yes","highway":"secondary","lanes":"3","layer":"1","name":"Margit híd","name:en":"Margaret Bridge","oneway":"yes"},"geometry":{"type":"LineString","coordinates":[[19.038629,47.5147099],[19.0385139,47.5147073]]}},
{"type":"Feature","properties":{"id":"way/193803329","bridge":"yes","highway":"footway","layer":"1"},"geometry":{"type":"LineString","coordinates":[[19.0339978,47.5335843],[19.0340663,47.533644]]}},
{"type":"Feature","properties":{"id":"way/197110386","bridge:structure":"suspension","layer":"1","man_made":"bridge","name":"Széchenyi lánchíd","name:en":"Széchenyi Chain Bridge"},"geometry":{"type":"Polygon","coordinates":[[[19.0466661,47.4994404],[19.046673,47.4994586],[19.0466879,47.4994999],[19.0466884,47.4995323],[19.0466609,47.4995941],[19.046634,47.4996182],[19.0465846,47.4996653],[19.0465748,47.4996738],[19.0464442,47.4996432],[19.0464637,47.499597],[19.0463454,47.4995721],[19.0460563,47.4995131],[19.0449872,47.4993076],[19.0449688,47.4993521],[19.0448853,47.4993683],[19.0448308,47.4993251],[19.0448492,47.4992811],[19.0424004,47.4988103],[19.0423841,47.4988497],[19.0423006,47.498866],[19.0422461,47.4988227],[19.0422624,47.4987838],[19.0411497,47.4985719],[19.0410008,47.4985435],[19.0409435,47.4985415],[19.0408716,47.4985482],[19.0408507,47.4985531],[19.0407962,47.4985657],[19.0407564,47.4985757],[19.0407377,47.4985507],[19.0407299,47.4985405],[19.0407881,47.4984744],[19.0408021,47.4984583],[19.0408255,47.4984045],[19.0408277,47.4983717],[19.0408228,47.4983306],[19.0408658,47.4983215],[19.04089,47.4983159],[19.0409271,47.4983411],[19.0409382,47.4983468],[19.0410365,47.4983937],[19.0410986,47.4984116],[19.0411421,47.4984242],[19.042318,47.4986509],[19.0423306,47.4986208],[19.0423331,47.4986149],[19.0424174,47.4985898],[19.0424728,47.4986396],[19.0424554,47.4986774],[19.042751,47.4987344],[19.0449043,47.4991495],[19.0449178,47.4991172],[19.0450021,47.4990922],[19.0450578,47.499137],[19.0450417,47.499176],[19.0460545,47.4993712],[19.046404,47.4994324],[19.0465355,47.4994554],[19.0465484,47.4994205],[19.0466661,47.4994404]]]}},
{"type":"Feature","properties":{"id":"way/197110387","bridge:support":"pylon"},"geometry":{"type":"Polygon","coordinates":[[[19.0424728,47.4986396],[19.0424554,47.4986774],[19.0424004,47.4988103],[19.0423841,47.4988497],[19.0423006,47.498866],[19.0422461,47.4988227],[19.0422624,47.4987838],[19.042318,47.4986509],[19.0423306,47.4986208],[19.0423331,47.4986149],[19.0424174,47.4985898],[19.0424728,47.4986396]]]}},
{"type":"Feature","properties":{"id":"way/197110388","bridge:support":"pylon"},"geometry":{"type":"Polygon","coordinates":[[[19.0450578,47.499137],[19.0450417,47.499176],[19.0449872,47.4993076],[19.0449688,47.4993521],[19.0448853,47.4993683],[19.0448308,47.4993251],[19.0448492,47.4992811],[19.0449043,47.4991495],[19.0449178,47.4991172],[19.0450021,47.4990922],[19.0450578,47.499137]]]}},
{"type":"Feature","properties":{"id":"way/197112157","bridge:structure":"beam","layer":"1","man_made":"bridge","name":"Árpád híd","name:en":"Árpád Bridge"},"geometry":{"type":"Polygon","coordinates":[[[19.0584624,47.5362367],[19.0584704,47.5362535],[19.0584917,47.5362984],[19.0585261,47.536371],[19.0585529,47.5364276],[19.0585818,47.5364886],[19.0586042,47.5365357],[19.0586113,47.5365508],[19.0580391,47.536686],[19.0570412,47.5369249],[19.0557105,47.5372427],[19.0545765,47.537517],[19.0546052,47.5376035],[19.0546054,47.5376636],[19.0545953,47.5377116],[19.0545445,47.5378019],[19.0544583,47.5378727],[19.0543666,47.5379167],[19.0542639,47.5379473],[19.0541546,47.5379562],[19.0540519,47.5379525],[19.0539547,47.5379353],[19.0538773,47.537904],[19.0537934,47.5378615],[19.0537327,47.5378071],[19.0536741,47.5377273],[19.0536178,47.5377415],[19.0525641,47.5379764],[19.0512762,47.5382843],[19.0503948,47.5384976],[19.0466505,47.5394091],[19.0466439,47.539396],[19.0466106,47.5393295],[19.0465861,47.5392806],[19.0465646,47.5392377],[19.0465361,47.5391808],[19.0465047,47.5391181],[19.046499,47.5391067],[19.0480385,47.5387273],[19.0494896,47.5383797],[19.0506778,47.5380836],[19.0511121,47.5379796],[19.0521826,47.5377233],[19.0524107,47.5376702],[19.0531978,47.5374869],[19.0533668,47.5374535],[19.0533936,47.5374453],[19.0534863,47.5374253],[19.0535338,47.5374022],[19.0535603,47.5373731],[19.053567,47.5373403],[19.0535537,47.5372993],[19.0533925,47.537085],[19.0534407,47.5370687],[19.0535012,47.5370483],[19.0535312,47.5370382],[19.0536841,47.5372493],[19.053715,47.5372911],[19.0537437,47.5373015],[19.0537647,47.5373075],[19.0537901,47.5373082],[19.0538409,47.5372993],[19.0540033,47.5372531],[19.0541756,47.5372232],[19.0544395,47.5371979],[19.0545066,47.5371805],[19.0547448,47.5371259],[19.0552893,47.5370001],[19.0554608,47.5369592],[19.0568267,47.5366338],[19.0579976,47.5363501],[19.0584624,47.5362367]]]}},
{"type":"Feature","properties":{"id":"way/197114184","bridge:support":"pier"},"geometry":{"type":"LineString","coordinates":[[19.0569207,47.536954],[19.0568857,47.5369282],[19.0567525,47.5366839],[19.0567602,47.5366488],[19.0567956,47.5366742],[19.0569239,47.5369211],[19.0569207,47.536954]]}},
{"type":"Feature","properties":{"id":"way/197114185","bridge:support":"pier"},"geometry":{"type":"LineString","coordinates":[[19.0512762,47.5382843],[19.0512386,47.5382605],[19.0511099,47.5380081],[19.0511121,47.5379796],[19.0511452,47.5380014],[19.0512773,47.5382523],[19.0512762,47.5382843]]}},
{"type":"Feature","properties":{"id":"way/197114186","bridge:support":"pier"},"geometry":{"type":"LineString","coordinates":[[19.0525641,47.5379764],[19.0525298,47.5379525],[19.052405,47.5377034],[19.0524107,47.5376702],[19.0524481,47.5376937],[19.0525674,47.5379458],[19.0525641,47.5379764]]}},
{"type":"Feature","properties":{"id":"way/197114187","bridge:support":"pier"},"geometry":{"type":"LineString","coordinates":[[19.0556225,47.5372636],[19.0555916,47.5372443],[19.0554564,47.5369937],[19.0554608,47.5369592],[19.055498,47.5369855],[19.0556258,47.537235],[19.0556225,47.5372636]]}},
{"type":"Feature","properties":{"id":"way/197175600","bridge:support":"pier"},"geometry":{"type":"LineString","coordinates":[[19.044774,47.5144678],[19.0447925,47.5144568],[19.0447985,47.5144363],[19.0447955,47.5144104],[19.044717,47.5142955],[19.0446275,47.5141909],[19.0445959,47.5141733],[19.0445725,47.5141699],[19.0445488,47.5141742],[19.0445316,47.5141847],[19.0445264,47.5141963],[19.0445301,47.514223],[19.0446098,47.5143354],[19.0447019,47.5144433],[19.0447208,47.5144591],[19.0447399,47.5144651],[19.0447572,47.5144707],[19.044774,47.5144678]]}},
{"type":"Feature","properties":{"id":"way/197175601","bridge:support":"pier"},"geometry":{"type":"LineString","coordinates":[[19.0458186,47.5141044],[19.045837,47.5140934],[19.045843,47.5140729],[19.04584,47.514047],[19.0457615,47.5139321],[19.0456721,47.5138276],[19.0456405,47.5138099],[19.045617,47.5138065],[19.0455933,47.5138108],[19.0455761,47.5138214],[19.045571,47.513833],[19.0455746,47.5138597],[19.0456543,47.513972],[19.0457464,47.5140799],[19.0457653,47.5140957],[19.0457845,47.5141017],[19.0458017,47.5141073],[19.0458186,47.5141044]]}},
{"type":"Feature","properties":{"id":"way/197175602","bridge:support":"pier"},"geometry":{"type":"LineString","coordinates":[[19.0421698,47.5148709],[19.0421937,47.5148671],[19.0422134,47.514851],[19.0422289,47.5148272],[19.0422402,47.5147009],[19.0422345,47.5145802],[19.0422191,47.5145545],[19.0422008,47.5145441],[19.0421769,47.5145403],[19.0421544,47.5145441],[19.0421417,47.5145526],[19.0421262,47.5145773],[19.0421178,47.5147018],[19.0421234,47.5148263],[19.042129,47.5148462],[19.0421417,47.5148576],[19.042153,47.5148681],[19.0421698,47.5148709]]}},
{"type":"Feature","properties":{"id":"way/197175603","bridge:support":"pier"},"geometry":{"type":"LineString","coordinates":[[19.0409988,47.5148396],[19.0410227,47.5148358],[19.0410424,47.5148196],[19.0410578,47.5147959],[19.0410691,47.5146695],[19.0410635,47.5145488],[19.041048,47.5145232],[19.0410297,47.5145127],[19.0410058,47.5145089],[19.0409833,47.5145127],[19.0409706,47.5145213],[19.0409551,47.514546],[19.0409467,47.5146704],[19.0409523,47.5147949],[19.040958,47.5148149],[19.0409706,47.5148263],[19.0409819,47.5148367],[19.0409988,47.5148396]]}},
{"type":"Feature","properties":{"id":"way/197175887","bridge:support":"pier"},"geometry":{"type":"LineString","coordinates":[[19.0433347,47.5145738],[19.0435264,47.5145442],[19.0437089,47.5148238],[19.0436476,47.5148776],[19.0434651,47.5149027],[19.0433754,47.5148702],[19.0433347,47.5145738]]}},
{"type":"Feature","properties":{"id":"way/197315955","bridge:support":"pylon"},"geometry":{"type":"Polygon","coordinates":[[[19.0559407,47.4861459],[19.0558495,47.4862283],[19.055781,47.4862901],[19.0557693,47.4862967],[19.0557551,47.4863004],[19.0557406,47.486301],[19.0557266,47.4862987],[19.0557192,47.4862902],[19.055716,47.4862806],[19.0557174,47.4862704],[19.0557234,47.486261],[19.0558147,47.4861786],[19.0558832,47.4861168],[19.0558949,47.4861102],[19.055909,47.4861065],[19.0559235,47.4861059],[19.0559376,47.4861082],[19.0559449,47.4861167],[19.0559481,47.4861263],[19.0559468,47.4861365],[19.0559407,47.4861459]]]}},
{"type":"Feature","properties":{"id":"way/197315956","bridge:support":"pylon"},"geometry":{"type":"Polygon","coordinates":[[[19.0540888,47.4851889],[19.0539976,47.4852713],[19.0539291,47.4853331],[19.0539174,47.4853396],[19.0539032,47.4853434],[19.0538887,47.485344],[19.0538747,47.4853416],[19.0538673,47.4853332],[19.0538641,47.4853236],[19.0538655,47.4853134],[19.0538715,47.485304],[19.0539628,47.4852215],[19.0540323,47.4851603],[19.054043,47.4851532],[19.0540571,47.4851494],[19.0540716,47.4851488],[19.0540857,47.4851512],[19.054093,47.4851597],[19.0540962,47.4851692],[19.0540949,47.4851795],[19.0540888,47.4851889]]]}},
{"type":"Feature","properties":{"id":"way/197315957","bridge:structure":"suspension","layer":"1","man_made":"bridge","name":"Szabadság híd","name:en":"Liberty Bridge"},"geometry":{"type":"Polygon","coordinates":[[[19.0558861,47.4861173],[19.0558909,47.4861149],[19.0558984,47.4861152],[19.0559089,47.4861172],[19.055933,47.4861293],[19.0559388,47.4861356],[19.0559413,47.4861404],[19.055939,47.4861446],[19.0559463,47.4861483],[19.0567691,47.4865731],[19.0567535,47.486587],[19.0567268,47.4866108],[19.0567045,47.4866306],[19.0566839,47.486649],[19.0566557,47.4866741],[19.0566268,47.4866998],[19.0566094,47.4867153],[19.0557846,47.4862906],[19.0557795,47.4862887],[19.0557733,47.486292],[19.0557657,47.4862918],[19.0557552,47.4862897],[19.0557312,47.4862776],[19.0557254,47.4862714],[19.0557228,47.4862665],[19.055726,47.4862614],[19.055715,47.4862548],[19.0539249,47.4853332],[19.0539214,47.485335],[19.0539138,47.4853347],[19.0539033,47.4853327],[19.0538793,47.4853205],[19.0538735,47.4853143],[19.0538709,47.4853095],[19.0538727,47.4853063],[19.0530633,47.4848896],[19.0530803,47.4848744],[19.0531771,47.4847877],[19.0532262,47.4847439],[19.0533324,47.484799],[19.0540323,47.4851603],[19.054039,47.4851578],[19.0540466,47.4851581],[19.054057,47.4851601],[19.0540811,47.4851723],[19.0540869,47.4851785],[19.0540894,47.4851834],[19.0540869,47.485188],[19.0541002,47.4851954],[19.0558767,47.4861124],[19.0558861,47.4861173]]]}},
{"type":"Feature","properties":{"id":"way/197376889","bridge:structure":"suspension","layer":"1","man_made":"bridge","name":"Erzsébet híd","name:en":"Elisabeth Bridge"},"geometry":{"type":"Polygon","coordinates":[[[19.0470264,47.4899939],[19.0474122,47.4901316],[19.0474178,47.4901252],[19.047546,47.4901573],[19.0476515,47.4902095],[19.0476461,47.4902151],[19.0508107,47.4913445],[19.0508147,47.4913396],[19.0509477,47.4913729],[19.05105,47.4914237],[19.0510469,47.4914284],[19.0514286,47.4915649],[19.0514521,47.4915381],[19.0515026,47.4915568],[19.0515258,47.4915653],[19.0515832,47.4915865],[19.0516023,47.4915642],[19.0518547,47.4916529],[19.0518756,47.4916263],[19.0519275,47.4916431],[19.0519083,47.4916718],[19.0521295,47.4917478],[19.0522164,47.4917711],[19.0523951,47.4918095],[19.0525737,47.4918527],[19.0527846,47.4919235],[19.0529644,47.4919929],[19.0529515,47.4920084],[19.052848,47.4921407],[19.0527825,47.4922245],[19.0527724,47.4922387],[19.0525129,47.4921325],[19.0522813,47.4920513],[19.0521569,47.4920117],[19.0520522,47.4919859],[19.051729,47.4919063],[19.0516952,47.4919494],[19.0516908,47.4919559],[19.0516701,47.4919489],[19.0515953,47.4919251],[19.0515729,47.4919538],[19.0515053,47.4919324],[19.0513592,47.4918802],[19.0513779,47.4918546],[19.0512453,47.4918076],[19.0512622,47.491781],[19.0508779,47.4916446],[19.0508739,47.4916496],[19.0507537,47.4916215],[19.0506396,47.4915658],[19.0506431,47.4915608],[19.0474794,47.49043],[19.0474754,47.4904339],[19.0473519,47.4904067],[19.0472414,47.4903523],[19.047245,47.4903479],[19.0468558,47.4902076],[19.0468671,47.4901914],[19.046942,47.4900993],[19.0470166,47.4900076],[19.0470264,47.4899939]]]}},
{"type":"Feature","properties":{"id":"way/197880299","bridge":"yes","highway":"footway","layer":"1"},"geometry":{"type":"LineString","coordinates":[[19.0388217,47.5144405],[19.0388234,47.5144196]]}},
{"type":"Feature","properties":{"id":"way/202156182","bridge":"yes","highway":"cycleway","layer":"1","name":"Margit híd","name:en":"Margaret Bridge"},"geometry":{"type":"LineString","coordinates":[[19.0471506,47.5135947],[19.0462204,47.5139027],[19.0436309,47.5148223],[19.0436215,47.514853]]}},
{"type":"Feature","properties":{"id":"way/202156186","bridge":"yes","highway":"footway","layer":"1"},"geometry":{"type":"LineString","coordinates":[[19.0476129,47.5134322],[19.0476259,47.5134496]]}},
{"type":"Feature","properties":{"id":"way/208926956","bridge":"yes","highway":"footway","layer":"1"},"geometry":{"type":"LineString","coordinates":[[19.0390077,47.5144623],[19.0392833,47.5145027],[19.0394049,47.5145365],[19.0394241,47.5145376],[19.0396967,47.5145403],[19.0433174,47.5146078],[19.0434433,47.514596],[19.0435881,47.514553],[19.0465456,47.5135419],[19.0470031,47.5133727]]}},
{"type":"Feature","properties":{"id":"way/21392499","bridge":"yes","highway":"unclassified","layer":"1","name":"Hajógyári híd"},"geometry":{"type":"LineString","coordinates":[[19.0479371,47.5416739],[19.0472602,47.5416573]]}},
{"type":"Feature","properties":{"id":"way/220535791","bridge":"yes","highway":"cycleway","lanes":"1","layer":"1","name":"Margit híd","name:en":"Margaret Bridge","oneway":"yes"},"geometry":{"type":"LineString","coordinates":[[19.0477883,47.5132925],[19.0478188,47.5133651]]}},
{"type":"Feature","properties":{"id":"way/220535792","bridge":"yes","highway":"cycleway","lanes":"1","layer":"1","name":"Margit híd","name:en":"Margaret Bridge","oneway":"yes","width":"1"},"geometry":{"type":"LineString","coordinates":[[19.0398261,47.5147626],[19.0397876,47.514742],[19.0395466,47.5147383],[19.0394935,47.5147029]]}},
{"type":"Feature","properties":{"id":"way/223333217","bridge":"yes","bridge:name":"Margit híd","layer":"1","railway":"tram"},"geometry":{"type":"LineString","coordinates":[[19.0433228,47.5146947],[19.0434528,47.5146924],[19.0435429,47.514675],[19.0436395,47.514645]]}},
{"type":"Feature","properties":{"id":"way/223333219","bridge":"yes","bridge:name":"Margit híd","layer":"1","railway":"tram"},"geometry":{"type":"LineString","coordinates":[[19.0436452,47.5147062],[19.0435575,47.5147343],[19.0434627,47.5147551],[19.043334,47.5147565]]}},
{"type":"Feature","properties":{"id":"way/230042081","bridge":"yes","highway":"footway","layer":"1"},"geometry":{"type":"LineString","coordinates":[[19.0430573,47.5159224],[19.0427313,47.515891]]}},
{"type":"Feature","properties":{"id":"way/230042083","bridge":"yes","highway":"footway","layer":"1"},"geometry":{"type":"LineString","coordinates":[[19.0495595,47.4932608],[19.0492712,47.4931541]]}},
{"type":"Feature","properties":{"id":"way/230042084","bridge":"yes","highway":"footway","layer":"1"},"geometry":{"type":"LineString","coordinates":[[19.0505264,47.4920247],[19.0502486,47.4919444]]}},
{"type":"Feature","properties":{"id":"way/230042085","bridge":"yes","highway":"footway","layer":"1"},"geometry":{"type":"LineString","coordinates":[[19.0498191,47.492926],[19.0496013,47.4928654]]}},
{"type":"Feature","properties":{"id":"way/230042086","bridge":"yes","highway":"footway","layer":"1"},"geometry":{"type":"LineString","coordinates":[[19.0502977,47.4923564],[19.0500605,47.4922944]]}},
{"type":"Feature","properties":{"id":"way/23997085","bridge":"yes","highway":"secondary_link","lanes":"1","layer":"1","name":"Margit híd","name:en":"Margaret Bridge","oneway":"yes"},"geometry":{"type":"LineString","coordinates":[[19.0475898,47.5132296],[19.0477081,47.5131499],[19.0477531,47.5131124],[19.0477744,47.5130916],[19.0477921,47.5130694]]}},
{"type":"Feature","properties":{"id":"way/24210197","bridge":"yes","bridge:name":"Margit híd","layer":"1","railway":"tram"},"geometry":{"type":"LineString","coordinates":[[19.0474937,47.5133122],[19.0475481,47.5132878],[19.0475611,47.5132811],[19.0475735,47.5132739],[19.0475855,47.5132666],[19.0475974,47.513259],[19.047623,47.5132426],[19.0477077,47.5131846],[19.0477416,47.5131613],[19.0477665,47.5131425],[19.0477898,47.513122],[19.0478119,47.5130993]]}},
{"type":"Feature","properties":{"id":"way/24255971","bridge":"yes","highway":"primary","lanes":"2","layer":"1","oneway":"yes"},"geometry":{"type":"LineString","coordinates":[[19.0450379,47.490824],[19.0449844,47.4908544],[19.0449294,47.4908781],[19.0448753,47.4908931],[19.0448014,47.4909023],[19.0447403,47.4909034],[19.0446755,47.4908956],[19.0445967,47.490878],[19.0445366,47.490856],[19.0444834,47.4908251],[19.0444403,47.4907906],[19.0443925,47.4907406],[19.0443536,47.4906793],[19.0443048,47.4905574],[19.0442725,47.4904765],[19.0442426,47.4904225],[19.0442129,47.4903827],[19.0441709,47.4903325]]}},
{"type":"Feature","properties":{"id":"way/24261182","bridge":"yes","highway":"primary_link","lanes":"1","layer":"1","oneway":"yes"},"geometry":{"type":"LineString","coordinates":[[19.0454867,47.4904988],[19.0453941,47.4906281],[19.0453639,47.4907173],[19.0453593,47.4907727],[19.0453812,47.4908315],[19.0454492,47.4909039],[19.0455107,47.4909476],[19.0455918,47.4909796],[19.0456828,47.4909899],[19.0457918,47.4909846],[19.04589,47.4909608],[19.0459888,47.4909219],[19.0460967,47.4908611]]}},
{"type":"Feature","properties":{"id":"way/24268470","bridge":"yes","highway":"secondary","lanes":"2","layer":"1","name":"Boráros tér","oneway":"yes"},"geometry":{"type":"LineString","coordinates":[[19.0665716,47.4802306],[19.0668287,47.4803753],[19.0670909,47.4805199]]}},
{"type":"Feature","properties":{"id":"way/24268940","bridge":"yes","highway":"secondary","lanes":"3","layer":"1","name":"Petőfi híd","name:en":"Petőfi Bridge","oneway":"yes"},"geometry":{"type":"LineString","coordinates":[[19.0669415,47.4806632],[19.0667845,47.4805913],[19.0663,47.4803764],[19.0660289,47.4802272],[19.0656922,47.4800141]]}},
{"type":"Feature","properties":{"id":"way/24301248","bridge":"yes","bridge:structure":"beam","highway":"primary","lanes":"2","layer":"1","name":"BAH-csomóponti felüljáró"},"geometry":{"type":"LineString","coordinates":[[19.0272865,47.4882469],[19.0270528,47.4882319],[19.0267856,47.4882114],[19.0265626,47.4881901],[19.0263402,47.4881583],[19.0261179,47.4881192],[19.0258922,47.4880669],[19.0257038,47.4880094],[19.0255442,47.4879516],[19.0253903,47.4878832],[19.0252452,47.4878104],[19.0251194,47.4877351],[19.0249887,47.4876476],[19.0248718,47.4875465],[19.0248203,47.4875011],[19.0247581,47.4874454],[19.0247081,47.4873858],[19.0246346,47.487297],[19.024571,47.4872094],[19.0245291,47.4871386],[19.0244859,47.4870536],[19.0244536,47.4869796],[19.0244254,47.4869024],[19.0244024,47.486822],[19.0243853,47.4867431],[19.024374,47.4866509],[19.0243718,47.4865495],[19.0243763,47.4864539],[19.0243899,47.4863597],[19.0244063,47.486281],[19.0244295,47.4861946],[19.0244598,47.4861098],[19.0245022,47.48602],[19.0245605,47.4859135],[19.0246084,47.4858386],[19.0247041,47.485701],[19.024868,47.4855016],[19.0250519,47.4853013],[19.0252342,47.4851178],[19.0253905,47.4849438],[19.0254824,47.4848179],[19.0255455,47.4847237],[19.0256139,47.48461],[19.0257412,47.4843939],[19.0259463,47.4840448]]}},
{"type":"Feature","properties":{"id":"way/243961246","bridge":"yes","highway":"path","layer":"1"},"geometry":{"type":"LineString","coordinates":[[19.0311562,47.5350568],[19.0311887,47.5349873],[19.0311967,47.5349244]]}},
{"type":"Feature","properties":{"id":"way/249941987","bridge":"yes","highway":"footway","layer":"1"},"geometry":{"type":"LineString","coordinates":[[19.0398993,47.5042246],[19.0401122,47.5042324]]}},
{"type":"Feature","properties":{"id":"way/25080316","bridge":"yes","highway":"service","lanes":"2","layer":"1"},"geometry":{"type":"LineString","coordinates":[[19.0620505,47.5138587],[19.0619563,47.5138148],[19.0618573,47.5137759],[19.061659,47.5137085]]}},
{"type":"Feature","properties":{"id":"way/252010609","bridge":"covered","layer":"1","man_made":"bridge"},"geometry":{"type":"Polygon","coordinates":[[[19.0332432,47.4870313],[19.0330995,47.4870788],[19.0330778,47.4870509],[19.0332243,47.4870046],[19.0332432,47.4870313]]]}},
{"type":"Feature","properties":{"id":"way/260713286","bridge":"yes","highway":"secondary","lanes":"2","layer":"1","name":"Nyugati téri felüljáró"},"geometry":{"type":"LineString","coordinates":[[19.0556447,47.5104698],[19.0554625,47.5102371],[19.0553697,47.5101168],[19.0553216,47.5100544],[19.0551977,47.509831],[19.0551625,47.5097249],[19.0551384,47.5096171],[19.0551131,47.5093782]]}},
{"type":"Feature","properties":{"id":"way/26468782","bridge":"yes","highway":"primary","lanes":"2","layer":"1","name":"Döbrentei tér","oneway":"yes"},"geometry":{"type":"LineString","coordinates":[[19.0454867,47.4904988],[19.0450379,47.490824]]}},
{"type":"Feature","properties":{"id":"way/265323794","bridge":"yes","highway":"footway","layer":"1"},"geometry":{"type":"LineString","coordinates":[[19.0510446,47.5340392],[19.051028,47.5340627]]}},
{"type":"Feature","properties":{"id":"way/265323801","bridge":"yes","highway":"footway","layer":"1"},"geometry":{"type":"LineString","coordinates":[[19.0513058,47.5343821],[19.0512654,47.5343975]]}},
{"type":"Feature","properties":{"id":"way/27141354","bridge":"yes","highway":"footway","layer":"1"},"geometry":{"type":"LineString","coordinates":[[19.0437865,47.5327933],[19.0442508,47.5332684]]}},
{"type":"Feature","properties":{"id":"way/275355325","bridge":"yes","highway":"cycleway","layer":"1","width":"2.25"},"geometry":{"type":"LineString","coordinates":[[19.0536922,47.5377093],[19.0521832,47.5380544],[19.0506651,47.5384211],[19.0490954,47.5387994],[19.0475115,47.5391872],[19.0466439,47.539396]]}},
{"type":"Feature","properties":{"id":"way/27833777","bridge":"yes","highway":"primary_link","lanes":"2","layer":"1","oneway":"no"},"geometry":{"type":"LineString","coordinates":[[19.0538277,47.5377233],[19.0538583,47.5377658],[19.0538855,47.5377939],[19.053917,47.5378167],[19.0539572,47.5378368],[19.0540155,47.5378554],[19.0540736,47.5378657],[19.0541289,47.5378686],[19.0541841,47.5378659],[19.0542448,47.537855],[19.0542935,47.5378393],[19.0543347,47.5378192],[19.0543664,47.5377964],[19.0543921,47.5377735],[19.0544088,47.5377513],[19.0544225,47.5377227],[19.0544258,47.5376948],[19.0544211,47.537667]]}},
{"type":"Feature","properties":{"id":"way/27834203","bridge":"yes","highway":"primary","lanes":"2","layer":"1","name":"Flórián téri felüljáró","oneway":"yes"},"geometry":{"type":"LineString","coordinates":[[19.0420862,47.5436948],[19.0420276,47.5434657],[19.0419501,47.5432306],[19.0417962,47.5428377],[19.041681,47.542552],[19.0415856,47.5423234]]}},
{"type":"Feature","properties":{"id":"way/27834269","bridge":"yes","highway":"primary","lanes":"3","layer":"1","name":"Árpád híd","name:en":"Árpád Bridge","oneway":"yes"},"geometry":{"type":"LineString","coordinates":[[19.0465361,47.5391808],[19.0525401,47.5377234]]}},
{"type":"Feature","properties":{"id":"way/279788087","bridge":"yes","highway":"footway","layer":"1"},"geometry":{"type":"LineString","coordinates":[[19.0491146,47.5379501],[19.0488186,47.537981],[19.0486342,47.5380086]]}},
{"type":"Feature","properties":{"id":"way/288215790","bridge":"yes","highway":"service","lanes":"1","layer":"1","name":"Margit híd","name:en":"Margaret Bridge","oneway":"yes"},"geometry":{"type":"LineString","coordinates":[[19.0466387,47.5136409],[19.0467577,47.5135777],[19.0470384,47.5134286]]}},
{"type":"Feature","properties":{"id":"way/288215792","bridge":"yes","highway":"service","lanes":"1","layer":"1","name":"Margit híd","name:en":"Margaret Bridge","oneway":"yes"},"geometry":{"type":"LineString","coordinates":[[19.0471178,47.5135326],[19.0467871,47.5136074],[19.0466387,47.5136409]]}},
{"type":"Feature","properties":{"id":"way/292332095","bridge":"yes","highway":"cycleway","layer":"1","name":"Margit híd","name:en":"Margaret Bridge"},"geometry":{"type":"LineString","coordinates":[[19.0434704,47.5148732],[19.0434222,47.5148487],[19.0400534,47.5147484],[19.0399359,47.5147447]]}},
{"type":"Feature","properties":{"id":"way/29268798","bridge":"yes","highway":"cycleway","layer":"1","name":"Árpád híd","name:en":"Árpád Bridge","width":"4"},"geometry":{"type":"LineString","coordinates":[[19.0537142,47.5377408],[19.0537753,47.5378166],[19.0538375,47.5378635],[19.0539264,47.5379024],[19.0540176,47.537927],[19.0541193,47.5379384],[19.0542303,47.5379317],[19.0543277,47.5379098],[19.0544107,47.5378738],[19.0544771,47.5378262],[19.054529,47.5377642],[19.0545503,47.5377203],[19.0545591,47.5376824],[19.054565,47.5376271],[19.0545515,47.5375732],[19.0545315,47.5375293],[19.0545436,47.5375081]]}},
{"type":"Feature","properties":{"id":"way/293201859","bridge":"yes","highway":"primary","lanes":"6","layer":"1","name":"Erzsébet híd"},"geometry":{"type":"LineString","coordinates":[[19.0520781,47.4918705],[19.051941,47.4918395],[19.0518501,47.4918191]]}},
{"type":"Feature","properties":{"id":"way/306001465","bridge:structure":"arch","layer":"1","man_made":"bridge","name":"Fehérvári kapu"},"geometry":{"type":"Polygon","coordinates":[[[19.0354574,47.4985936],[19.0353684,47.4984625],[19.0353972,47.4984536],[19.0354259,47.4984447],[19.0355149,47.4985758],[19.0354862,47.4985847],[19.0354574,47.4985936]]]}},
{"type":"Feature","properties":{"id":"way/30661726","bridge":"yes","layer":"1","railway":"rail"},"geometry":{"type":"LineString","coordinates":[[19.0296887,47.4833563],[19.0294185,47.4829602]]}},
{"type":"Feature","properties":{"id":"way/307610821","bridge":"yes","highway":"cycleway","layer":"1"},"geometry":{"type":"LineString","coordinates":[[19.0730353,47.5425306],[19.0731166,47.5427099]]}},
{"type":"Feature","properties":{"id":"way/310965378","bridge":"yes","bridge:name":"Viadukt","layer":"1","railway":"tram"},"geometry":{"type":"LineString","coordinates":[[19.0485059,47.4953034],[19.0483622,47.495537],[19.0481797,47.4958543]]}},
{"type":"Feature","properties":{"id":"way/311154107","bridge":"yes","highway":"service","lanes":"2","layer":"1","name":"Margit híd","name:en":"Margaret Bridge"},"geometry":{"type":"LineString","coordinates":[[19.0445962,47.5143431],[19.0466387,47.5136409]]}},
{"type":"Feature","properties":{"id":"way/311154108","bridge":"yes","highway":"service","lanes":"1","layer":"1","name":"Margit híd","name:en":"Margaret Bridge","oneway":"yes"},"geometry":{"type":"LineString","coordinates":[[19.0445962,47.5143431],[19.0443786,47.5144507],[19.0436452,47.5147062],[19.0435575,47.5147343],[19.0434627,47.5147551],[19.043334,47.5147565],[19.0425959,47.514744],[19.0422634,47.5147018]]}},
{"type":"Feature","properties":{"id":"way/311154109","bridge":"yes","highway":"service","lanes":"1","layer":"1","name":"Margit híd","name:en":"Margaret Bridge","oneway":"yes"},"geometry":{"type":"LineString","coordinates":[[19.0422634,47.5147018],[19.042565,47.5146796],[19.0433228,47.5146947],[19.0434528,47.5146924],[19.0435429,47.514675],[19.0436395,47.514645],[19.0442361,47.5144381],[19.0443472,47.5143996],[19.0445962,47.5143431]]}},
{"type":"Feature","properties":{"id":"way/314530066","bridge":"yes","highway":"tertiary","lanes":"4","layer":"1","name":"Ferdinánd híd"},"geometry":{"type":"LineString","coordinates":[[19.0611307,47.5145482],[19.0613776,47.5143631]]}},
{"type":"Feature","properties":{"id":"way/314530068","bridge":"yes","highway":"tertiary","lanes":"4","layer":"1","name":"Ferdinánd híd"},"geometry":{"type":"LineString","coordinates":[[19.0620505,47.5138587],[19.0627625,47.5133277]]}},
{"type":"Feature","properties":{"id":"way/333834867","bridge":"yes","bridge:name":"Petőfi híd","layer":"1","railway":"tram"},"geometry":{"type":"LineString","coordinates":[[19.0608705,47.4775813],[19.0621503,47.478203],[19.0634819,47.4788492],[19.0642861,47.4792371],[19.0654191,47.4797753]]}},
{"type":"Feature","properties":{"id":"way/335394850","bridge":"yes","highway":"construction","lanes":"2","layer":"1","name":"Flórián téri felüljáró","oneway":"yes"},"geometry":{"type":"LineString","coordinates":[[19.0431225,47.5400693],[19.0429728,47.5401075],[19.0427872,47.5401603],[19.0426059,47.5402222],[19.0424451,47.5402897],[19.0423148,47.5403434],[19.0421712,47.5404328],[19.0420475,47.5405119],[19.0419061,47.5406327],[19.0418178,47.540743],[19.0417206,47.5408817],[19.0415853,47.5411446],[19.0415542,47.541277],[19.0415412,47.5414005],[19.0415424,47.5415861],[19.0415657,47.5417555],[19.0416169,47.5419574],[19.0416713,47.5421355],[19.0418061,47.5424651],[19.0419504,47.5428339],[19.0421043,47.5432387],[19.0422156,47.5435935]]}},
{"type":"Feature","properties":{"id":"way/335395340","bridge":"yes","highway":"primary","lanes":"2","layer":"1","name":"Flórián téri felüljáró","oneway":"yes"},"geometry":{"type":"LineString","coordinates":[[19.0413122,47.5415034],[19.0412935,47.5413415],[19.0412881,47.5412262],[19.0412961,47.5410827],[19.041323,47.5409547],[19.0413647,47.5408086],[19.0414121,47.5406895],[19.0415074,47.5405466],[19.0416113,47.5404207],[19.0417524,47.5402977],[19.0418799,47.5402005],[19.0420521,47.5400952],[19.0423155,47.5399824],[19.0425001,47.5399149],[19.0427397,47.5398415],[19.0430224,47.5397746]]}},
{"type":"Feature","properties":{"id":"way/337893914","bridge":"yes","bridge:name":"Margit híd","layer":"1","railway":"tram"},"geometry":{"type":"LineString","coordinates":[[19.043334,47.5147565],[19.0425959,47.514744],[19.0425572,47.5147428],[19.0407234,47.5146859],[19.0396402,47.5146523],[19.0395022,47.514648],[19.0394015,47.5146449]]}},
{"type":"Feature","properties":{"id":"way/337893921","bridge":"yes","highway":"secondary","lanes":"2","layer":"1","name":"Margit híd","name:en":"Margaret Bridge","oneway":"yes"},"geometry":{"type":"LineString","coordinates":[[19.0397051,47.5145806],[19.0425673,47.5146346]]}},
{"type":"Feature","properties":{"id":"way/337893922","bridge":"yes","highway":"secondary","lanes":"2","layer":"1","name":"Margit híd","name:en":"Margaret Bridge","oneway":"yes"},"geometry":{"type":"LineString","coordinates":[[19.0401439,47.5147082],[19.0399414,47.5147028],[19.0397002,47.5147029]]}},
{"type":"Feature","properties":{"id":"way/343645489","bridge":"yes","highway":"footway","layer":"1"},"geometry":{"type":"LineString","coordinates":[[19.0521834,47.5341909],[19.0522158,47.5341867]]}},
{"type":"Feature","properties":{"id":"way/369241010","bridge":"yes","highway":"footway","layer":"1"},"geometry":{"type":"LineString","coordinates":[[19.0520581,47.5291158],[19.0519083,47.5291455],[19.0517783,47.5291627]]}},
{"type":"Feature","properties":{"id":"way/369241488","bridge":"yes","highway":"footway","layer":"1"},"geometry":{"type":"LineString","coordinates":[[19.0510881,47.5292148],[19.0510473,47.5290347]]}},
{"type":"Feature","properties":{"id":"way/370571473","bridge":"yes","highway":"secondary","lanes":"2","layer":"1","name":"Petőfi híd","name:en":"Petőfi Bridge","oneway":"yes"},"geometry":{"type":"LineString","coordinates":[[19.0656533,47.4798193],[19.0661818,47.4800465]]}},
{"type":"Feature","properties":{"id":"way/370571474","bridge":"yes","highway":"secondary","lanes":"2","layer":"1","name":"Petőfi híd","name:en":"Petőfi Bridge","oneway":"yes"},"geometry":{"type":"LineString","coordinates":[[19.0656922,47.4800141],[19.0655836,47.479958],[19.0653476,47.4798332],[19.0642263,47.4793004],[19.0634547,47.4789258],[19.0631319,47.4787697],[19.0608142,47.4776404]]}},
{"type":"Feature","properties":{"id":"way/370571475","bridge":"yes","highway":"cycleway","layer":"1","oneway":"yes"},"geometry":{"type":"LineString","coordinates":[[19.0656021,47.4797547],[19.0656533,47.4798193]]}},
{"type":"Feature","properties":{"id":"way/370571477","bridge":"yes","highway":"cycleway","layer":"1","oneway":"yes"},"geometry":{"type":"LineString","coordinates":[[19.0656922,47.4800141],[19.0654822,47.4799678]]}},
{"type":"Feature","properties":{"id":"way/370571478","bridge":"yes","highway":"footway","layer":"1"},"geometry":{"type":"LineString","coordinates":[[19.0654822,47.4799678],[19.065321,47.4798736],[19.0633984,47.4789591],[19.063093,47.4788093],[19.0607737,47.4776797]]}},
{"type":"Feature","properties":{"id":"way/370571479","bridge":"yes","highway":"footway","layer":"1"},"geometry":{"type":"LineString","coordinates":[[19.0656021,47.4797547],[19.0661016,47.4799506],[19.066587,47.4801481],[19.0666057,47.4801308]]}},
{"type":"Feature","properties":{"id":"way/37135102","bridge":"yes","highway":"steps","layer":"1","name":"Schulek Frigyes lépcső"},"geometry":{"type":"LineString","coordinates":[[19.0350899,47.5022988],[19.0348191,47.5022283]]}},
{"type":"Feature","properties":{"id":"way/375465252","bridge":"yes","highway":"footway","layer":"1"},"geometry":{"type":"LineString","coordinates":[[19.0634176,47.4811424],[19.0636817,47.4812973]]}},
{"type":"Feature","properties":{"id":"way/375465255","bridge":"yes","highway":"footway","layer":"1"},"geometry":{"type":"LineString","coordinates":[[19.0569131,47.4819126],[19.0567298,47.4818174]]}},
{"type":"Feature","properties":{"id":"way/375465257","bridge":"yes","highway":"footway","layer":"1"},"geometry":{"type":"LineString","coordinates":[[19.0617938,47.4822406],[19.0620606,47.4824204]]}},
{"type":"Feature","properties":{"id":"way/375465259","bridge":"yes","highway":"footway","layer":"1"},"geometry":{"type":"LineString","coordinates":[[19.0585299,47.4844692],[19.0588202,47.4846502]]}},
{"type":"Feature","properties":{"id":"way/375465261","bridge":"yes","highway":"footway","layer":"1"},"geometry":{"type":"LineString","coordinates":[[19.0571683,47.4856956],[19.0573592,47.4857978]]}},
{"type":"Feature","properties":{"id":"way/375465271","bridge":"yes","highway":"footway","layer":"1"},"geometry":{"type":"LineString","coordinates":[[19.043283,47.4957081],[19.0429568,47.4956202]]}},
{"type":"Feature","properties":{"id":"way/375465273","bridge":"yes","highway":"footway","layer":"1"},"geometry":{"type":"LineString","coordinates":[[19.0426274,47.4968785],[19.0422762,47.4967902]]}},
{"type":"Feature","properties":{"id":"way/375465275","bridge":"yes","highway":"footway","layer":"1"},"geometry":{"type":"LineString","coordinates":[[19.0460877,47.4988463],[19.0463114,47.498896]]}},
{"type":"Feature","properties":{"id":"way/375465277","bridge":"yes","highway":"footway","layer":"1"},"geometry":{"type":"LineString","coordinates":[[19.0463371,47.4983043],[19.0465703,47.4983561]]}},
{"type":"Feature","properties":{"id":"way/375465278","bridge":"yes","highway":"footway","layer":"1"},"geometry":{"type":"LineString","coordinates":[[19.04687,47.4977067],[19.0465989,47.4976433],[19.0465601,47.4976343]]}},
{"type":"Feature","properties":{"id":"way/375465281","bridge":"yes","highway":"footway","layer":"1"},"geometry":{"type":"LineString","coordinates":[[19.0469195,47.4969186],[19.0469504,47.4969257],[19.0472507,47.4969941]]}},
{"type":"Feature","properties":{"id":"way/375465283","bridge":"yes","highway":"footway","layer":"1"},"geometry":{"type":"LineString","coordinates":[[19.0474927,47.4965314],[19.0472003,47.4964506]]}},
{"type":"Feature","properties":{"id":"way/375465284","bridge":"yes","highway":"footway","layer":"1"},"geometry":{"type":"LineString","coordinates":[[19.0475097,47.4959237],[19.0475454,47.4959334],[19.0477887,47.4959993]]}},
{"type":"Feature","properties":{"id":"way/375465286","bridge":"yes","highway":"footway","layer":"1"},"geometry":{"type":"LineString","coordinates":[[19.0478142,47.4953475],[19.0480932,47.4954269]]}},
{"type":"Feature","properties":{"id":"way/375465288","bridge":"yes","highway":"footway","layer":"1"},"geometry":{"type":"LineString","coordinates":[[19.0480728,47.494946],[19.0483225,47.4950255]]}},
{"type":"Feature","properties":{"id":"way/375465290","bridge":"yes","highway":"footway","layer":"1"},"geometry":{"type":"LineString","coordinates":[[19.0483542,47.4945382],[19.048615,47.4946187]]}},
{"type":"Feature","properties":{"id":"way/375465292","bridge":"yes","highway":"footway","layer":"1"},"geometry":{"type":"LineString","coordinates":[[19.0486298,47.4940686],[19.0488902,47.4941437]]}},
{"type":"Feature","properties":{"id":"way/375465297","bridge":"yes","highway":"footway","layer":"1"},"geometry":{"type":"LineString","coordinates":[[19.0538645,47.4882986],[19.0540028,47.4883867]]}},
{"type":"Feature","properties":{"id":"way/375465299","bridge":"yes","highway":"footway","layer":"1"},"geometry":{"type":"LineString","coordinates":[[19.053093,47.4888527],[19.0532663,47.4889467]]}},
{"type":"Feature","properties":{"id":"way/375465301","bridge":"yes","highway":"footway","layer":"1"},"geometry":{"type":"LineString","coordinates":[[19.0521364,47.4896379],[19.0523569,47.4897494]]}},
{"type":"Feature","properties":{"id":"way/375465303","bridge":"yes","highway":"footway","layer":"1"},"geometry":{"type":"LineString","coordinates":[[19.0512435,47.4906005],[19.0515147,47.4906911]]}},
{"type":"Feature","properties":{"id":"way/375465308","bridge":"yes","highway":"footway","layer":"1"},"geometry":{"type":"LineString","coordinates":[[19.0454847,47.5005174],[19.0456752,47.5005421]]}},
{"type":"Feature","properties":{"id":"way/375465310","bridge":"yes","highway":"footway","layer":"1"},"geometry":{"type":"LineString","coordinates":[[19.0450514,47.5016978],[19.0453183,47.5017323],[19.0453367,47.5017347]]}},
{"type":"Feature","properties":{"id":"way/375465312","bridge":"yes","highway":"footway","layer":"1"},"geometry":{"type":"LineString","coordinates":[[19.0453645,47.510975],[19.0457104,47.5109409]]}},
{"type":"Feature","properties":{"id":"way/375465313","bridge":"yes","highway":"footway","layer":"1"},"geometry":{"type":"LineString","coordinates":[[19.039652,47.5097586],[19.0399298,47.5097514]]}},
{"type":"Feature","properties":{"id":"way/375465317","bridge":"yes","highway":"footway","layer":"1"},"geometry":{"type":"LineString","coordinates":[[19.0399642,47.506481],[19.0396876,47.506483]]}},
{"type":"Feature","properties":{"id":"way/375465319","bridge":"yes","highway":"footway","layer":"1"},"geometry":{"type":"LineString","coordinates":[[19.0399573,47.5058722],[19.0397225,47.5058608]]}},
{"type":"Feature","properties":{"id":"way/375465321","bridge":"yes","highway":"footway","layer":"1"},"geometry":{"type":"LineString","coordinates":[[19.0400667,47.5051992],[19.0398016,47.5051982]]}},
{"type":"Feature","properties":{"id":"way/375465323","bridge":"yes","highway":"footway","layer":"1"},"geometry":{"type":"LineString","coordinates":[[19.0402752,47.5035106],[19.039999,47.5034935]]}},
{"type":"Feature","properties":{"id":"way/375465326","bridge":"yes","highway":"footway","layer":"1"},"geometry":{"type":"LineString","coordinates":[[19.0420831,47.5232025],[19.0423211,47.5231659]]}},
{"type":"Feature","properties":{"id":"way/375465328","bridge":"yes","highway":"footway","layer":"1"},"geometry":{"type":"LineString","coordinates":[[19.0419476,47.5224152],[19.0419775,47.5224117],[19.0421199,47.5223953]]}},
{"type":"Feature","properties":{"id":"way/375465345","bridge":"yes","highway":"footway","layer":"1"},"geometry":{"type":"LineString","coordinates":[[19.0531558,47.5301947],[19.052812,47.5302448]]}},
{"type":"Feature","properties":{"id":"way/375465347","bridge":"yes","highway":"footway","layer":"1"},"geometry":{"type":"LineString","coordinates":[[19.0551946,47.5288757],[19.0556113,47.5287796]]}},
{"type":"Feature","properties":{"id":"way/375465349","bridge":"yes","highway":"footway","layer":"1"},"geometry":{"type":"LineString","coordinates":[[19.0544179,47.5268658],[19.0547821,47.5267907]]}},
{"type":"Feature","properties":{"id":"way/375465351","bridge":"yes","highway":"footway","layer":"1"},"geometry":{"type":"LineString","coordinates":[[19.0473013,47.5200752],[19.0471807,47.5201148]]}},
{"type":"Feature","properties":{"id":"way/375465353","bridge":"yes","highway":"footway","layer":"1"},"geometry":{"type":"LineString","coordinates":[[19.0535068,47.5249978],[19.0538292,47.5249011]]}},
{"type":"Feature","properties":{"id":"way/375465355","bridge":"yes","highway":"footway","layer":"1"},"geometry":{"type":"LineString","coordinates":[[19.0517947,47.522077],[19.0520609,47.5219923]]}},
{"type":"Feature","properties":{"id":"way/375465357","bridge":"yes","highway":"footway","layer":"1"},"geometry":{"type":"LineString","coordinates":[[19.0514678,47.5215789],[19.0517498,47.5214875]]}},
{"type":"Feature","properties":{"id":"way/375465359","bridge":"yes","highway":"footway","layer":"1"},"geometry":{"type":"LineString","coordinates":[[19.0510865,47.5210371],[19.0513279,47.5209602]]}},
{"type":"Feature","properties":{"id":"way/375465361","bridge":"yes","highway":"footway","layer":"1"},"geometry":{"type":"LineString","coordinates":[[19.050825,47.5206831],[19.0511124,47.5205821]]}},
{"type":"Feature","properties":{"id":"way/375465363","bridge":"yes","highway":"footway","layer":"1"},"geometry":{"type":"LineString","coordinates":[[19.0503807,47.5200579],[19.0506493,47.5199611]]}},
{"type":"Feature","properties":{"id":"way/375465365","bridge":"yes","highway":"footway","layer":"1"},"geometry":{"type":"LineString","coordinates":[[19.0500681,47.5196643],[19.0503559,47.5195627]]}},
{"type":"Feature","properties":{"id":"way/375465367","bridge":"yes","highway":"footway","layer":"1"},"geometry":{"type":"LineString","coordinates":[[19.0497886,47.5192393],[19.0500435,47.5191405]]}},
{"type":"Feature","properties":{"id":"way/375465368","bridge":"yes","highway":"footway","layer":"1"},"geometry":{"type":"LineString","coordinates":[[19.0491293,47.5185113],[19.0494296,47.518391]]}},
{"type":"Feature","properties":{"id":"way/375465370","bridge":"yes","highway":"footway","layer":"1"},"geometry":{"type":"LineString","coordinates":[[19.0488191,47.5180619],[19.0490902,47.5179683]]}},
{"type":"Feature","properties":{"id":"way/375465372","bridge":"yes","highway":"footway","layer":"1"},"geometry":{"type":"LineString","coordinates":[[19.0485344,47.5176624],[19.0488001,47.5175739]]}},
{"type":"Feature","properties":{"id":"way/375465374","bridge":"yes","highway":"footway","layer":"1"},"geometry":{"type":"LineString","coordinates":[[19.0482323,47.5172539],[19.0485091,47.5171502]]}},
{"type":"Feature","properties":{"id":"way/375465376","bridge":"yes","highway":"footway","layer":"1"},"geometry":{"type":"LineString","coordinates":[[19.0479799,47.5168405],[19.0482504,47.516753]]}},
{"type":"Feature","properties":{"id":"way/375465379","bridge":"yes","highway":"footway","layer":"1"},"geometry":{"type":"LineString","coordinates":[[19.0476624,47.5164184],[19.0479464,47.5163392]]}},
{"type":"Feature","properties":{"id":"way/375465381","bridge":"yes","highway":"footway","layer":"1"},"geometry":{"type":"LineString","coordinates":[[19.0474148,47.5160193],[19.0477001,47.5159406]]}},
{"type":"Feature","properties":{"id":"way/375465382","bridge":"yes","highway":"footway","layer":"1"},"geometry":{"type":"LineString","coordinates":[[19.0471657,47.5155866],[19.0474345,47.515504]]}},
{"type":"Feature","properties":{"id":"way/375465388","bridge":"yes","highway":"footway","layer":"1"},"geometry":{"type":"LineString","coordinates":[[19.0466923,47.5147673],[19.0469668,47.5146854]]}},
{"type":"Feature","properties":{"id":"way/375465390","bridge":"yes","highway":"footway","layer":"1"},"geometry":{"type":"LineString","coordinates":[[19.0464558,47.5143464],[19.0467166,47.5142749]]}},
{"type":"Feature","properties":{"id":"way/380392281","bridge":"yes","highway":"footway","layer":"1"},"geometry":{"type":"LineString","coordinates":[[19.0246546,47.5115376],[19.0245201,47.5116003],[19.0244591,47.5117168],[19.0243989,47.5117449],[19.024383,47.511831]]}},
{"type":"Feature","properties":{"id":"way/386800719","bridge":"yes","highway":"footway","layer":"1"},"geometry":{"type":"LineString","coordinates":[[19.0436437,47.4945605],[19.0436615,47.4945673],[19.0439402,47.4946733]]}},
{"type":"Feature","properties":{"id":"way/386800724","bridge":"yes","highway":"footway","layer":"1"},"geometry":{"type":"LineString","coordinates":[[19.0446355,47.5056459],[19.044407,47.5056549]]}},
{"type":"Feature","properties":{"id":"way/38809635","bridge":"yes","bridge:name":"Szabadság híd","layer":"1","railway":"tram"},"geometry":{"type":"LineString","coordinates":[[19.0531343,47.4848271],[19.0531379,47.4848289],[19.0566839,47.486649]]}},
{"type":"Feature","properties":{"id":"way/394719014","bridge":"yes","highway":"footway","layer":"1"},"geometry":{"type":"LineString","coordinates":[[19.0436888,47.5155791],[19.0436848,47.5155305],[19.0434943,47.5148894],[19.0434704,47.5148732]]}},
{"type":"Feature","properties":{"id":"way/405973404","bridge":"yes","bridge:name":"Viadukt","layer":"1","railway":"tram"},"geometry":{"type":"LineString","coordinates":[[19.0495485,47.4937491],[19.0489485,47.4946071],[19.0485753,47.495183],[19.0485059,47.4953034]]}},
{"type":"Feature","properties":{"id":"way/405973406","bridge":"yes","bridge:name":"Viadukt","layer":"1","railway":"tram"},"geometry":{"type":"LineString","coordinates":[[19.0472053,47.4975575],[19.047362,47.497233],[19.0476428,47.4966922],[19.0482934,47.4955808],[19.048533,47.4951833],[19.0489095,47.4946051],[19.0495142,47.4937381]]}},
{"type":"Feature","properties":{"id":"way/405974349","bridge:structure":"beam","layer":"1","man_made":"bridge"},"geometry":{"type":"Polygon","coordinates":[[[19.0472053,47.4975575],[19.0471852,47.4975537],[19.0472052,47.4975134],[19.0472612,47.4973974],[19.0473405,47.4972294],[19.0476253,47.4966865],[19.0481422,47.4957847],[19.0482894,47.4955255],[19.0484308,47.4952926],[19.0484683,47.4952309],[19.0485503,47.4951068],[19.0488902,47.4945931],[19.0494987,47.4937317],[19.0495142,47.4937381],[19.0495485,47.4937491],[19.0495688,47.4937534],[19.0489563,47.4946117],[19.0485874,47.4952002],[19.0485241,47.4953066],[19.0483895,47.495558],[19.0482301,47.4958082],[19.0476963,47.4967067],[19.0474143,47.4972425],[19.0473342,47.4974121],[19.0472721,47.4975291],[19.0472691,47.4975692],[19.0472399,47.4975635],[19.0472053,47.4975575]]]}},
{"type":"Feature","properties":{"id":"way/405974798","bridge":"yes","highway":"service","lanes":"2","layer":"1","name":"Margit híd","name:en":"Margaret Bridge"},"geometry":{"type":"LineString","coordinates":[[19.0397035,47.5146371],[19.0408114,47.5146661]]}},
{"type":"Feature","properties":{"id":"way/40724877","bridge":"yes","highway":"footway","layer":"1"},"geometry":{"type":"LineString","coordinates":[[19.0393024,47.4977343],[19.0392496,47.4978371]]}},
{"type":"Feature","properties":{"id":"way/408023168","bridge":"yes","highway":"steps","layer":"1"},"geometry":{"type":"LineString","coordinates":[[19.0517783,47.5291627],[19.0517493,47.5291673]]}},
{"type":"Feature","properties":{"id":"way/418151050","bridge":"yes","highway":"footway","layer":"1"},"geometry":{"type":"LineString","coordinates":[[19.0763297,47.5175355],[19.0762827,47.5175105]]}},
{"type":"Feature","properties":{"id":"way/418151053","bridge":"yes","highway":"footway","layer":"1"},"geometry":{"type":"LineString","coordinates":[[19.0760666,47.5174209],[19.0760597,47.5174136]]}},
{"type":"Feature","properties":{"id":"way/42460574","bridge":"yes","layer":"1","railway":"rail"},"geometry":{"type":"LineString","coordinates":[[19.0293632,47.4829811],[19.029633,47.4833772]]}},
{"type":"Feature","properties":{"id":"way/426012616","bridge":"yes","highway":"footway","layer":"1"},"geometry":{"type":"LineString","coordinates":[[19.0536947,47.5373129],[19.0535012,47.5370483]]}},
{"type":"Feature","properties":{"id":"way/427751562","bridge":"yes","highway":"footway","layer":"1"},"geometry":{"type":"LineString","coordinates":[[19.076555,47.5187286],[19.0765266,47.5187564]]}},
{"type":"Feature","properties":{"id":"way/431388959","bridge":"yes","highway":"footway","layer":"1"},"geometry":{"type":"LineString","coordinates":[[19.0756212,47.5183291],[19.0757306,47.5182605]]}},
{"type":"Feature","properties":{"id":"way/437893783","bridge":"yes","highway":"footway","layer":"1"},"geometry":{"type":"LineString","coordinates":[[19.0451825,47.5086641],[19.0448862,47.5087061]]}},
{"type":"Feature","properties":{"id":"way/4381354","bridge":"yes","highway":"secondary","lanes":"1","layer":"1","name":"Szabadság híd","oneway":"yes"},"geometry":{"type":"LineString","coordinates":[[19.0566557,47.4866741],[19.0535864,47.4850903]]}},
{"type":"Feature","properties":{"id":"way/454357840","bridge":"viaduct","bridge:name":"Árpád híd","layer":"1","railway":"tram"},"geometry":{"type":"LineString","coordinates":[[19.0465646,47.5392377],[19.0519577,47.5379284],[19.0539403,47.5374687],[19.0585261,47.536371]]}},
{"type":"Feature","properties":{"id":"way/454357843","bridge":"yes","highway":"footway","layer":"1"},"geometry":{"type":"LineString","coordinates":[[19.0600108,47.5358592],[19.0603995,47.5357747]]}},
{"type":"Feature","properties":{"id":"way/454357846","bridge":"yes","highway":"primary","lanes":"3","layer":"1","name":"Róbert Károly körút","oneway":"yes"},"geometry":{"type":"LineString","coordinates":[[19.0600346,47.5359172],[19.0604279,47.5358317]]}},
{"type":"Feature","properties":{"id":"way/454357849","bridge":"viaduct","layer":"1","railway":"tram"},"geometry":{"type":"LineString","coordinates":[[19.0600703,47.5359847],[19.0604541,47.5359016]]}},
{"type":"Feature","properties":{"id":"way/454357859","bridge":"viaduct","bridge:name":"Árpád híd","layer":"1","railway":"tram"},"geometry":{"type":"LineString","coordinates":[[19.0585529,47.5364276],[19.0539688,47.5375153],[19.0520002,47.5379677],[19.0465861,47.5392806]]}},
{"type":"Feature","properties":{"id":"way/454357871","bridge":"yes","highway":"cycleway","layer":"1"},"geometry":{"type":"LineString","coordinates":[[19.0601555,47.5361724],[19.0605258,47.5360797]]}},
{"type":"Feature","properties":{"id":"way/454357873","bridge":"viaduct","layer":"1","railway":"tram"},"geometry":{"type":"LineString","coordinates":[[19.0604799,47.5359659],[19.0601058,47.5360571]]}},
{"type":"Feature","properties":{"id":"way/454357874","bridge":"yes","highway":"primary","lanes":"3","layer":"1","name":"Róbert Károly körút","oneway":"yes"},"geometry":{"type":"LineString","coordinates":[[19.0604992,47.5360224],[19.060132,47.536116]]}},
{"type":"Feature","properties":{"id":"way/461137235","bridge":"yes","highway":"footway","layer":"1"},"geometry":{"type":"LineString","coordinates":[[19.0596289,47.5130084],[19.05949,47.5131198]]}},
{"type":"Feature","properties":{"id":"way/461137236","bridge":"yes","highway":"footway","layer":"1"},"geometry":{"type":"LineString","coordinates":[[19.0598303,47.513315],[19.0599666,47.5132042]]}},
{"type":"Feature","properties":{"id":"way/463821157","bridge":"yes","highway":"cycleway","layer":"1"},"geometry":{"type":"LineString","coordinates":[[19.06023,47.4770932],[19.0604932,47.4772229],[19.0607676,47.4773773]]}},
{"type":"Feature","properties":{"id":"way/463821161","bridge":"yes","highway":"secondary","lanes":"3","layer":"1","name":"Irinyi József utca","oneway":"yes"},"geometry":{"type":"LineString","coordinates":[[19.0601627,47.4771551],[19.0609146,47.4775422]]}},
{"type":"Feature","properties":{"id":"way/463821165","bridge":"yes","bridge:name":"Petőfi híd","layer":"1","railway":"tram"},"geometry":{"type":"LineString","coordinates":[[19.0601273,47.4771886],[19.0603106,47.4772733],[19.0604829,47.4773743],[19.0606055,47.4774428],[19.0608705,47.4775813]]}},
{"type":"Feature","properties":{"id":"way/463836162","bridge":"yes","highway":"tertiary","lanes":"1","layer":"1","name":"Széchenyi lánchíd","oneway":"yes"},"geometry":{"type":"LineString","coordinates":[[19.046634,47.4996182],[19.0465806,47.4995845],[19.0464158,47.4995082]]}},
{"type":"Feature","properties":{"id":"way/463836166","bridge":"yes","highway":"tertiary","lanes":"1","layer":"1","name":"Széchenyi lánchíd","oneway":"yes"},"geometry":{"type":"LineString","coordinates":[[19.0408277,47.4983717],[19.0408944,47.4984153],[19.0409998,47.4984651]]}},
{"type":"Feature","properties":{"id":"way/465860667","bridge":"yes","highway":"secondary","lanes":"2","layer":"1","name":"Nyugati téri felüljáró"},"geometry":{"type":"LineString","coordinates":[[19.0559941,47.5109108],[19.0556447,47.5104698]]}},
{"type":"Feature","properties":{"id":"way/468100557","bridge":"yes","highway":"primary","lanes":"2","layer":"1","name":"Flórián téri felüljáró","oneway":"yes"},"geometry":{"type":"LineString","coordinates":[[19.0415856,47.5423234],[19.0415252,47.5421692],[19.0414156,47.541866],[19.0413547,47.5416726],[19.0413122,47.5415034]]}},
{"type":"Feature","properties":{"id":"way/485470822","bridge":"yes","highway":"secondary","lanes":"2","layer":"1","name":"Margit híd","name:en":"Margaret Bridge","oneway":"yes"},"geometry":{"type":"LineString","coordinates":[[19.0394935,47.5147029],[19.0394304,47.5147029]]}},
{"type":"Feature","properties":{"id":"way/485689912","bridge":"yes","highway":"primary","lanes":"6","layer":"1","name":"Erzsébet híd"},"geometry":{"type":"LineString","coordinates":[[19.0479317,47.4904436],[19.046942,47.4900993]]}},
{"type":"Feature","properties":{"id":"way/493516165","bridge":"yes","highway":"cycleway","layer":"1"},"geometry":{"type":"LineString","coordinates":[[19.0639842,47.5422954],[19.0638285,47.5420791]]}},
{"type":"Feature","properties":{"id":"way/503389094","bridge":"yes","highway":"pedestrian","layer":"1","name":"Kossuth Lajos tér","name:en":"Kossuth Lajos Square"},"geometry":{"type":"LineString","coordinates":[[19.0454923,47.5087031],[19.0454742,47.5086261]]}},
{"type":"Feature","properties":{"id":"way/503803712","bridge":"yes","highway":"footway","layer":"1"},"geometry":{"type":"LineString","coordinates":[[19.0465047,47.5391181],[19.0474708,47.5388853],[19.0485573,47.5386156],[19.0503481,47.5381827],[19.0532071,47.5374988],[19.0534868,47.5374426],[19.0535133,47.5374319],[19.0535421,47.5374141],[19.0535594,47.53739],[19.0535693,47.5373729],[19.0535741,47.5373506]]}},
{"type":"Feature","properties":{"id":"way/503803715","bridge":"yes","highway":"primary","lanes":"3","layer":"1","name":"Árpád híd","name:en":"Árpád Bridge","oneway":"yes"},"geometry":{"type":"LineString","coordinates":[[19.0585818,47.5364886],[19.055733,47.5371586]]}},
{"type":"Feature","properties":{"id":"way/503803716","bridge":"yes","highway":"cycleway","layer":"1","width":"2"},"geometry":{"type":"LineString","coordinates":[[19.0586042,47.5365357],[19.058514,47.5365588],[19.0546902,47.5374734],[19.054597,47.5374962],[19.0545436,47.5375081]]}},
{"type":"Feature","properties":{"id":"way/505073944","bridge":"yes","highway":"secondary","lanes":"3","layer":"1","name":"Margit híd","name:en":"Margaret Bridge","oneway":"yes"},"geometry":{"type":"LineString","coordinates":[[19.0394304,47.5147029],[19.039054,47.5147258],[19.0387149,47.5147124],[19.038629,47.5147099]]}},
{"type":"Feature","properties":{"id":"way/505073949","bridge":"yes","highway":"cycleway","layer":"1","name":"Margit híd","name:en":"Margaret Bridge"},"geometry":{"type":"LineString","coordinates":[[19.0480035,47.5133825],[19.047946,47.513367],[19.0478895,47.5133618],[19.0478188,47.5133651],[19.0477506,47.5133844]]}},
{"type":"Feature","properties":{"id":"way/506057114","bridge":"yes","highway":"cycleway","lanes":"3","layer":"1","name":"Margit híd","name:en":"Margaret Bridge","width":"3"},"geometry":{"type":"LineString","coordinates":[[19.0399359,47.5147447],[19.0398261,47.5147626]]}},
{"type":"Feature","properties":{"id":"way/50847316","bridge":"covered","bridge:structure":"simple-suspension","layer":"1","man_made":"bridge"},"geometry":{"type":"Polygon","coordinates":[[[19.0262224,47.5088334],[19.0262012,47.5088187],[19.0261804,47.5088036],[19.0261685,47.5087945],[19.0261571,47.5087851],[19.0261476,47.5087765],[19.026137,47.5087681],[19.0261275,47.5087608],[19.0261156,47.5087531],[19.026061,47.5087206],[19.0260831,47.5087038],[19.0261072,47.5086856],[19.026282,47.5087904],[19.0262557,47.5088097],[19.0262224,47.5088334]]]}},
{"type":"Feature","properties":{"id":"way/519358536","bridge":"yes","highway":"footway","layer":"1"},"geometry":{"type":"LineString","coordinates":[[19.0586531,47.4802149],[19.0589936,47.4804018]]}},
{"type":"Feature","properties":{"id":"way/523299228","bridge":"yes","highway":"secondary","lanes":"2","layer":"1","name":"Margit híd","name:en":"Margaret Bridge","oneway":"yes"},"geometry":{"type":"LineString","coordinates":[[19.0386984,47.5145204],[19.038988,47.5145248],[19.0391907,47.5145467],[19.0394241,47.5145753]]}},
{"type":"Feature","properties":{"id":"way/524756990","bridge":"yes","highway":"footway","layer":"1"},"geometry":{"type":"LineString","coordinates":[[19.0587962,47.480573],[19.0584485,47.4803866]]}},
{"type":"Feature","properties":{"id":"way/524763854","bridge":"yes","highway":"secondary","lanes":"2","layer":"1","name":"Margit híd","name:en":"Margaret Bridge","oneway":"yes"},"geometry":{"type":"LineString","coordinates":[[19.0475898,47.5132296],[19.0477077,47.5131846],[19.0478342,47.5131314]]}},
{"type":"Feature","properties":{"id":"way/529152862","bridge":"yes","highway":"footway","layer":"1"},"geometry":{"type":"LineString","coordinates":[[19.0534856,47.4846719],[19.0537291,47.4847881]]}},
{"type":"Feature","properties":{"id":"way/537973639","bridge":"yes","bridge:name":"Margit híd","layer":"1","railway":"tram"},"geometry":{"type":"LineString","coordinates":[[19.047892,47.5132178],[19.0477909,47.5132477],[19.0477269,47.5132676],[19.0476624,47.5132896],[19.0475982,47.5133119],[19.0471239,47.513485],[19.0467871,47.5136074],[19.0466507,47.5136569],[19.0444991,47.5144086],[19.0443786,47.5144507],[19.0436452,47.5147062]]}},
{"type":"Feature","properties":{"id":"way/537973648","bridge":"yes","highway":"secondary","lanes":"2","layer":"1","name":"Margit híd","name:en":"Margaret Bridge","oneway":"yes"},"geometry":{"type":"LineString","coordinates":[[19.0479165,47.513254],[19.0477883,47.5132925]]}},
{"type":"Feature","properties":{"id":"way/537973650","bridge":"yes","highway":"secondary_link","lanes":"2","layer":"1","name":"Margit híd","name:en":"Margaret Bridge","oneway":"yes"},"geometry":{"type":"LineString","coordinates":[[19.0479422,47.5132936],[19.0478696,47.5132859],[19.0477883,47.5132925]]}},
{"type":"Feature","properties":{"id":"way/54050597","bridge":"yes","highway":"secondary","lanes":"3","layer":"1","name":"Margit híd","name:en":"Margaret Bridge","oneway":"yes"},"geometry":{"type":"LineString","coordinates":[[19.0470384,47.5134286],[19.0474301,47.5132883]]}},
{"type":"Feature","properties":{"id":"way/541356045","bridge":"yes","highway":"secondary","lanes":"3","layer":"1","name":"Margit híd","name:en":"Margaret Bridge","oneway":"yes"},"geometry":{"type":"LineString","coordinates":[[19.0467409,47.513534],[19.0470384,47.5134286]]}},
{"type":"Feature","properties":{"id":"way/54236652","bridge":"yes","highway":"secondary","lanes":"1","layer":"1","name":"Szabadság híd","oneway":"yes"},"geometry":{"type":"LineString","coordinates":[[19.0531771,47.4847877],[19.0567268,47.4866108]]}},
{"type":"Feature","properties":{"id":"way/543956735","bridge":"yes","bridge:structure":"boardwalk","highway":"footway","layer":"1"},"geometry":{"type":"LineString","coordinates":[[19.0370979,47.5280997],[19.0370841,47.5280479]]}},
{"type":"Feature","properties":{"id":"way/544121478","bridge":"yes","highway":"steps","name":"Schulek Frigyes lépcső"},"geometry":{"type":"LineString","coordinates":[[19.0346859,47.5023737],[19.0347943,47.5022602],[19.0348191,47.5022283]]}},
{"type":"Feature","properties":{"id":"way/544121479","bridge":"yes","highway":"steps","name":"Schulek Frigyes lépcső"},"geometry":{"type":"LineString","coordinates":[[19.0348765,47.5020672],[19.0348389,47.5021926],[19.0348191,47.5022283]]}},
{"type":"Feature","properties":{"id":"way/54724393","bridge":"yes","highway":"steps","layer":"1"},"geometry":{"type":"LineString","coordinates":[[19.0668659,47.4805219],[19.0666712,47.4804212]]}},
{"type":"Feature","properties":{"id":"way/54724401","bridge":"yes","bridge:name":"Petőfi híd","layer":"1","railway":"tram"},"geometry":{"type":"LineString","coordinates":[[19.0669945,47.4806099],[19.0667817,47.4805187],[19.0666289,47.4804502],[19.0660674,47.4801485],[19.0658909,47.4800393],[19.0657501,47.4799713],[19.0655989,47.4798978],[19.0653945,47.4798]]}},
{"type":"Feature","properties":{"id":"way/54724402","bridge":"yes","layer":"1","name":"Boráros tér H","railway":"platform"},"geometry":{"type":"LineString","coordinates":[[19.0666712,47.4804212],[19.0660898,47.4801217]]}},
{"type":"Feature","properties":{"id":"way/54724406","bridge":"yes","bridge:name":"Petőfi híd","layer":"1","railway":"tram"},"geometry":{"type":"LineString","coordinates":[[19.0653945,47.4798],[19.0642707,47.4792621],[19.0634299,47.4788597],[19.0621325,47.4782262],[19.0608416,47.4776046]]}},
{"type":"Feature","properties":{"id":"way/54724407","bridge":"yes","bridge:name":"Margit híd","layer":"1","railway":"tram"},"geometry":{"type":"LineString","coordinates":[[19.0436395,47.514645],[19.0442361,47.5144381],[19.0443472,47.5143996],[19.0466268,47.5136249],[19.0467577,47.5135777],[19.0473852,47.5133515],[19.0474937,47.5133122],[19.0475767,47.5132817],[19.0476412,47.5132586],[19.0477044,47.513235],[19.0477668,47.5132102],[19.0478598,47.5131702]]}},
{"type":"Feature","properties":{"id":"way/548633986","bridge":"yes","highway":"footway","layer":"1","width":"2"},"geometry":{"type":"LineString","coordinates":[[19.0255425,47.5104794],[19.0257092,47.5106097]]}},
{"type":"Feature","properties":{"id":"way/549803971","bridge":"yes","highway":"primary","lanes":"3","layer":"1","name":"Árpád híd","name:en":"Árpád Bridge","oneway":"yes"},"geometry":{"type":"LineString","coordinates":[[19.0525401,47.5377234],[19.0535764,47.5374722]]}},
{"type":"Feature","properties":{"id":"way/551158898","bridge":"yes","highway":"footway","layer":"2"},"geometry":{"type":"LineString","coordinates":[[19.0717565,47.5164529],[19.0715341,47.5163374]]}},
{"type":"Feature","properties":{"id":"way/551993414","bridge":"yes","highway":"footway","layer":"1"},"geometry":{"type":"LineString","coordinates":[[19.061715,47.5136665],[19.0619914,47.5137486],[19.0620142,47.5137515],[19.0620424,47.5137499],[19.0620686,47.5137454],[19.0620967,47.5137336],[19.0621152,47.5137212],[19.0633754,47.5127892]]}},
{"type":"Feature","properties":{"id":"way/551993416","bridge":"yes","highway":"footway","layer":"1"},"geometry":{"type":"LineString","coordinates":[[19.0635125,47.512895],[19.0630227,47.5132506],[19.0624034,47.5137096],[19.0617991,47.5141843],[19.0612446,47.5146006],[19.0612211,47.5146174]]}},
{"type":"Feature","properties":{"id":"way/551993419","bridge":"yes","highway":"footway","layer":"1"},"geometry":{"type":"LineString","coordinates":[[19.0609391,47.5145799],[19.0608944,47.5145558]]}},
{"type":"Feature","properties":{"id":"way/55444958","bridge":"yes","highway":"steps"},"geometry":{"type":"LineString","coordinates":[[19.0659364,47.4801335],[19.0660003,47.4800762]]}},
{"type":"Feature","properties":{"id":"way/55455127","bridge":"yes","highway":"steps"},"geometry":{"type":"LineString","coordinates":[[19.0660641,47.4800159],[19.0660003,47.4800762]]}},
{"type":"Feature","properties":{"id":"way/55462480","bridge":"yes","bridge:name":"Szabadság híd","layer":"1","railway":"tram"},"geometry":{"type":"LineString","coordinates":[[19.0567045,47.4866306],[19.0531548,47.4848073]]}},
{"type":"Feature","properties":{"id":"way/554921377","bridge":"yes","highway":"primary","lanes":"3","layer":"1","name":"Árpád híd","name:en":"Árpád Bridge","oneway":"yes"},"geometry":{"type":"LineString","coordinates":[[19.055733,47.5371586],[19.0545003,47.5374455]]}},
{"type":"Feature","properties":{"id":"way/554921378","bridge":"yes","highway":"primary","lanes":"3","layer":"1","name":"Árpád híd","name:en":"Árpád Bridge","oneway":"yes"},"geometry":{"type":"LineString","coordinates":[[19.0485207,47.538873],[19.0466106,47.5393295]]}},
{"type":"Feature","properties":{"id":"way/55493772","bridge":"yes","bridge:name":"Viadukt","layer":"1","railway":"tram"},"geometry":{"type":"LineString","coordinates":[[19.0481797,47.4958543],[19.0476757,47.4967026],[19.0473975,47.4972412],[19.0472399,47.4975635]]}},
{"type":"Feature","properties":{"id":"way/554979047","bridge":"yes","highway":"secondary","lanes":"2","layer":"1","name":"Margit híd","name:en":"Margaret Bridge","oneway":"yes"},"geometry":{"type":"LineString","coordinates":[[19.0458385,47.5138367],[19.0467409,47.513534]]}},
{"type":"Feature","properties":{"id":"way/555515714","bridge":"yes","highway":"footway","layer":"1"},"geometry":{"type":"LineString","coordinates":[[19.0721241,47.516809],[19.0719431,47.5167179],[19.0719619,47.5167012],[19.0721996,47.516824]]}},
{"type":"Feature","properties":{"id":"way/559512578","bridge":"yes","highway":"service","lanes":"2","layer":"1"},"geometry":{"type":"LineString","coordinates":[[19.0386327,47.4776235],[19.0389741,47.4775158],[19.0390351,47.4775084],[19.0390874,47.4775254],[19.0391214,47.4775655]]}},
{"type":"Feature","properties":{"id":"way/570378101","bridge":"yes","highway":"footway","layer":"1"},"geometry":{"type":"LineString","coordinates":[[19.0436215,47.514853],[19.0436158,47.5148773],[19.0437904,47.5155187],[19.0438224,47.5155593]]}},
{"type":"Feature","properties":{"id":"way/570378105","bridge":"yes","highway":"cycleway","layer":"1","name":"Margit híd","name:en":"Margaret Bridge"},"geometry":{"type":"LineString","coordinates":[[19.0435445,47.5148632],[19.0434704,47.5148732]]}},
{"type":"Feature","properties":{"id":"way/572813350","bridge":"yes","highway":"cycleway","layer":"1","name":"Margit híd","name:en":"Margaret Bridge","width":"3"},"geometry":{"type":"LineString","coordinates":[[19.0398261,47.5147626],[19.0398055,47.5147649],[19.0397044,47.514764],[19.0394211,47.5147718],[19.0393653,47.514773],[19.0391449,47.5147892],[19.0388865,47.5147859]]}},
{"type":"Feature","properties":{"id":"way/581325727","bridge":"yes","highway":"primary","lanes":"6","layer":"1","name":"Erzsébet híd"},"geometry":{"type":"LineString","coordinates":[[19.0518501,47.4918191],[19.0517198,47.491792],[19.0516023,47.491759],[19.0514211,47.4917016],[19.0490397,47.4908514]]}},
{"type":"Feature","properties":{"id":"way/581325728","bridge":"yes","highway":"footway","layer":"1"},"geometry":{"type":"LineString","coordinates":[[19.0527825,47.4922245],[19.0525809,47.4921441],[19.0523703,47.4920694],[19.0521678,47.4920017],[19.051729,47.4918961],[19.0515582,47.4918666]]}},
{"type":"Feature","properties":{"id":"way/58507826","bridge":"yes","highway":"cycleway","layer":"1","name":"Árpád híd","name:en":"Árpád Bridge (ramp)"},"geometry":{"type":"LineString","coordinates":[[19.0542297,47.5375956],[19.0537142,47.5377408]]}},
{"type":"Feature","properties":{"id":"way/587662752","bridge":"yes","highway":"primary","lanes":"7","layer":"1","name":"Váci út"},"geometry":{"type":"LineString","coordinates":[[19.0708227,47.5424343],[19.0708875,47.5426203]]}},
{"type":"Feature","properties":{"id":"way/587662754","bridge":"yes","highway":"cycleway","layer":"1"},"geometry":{"type":"LineString","coordinates":[[19.0710049,47.5424518],[19.0710641,47.5426291]]}},
{"type":"Feature","properties":{"id":"way/587662755","bridge":"yes","highway":"footway","layer":"1"},"geometry":{"type":"LineString","coordinates":[[19.0706045,47.542422],[19.0706569,47.5425996]]}},
{"type":"Feature","properties":{"id":"way/595902334","bridge":"yes","highway":"footway","layer":"1"},"geometry":{"type":"LineString","coordinates":[[19.0496076,47.5186012],[19.0493386,47.5187063],[19.0493034,47.5187199]]}},
{"type":"Feature","properties":{"id":"way/59718711","bridge":"yes","highway":"footway","layer":"1"},"geometry":{"type":"LineString","coordinates":[[19.0470166,47.4900076],[19.0514487,47.4915922],[19.0516847,47.491664],[19.051847,47.4917006]]}},
{"type":"Feature","properties":{"id":"way/59718716","bridge":"yes","highway":"footway","layer":"1"},"geometry":{"type":"LineString","coordinates":[[19.0515582,47.4918666],[19.0515213,47.4919148]]}},
{"type":"Feature","properties":{"id":"way/59778634","bridge":"yes","highway":"cycleway","layer":"1"},"geometry":{"type":"LineString","coordinates":[[19.059292,47.5369026],[19.0591015,47.536658]]}},
{"type":"Feature","properties":{"id":"way/60255961","bridge":"yes","highway":"tertiary","lanes":"2","layer":"1","name":"Márvány utca"},"geometry":{"type":"LineString","coordinates":[[19.0265582,47.495358],[19.026313,47.4953225]]}},
{"type":"Feature","properties":{"id":"way/605634085","bridge:structure":"beam","layer":"1","man_made":"bridge","name":"Ferdinánd híd"},"geometry":{"type":"Polygon","coordinates":[[[19.0633754,47.5127892],[19.0634313,47.5128308],[19.0635125,47.512895],[19.0635215,47.5129053],[19.0624144,47.5137195],[19.0612407,47.5146269],[19.0612211,47.5146174],[19.0611307,47.5145482],[19.0610547,47.5144927],[19.0610466,47.5144854],[19.061783,47.5139093],[19.06181,47.5138818],[19.0618077,47.5138563],[19.0617938,47.5138355],[19.0617669,47.513811],[19.0615975,47.5137581],[19.0616101,47.5137482],[19.0616136,47.5137455],[19.0616195,47.5137409],[19.061659,47.5137085],[19.0617013,47.5136772],[19.0617085,47.5136715],[19.061715,47.5136665],[19.061729,47.5136556],[19.0619756,47.5137262],[19.0620033,47.5137335],[19.0620318,47.5137356],[19.0620565,47.5137309],[19.0620788,47.51372],[19.0620973,47.513708],[19.0633621,47.5127796],[19.0633754,47.5127892]]]}},
{"type":"Feature","properties":{"id":"way/6064697","bridge":"yes","highway":"tertiary","lanes":"1","layer":"1","name":"Széchenyi lánchíd","oneway":"yes"},"geometry":{"type":"LineString","coordinates":[[19.0464158,47.4995082],[19.0466073,47.499514],[19.0466879,47.4994999]]}},
{"type":"Feature","properties":{"id":"way/609298834","bridge":"yes","highway":"tertiary","lanes":"4","layer":"1","name":"Ferdinánd híd"},"geometry":{"type":"LineString","coordinates":[[19.0627625,47.5133277],[19.0631108,47.5130683]]}},
{"type":"Feature","properties":{"id":"way/609298835","bridge":"yes","highway":"tertiary","lanes":"4","layer":"1","name":"Ferdinánd híd"},"geometry":{"type":"LineString","coordinates":[[19.0613776,47.5143631],[19.0620505,47.5138587]]}},
{"type":"Feature","properties":{"id":"way/618073942","bridge":"yes","highway":"footway","layer":"1"},"geometry":{"type":"LineString","coordinates":[[19.0594062,47.5128787],[19.0592669,47.5129922]]}},
{"type":"Feature","properties":{"id":"way/618767977","bridge":"yes","layer":"1","man_made":"bridge"},"geometry":{"type":"Polygon","coordinates":[[[19.0617634,47.5400573],[19.061803,47.5401427],[19.0620458,47.5403958],[19.0620095,47.5406309],[19.061964,47.5406279],[19.0620017,47.5404013],[19.0617675,47.5401612],[19.0617223,47.5400649],[19.0617634,47.5400573]]]}},
{"type":"Feature","properties":{"id":"way/626751287","bridge":"yes","highway":"footway","layer":"1"},"geometry":{"type":"LineString","coordinates":[[19.0401494,47.513773],[19.0403665,47.5137569]]}},
{"type":"Feature","properties":{"id":"way/626751288","bridge":"yes","highway":"footway","layer":"1"},"geometry":{"type":"LineString","coordinates":[[19.0399052,47.5126007],[19.0401103,47.5125759]]}},
{"type":"Feature","properties":{"id":"way/63792257","bridge":"yes","highway":"primary","lanes":"3","layer":"1","name":"Árpád híd","name:en":"Árpád Bridge","oneway":"yes"},"geometry":{"type":"LineString","coordinates":[[19.0538772,47.5374046],[19.0547363,47.5372023],[19.0572193,47.5366174]]}},
{"type":"Feature","properties":{"id":"way/63792325","bridge":"yes","highway":"primary","lanes":"3","layer":"1","name":"Árpád híd","oneway":"yes"},"geometry":{"type":"LineString","coordinates":[[19.0545003,47.5374455],[19.0541666,47.5375236]]}},
{"type":"Feature","properties":{"id":"way/63792335","bridge":"yes","highway":"secondary","lanes":"2","layer":"1","name":"Margit híd","name:en":"Margaret Bridge","oneway":"yes"},"geometry":{"type":"LineString","coordinates":[[19.0394241,47.5145753],[19.0397051,47.5145806]]}},
{"type":"Feature","properties":{"id":"way/653381419","bridge":"yes","highway":"footway","layer":"1"},"geometry":{"type":"LineString","coordinates":[[19.0660418,47.4803323],[19.0657628,47.4801638],[19.0654822,47.4799678]]}},
{"type":"Feature","properties":{"id":"way/653381420","bridge":"yes","highway":"footway","layer":"1","name":"Boráros tér H"},"geometry":{"type":"LineString","coordinates":[[19.066241,47.4804431],[19.0660418,47.4803323]]}},
{"type":"Feature","properties":{"id":"way/654470335","bridge":"yes","highway":"footway","layer":"1"},"geometry":{"type":"LineString","coordinates":[[19.0515582,47.4918666],[19.0514475,47.4918359],[19.0469025,47.4902041],[19.0468671,47.4901914]]}},
{"type":"Feature","properties":{"id":"way/654470338","bridge":"yes","highway":"footway","layer":"1"},"geometry":{"type":"LineString","coordinates":[[19.051847,47.4917006],[19.0521796,47.4917854],[19.0525535,47.4918678],[19.0527575,47.4919311],[19.0529515,47.4920084]]}},
{"type":"Feature","properties":{"id":"way/662997155","bridge":"yes","highway":"secondary","lanes":"3","layer":"1","name":"Petőfi híd","name:en":"Petőfi Bridge","oneway":"yes"},"geometry":{"type":"LineString","coordinates":[[19.0661818,47.4800465],[19.0665716,47.4802306]]}},
{"type":"Feature","properties":{"id":"way/67238477","bridge":"yes","highway":"steps","layer":"1"},"geometry":{"type":"LineString","coordinates":[[19.0442408,47.5334813],[19.0441017,47.5333335]]}},
{"type":"Feature","properties":{"id":"way/67238501","bridge":"yes","highway":"steps","layer":"1"},"geometry":{"type":"LineString","coordinates":[[19.0443962,47.533432],[19.0442508,47.5332684]]}},
{"type":"Feature","properties":{"id":"way/67238543","bridge":"yes","highway":"steps","layer":"1"},"geometry":{"type":"LineString","coordinates":[[19.0435442,47.533366],[19.043691,47.5335121]]}},
{"type":"Feature","properties":{"id":"way/67238558","bridge":"yes","highway":"steps","layer":"1"},"geometry":{"type":"LineString","coordinates":[[19.0441016,47.533545],[19.0439558,47.5333984]]}},
{"type":"Feature","properties":{"id":"way/67238673","bridge":"yes","highway":"footway","layer":"1"},"geometry":{"type":"LineString","coordinates":[[19.043691,47.5335121],[19.0439558,47.5333984],[19.0441017,47.5333335],[19.0442508,47.5332684]]}},
{"type":"Feature","properties":{"id":"way/675676766","bridge:support":"pier"},"geometry":{"type":"LineString","coordinates":[[19.0626331,47.4782842],[19.0626291,47.4783165],[19.0624507,47.4785032],[19.0624272,47.478511],[19.0624001,47.4785117],[19.0623875,47.4784896],[19.0625837,47.4782807],[19.0626331,47.4782842]]}},
{"type":"Feature","properties":{"id":"way/675676767","bridge:support":"pier"},"geometry":{"type":"LineString","coordinates":[[19.0642914,47.4790845],[19.0643034,47.4791098],[19.0642914,47.4791351],[19.0641251,47.4792864],[19.0640975,47.4793089],[19.0640486,47.4793109],[19.0640463,47.4792856],[19.0642361,47.4790947],[19.0642914,47.4790845]]}},
{"type":"Feature","properties":{"id":"way/675681265","bridge":"yes","highway":"footway","layer":"1"},"geometry":{"type":"LineString","coordinates":[[19.0626609,47.4761894],[19.0629911,47.4763044]]}},
{"type":"Feature","properties":{"id":"way/676326017","bridge":"yes","highway":"footway","layer":"1"},"geometry":{"type":"LineString","coordinates":[[19.0469971,47.4795417],[19.0470032,47.4796106]]}},
{"type":"Feature","properties":{"id":"way/677007746","bridge":"yes","highway":"footway","layer":"1"},"geometry":{"type":"LineString","coordinates":[[19.0260831,47.5087038],[19.0262557,47.5088097]]}},
{"type":"Feature","properties":{"id":"way/68741620","bridge":"yes","bridge:name":"Margit híd","layer":"1","railway":"tram"},"geometry":{"type":"LineString","coordinates":[[19.0394035,47.5146117],[19.0395122,47.514615],[19.0396179,47.5146182],[19.0398772,47.514626],[19.0423878,47.5146761],[19.042565,47.5146796],[19.0433228,47.5146947]]}},
{"type":"Feature","properties":{"id":"way/687912974","bridge":"yes","highway":"footway","layer":"1"},"geometry":{"type":"LineString","coordinates":[[19.0772615,47.495543],[19.0773855,47.4955111]]}},
{"type":"Feature","properties":{"id":"way/689888234","bridge":"yes","highway":"service","lanes":"1","layer":"1","oneway":"yes"},"geometry":{"type":"LineString","coordinates":[[19.0590511,47.5096332],[19.0589039,47.509737]]}},
{"type":"Feature","properties":{"id":"way/693892772","bridge":"yes","highway":"footway","layer":"1"},"geometry":{"type":"LineString","coordinates":[[19.0582672,47.5384855],[19.0585727,47.538426]]}},
{"type":"Feature","properties":{"id":"way/695757975","bridge":"yes","highway":"cycleway","layer":"1","name":"Árpád híd","name:en":"Árpád Bridge"},"geometry":{"type":"LineString","coordinates":[[19.0537142,47.5377408],[19.0536922,47.5377093]]}},
{"type":"Feature","properties":{"id":"way/696725033","bridge":"yes","highway":"steps","layer":"-1"},"geometry":{"type":"LineString","coordinates":[[19.0332818,47.5047663],[19.033267,47.5047353]]}},
{"type":"Feature","properties":{"id":"way/696725035","bridge":"yes","highway":"steps","layer":"1"},"geometry":{"type":"LineString","coordinates":[[19.0333143,47.5048342],[19.0332818,47.5047663]]}},
{"type":"Feature","properties":{"id":"way/696725037","bridge":"yes","highway":"steps","layer":"1"},"geometry":{"type":"LineString","coordinates":[[19.0330532,47.5046041],[19.033063,47.5046257]]}},
{"type":"Feature","properties":{"id":"way/696725038","bridge":"yes","highway":"footway","layer":"1"},"geometry":{"type":"LineString","coordinates":[[19.0330152,47.5042407],[19.0328801,47.5042407],[19.0329793,47.5044418],[19.0330532,47.5046041]]}},
{"type":"Feature","properties":{"id":"way/696725039","bridge":"yes","highway":"footway","layer":"1"},"geometry":{"type":"LineString","coordinates":[[19.0329793,47.5044418],[19.0329144,47.5044558]]}},
{"type":"Feature","properties":{"id":"way/696725040","bridge":"yes","highway":"footway","layer":"1"},"geometry":{"type":"LineString","coordinates":[[19.033063,47.5046257],[19.0330692,47.5046393],[19.0329498,47.5046656],[19.033096,47.5048558],[19.0333143,47.5048342],[19.0335265,47.5048132],[19.0335197,47.5047912]]}},
{"type":"Feature","properties":{"id":"way/702045865","bridge":"yes","bridge:name":"Margit híd","layer":"1","railway":"tram"},"geometry":{"type":"LineString","coordinates":[[19.0385381,47.5145964],[19.038855,47.5146007],[19.0389731,47.5146022],[19.0391822,47.514605],[19.0394035,47.5146117]]}},
{"type":"Feature","properties":{"id":"way/702045867","bridge":"yes","bridge:name":"Margit híd","layer":"1","railway":"tram"},"geometry":{"type":"LineString","coordinates":[[19.0394015,47.5146449],[19.0391808,47.5146381],[19.0385307,47.514629]]}},
{"type":"Feature","properties":{"id":"way/70366863","bridge":"yes","highway":"footway","layer":"1"},"geometry":{"type":"LineString","coordinates":[[19.0607737,47.4776797],[19.0605261,47.4776132]]}},
{"type":"Feature","properties":{"id":"way/70366864","bridge":"yes","highway":"footway","layer":"1"},"geometry":{"type":"LineString","coordinates":[[19.0605261,47.4776132],[19.0605042,47.4776336]]}},
{"type":"Feature","properties":{"id":"way/70366865","bridge":"yes","highway":"footway","layer":"1"},"geometry":{"type":"LineString","coordinates":[[19.0607676,47.4773773],[19.060802,47.4773498]]}},
{"type":"Feature","properties":{"id":"way/70366867","bridge":"yes","highway":"footway","layer":"1"},"geometry":{"type":"LineString","coordinates":[[19.0662565,47.4804786],[19.066241,47.4804431]]}},
{"type":"Feature","properties":{"id":"way/70366871","bridge":"yes","highway":"footway","layer":"1"},"geometry":{"type":"LineString","coordinates":[[19.0609579,47.4775116],[19.0613941,47.4777246],[19.0636782,47.4788358],[19.0643584,47.4791614],[19.0656021,47.4797547]]}},
{"type":"Feature","properties":{"id":"way/731786381","bridge":"yes","highway":"tertiary","lanes":"4","layer":"1","name":"Ferdinánd híd"},"geometry":{"type":"LineString","coordinates":[[19.0632338,47.5129768],[19.0634313,47.5128308]]}},
{"type":"Feature","properties":{"id":"way/731786382","bridge":"yes","highway":"tertiary","lanes":"4","layer":"1","name":"Ferdinánd híd"},"geometry":{"type":"LineString","coordinates":[[19.0631108,47.5130683],[19.0632338,47.5129768]]}},
{"type":"Feature","properties":{"id":"way/739876025","bridge":"yes","highway":"footway","layer":"1"},"geometry":{"type":"LineString","coordinates":[[19.054241,47.5372592],[19.0544905,47.5372036],[19.0547015,47.5371533],[19.0568607,47.5366402],[19.0584704,47.5362535]]}},
{"type":"Feature","properties":{"id":"way/743441880","bridge":"yes","bridge:name":"Petőfi híd","layer":"1","railway":"tram"},"geometry":{"type":"LineString","coordinates":[[19.0654191,47.4797753],[19.065626,47.4798735],[19.0660959,47.4800695],[19.0666999,47.480386],[19.066886,47.480487],[19.0670472,47.4805598]]}},
{"type":"Feature","properties":{"id":"way/7988817","bridge":"yes","highway":"secondary","lanes":"2","layer":"1","name":"Petőfi híd","name:en":"Petőfi Bridge","oneway":"yes"},"geometry":{"type":"LineString","coordinates":[[19.0609146,47.4775422],[19.0635589,47.4788285],[19.0643271,47.4791986],[19.0656533,47.4798193]]}},
{"type":"Feature","properties":{"id":"way/8107350","bridge":"yes","bridge:structure":"beam","highway":"secondary","lanes":"4","layer":"1","name":"Váci út"},"geometry":{"type":"LineString","coordinates":[[19.065904,47.5306167],[19.0667864,47.532669],[19.0675817,47.5345327]]}},
{"type":"Feature","properties":{"id":"way/8107828","bridge":"yes","highway":"primary_link","lanes":"1","layer":"1","name":"Attila út","oneway":"yes"},"geometry":{"type":"LineString","coordinates":[[19.0450379,47.490824],[19.0449883,47.4908873],[19.0449349,47.4909355],[19.0448209,47.4910133],[19.044479,47.4912571]]}},
{"type":"Feature","properties":{"id":"way/8108666","bridge":"yes","highway":"primary_link","lanes":"2","layer":"1","oneway":"no"},"geometry":{"type":"LineString","coordinates":[[19.0587722,47.535946],[19.0587682,47.5358084]]}},
{"type":"Feature","properties":{"id":"way/813687068","bridge":"yes","highway":"primary","lanes":"3","layer":"1","name":"Árpád híd","name:en":"Árpád Bridge","oneway":"yes"},"geometry":{"type":"LineString","coordinates":[[19.0572193,47.5366174],[19.0584917,47.5362984]]}},
{"type":"Feature","properties":{"id":"way/826619506","bridge":"yes","bridge:name":"Petőfi híd","layer":"1","railway":"tram"},"geometry":{"type":"LineString","coordinates":[[19.0608416,47.4776046],[19.0606093,47.4774903],[19.0603746,47.477387],[19.0600632,47.4772465]]}},
{"type":"Feature","properties":{"id":"way/826619507","bridge":"yes","highway":"secondary","lanes":"3","layer":"1","name":"Irinyi József utca","oneway":"yes"},"geometry":{"type":"LineString","coordinates":[[19.0605229,47.477509],[19.0600209,47.4772826]]}},
{"type":"Feature","properties":{"id":"way/842998482","bridge":"yes","highway":"footway","layer":"1"},"geometry":{"type":"LineString","coordinates":[[19.028638,47.5439554],[19.0285895,47.5439498]]}},
{"type":"Feature","properties":{"id":"way/842998484","bridge":"yes","highway":"footway","layer":"1"},"geometry":{"type":"LineString","coordinates":[[19.0286988,47.5440003],[19.0286731,47.5439974]]}},
{"type":"Feature","properties":{"id":"way/875419272","bridge":"yes","highway":"footway","layer":"1"},"geometry":{"type":"LineString","coordinates":[[19.05231,47.5228986],[19.052584,47.5228176]]}},
{"type":"Feature","properties":{"id":"way/875419274","bridge":"yes","highway":"footway","layer":"1"},"geometry":{"type":"LineString","coordinates":[[19.0530539,47.5241619],[19.0533477,47.5240717]]}},
{"type":"Feature","properties":{"id":"way/875419282","bridge":"yes","highway":"footway","layer":"1"},"geometry":{"type":"LineString","coordinates":[[19.0448218,47.5027386],[19.0450414,47.502766]]}},
{"type":"Feature","properties":{"id":"way/875419284","bridge":"yes","highway":"footway","layer":"1","man_made":"pier"},"geometry":{"type":"LineString","coordinates":[[19.0503683,47.4918481],[19.0506014,47.4919201]]}},
{"type":"Feature","properties":{"id":"way/887673854","bridge":"yes","highway":"footway","layer":"1"},"geometry":{"type":"LineString","coordinates":[[19.0498254,47.5405455],[19.0492934,47.5406068]]}},
{"type":"Feature","properties":{"id":"way/933293527","bridge":"yes","highway":"cycleway","layer":"1"},"geometry":{"type":"LineString","coordinates":[[19.0605261,47.4776132],[19.0599524,47.4773447]]}},
{"type":"Feature","properties":{"id":"way/937668289","bridge":"yes","highway":"footway","layer":"1"},"geometry":{"type":"LineString","coordinates":[[19.0388865,47.5147859],[19.0388857,47.5148111]]}},
{"type":"Feature","properties":{"id":"way/937668291","bridge":"yes","highway":"footway","layer":"1"},"geometry":{"type":"LineString","coordinates":[[19.0474401,47.5132154],[19.047422,47.5131899]]}},
{"type":"Feature","properties":{"id":"way/937668295","bridge":"yes","highway":"platform","layer":"1","name":"Margit híd, budai hídfő H","railway":"platform"},"geometry":{"type":"LineString","coordinates":[[19.0389456,47.5145743],[19.0388547,47.5145741],[19.0385427,47.5145736]]}},
{"type":"Feature","properties":{"id":"way/937668298","bridge":"yes","highway":"platform","layer":"1","name":"Margit híd, budai hídfő H","railway":"platform"},"geometry":{"type":"LineString","coordinates":[[19.0389427,47.5146609],[19.0385256,47.5146531]]}},
{"type":"Feature","properties":{"id":"way/942469416","bridge":"yes","highway":"footway","layer":"1"},"geometry":{"type":"LineString","coordinates":[[19.0471752,47.5129493],[19.0472929,47.5129758]]}},
{"type":"Feature","properties":{"id":"way/954850608","bridge":"yes","highway":"footway","layer":"1"},"geometry":{"type":"LineString","coordinates":[[19.046673,47.4994586],[19.046621,47.4994717],[19.0465258,47.4994737],[19.0463783,47.499447],[19.0461154,47.4993933],[19.0450258,47.4991839],[19.0450428,47.4991423],[19.0449341,47.4991216],[19.0449146,47.4991626],[19.043675,47.4989243]]}},
{"type":"Feature","properties":{"id":"way/954850609","bridge":"yes","highway":"footway","layer":"1"},"geometry":{"type":"LineString","coordinates":[[19.0465846,47.4996653],[19.046506,47.4996104],[19.0464748,47.4995879],[19.0463945,47.4995673],[19.044978,47.4992931],[19.0449556,47.4993436],[19.0448482,47.4993252],[19.0448694,47.4992731],[19.043629,47.4990327]]}},
{"type":"Feature","properties":{"id":"way/954850610","bridge":"yes","highway":"footway","layer":"1"},"geometry":{"type":"LineString","coordinates":[[19.0407377,47.4985507],[19.0408532,47.4985237],[19.0409244,47.4985185],[19.0410076,47.4985262],[19.0411196,47.4985464],[19.0416381,47.4986482],[19.0422815,47.4987731],[19.042261,47.4988218],[19.042373,47.4988414],[19.0423894,47.4987942],[19.043629,47.4990327]]}},
{"type":"Feature","properties":{"id":"way/954850611","bridge":"yes","highway":"footway","layer":"1"},"geometry":{"type":"LineString","coordinates":[[19.0408658,47.4983215],[19.0408988,47.4983534],[19.0410026,47.4984051],[19.0410658,47.4984273],[19.0411492,47.498439],[19.0423267,47.4986653],[19.0423456,47.4986215],[19.0424548,47.4986418],[19.0424374,47.4986866],[19.043675,47.4989243]]}},
{"type":"Feature","properties":{"id":"way/995864496","bridge":"yes","highway":"steps","layer":"1"},"geometry":{"type":"LineString","coordinates":[[19.0263442,47.5101803],[19.0263717,47.5101613]]}}
]}
