{"type":"FeatureCollection","license":"ODbL-1.0, © OpenStreetMap contributors","osm_base":"2026-10-01T20:46:35Z","bbox":"47.476,19.022,47.544999999999995,19.078000000000003","features":[
{"type":"Feature","properties":{"id":"node/2049569569"},"geometry":{"type":"Point","coordinates":[19.0274649,47.4670427]}},
{"type":"Feature","properties":{"id":"node/2142472585"},"geometry":{"type":"Point","coordinates":[19.0351431,47.4991627]}},
{"type":"Feature","properties":{"id":"node/2142472586"},"geometry":{"type":"Point","coordinates":[18.9826357,47.538887]}},
{"type":"Feature","properties":{"id":"node/2142472587"},"geometry":{"type":"Point","coordinates":[19.0367797,47.5676107]}},
{"type":"Feature","properties":{"id":"node/2142472589"},"geometry":{"type":"Point","coordinates":[19.0903564,47.4653558]}},
{"type":"Feature","properties":{"id":"node/2142472590"},"geometry":{"type":"Point","coordinates":[19.0505314,47.4999765]}},
{"type":"Feature","properties":{"id":"node/2142472591"},"geometry":{"type":"Point","coordinates":[19.0653234,47.5094944]}},
{"type":"Feature","properties":{"id":"node/2142472592"},"geometry":{"type":"Point","coordinates":[19.0751535,47.5021998]}},
{"type":"Feature","properties":{"id":"node/2142472593"},"geometry":{"type":"Point","coordinates":[19.0873404,47.4905952]}},
{"type":"Feature","properties":{"id":"node/2142472595"},"geometry":{"type":"Point","coordinates":[18.9855917,47.5002133]}},
{"type":"Feature","properties":{"id":"node/2142472596"},"geometry":{"type":"Point","coordinates":[19.0706155,47.5334981]}},
{"type":"Feature","properties":{"id":"node/2142472597"},"geometry":{"type":"Point","coordinates":[19.1138572,47.5181354]}},
{"type":"Feature","properties":{"id":"relation/1552462","admin_level":"9","boundary":"administrative","name":"IX. kerület","name:en":"9th district","ref":"9"},"geometry":{"type":"Polygon","coordinates":[[[19.0615618,47.4897519],[19.0609686,47.489083],[19.06068,47.4887884],[19.0604114,47.4885684],[19.0588841,47.4877787],[19.0580617,47.4873553],[19.0549817,47.4857658],[19.0561889,47.4847643],[19.0590281,47.4823975],[19.0613931,47.4806468],[19.0617553,47.4803865],[19.0627446,47.4796639],[19.0635928,47.4788408],[19.0640654,47.4783738],[19.0654709,47.4764997],[19.0658161,47.4760395],[19.0663615,47.4748883],[19.0669219,47.4737051],[19.067444,47.4714015],[19.0675055,47.4697736],[19.0673711,47.4687889],[19.0673361,47.4685322],[19.0673519,47.4678078],[19.0669219,47.4664256],[19.0639288,47.4619344],[19.0665397,47.4614376],[19.0673464,47.4613702],[19.0675889,47.4613544],[19.0689905,47.4612703],[19.0693357,47.4612875],[19.0694212,47.4612924],[19.0696528,47.4612966],[19.0713882,47.4613692],[19.0718633,47.4613526],[19.0730327,47.4611961],[19.0737247,47.461022],[19.07435,47.4607893],[19.0781114,47.4583241],[19.0830818,47.4536917],[19.0834843,47.4530093],[19.0843676,47.4515116],[19.0867472,47.443634],[19.0877385,47.4404443],[19.0878896,47.4399582],[19.0890048,47.4399579],[19.0934333,47.4413702],[19.0934643,47.4414568],[19.0935248,47.441541],[19.0936067,47.4416371],[19.0937266,47.4417041],[19.0937732,47.4417301],[19.0938184,47.4417554],[19.0938588,47.441778],[19.094147,47.4419556],[19.0942878,47.442055],[19.0944799,47.4421843],[19.0946301,47.4422855],[19.0946963,47.4423308],[19.0953298,47.4427225],[19.0957527,47.4429938],[19.0963666,47.4434111],[19.0967789,47.4436842],[19.0969929,47.443826],[19.097108,47.4439012],[19.0972868,47.444018],[19.0978828,47.4444071],[19.098399,47.4447442],[19.0986765,47.444931],[19.0987807,47.4449998],[19.0988462,47.4450445],[19.0995487,47.4455176],[19.0999887,47.4458133],[19.1002497,47.4459887],[19.1002976,47.4460207],[19.1005723,47.4462031],[19.102254,47.4473196],[19.1029216,47.4477676],[19.103013,47.4478289],[19.1037689,47.4483256],[19.1039859,47.4484743],[19.1043868,47.448749],[19.1044747,47.4488093],[19.1045236,47.4488411],[19.1045793,47.4488782],[19.104586,47.4488827],[19.1052293,47.4493108],[19.105716,47.4496339],[19.1068517,47.4503748],[19.1084868,47.4514596],[19.1091124,47.4518741],[19.1092069,47.4519405],[19.1096718,47.4522491],[19.1098222,47.4523489],[19.1109443,47.4530814],[19.1115065,47.4534558],[19.1115421,47.4534797],[19.1116648,47.4535619],[19.1117205,47.4535993],[19.1118275,47.4536711],[19.11197,47.4537694],[19.1122214,47.4539429],[19.112824,47.4543586],[19.1131356,47.4545688],[19.1135194,47.4548279],[19.1136014,47.4548836],[19.1138748,47.4550652],[19.1139925,47.4551428],[19.1141438,47.4552428],[19.1142071,47.4552829],[19.1145729,47.4555143],[19.1149559,47.4557565],[19.1151732,47.4558939],[19.1163249,47.4566367],[19.1173067,47.4573496],[19.1173563,47.4573855],[19.1183906,47.4580728],[19.1194503,47.4587885],[19.1204088,47.4594265],[19.1205414,47.4595173],[19.1206079,47.4595622],[19.122628,47.4609049],[19.1246359,47.4622313],[19.1252221,47.4626185],[19.1252629,47.4626467],[19.125296,47.4626695],[19.1261151,47.4632249],[19.1265049,47.4634899],[19.1268398,47.4637003],[19.1268931,47.4637344],[19.1270196,47.4638021],[19.1270633,47.4638385],[19.1283295,47.4647109],[19.1269751,47.4652226],[19.1266461,47.4654516],[19.1258542,47.4657419],[19.1227147,47.4668313],[19.1162794,47.469194],[19.1157382,47.4693644],[19.1157016,47.4693768],[19.1156775,47.4693858],[19.1100297,47.4714512],[19.1097791,47.4715769],[19.1094927,47.4717213],[19.1082614,47.4721633],[19.1081939,47.4721881],[19.106881,47.4726712],[19.106432,47.4728243],[19.1045594,47.4735095],[19.098662,47.4756182],[19.0893191,47.4790972],[19.0870823,47.4798042],[19.086673,47.4799509],[19.0862869,47.4800894],[19.0858332,47.48025],[19.0854321,47.480392],[19.0853918,47.4804062],[19.0853315,47.4804275],[19.0852716,47.4804486],[19.0851871,47.4804782],[19.0845783,47.4806921],[19.0841371,47.4808489],[19.0830401,47.4812368],[19.0824969,47.4814267],[19.0823782,47.4814707],[19.0820934,47.4815704],[19.0819149,47.4816329],[19.0815514,47.4817594],[19.0809782,47.4819622],[19.0804041,47.4821654],[19.0791348,47.4826118],[19.0790591,47.4826386],[19.0785561,47.4828161],[19.0781282,47.4829669],[19.0778332,47.4830708],[19.07729,47.4832637],[19.0770103,47.4833631],[19.0767359,47.4834605],[19.0765915,47.4835118],[19.075896,47.4837552],[19.0755912,47.4838619],[19.0748125,47.4841345],[19.0744637,47.4842615],[19.0738538,47.4844763],[19.0737879,47.4844995],[19.0736854,47.4845356],[19.0735228,47.4845929],[19.0734002,47.484636],[19.0727236,47.4848699],[19.0722704,47.4850281],[19.0718196,47.4851854],[19.0713919,47.4853347],[19.0706691,47.4855871],[19.0703705,47.4856913],[19.070341,47.4857016],[19.0702306,47.4857401],[19.0701104,47.4857821],[19.0700136,47.4858141],[19.0699869,47.4858229],[19.069965,47.4858301],[19.0698973,47.4858525],[19.0698076,47.4858839],[19.0697586,47.485901],[19.0697013,47.4859211],[19.0695994,47.4859567],[19.0694732,47.4860077],[19.0693159,47.4860713],[19.0687093,47.4863303],[19.0681398,47.4865856],[19.0679873,47.486658],[19.0673424,47.4869668],[19.0673188,47.486978],[19.0668778,47.4871868],[19.0668002,47.4872233],[19.0667645,47.4872405],[19.066589,47.4873236],[19.0664422,47.4873931],[19.0646721,47.4882368],[19.0644279,47.4883547],[19.0640763,47.4885244],[19.0640128,47.488555],[19.0638808,47.4886187],[19.063845,47.488636],[19.0637881,47.4886635],[19.0636954,47.4887082],[19.0636063,47.4887512],[19.0634599,47.4888219],[19.0634209,47.4888417],[19.0627577,47.4891792],[19.0623504,47.4893641],[19.0621762,47.4894457],[19.0620033,47.4895393],[19.0615618,47.4897519]]]}},
{"type":"Feature","properties":{"id":"relation/1605916","admin_level":"9","boundary":"administrative","name":"XIII. kerület","name:en":"13th district","ref":"13"},"geometry":{"type":"Polygon","coordinates":[[[19.061952,47.5514364],[19.0563509,47.5417497],[19.0561851,47.5395159],[19.0558515,47.5350208],[19.0554716,47.5337218],[19.0538263,47.5280947],[19.0533787,47.5273404],[19.0530465,47.5267806],[19.0518867,47.5248262],[19.049806,47.5213198],[19.0485623,47.5192239],[19.0471918,47.5170731],[19.0454213,47.5142945],[19.0452562,47.5141302],[19.0474853,47.5133517],[19.0532501,47.51132],[19.0551649,47.5106545],[19.0556447,47.5104698],[19.0559941,47.5109108],[19.056534,47.5116117],[19.0571672,47.5124189],[19.0572899,47.5125815],[19.0578464,47.5133189],[19.0580174,47.5135456],[19.058465,47.5141304],[19.0586888,47.5144437],[19.0587924,47.5145896],[19.0588687,47.5146909],[19.0590111,47.5148771],[19.0591938,47.515116],[19.0592659,47.5152103],[19.059503,47.5155203],[19.0595218,47.5155558],[19.0595372,47.5155894],[19.059564,47.5156664],[19.0595925,47.5157544],[19.0596937,47.5158052],[19.0599917,47.5159637],[19.0600736,47.5160114],[19.0601426,47.5160516],[19.0607269,47.5163686],[19.0612331,47.5166272],[19.0614644,47.5167305],[19.0615361,47.5167626],[19.0619064,47.5169281],[19.062051,47.5170027],[19.0633281,47.5176955],[19.0635137,47.5177824],[19.0635785,47.5178143],[19.0637132,47.5178869],[19.0637837,47.5178406],[19.0638499,47.5177984],[19.0647446,47.5171117],[19.0648695,47.5170159],[19.0654588,47.5165636],[19.0654897,47.5165514],[19.0655232,47.5165445],[19.0655328,47.5164557],[19.0655635,47.5164136],[19.0657698,47.516327],[19.0659061,47.5162069],[19.0661392,47.5162078],[19.067026,47.5166412],[19.0673341,47.5163955],[19.0693681,47.5173473],[19.0718119,47.5185171],[19.0720765,47.5184356],[19.0723516,47.5185558],[19.0724925,47.5186098],[19.072874,47.5187598],[19.0734213,47.5189813],[19.0740939,47.5192606],[19.0742985,47.5193463],[19.0759508,47.5200382],[19.078101,47.5209386],[19.0788856,47.5212672],[19.0791816,47.5213981],[19.0792094,47.5214112],[19.0796978,47.5216092],[19.0799768,47.521701],[19.0801357,47.5217488],[19.0805073,47.5218475],[19.0806713,47.52189],[19.0807197,47.5219025],[19.0810209,47.5219844],[19.081297,47.5220518],[19.0821649,47.5222636],[19.0824328,47.5223314],[19.0825047,47.52235],[19.0827006,47.5224007],[19.0828161,47.5224426],[19.082862,47.5224585],[19.0829252,47.5224824],[19.0830183,47.5225069],[19.083064,47.5225211],[19.0831107,47.522538],[19.0831555,47.5225573],[19.083185,47.5225717],[19.0832633,47.5226119],[19.0834697,47.5227243],[19.0835687,47.5227775],[19.0839583,47.5229481],[19.0846447,47.5232491],[19.0852363,47.5235093],[19.0859148,47.5238292],[19.0868223,47.5243203],[19.0876924,47.5248094],[19.0881363,47.525073],[19.0884856,47.5252804],[19.0885251,47.5253039],[19.088544,47.5253151],[19.08863,47.5253662],[19.0878246,47.5258533],[19.0875252,47.5260344],[19.0873286,47.5261528],[19.0871713,47.5262436],[19.0865231,47.5266149],[19.086466,47.5266449],[19.0865621,47.5268112],[19.0872304,47.5279951],[19.0873028,47.5281231],[19.0876767,47.5287702],[19.0881183,47.5295345],[19.0886234,47.5304099],[19.0888336,47.530786],[19.0890204,47.5311152],[19.0893204,47.5316409],[19.0895269,47.5320027],[19.0895459,47.5320359],[19.0903688,47.5334783],[19.0911972,47.5349292],[19.0914017,47.5352891],[19.0916309,47.5356897],[19.0916479,47.5357188],[19.0916619,47.5357441],[19.09176,47.535925],[19.0923744,47.5370052],[19.0927286,47.5376384],[19.092817,47.5377906],[19.0932711,47.5385555],[19.0937005,47.539315],[19.0941239,47.5400567],[19.0945506,47.5407954],[19.095404,47.5423126],[19.0957294,47.5428693],[19.0960914,47.5435241],[19.0965661,47.5443351],[19.0965831,47.5443899],[19.0965879,47.544453],[19.0965477,47.5445563],[19.096178,47.5448468],[19.09606,47.5449945],[19.0961144,47.545007],[19.0961627,47.5450341],[19.0962048,47.5450663],[19.0962482,47.5451051],[19.0963293,47.5451844],[19.0963658,47.5452202],[19.0964028,47.5452564],[19.0964563,47.5453087],[19.0964965,47.545348],[19.0973526,47.5462042],[19.0972146,47.5463084],[19.0958168,47.5473638],[19.0954212,47.5476332],[19.0937149,47.5488941],[19.0931308,47.5493257],[19.0926957,47.5496472],[19.0925717,47.5497388],[19.0923672,47.5498919],[19.0921717,47.5500003],[19.0921341,47.5500211],[19.092095,47.5500428],[19.0917961,47.5502083],[19.0914763,47.5503887],[19.0914563,47.5503992],[19.0913882,47.5504135],[19.0912374,47.5506242],[19.0911899,47.5506906],[19.0910845,47.5507651],[19.0904319,47.5511758],[19.0900708,47.5514379],[19.0892989,47.55201],[19.088708,47.55243],[19.088343,47.5526838],[19.0868167,47.5538099],[19.0868051,47.553819],[19.086098,47.5542956],[19.0860051,47.5540908],[19.0859101,47.5539121],[19.0858243,47.5538015],[19.0857412,47.5537038],[19.0854864,47.553513],[19.0851846,47.5533136],[19.0851602,47.5532975],[19.0851135,47.5532667],[19.0850901,47.5532512],[19.0844536,47.5537001],[19.0828531,47.5551393],[19.0799487,47.558587],[19.0793329,47.559296],[19.0789752,47.559607],[19.0784815,47.5598989],[19.0780355,47.5601252],[19.0772373,47.5603883],[19.0760932,47.560717],[19.0755864,47.5608626],[19.0725253,47.5617658],[19.0722715,47.5618407],[19.0706761,47.5621243],[19.0672055,47.5631354],[19.0671975,47.5631371],[19.0648985,47.5575367],[19.0634771,47.5540737],[19.061952,47.5514364]]]}},
{"type":"Feature","properties":{"id":"relation/1606043","admin_level":"9","boundary":"administrative","name":"XIV. kerület","name:en":"14th district","ref":"14"},"geometry":{"type":"Polygon","coordinates":[[[19.0872071,47.5054517],[19.0873021,47.5053683],[19.0873802,47.5052995],[19.0880672,47.5046725],[19.0886745,47.5041557],[19.0887382,47.5040971],[19.088894,47.5039641],[19.0890681,47.5038071],[19.0891246,47.5037582],[19.0893869,47.5035219],[19.0894558,47.5034614],[19.0897827,47.503174],[19.0907282,47.5023389],[19.0909592,47.5021301],[19.0911378,47.5019853],[19.09122,47.5019339],[19.0912883,47.5019084],[19.0914016,47.5018788],[19.0915518,47.5018485],[19.0925031,47.5017208],[19.0926057,47.5017096],[19.0934671,47.5015973],[19.0944641,47.5014673],[19.0949804,47.5014],[19.095424,47.5013421],[19.0963219,47.501225],[19.0967236,47.5011726],[19.0971439,47.5011178],[19.098001,47.5010061],[19.0982371,47.5009753],[19.0982545,47.500973],[19.0984712,47.5009447],[19.0990721,47.5008663],[19.1008751,47.5006044],[19.101317,47.5005402],[19.1016057,47.5004983],[19.1018815,47.5004685],[19.1025579,47.5003264],[19.1026549,47.5001145],[19.1027643,47.4998442],[19.1030314,47.499654],[19.1060197,47.4999621],[19.1082765,47.5001775],[19.113843,47.5010223],[19.1156045,47.5011464],[19.1199682,47.5016293],[19.1250254,47.5021047],[19.1362979,47.5033451],[19.1423625,47.5039716],[19.1426108,47.5039987],[19.1450656,47.5042669],[19.1473479,47.5045206],[19.1524792,47.5049949],[19.1537926,47.5052259],[19.1540357,47.5052524],[19.1564605,47.505504],[19.1569072,47.5055504],[19.1570525,47.5055627],[19.1556328,47.5095809],[19.1547119,47.5109311],[19.1545134,47.5112355],[19.1542506,47.5117101],[19.1537068,47.5126042],[19.1520512,47.5143297],[19.1479689,47.5192679],[19.1477052,47.5196238],[19.1462791,47.521264],[19.1455376,47.5220318],[19.1448931,47.5226992],[19.1449653,47.5230412],[19.144929,47.5231215],[19.144914,47.5231904],[19.1449129,47.5232979],[19.1449356,47.5235089],[19.1449658,47.5236435],[19.1450415,47.5239987],[19.1451211,47.5242985],[19.1451261,47.5243883],[19.1451243,47.5244755],[19.1451355,47.5245908],[19.1454422,47.5258453],[19.1453706,47.5258543],[19.1443603,47.5261619],[19.1442699,47.5261898],[19.1436877,47.5263687],[19.1436454,47.5263716],[19.1435965,47.5263666],[19.1435086,47.5263331],[19.1434515,47.5264538],[19.1417686,47.5269882],[19.1379996,47.5281564],[19.1335031,47.5295507],[19.1317191,47.5301009],[19.1296252,47.5307108],[19.1274798,47.5313357],[19.1266367,47.531529],[19.1232167,47.5322394],[19.120414,47.5328079],[19.1191077,47.5330814],[19.118496,47.5332649],[19.1176302,47.5336414],[19.1166975,47.5341709],[19.1152729,47.5349797],[19.1138472,47.535846],[19.1123167,47.5367755],[19.1109381,47.5375499],[19.1081748,47.5392652],[19.1077851,47.5395071],[19.1029276,47.5422133],[19.1027273,47.5423249],[19.1014012,47.54317],[19.0993775,47.5446343],[19.0973526,47.5462042],[19.0964965,47.545348],[19.0964563,47.5453087],[19.0964028,47.5452564],[19.0963658,47.5452202],[19.0963293,47.5451844],[19.0962482,47.5451051],[19.0962048,47.5450663],[19.0961627,47.5450341],[19.0961144,47.545007],[19.09606,47.5449945],[19.096178,47.5448468],[19.0965477,47.5445563],[19.0965879,47.544453],[19.0965831,47.5443899],[19.0965661,47.5443351],[19.0960914,47.5435241],[19.0957294,47.5428693],[19.095404,47.5423126],[19.0945506,47.5407954],[19.0941239,47.5400567],[19.0937005,47.539315],[19.0932711,47.5385555],[19.092817,47.5377906],[19.0927286,47.5376384],[19.0923744,47.5370052],[19.09176,47.535925],[19.0916619,47.5357441],[19.0916479,47.5357188],[19.0916309,47.5356897],[19.0914017,47.5352891],[19.0911972,47.5349292],[19.0903688,47.5334783],[19.0895459,47.5320359],[19.0895269,47.5320027],[19.0893204,47.5316409],[19.0890204,47.5311152],[19.0888336,47.530786],[19.0886234,47.5304099],[19.0881183,47.5295345],[19.0876767,47.5287702],[19.0873028,47.5281231],[19.0872304,47.5279951],[19.0865621,47.5268112],[19.086466,47.5266449],[19.0865231,47.5266149],[19.0871713,47.5262436],[19.0873286,47.5261528],[19.0875252,47.5260344],[19.0878246,47.5258533],[19.08863,47.5253662],[19.088544,47.5253151],[19.0885251,47.5253039],[19.0884856,47.5252804],[19.0881363,47.525073],[19.0876924,47.5248094],[19.0868223,47.5243203],[19.0859148,47.5238292],[19.0852363,47.5235093],[19.0846447,47.5232491],[19.0839583,47.5229481],[19.0835687,47.5227775],[19.0834697,47.5227243],[19.0832633,47.5226119],[19.083185,47.5225717],[19.0831555,47.5225573],[19.0831107,47.522538],[19.083064,47.5225211],[19.0830183,47.5225069],[19.0829252,47.5224824],[19.082862,47.5224585],[19.0828161,47.5224426],[19.0827006,47.5224007],[19.0825047,47.52235],[19.0824328,47.5223314],[19.0821649,47.5222636],[19.081297,47.5220518],[19.0810209,47.5219844],[19.0807197,47.5219025],[19.0806713,47.52189],[19.0805073,47.5218475],[19.0801357,47.5217488],[19.0799768,47.521701],[19.0796978,47.5216092],[19.0792094,47.5214112],[19.0791816,47.5213981],[19.0788856,47.5212672],[19.078101,47.5209386],[19.0759508,47.5200382],[19.0742985,47.5193463],[19.0740939,47.5192606],[19.0734213,47.5189813],[19.072874,47.5187598],[19.0724925,47.5186098],[19.0723516,47.5185558],[19.0724717,47.5184566],[19.0726893,47.5182775],[19.0729294,47.5180707],[19.0731161,47.5179061],[19.0734247,47.5176359],[19.0736601,47.5174274],[19.0739721,47.5171509],[19.0740429,47.5170882],[19.0744838,47.5166974],[19.0746349,47.5165636],[19.0748219,47.5163978],[19.0749911,47.5162485],[19.0750763,47.5161733],[19.0755829,47.5157261],[19.0760862,47.5152847],[19.0762138,47.515177],[19.0762414,47.5151541],[19.076322,47.5150862],[19.0764457,47.5149821],[19.076535,47.5149069],[19.0767075,47.5147665],[19.0771054,47.5144353],[19.0776101,47.5140282],[19.0808372,47.5112158],[19.0842313,47.508168],[19.0848835,47.5076043],[19.0850963,47.5074052],[19.0854042,47.5071072],[19.0856962,47.5068159],[19.0857848,47.5067275],[19.0858828,47.506629],[19.0859352,47.5065817],[19.0864085,47.5061627],[19.0870841,47.5055621],[19.0871501,47.5055035],[19.0872071,47.5054517]]]}},
{"type":"Feature","properties":{"id":"relation/1606100","admin_level":"9","boundary":"administrative","name":"VIII. kerület","name:en":"8th district","ref":"8"},"geometry":{"type":"Polygon","coordinates":[[[19.0608031,47.4945176],[19.0605381,47.4944521],[19.0604638,47.4944351],[19.0600748,47.4943405],[19.0599834,47.494319],[19.0599627,47.494314],[19.0600678,47.4941444],[19.060365,47.4935834],[19.0608794,47.4927037],[19.0613136,47.491881],[19.0613558,47.4917925],[19.0613956,47.4917144],[19.0615157,47.4914467],[19.061658,47.4908014],[19.061762,47.4902598],[19.0617711,47.4901336],[19.0617372,47.4898977],[19.0615618,47.4897519],[19.0620033,47.4895393],[19.0621762,47.4894457],[19.0623504,47.4893641],[19.0627577,47.4891792],[19.0634209,47.4888417],[19.0634599,47.4888219],[19.0636063,47.4887512],[19.0636954,47.4887082],[19.0637881,47.4886635],[19.063845,47.488636],[19.0638808,47.4886187],[19.0640128,47.488555],[19.0640763,47.4885244],[19.0644279,47.4883547],[19.0646721,47.4882368],[19.0664422,47.4873931],[19.066589,47.4873236],[19.0667645,47.4872405],[19.0668002,47.4872233],[19.0668778,47.4871868],[19.0673188,47.486978],[19.0673424,47.4869668],[19.0679873,47.486658],[19.0681398,47.4865856],[19.0687093,47.4863303],[19.0693159,47.4860713],[19.0694732,47.4860077],[19.0695994,47.4859567],[19.0697013,47.4859211],[19.0697586,47.485901],[19.0698076,47.4858839],[19.0698973,47.4858525],[19.069965,47.4858301],[19.0699869,47.4858229],[19.0700136,47.4858141],[19.0701104,47.4857821],[19.0702306,47.4857401],[19.070341,47.4857016],[19.0703705,47.4856913],[19.0706691,47.4855871],[19.0713919,47.4853347],[19.0718196,47.4851854],[19.0722704,47.4850281],[19.0727236,47.4848699],[19.0734002,47.484636],[19.0735228,47.4845929],[19.0736854,47.4845356],[19.0737879,47.4844995],[19.0738538,47.4844763],[19.0744637,47.4842615],[19.0748125,47.4841345],[19.0755912,47.4838619],[19.075896,47.4837552],[19.0765915,47.4835118],[19.0767359,47.4834605],[19.0770103,47.4833631],[19.07729,47.4832637],[19.0778332,47.4830708],[19.0781282,47.4829669],[19.0785561,47.4828161],[19.0790591,47.4826386],[19.0791348,47.4826118],[19.0804041,47.4821654],[19.0809782,47.4819622],[19.0815514,47.4817594],[19.0819149,47.4816329],[19.0820934,47.4815704],[19.0823782,47.4814707],[19.0824969,47.4814267],[19.0830401,47.4812368],[19.0841371,47.4808489],[19.0845783,47.4806921],[19.0851871,47.4804782],[19.0852716,47.4804486],[19.0853315,47.4804275],[19.0853918,47.4804062],[19.0854321,47.480392],[19.0858332,47.48025],[19.0862869,47.4800894],[19.086673,47.4799509],[19.0870823,47.4798042],[19.0893191,47.4790972],[19.098662,47.4756182],[19.1020424,47.4799558],[19.1038467,47.4820814],[19.105302,47.4837699],[19.1070524,47.4856723],[19.1076647,47.4864738],[19.1076751,47.486483],[19.1085654,47.4881626],[19.1086381,47.4882949],[19.1086956,47.4884512],[19.1088033,47.4887559],[19.1089141,47.490122],[19.108972,47.4918038],[19.109081,47.495173],[19.1090905,47.4966447],[19.1089435,47.4973042],[19.1083115,47.4999118],[19.1082765,47.5001775],[19.1060197,47.4999621],[19.1030314,47.499654],[19.1027643,47.4998442],[19.1026549,47.5001145],[19.1025579,47.5003264],[19.1018815,47.5004685],[19.1016057,47.5004983],[19.101317,47.5005402],[19.1008751,47.5006044],[19.0990721,47.5008663],[19.0984712,47.5009447],[19.0982545,47.500973],[19.0982371,47.5009753],[19.098001,47.5010061],[19.0971439,47.5011178],[19.0967236,47.5011726],[19.0963219,47.501225],[19.095424,47.5013421],[19.0949804,47.5014],[19.0944641,47.5014673],[19.0934671,47.5015973],[19.0926057,47.5017096],[19.0925031,47.5017208],[19.0915518,47.5018485],[19.0914016,47.5018788],[19.0912883,47.5019084],[19.09122,47.5019339],[19.0911378,47.5019853],[19.0910821,47.5019217],[19.0910522,47.5018925],[19.0910206,47.5018682],[19.0909427,47.5018299],[19.0905154,47.5018309],[19.0873615,47.5018383],[19.0868225,47.5018396],[19.0852327,47.5018518],[19.0851754,47.5018326],[19.0851319,47.5018106],[19.0850121,47.5017434],[19.0848792,47.5018569],[19.0848308,47.5019013],[19.0847297,47.5019901],[19.0838864,47.5015487],[19.0824771,47.5008933],[19.0804215,47.4999374],[19.079543,47.4995209],[19.0789863,47.4994184],[19.0786248,47.499325],[19.0775699,47.4990523],[19.0772905,47.4989801],[19.0770275,47.4989121],[19.0764051,47.4987513],[19.0755161,47.4985215],[19.0754447,47.498503],[19.0753023,47.4984653],[19.0751147,47.4984157],[19.0738068,47.4980694],[19.0736697,47.4980331],[19.0729757,47.4978431],[19.0728278,47.4978026],[19.0726346,47.4977497],[19.0724741,47.4977058],[19.0722963,47.4976571],[19.0722232,47.4976372],[19.0716497,47.497481],[19.0708853,47.4972575],[19.0707938,47.4972305],[19.0706826,47.4971985],[19.0705881,47.4971412],[19.0704412,47.4971054],[19.07014,47.4970205],[19.0684325,47.496553],[19.0682912,47.4965181],[19.0681347,47.496474],[19.0670638,47.4961724],[19.0667952,47.4960917],[19.0666805,47.4960573],[19.0665481,47.4960175],[19.0663729,47.4959648],[19.0661616,47.4959014],[19.0660734,47.4958749],[19.0659092,47.4958256],[19.0657116,47.4957662],[19.0653239,47.4956611],[19.0645773,47.4954629],[19.0645018,47.495444],[19.0644133,47.4954206],[19.064374,47.4954105],[19.0643392,47.4954015],[19.0630272,47.495072],[19.062841,47.4950252],[19.0625911,47.4949624],[19.061121,47.4945961],[19.0608031,47.4945176]]]}},
{"type":"Feature","properties":{"id":"relation/1606101","admin_level":"9","boundary":"administrative","name":"VI. kerület","name:en":"6th district","ref":"6"},"geometry":{"type":"Polygon","coordinates":[[[19.0549736,47.504741],[19.0549439,47.5039844],[19.05494,47.5038104],[19.0549461,47.5037053],[19.0549441,47.5036292],[19.0549404,47.5035411],[19.0549383,47.5034887],[19.0549317,47.503319],[19.0549161,47.5029312],[19.0549098,47.5027611],[19.0549076,47.5026334],[19.0549034,47.5024648],[19.054902,47.5023902],[19.0549004,47.5023019],[19.0548815,47.5014078],[19.0548698,47.5010774],[19.0548695,47.501061],[19.0548667,47.5009732],[19.0548675,47.5004222],[19.0548609,47.5001582],[19.0548519,47.4997977],[19.0548448,47.4995112],[19.0548397,47.4993697],[19.0548311,47.4991475],[19.0548258,47.4990308],[19.0547976,47.4985132],[19.0547926,47.4984171],[19.0548547,47.4979537],[19.0549798,47.4977342],[19.0551614,47.497552],[19.0553155,47.4975824],[19.0554605,47.4976456],[19.0554944,47.4976637],[19.056127,47.4980052],[19.0567112,47.4983478],[19.0569121,47.4984583],[19.0569773,47.4984916],[19.0570727,47.4985355],[19.0575262,47.4987947],[19.0581957,47.4991444],[19.0583173,47.499198],[19.0589571,47.499523],[19.0598683,47.5000062],[19.0599128,47.5000297],[19.0600336,47.5000979],[19.0600757,47.5001269],[19.0602292,47.5002398],[19.060319,47.5003059],[19.0607996,47.5006368],[19.0611452,47.5008848],[19.0614393,47.5011281],[19.0614992,47.5011776],[19.0616574,47.5012972],[19.0619905,47.5015303],[19.0621087,47.5015894],[19.0623905,47.5017913],[19.0624818,47.5018505],[19.0625845,47.5019057],[19.0631627,47.502213],[19.063404,47.502329],[19.0636997,47.5024612],[19.0644698,47.5027894],[19.0645731,47.5028321],[19.064697,47.5028793],[19.0650477,47.5030336],[19.0652629,47.5031406],[19.0655109,47.5032639],[19.0655905,47.5033087],[19.0656678,47.5033517],[19.0656818,47.5033595],[19.0656992,47.5033693],[19.0657621,47.5034045],[19.0658412,47.503449],[19.0659654,47.5035182],[19.0665646,47.5038734],[19.0668453,47.5040463],[19.0677086,47.5045612],[19.0686727,47.5051529],[19.0687123,47.5051764],[19.0698538,47.505855],[19.070639,47.5063307],[19.0718436,47.5070556],[19.0719816,47.5071358],[19.0723186,47.50735],[19.072651,47.5075613],[19.0731635,47.5077877],[19.0735863,47.507972],[19.0742586,47.5082649],[19.0749675,47.5085737],[19.0749947,47.5085856],[19.075169,47.5086615],[19.0753158,47.5087282],[19.0753524,47.5087449],[19.0760154,47.5090463],[19.076206,47.509133],[19.0765076,47.5092701],[19.0778445,47.5098779],[19.0780799,47.5099849],[19.0785974,47.5102202],[19.0798245,47.5107788],[19.0799673,47.510843],[19.0801876,47.5109432],[19.0805702,47.5111171],[19.0806372,47.5111476],[19.0806753,47.5111649],[19.0808372,47.5112158],[19.0776101,47.5140282],[19.0771054,47.5144353],[19.0767075,47.5147665],[19.076535,47.5149069],[19.0764457,47.5149821],[19.076322,47.5150862],[19.0762414,47.5151541],[19.0762138,47.515177],[19.0760862,47.5152847],[19.0755829,47.5157261],[19.0750763,47.5161733],[19.0749911,47.5162485],[19.0748219,47.5163978],[19.0746349,47.5165636],[19.0744838,47.5166974],[19.0740429,47.5170882],[19.0739721,47.5171509],[19.0736601,47.5174274],[19.0734247,47.5176359],[19.0731161,47.5179061],[19.0729294,47.5180707],[19.0726893,47.5182775],[19.0724717,47.5184566],[19.0723516,47.5185558],[19.0720765,47.5184356],[19.0718119,47.5185171],[19.0693681,47.5173473],[19.0673341,47.5163955],[19.067026,47.5166412],[19.0661392,47.5162078],[19.0659061,47.5162069],[19.0657698,47.516327],[19.0655635,47.5164136],[19.0655328,47.5164557],[19.0655232,47.5165445],[19.0654897,47.5165514],[19.0654588,47.5165636],[19.0648695,47.5170159],[19.0647446,47.5171117],[19.0638499,47.5177984],[19.0637837,47.5178406],[19.0637132,47.5178869],[19.0635785,47.5178143],[19.0635137,47.5177824],[19.0633281,47.5176955],[19.062051,47.5170027],[19.0619064,47.5169281],[19.0615361,47.5167626],[19.0614644,47.5167305],[19.0612331,47.5166272],[19.0607269,47.5163686],[19.0601426,47.5160516],[19.0600736,47.5160114],[19.0599917,47.5159637],[19.0596937,47.5158052],[19.0595925,47.5157544],[19.059564,47.5156664],[19.0595372,47.5155894],[19.0595218,47.5155558],[19.059503,47.5155203],[19.0592659,47.5152103],[19.0591938,47.515116],[19.0590111,47.5148771],[19.0588687,47.5146909],[19.0587924,47.5145896],[19.0586888,47.5144437],[19.058465,47.5141304],[19.0580174,47.5135456],[19.0578464,47.5133189],[19.0572899,47.5125815],[19.0571672,47.5124189],[19.056534,47.5116117],[19.0559941,47.5109108],[19.0556447,47.5104698],[19.0554625,47.5102371],[19.0553697,47.5101168],[19.0553216,47.5100544],[19.0551977,47.509831],[19.0551625,47.5097249],[19.0551384,47.5096171],[19.0551131,47.5093782],[19.0550682,47.5087338],[19.0550508,47.5081026],[19.0550505,47.5080872],[19.0550501,47.5080383],[19.0550497,47.5079935],[19.0550482,47.507862],[19.0550473,47.5077915],[19.0550193,47.5072647],[19.0550173,47.5071843],[19.0550155,47.5070994],[19.0550166,47.5068257],[19.0550166,47.5067855],[19.0550192,47.5066136],[19.0550171,47.5064442],[19.0550146,47.5063389],[19.0549948,47.5059022],[19.0549787,47.5053282],[19.0549743,47.5052217],[19.0549736,47.504741]]]}},
{"type":"Feature","properties":{"id":"relation/1606102","admin_level":"9","boundary":"administrative","name":"VII. kerület","name:en":"7th district","ref":"7"},"geometry":{"type":"Polygon","coordinates":[[[19.0842313,47.508168],[19.0808372,47.5112158],[19.0806753,47.5111649],[19.0806372,47.5111476],[19.0805702,47.5111171],[19.0801876,47.5109432],[19.0799673,47.510843],[19.0798245,47.5107788],[19.0785974,47.5102202],[19.0780799,47.5099849],[19.0778445,47.5098779],[19.0765076,47.5092701],[19.076206,47.509133],[19.0760154,47.5090463],[19.0753524,47.5087449],[19.0753158,47.5087282],[19.075169,47.5086615],[19.0749947,47.5085856],[19.0749675,47.5085737],[19.0742586,47.5082649],[19.0735863,47.507972],[19.0731635,47.5077877],[19.072651,47.5075613],[19.0723186,47.50735],[19.0719816,47.5071358],[19.0718436,47.5070556],[19.070639,47.5063307],[19.0698538,47.505855],[19.0687123,47.5051764],[19.0686727,47.5051529],[19.0677086,47.5045612],[19.0668453,47.5040463],[19.0665646,47.5038734],[19.0659654,47.5035182],[19.0658412,47.503449],[19.0657621,47.5034045],[19.0656992,47.5033693],[19.0656818,47.5033595],[19.0656678,47.5033517],[19.0655905,47.5033087],[19.0655109,47.5032639],[19.0652629,47.5031406],[19.0650477,47.5030336],[19.064697,47.5028793],[19.0645731,47.5028321],[19.0644698,47.5027894],[19.0636997,47.5024612],[19.063404,47.502329],[19.0631627,47.502213],[19.0625845,47.5019057],[19.0624818,47.5018505],[19.0623905,47.5017913],[19.0621087,47.5015894],[19.0619905,47.5015303],[19.0616574,47.5012972],[19.0614992,47.5011776],[19.0614393,47.5011281],[19.0611452,47.5008848],[19.0607996,47.5006368],[19.060319,47.5003059],[19.0602292,47.5002398],[19.0600757,47.5001269],[19.0600336,47.5000979],[19.0599128,47.5000297],[19.0598683,47.5000062],[19.0589571,47.499523],[19.0583173,47.499198],[19.0581957,47.4991444],[19.0575262,47.4987947],[19.0570727,47.4985355],[19.0569773,47.4984916],[19.0569121,47.4984583],[19.0567112,47.4983478],[19.056127,47.4980052],[19.0554944,47.4976637],[19.0554605,47.4976456],[19.0553155,47.4975824],[19.0551614,47.497552],[19.0562081,47.4970868],[19.0574095,47.4965068],[19.0587371,47.4958998],[19.0589318,47.4957964],[19.0590641,47.4956727],[19.0595267,47.4949873],[19.059825,47.4945652],[19.0599627,47.494314],[19.0599834,47.494319],[19.0600748,47.4943405],[19.0604638,47.4944351],[19.0605381,47.4944521],[19.0608031,47.4945176],[19.061121,47.4945961],[19.0625911,47.4949624],[19.062841,47.4950252],[19.0630272,47.495072],[19.0643392,47.4954015],[19.064374,47.4954105],[19.0644133,47.4954206],[19.0645018,47.495444],[19.0645773,47.4954629],[19.0653239,47.4956611],[19.0657116,47.4957662],[19.0659092,47.4958256],[19.0660734,47.4958749],[19.0661616,47.4959014],[19.0663729,47.4959648],[19.0665481,47.4960175],[19.0666805,47.4960573],[19.0667952,47.4960917],[19.0670638,47.4961724],[19.0681347,47.496474],[19.0682912,47.4965181],[19.0684325,47.496553],[19.07014,47.4970205],[19.0704412,47.4971054],[19.0705881,47.4971412],[19.0706826,47.4971985],[19.0707938,47.4972305],[19.0708853,47.4972575],[19.0716497,47.497481],[19.0722232,47.4976372],[19.0722963,47.4976571],[19.0724741,47.4977058],[19.0726346,47.4977497],[19.0728278,47.4978026],[19.0729757,47.4978431],[19.0736697,47.4980331],[19.0738068,47.4980694],[19.0751147,47.4984157],[19.0753023,47.4984653],[19.0754447,47.498503],[19.0755161,47.4985215],[19.0764051,47.4987513],[19.0770275,47.4989121],[19.0772905,47.4989801],[19.0775699,47.4990523],[19.0786248,47.499325],[19.0789863,47.4994184],[19.079543,47.4995209],[19.0804215,47.4999374],[19.0824771,47.5008933],[19.0838864,47.5015487],[19.0847297,47.5019901],[19.0848308,47.5019013],[19.0848792,47.5018569],[19.0850121,47.5017434],[19.0851319,47.5018106],[19.0851754,47.5018326],[19.0852327,47.5018518],[19.0868225,47.5018396],[19.0873615,47.5018383],[19.0905154,47.5018309],[19.0909427,47.5018299],[19.0910206,47.5018682],[19.0910522,47.5018925],[19.0910821,47.5019217],[19.0911378,47.5019853],[19.0909592,47.5021301],[19.0907282,47.5023389],[19.0897827,47.503174],[19.0894558,47.5034614],[19.0893869,47.5035219],[19.0891246,47.5037582],[19.0890681,47.5038071],[19.088894,47.5039641],[19.0887382,47.5040971],[19.0886745,47.5041557],[19.0880672,47.5046725],[19.0873802,47.5052995],[19.0873021,47.5053683],[19.0872071,47.5054517],[19.0871501,47.5055035],[19.0870841,47.5055621],[19.0864085,47.5061627],[19.0859352,47.5065817],[19.0858828,47.506629],[19.0857848,47.5067275],[19.0856962,47.5068159],[19.0854042,47.5071072],[19.0850963,47.5074052],[19.0848835,47.5076043],[19.0842313,47.508168]]]}},
{"type":"Feature","properties":{"id":"relation/1606103","admin_level":"9","boundary":"administrative","name":"V. kerület","name:en":"5th district","ref":"5"},"geometry":{"type":"Polygon","coordinates":[[[19.0604114,47.4885684],[19.06068,47.4887884],[19.0609686,47.489083],[19.0615618,47.4897519],[19.0617372,47.4898977],[19.0617711,47.4901336],[19.061762,47.4902598],[19.061658,47.4908014],[19.0615157,47.4914467],[19.0613956,47.4917144],[19.0613558,47.4917925],[19.0613136,47.491881],[19.0608794,47.4927037],[19.060365,47.4935834],[19.0600678,47.4941444],[19.0599627,47.494314],[19.059825,47.4945652],[19.0595267,47.4949873],[19.0590641,47.4956727],[19.0589318,47.4957964],[19.0587371,47.4958998],[19.0574095,47.4965068],[19.0562081,47.4970868],[19.0551614,47.497552],[19.0549798,47.4977342],[19.0548547,47.4979537],[19.0547926,47.4984171],[19.0547976,47.4985132],[19.0548258,47.4990308],[19.0548311,47.4991475],[19.0548397,47.4993697],[19.0548448,47.4995112],[19.0548519,47.4997977],[19.0548609,47.5001582],[19.0548675,47.5004222],[19.0548667,47.5009732],[19.0548695,47.501061],[19.0548698,47.5010774],[19.0548815,47.5014078],[19.0549004,47.5023019],[19.054902,47.5023902],[19.0549034,47.5024648],[19.0549076,47.5026334],[19.0549098,47.5027611],[19.0549161,47.5029312],[19.0549317,47.503319],[19.0549383,47.5034887],[19.0549404,47.5035411],[19.0549441,47.5036292],[19.0549461,47.5037053],[19.05494,47.5038104],[19.0549439,47.5039844],[19.0549736,47.504741],[19.0549743,47.5052217],[19.0549787,47.5053282],[19.0549948,47.5059022],[19.0550146,47.5063389],[19.0550171,47.5064442],[19.0550192,47.5066136],[19.0550166,47.5067855],[19.0550166,47.5068257],[19.0550155,47.5070994],[19.0550173,47.5071843],[19.0550193,47.5072647],[19.0550473,47.5077915],[19.0550482,47.507862],[19.0550497,47.5079935],[19.0550501,47.5080383],[19.0550505,47.5080872],[19.0550508,47.5081026],[19.0550682,47.5087338],[19.0551131,47.5093782],[19.0551384,47.5096171],[19.0551625,47.5097249],[19.0551977,47.509831],[19.0553216,47.5100544],[19.0553697,47.5101168],[19.0554625,47.5102371],[19.0556447,47.5104698],[19.0551649,47.5106545],[19.0532501,47.51132],[19.0474853,47.5133517],[19.0452562,47.5141302],[19.0436777,47.5146939],[19.0434745,47.5147366],[19.0433207,47.5147466],[19.0420223,47.5147097],[19.0426256,47.5119922],[19.042713,47.5115985],[19.0426953,47.511404],[19.0424018,47.5081751],[19.0423588,47.5077016],[19.0421679,47.5056015],[19.0422372,47.5050566],[19.0422565,47.5049049],[19.0424448,47.5030511],[19.0428396,47.5011509],[19.0432119,47.5000468],[19.0437221,47.4989605],[19.0447988,47.4966665],[19.0451527,47.4961718],[19.0463905,47.4944418],[19.0487215,47.4911837],[19.0487841,47.4911191],[19.0490397,47.4908514],[19.0491989,47.4906943],[19.0513614,47.4888863],[19.0549817,47.4857658],[19.0580617,47.4873553],[19.0588841,47.4877787],[19.0604114,47.4885684]]]}},
{"type":"Feature","properties":{"id":"relation/221976","admin_level":"9","boundary":"administrative","name":"III. kerület","name:en":"3rd district","ref":"3"},"geometry":{"type":"Polygon","coordinates":[[[19.0310662,47.6066859],[19.0292269,47.6060129],[19.0252812,47.6045889],[19.0255301,47.604149],[19.0266159,47.6030198],[19.0270493,47.6025691],[19.0282371,47.6011227],[19.0285433,47.6009327],[19.0290232,47.600449],[19.0291508,47.6003158],[19.029707,47.5996609],[19.0298239,47.5994299],[19.0301449,47.5986856],[19.0302413,47.5985089],[19.0303186,47.5983905],[19.0304902,47.5980145],[19.0310695,47.5965298],[19.0313668,47.5957878],[19.0319983,47.5942413],[19.0328391,47.5922054],[19.0324459,47.5917327],[19.0331236,47.5914609],[19.0333855,47.5908566],[19.0341408,47.5882748],[19.0345613,47.587337],[19.0344669,47.5869376],[19.0323212,47.5872444],[19.0320208,47.5874296],[19.0260212,47.5881532],[19.01985,47.5876438],[19.0167944,47.5871633],[19.0158674,47.5866597],[19.0150177,47.5869491],[19.0142452,47.5867176],[19.0136873,47.586677],[19.0129663,47.5864513],[19.0111381,47.5858724],[19.0103743,47.5855655],[19.0093271,47.5854498],[19.0048488,47.5842367],[19.0016873,47.5834365],[18.9997551,47.5835448],[18.9984653,47.5846055],[18.9982449,47.5848081],[18.9979865,47.585035],[18.9978493,47.585155],[18.9971168,47.5857792],[18.9969086,47.5859382],[18.993828,47.5837556],[18.9842045,47.5885118],[18.9830234,47.5890291],[18.9821668,47.5884901],[18.9777865,47.5857341],[18.9850891,47.5831117],[18.9829852,47.5816325],[18.9834912,47.5810371],[18.9822879,47.5798608],[18.9807909,47.5784527],[18.979314,47.577222],[18.978421,47.576494],[18.977512,47.575754],[18.976838,47.57484],[18.9772115,47.5739078],[18.9777788,47.5731709],[18.978744,47.573825],[18.9802793,47.5732606],[18.981669,47.572476],[18.98278,47.571733],[18.9860136,47.5697937],[18.987092,47.569181],[18.987795,47.568202],[18.9883826,47.5673968],[18.9886243,47.5668998],[18.9896379,47.5656295],[18.989667,47.565593],[18.991054,47.564399],[18.992614,47.563089],[18.993766,47.561622],[18.9962236,47.5587623],[18.9969678,47.5569944],[18.998824,47.5546034],[18.9994693,47.5541384],[18.9998143,47.5541355],[19.0004373,47.5545803],[19.0005428,47.5548633],[19.0004511,47.5549891],[19.0004942,47.555026],[19.0009021,47.5553995],[19.0008974,47.5554472],[19.0009443,47.5554628],[19.0011428,47.5555873],[19.0012904,47.5557158],[19.0013837,47.5558425],[19.0015346,47.5559274],[19.0016018,47.5559644],[19.0016645,47.5559878],[19.0017355,47.5559865],[19.0018194,47.555959],[19.0018684,47.555908],[19.0018905,47.5558647],[19.0019074,47.5558198],[19.0019245,47.5557241],[19.0019012,47.5556299],[19.0019,47.5555298],[19.001775,47.5545064],[19.0017468,47.5542734],[19.0017064,47.5541245],[19.0016556,47.5540381],[19.0015725,47.5539051],[19.0013352,47.5535945],[19.001222,47.5533418],[19.0011822,47.5531631],[19.0011797,47.5530876],[19.0011924,47.553047],[19.001225,47.5530122],[19.0026992,47.5519412],[19.0032898,47.5515939],[19.0042384,47.5509322],[19.0044021,47.5507627],[19.0044581,47.5506773],[19.0044933,47.5506089],[19.0045314,47.5504888],[19.0045266,47.5502851],[19.0045091,47.5501524],[19.004471,47.5491968],[19.004471,47.548924],[19.004487,47.548801],[19.0045191,47.548678],[19.0045282,47.5486482],[19.0045713,47.5485073],[19.004829,47.5480018],[19.004861,47.5479419],[19.0051873,47.5473293],[19.0053846,47.5469588],[19.0054601,47.5468234],[19.0055347,47.5467138],[19.0056213,47.5464656],[19.0056327,47.5462361],[19.0057191,47.546083],[19.0059032,47.5459014],[19.0062009,47.5455758],[19.0065813,47.5452566],[19.007182,47.5448799],[19.007776,47.544525],[19.0079226,47.5444525],[19.0081402,47.5443044],[19.0082251,47.5442467],[19.0083625,47.5441483],[19.0084091,47.5440625],[19.0084167,47.5440187],[19.0083881,47.5439198],[19.0083248,47.5438417],[19.0082667,47.5437786],[19.008209,47.5437084],[19.0081262,47.5436085],[19.0080736,47.543543],[19.0080434,47.5434926],[19.0080211,47.5434389],[19.0080246,47.5433994],[19.0080367,47.5433613],[19.0080537,47.5433391],[19.0080787,47.5433183],[19.0081748,47.5432768],[19.0084109,47.5432191],[19.0088105,47.5431175],[19.0089241,47.5430836],[19.0091351,47.5430207],[19.0092522,47.5429726],[19.0095351,47.5428445],[19.0097854,47.5427191],[19.0100891,47.542539],[19.0103441,47.5424023],[19.0107308,47.5421855],[19.0108942,47.5420773],[19.0109488,47.5420149],[19.0109775,47.5419495],[19.0109798,47.5418968],[19.0109553,47.5418514],[19.01089,47.5418044],[19.0108219,47.5417694],[19.0107448,47.541743],[19.0106144,47.5417117],[19.010483,47.541693],[19.0103623,47.5416816],[19.0102593,47.5416725],[19.0101571,47.5416719],[19.0100879,47.5416772],[19.0100239,47.5416861],[19.009849,47.5417197],[19.0094052,47.5417935],[19.009042,47.5418163],[19.0088071,47.541825],[19.0086958,47.5418215],[19.0086573,47.5418273],[19.008533,47.5417926],[19.0084507,47.541764],[19.0083551,47.5417167],[19.0081298,47.5415829],[19.0079255,47.5414749],[19.0076451,47.5413484],[19.007495,47.5412778],[19.0073973,47.5412009],[19.0073035,47.5411139],[19.0070916,47.540896],[19.0069841,47.5408047],[19.0069202,47.5407676],[19.0068211,47.5407275],[19.006642,47.54069],[19.0065629,47.5406608],[19.006541,47.5405968],[19.0065324,47.5405574],[19.0065205,47.5404956],[19.0065231,47.5404532],[19.0065051,47.5404071],[19.0063812,47.540205],[19.0069591,47.5401003],[19.007723,47.5399603],[19.0080854,47.5398955],[19.0084508,47.5398203],[19.0088647,47.5396956],[19.009091,47.5396465],[19.0094421,47.5395852],[19.0097581,47.5395332],[19.0100812,47.5394476],[19.0105681,47.5393238],[19.0111561,47.5392165],[19.0112589,47.539199],[19.0114737,47.5391585],[19.0116782,47.5391116],[19.011768,47.5390863],[19.0118517,47.5390544],[19.0119486,47.5390114],[19.0121219,47.538919],[19.0124695,47.5387427],[19.012602,47.5386372],[19.0126408,47.5386003],[19.0127671,47.538454],[19.0128723,47.5383324],[19.0129853,47.5382231],[19.0131558,47.5381092],[19.0133333,47.5379903],[19.0134012,47.5379281],[19.0134623,47.5378654],[19.0136075,47.5376632],[19.0136848,47.5375619],[19.0137391,47.5375103],[19.0138207,47.5374394],[19.0143023,47.5370808],[19.0144832,47.5369025],[19.0146568,47.5367107],[19.0147932,47.5365165],[19.0151353,47.5358364],[19.0152201,47.5355609],[19.0153099,47.5352069],[19.0153302,47.5351323],[19.0153951,47.5348988],[19.0154205,47.5347864],[19.0154443,47.5346762],[19.0154837,47.5342699],[19.0154995,47.5341698],[19.0155136,47.5341178],[19.0155376,47.5340607],[19.0155587,47.534013],[19.0155925,47.533961],[19.0156782,47.5338347],[19.0156933,47.5338124],[19.0159642,47.5334633],[19.0160454,47.5333873],[19.0161355,47.5333158],[19.0163318,47.5331938],[19.0163521,47.5331807],[19.0164493,47.5331235],[19.0169175,47.5328731],[19.0170622,47.5328089],[19.0172675,47.532714],[19.0172889,47.5325711],[19.0173302,47.5322959],[19.0173459,47.5321909],[19.0175036,47.5311391],[19.0175503,47.5308273],[19.0176064,47.530453],[19.017716,47.5297218],[19.0177859,47.5295295],[19.0182654,47.529496],[19.0186478,47.5295919],[19.0209295,47.5298878],[19.0210987,47.5299092],[19.0225898,47.5301035],[19.023381,47.5301935],[19.0235441,47.5302267],[19.0236766,47.5302874],[19.0238283,47.5304695],[19.0240516,47.5307841],[19.0241669,47.5309172],[19.0243037,47.5310069],[19.0244888,47.5310848],[19.0246811,47.5311597],[19.0247521,47.5311196],[19.0248706,47.531061],[19.0249873,47.531001],[19.0251032,47.5308861],[19.0251215,47.530868],[19.0251547,47.53074],[19.0251872,47.5305829],[19.0252559,47.5304554],[19.0253074,47.5303743],[19.0254275,47.5302984],[19.0257022,47.5302346],[19.025994,47.5302346],[19.0261657,47.5303042],[19.0263202,47.5304143],[19.0265148,47.5305595],[19.0266147,47.5306323],[19.0267626,47.5307343],[19.0272983,47.5305361],[19.0275324,47.5304432],[19.0277611,47.5303427],[19.0281715,47.5301374],[19.0282919,47.5300807],[19.0285483,47.5299474],[19.02884,47.5298132],[19.0289646,47.5297682],[19.0298354,47.5295086],[19.0301566,47.5294125],[19.030694,47.5292304],[19.0315019,47.5288653],[19.0317135,47.5287736],[19.031838,47.5287199],[19.0322628,47.5285081],[19.0327393,47.5282967],[19.0328459,47.5282559],[19.0329247,47.5282286],[19.0329913,47.5282062],[19.0332553,47.5281282],[19.0334654,47.5280778],[19.0338042,47.5280032],[19.0341135,47.5279373],[19.0342853,47.5279023],[19.0347989,47.5277947],[19.0350932,47.5277562],[19.0351761,47.5277454],[19.0356417,47.5277037],[19.0359146,47.5276847],[19.0360477,47.5276753],[19.0363711,47.5276584],[19.0365511,47.527649],[19.0366909,47.5276418],[19.037121,47.5276158],[19.037346,47.5276017],[19.0373816,47.5275994],[19.0375026,47.5275919],[19.0375164,47.527591],[19.0375333,47.5275892],[19.0376347,47.527579],[19.0381429,47.5275258],[19.0382136,47.5275172],[19.0382871,47.5275108],[19.0384508,47.5274938],[19.0385876,47.5274746],[19.0391751,47.5273922],[19.0397844,47.527308],[19.0398024,47.5273052],[19.0398146,47.5273034],[19.0398892,47.527292],[19.040001,47.5272768],[19.0400768,47.5272643],[19.0400832,47.5272634],[19.042187,47.5267887],[19.0455107,47.5310534],[19.0470053,47.5329477],[19.0484717,47.5348062],[19.0520202,47.5379334],[19.0563509,47.5417497],[19.061952,47.5514364],[19.0634771,47.5540737],[19.0648985,47.5575367],[19.0671975,47.5631371],[19.0674065,47.5636017],[19.067835,47.5680858],[19.0681075,47.5709381],[19.0687079,47.5735977],[19.068771,47.5739824],[19.0690312,47.5755704],[19.0692455,47.5768876],[19.0696863,47.5795681],[19.0705262,47.5819734],[19.0721996,47.5867656],[19.0724995,47.5880453],[19.0728392,47.5893223],[19.0712811,47.5894956],[19.0712456,47.5903109],[19.0715663,47.5943584],[19.0718181,47.5975358],[19.0732032,47.6013076],[19.074347,47.6041918],[19.0757547,47.6057484],[19.0767223,47.6068533],[19.0748459,47.6075711],[19.0719511,47.6076328],[19.0665465,47.6086504],[19.0664286,47.6083514],[19.0626392,47.6089154],[19.060416,47.6092463],[19.0602037,47.6094768],[19.056269,47.6092063],[19.0537493,47.6090335],[19.0461887,47.610102],[19.0381747,47.609626],[19.0373362,47.6089718],[19.0310662,47.6066859]]]}},
{"type":"Feature","properties":{"id":"relation/221980","admin_level":"9","boundary":"administrative","name":"II. kerület","name:en":"2nd district","ref":"2"},"geometry":{"type":"Polygon","coordinates":[[[18.934112,47.5739149],[18.9292448,47.5725531],[18.9288432,47.5724407],[18.9293772,47.5717985],[18.9301462,47.5704977],[18.9303117,47.5702147],[18.9307247,47.5695279],[18.9307544,47.5694785],[18.9310888,47.568925],[18.9311294,47.5688577],[18.9314085,47.5684281],[18.9319149,47.5677051],[18.9324604,47.5669193],[18.9366692,47.5602344],[18.937186,47.558968],[18.9381149,47.5571891],[18.9335623,47.5559461],[18.9344966,47.5552895],[18.934679,47.5552171],[18.9353549,47.5547501],[18.9364922,47.5543822],[18.9373316,47.5540581],[18.9375758,47.5539066],[18.9383912,47.553168],[18.9388626,47.5529981],[18.9389987,47.5530014],[18.939393,47.5528648],[18.9397484,47.5528449],[18.9399965,47.5529978],[18.9401648,47.5528905],[18.940496,47.5527905],[18.9408943,47.552074],[18.9407395,47.5519689],[18.9406011,47.5518196],[18.9404651,47.5515941],[18.9407033,47.5511965],[18.9406328,47.5510795],[18.9408244,47.5507918],[18.9402653,47.5503469],[18.9396568,47.5500179],[18.9391025,47.5497198],[18.9385708,47.5494338],[18.9384468,47.5493687],[18.9379228,47.5490877],[18.9373649,47.5487886],[18.9372667,47.5487394],[18.9368041,47.5484979],[18.9362811,47.5482248],[18.9362695,47.548215],[18.936209,47.5481514],[18.9361434,47.5480967],[18.935816,47.547907],[18.9354516,47.5476639],[18.934465,47.5470083],[18.9344007,47.5469754],[18.9336999,47.5466066],[18.9332235,47.5463736],[18.9322024,47.5461346],[18.9317004,47.5460493],[18.9309869,47.5459987],[18.9300003,47.5459961],[18.929191,47.5456047],[18.9251057,47.5441443],[18.9297897,47.5418333],[18.9307517,47.5421605],[18.9317773,47.542664],[18.9329269,47.5427213],[18.9337795,47.5430599],[18.9345262,47.5431365],[18.935205,47.5433198],[18.9356843,47.5433742],[18.9357518,47.5433397],[18.9354402,47.5416808],[18.9353202,47.5397449],[18.9351763,47.5386352],[18.9346908,47.5375673],[18.9343186,47.5356412],[18.9348292,47.5335871],[18.9467279,47.5268554],[18.9472883,47.5257319],[18.9474459,47.5258333],[18.9475958,47.5259579],[18.9479998,47.5263387],[18.9480393,47.5263753],[18.9481898,47.5265441],[18.9483821,47.5267473],[18.9486421,47.527008],[18.9490483,47.5274261],[18.9493672,47.5277645],[18.949474,47.5278488],[18.9495876,47.5279241],[18.9497069,47.527983],[18.9498445,47.5280317],[18.9500447,47.5280877],[18.9502881,47.5281232],[18.9508829,47.5281773],[18.9512953,47.5282079],[18.9516876,47.5282411],[18.9518038,47.5282506],[18.9518885,47.5282528],[18.951962,47.5282505],[18.9520309,47.5282474],[18.9521132,47.5282406],[18.9521909,47.5282293],[18.9522789,47.5282111],[18.9523933,47.5281794],[18.952945,47.5279739],[18.9531975,47.5278793],[18.9533906,47.5278002],[18.9535109,47.5277429],[18.9535877,47.5276966],[18.9536541,47.5276436],[18.9537205,47.5275786],[18.953807,47.5274987],[18.9541215,47.5271259],[18.9542263,47.5270313],[18.9544003,47.5269041],[18.9544941,47.5268422],[18.9546676,47.5267482],[18.9548121,47.5266864],[18.9557704,47.5262874],[18.9558626,47.5262449],[18.9559159,47.5262182],[18.9559726,47.5261863],[18.9560428,47.5261407],[18.9561526,47.5260564],[18.9565732,47.5256633],[18.9571898,47.5250833],[18.9573895,47.5248917],[18.9574405,47.5248512],[18.9574959,47.5248137],[18.9575722,47.5247688],[18.9576257,47.5247426],[18.9576881,47.5247179],[18.9577613,47.5246952],[18.9578551,47.5246704],[18.9579197,47.5246566],[18.9579864,47.5246472],[18.9583009,47.5246162],[18.9584432,47.5246019],[18.958492,47.5245976],[18.9585777,47.5245884],[18.9591839,47.5245391],[18.9593701,47.5245146],[18.959577,47.5244735],[18.9597184,47.5244336],[18.9598242,47.5244033],[18.9608427,47.5240307],[18.961668,47.5237293],[18.9617602,47.5236983],[18.9618223,47.5236763],[18.9618825,47.523654],[18.9633932,47.5231419],[18.9637046,47.5230464],[18.9639596,47.5229753],[18.9644192,47.5228692],[18.96458,47.522826],[18.9648126,47.5227503],[18.9649676,47.5226846],[18.9660942,47.5221697],[18.9663075,47.5220623],[18.9664582,47.5220029],[18.9665663,47.5219692],[18.9667816,47.52192],[18.968184,47.5216783],[18.9682285,47.5216711],[18.9683306,47.5216497],[18.9684375,47.5216203],[18.969892,47.5211978],[18.9705032,47.5210109],[18.971634,47.5206474],[18.9717249,47.5206146],[18.9721402,47.5204662],[18.9723061,47.52041],[18.9724184,47.5203749],[18.9725414,47.5203374],[18.9726678,47.520302],[18.9729958,47.5202206],[18.9730892,47.5201985],[18.9732214,47.5201704],[18.9733927,47.5201397],[18.9735533,47.5201155],[18.9737315,47.5200912],[18.9743288,47.5200229],[18.9751523,47.5199296],[18.9753267,47.5199099],[18.9757264,47.5198631],[18.9761059,47.5198089],[18.9769862,47.5196719],[18.9772628,47.5196301],[18.9777809,47.5195519],[18.9783754,47.5194586],[18.9788025,47.5193916],[18.9796321,47.5192615],[18.9812456,47.5190172],[18.9813913,47.5189958],[18.9825083,47.5188232],[18.9835262,47.5186674],[18.9848325,47.5184776],[18.9849257,47.5184638],[18.9850242,47.5184495],[18.9851141,47.5184361],[18.9862534,47.5182661],[18.987751,47.5180426],[18.9885158,47.5179286],[18.9903153,47.5176679],[18.9906507,47.5176216],[18.9910002,47.5175938],[18.9913023,47.5175816],[18.9917224,47.517576],[18.9920545,47.5175762],[18.9925037,47.5175735],[18.9925153,47.5175729],[18.9932203,47.5175626],[18.993355,47.5175608],[18.9936122,47.5175561],[18.9938019,47.5175703],[18.9940976,47.5176289],[18.9943049,47.5176523],[18.9944365,47.5176599],[18.9945472,47.5176611],[18.9946227,47.5176619],[18.9946941,47.51766],[18.9947843,47.5176576],[18.9948665,47.5176532],[18.994927,47.5176499],[18.9950236,47.5176418],[18.995059,47.5176388],[18.9951865,47.5176253],[18.9953506,47.5176031],[18.9954879,47.517581],[18.9955384,47.5175685],[18.9962265,47.5173976],[18.9967304,47.5172527],[18.9968191,47.5171907],[18.9969163,47.5171454],[18.9970607,47.5170862],[18.9975152,47.5169205],[18.9980892,47.5167134],[18.998343,47.5166229],[18.9984169,47.5165952],[18.99858,47.516528],[18.9986698,47.5164887],[18.9989595,47.5163425],[18.9991969,47.5162063],[18.9998925,47.515763],[19.0004148,47.5153923],[19.0006381,47.5152338],[19.0013481,47.5147298],[19.00138,47.5147072],[19.0014674,47.5146452],[19.0015825,47.5145635],[19.0016356,47.5145259],[19.0016958,47.5144831],[19.002137,47.5141699],[19.0028044,47.5136962],[19.0028941,47.5136433],[19.0031108,47.5135201],[19.0034188,47.5133622],[19.004355,47.5128823],[19.0047486,47.5126725],[19.0049322,47.5125624],[19.0062605,47.5116387],[19.0073799,47.5108069],[19.0075025,47.5107088],[19.0081538,47.510222],[19.0081602,47.5102172],[19.0083667,47.5100793],[19.0085929,47.5099631],[19.0087859,47.5099571],[19.0088311,47.5099546],[19.0091183,47.509939],[19.0092895,47.5099297],[19.0094034,47.50993],[19.009463,47.5099298],[19.0098955,47.5099282],[19.009982,47.5099279],[19.0112342,47.5099306],[19.0113415,47.5099291],[19.0115035,47.5099262],[19.0116777,47.5099216],[19.0118739,47.5099101],[19.0119588,47.5099008],[19.0121111,47.5098818],[19.0124044,47.5098395],[19.0125873,47.5098108],[19.0131464,47.5097024],[19.0155464,47.5092247],[19.0160175,47.5091336],[19.0165252,47.5090499],[19.0175313,47.5089093],[19.0179082,47.5088503],[19.0179899,47.5088375],[19.0180997,47.5088203],[19.0182671,47.5087975],[19.0195292,47.5086257],[19.0197986,47.508589],[19.0198797,47.508578],[19.0200242,47.5085482],[19.0202251,47.5085214],[19.0206938,47.5084646],[19.0208175,47.5084469],[19.0209355,47.5084322],[19.0210529,47.5083896],[19.0211313,47.5083647],[19.0212148,47.5083318],[19.0212909,47.5082931],[19.0213941,47.5082327],[19.0214223,47.5082152],[19.0218695,47.507921],[19.0219317,47.5078583],[19.022137,47.5077205],[19.0222239,47.507662],[19.0223251,47.5076384],[19.0224282,47.5076214],[19.022444,47.5075487],[19.0224726,47.5075194],[19.0225014,47.5074973],[19.022552,47.5074685],[19.0227077,47.5073796],[19.0228448,47.5073029],[19.0228989,47.5072704],[19.0230333,47.5071889],[19.023153,47.5071123],[19.0235379,47.5068707],[19.0236991,47.5067697],[19.0237813,47.5067163],[19.0237918,47.5067095],[19.0239119,47.5066311],[19.0240108,47.5065675],[19.0241948,47.5064531],[19.0242951,47.506389],[19.0243889,47.5063319],[19.0245146,47.5062573],[19.0245687,47.5062255],[19.0246655,47.5061704],[19.0247688,47.5061118],[19.0248478,47.5060708],[19.0249003,47.5061362],[19.0249794,47.5062108],[19.0254199,47.5066034],[19.0259622,47.50707],[19.0260356,47.5071331],[19.0263979,47.5074502],[19.0264954,47.5075466],[19.0265269,47.5075829],[19.026598,47.5076463],[19.0266831,47.5075985],[19.0267661,47.5075572],[19.0268528,47.5076232],[19.0270823,47.5077998],[19.0271242,47.5078299],[19.0271982,47.5078798],[19.0272178,47.5078918],[19.0273948,47.5079921],[19.0275073,47.5080309],[19.0276865,47.5080259],[19.0277772,47.5080232],[19.0280729,47.5080143],[19.0281895,47.5080108],[19.0285142,47.5079915],[19.0285925,47.5079869],[19.0292458,47.5079749],[19.0293656,47.5079679],[19.0299756,47.507942],[19.0304656,47.5079021],[19.0305044,47.5078989],[19.0314619,47.5078201],[19.0315553,47.5078124],[19.0317583,47.5078033],[19.0319664,47.5077939],[19.0321431,47.507786],[19.0326472,47.5077631],[19.0332543,47.5077328],[19.0333826,47.5077559],[19.0337367,47.5077765],[19.034026,47.50777],[19.0341802,47.5077666],[19.0344442,47.5077592],[19.035068,47.5077521],[19.0354155,47.5077416],[19.0355713,47.5077462],[19.0357781,47.507747],[19.0370257,47.5077597],[19.0371792,47.5077604],[19.0380721,47.5077647],[19.0381802,47.5077652],[19.038286,47.5077638],[19.0383574,47.5077637],[19.0388945,47.5077635],[19.0390659,47.5077639],[19.0391838,47.507763],[19.0423588,47.5077016],[19.0424018,47.5081751],[19.0426953,47.511404],[19.042713,47.5115985],[19.0426256,47.5119922],[19.0420223,47.5147097],[19.0415348,47.5169062],[19.0411927,47.5184478],[19.0406413,47.5209322],[19.0403881,47.5220728],[19.042187,47.5267887],[19.0400832,47.5272634],[19.0400768,47.5272643],[19.040001,47.5272768],[19.0398892,47.527292],[19.0398146,47.5273034],[19.0398024,47.5273052],[19.0397844,47.527308],[19.0391751,47.5273922],[19.0385876,47.5274746],[19.0384508,47.5274938],[19.0382871,47.5275108],[19.0382136,47.5275172],[19.0381429,47.5275258],[19.0376347,47.527579],[19.0375333,47.5275892],[19.0375164,47.527591],[19.0375026,47.5275919],[19.0373816,47.5275994],[19.037346,47.5276017],[19.037121,47.5276158],[19.0366909,47.5276418],[19.0365511,47.527649],[19.0363711,47.5276584],[19.0360477,47.5276753],[19.0359146,47.5276847],[19.0356417,47.5277037],[19.0351761,47.5277454],[19.0350932,47.5277562],[19.0347989,47.5277947],[19.0342853,47.5279023],[19.0341135,47.5279373],[19.0338042,47.5280032],[19.0334654,47.5280778],[19.0332553,47.5281282],[19.0329913,47.5282062],[19.0329247,47.5282286],[19.0328459,47.5282559],[19.0327393,47.5282967],[19.0322628,47.5285081],[19.031838,47.5287199],[19.0317135,47.5287736],[19.0315019,47.5288653],[19.030694,47.5292304],[19.0301566,47.5294125],[19.0298354,47.5295086],[19.0289646,47.5297682],[19.02884,47.5298132],[19.0285483,47.5299474],[19.0282919,47.5300807],[19.0281715,47.5301374],[19.0277611,47.5303427],[19.0275324,47.5304432],[19.0272983,47.5305361],[19.0267626,47.5307343],[19.0266147,47.5306323],[19.0265148,47.5305595],[19.0263202,47.5304143],[19.0261657,47.5303042],[19.025994,47.5302346],[19.0257022,47.5302346],[19.0254275,47.5302984],[19.0253074,47.5303743],[19.0252559,47.5304554],[19.0251872,47.5305829],[19.0251547,47.53074],[19.0251215,47.530868],[19.0251032,47.5308861],[19.0249873,47.531001],[19.0248706,47.531061],[19.0247521,47.5311196],[19.0246811,47.5311597],[19.0244888,47.5310848],[19.0243037,47.5310069],[19.0241669,47.5309172],[19.0240516,47.5307841],[19.0238283,47.5304695],[19.0236766,47.5302874],[19.0235441,47.5302267],[19.023381,47.5301935],[19.0225898,47.5301035],[19.0210987,47.5299092],[19.0209295,47.5298878],[19.0186478,47.5295919],[19.0182654,47.529496],[19.0177859,47.5295295],[19.017716,47.5297218],[19.0176064,47.530453],[19.0175503,47.5308273],[19.0175036,47.5311391],[19.0173459,47.5321909],[19.0173302,47.5322959],[19.0172889,47.5325711],[19.0172675,47.532714],[19.0170622,47.5328089],[19.0169175,47.5328731],[19.0164493,47.5331235],[19.0163521,47.5331807],[19.0163318,47.5331938],[19.0161355,47.5333158],[19.0160454,47.5333873],[19.0159642,47.5334633],[19.0156933,47.5338124],[19.0156782,47.5338347],[19.0155925,47.533961],[19.0155587,47.534013],[19.0155376,47.5340607],[19.0155136,47.5341178],[19.0154995,47.5341698],[19.0154837,47.5342699],[19.0154443,47.5346762],[19.0154205,47.5347864],[19.0153951,47.5348988],[19.0153302,47.5351323],[19.0153099,47.5352069],[19.0152201,47.5355609],[19.0151353,47.5358364],[19.0147932,47.5365165],[19.0146568,47.5367107],[19.0144832,47.5369025],[19.0143023,47.5370808],[19.0138207,47.5374394],[19.0137391,47.5375103],[19.0136848,47.5375619],[19.0136075,47.5376632],[19.0134623,47.5378654],[19.0134012,47.5379281],[19.0133333,47.5379903],[19.0131558,47.5381092],[19.0129853,47.5382231],[19.0128723,47.5383324],[19.0127671,47.538454],[19.0126408,47.5386003],[19.012602,47.5386372],[19.0124695,47.5387427],[19.0121219,47.538919],[19.0119486,47.5390114],[19.0118517,47.5390544],[19.011768,47.5390863],[19.0116782,47.5391116],[19.0114737,47.5391585],[19.0112589,47.539199],[19.0111561,47.5392165],[19.0105681,47.5393238],[19.0100812,47.5394476],[19.0097581,47.5395332],[19.0094421,47.5395852],[19.009091,47.5396465],[19.0088647,47.5396956],[19.0084508,47.5398203],[19.0080854,47.5398955],[19.007723,47.5399603],[19.0069591,47.5401003],[19.0063812,47.540205],[19.0065051,47.5404071],[19.0065231,47.5404532],[19.0065205,47.5404956],[19.0065324,47.5405574],[19.006541,47.5405968],[19.0065629,47.5406608],[19.006642,47.54069],[19.0068211,47.5407275],[19.0069202,47.5407676],[19.0069841,47.5408047],[19.0070916,47.540896],[19.0073035,47.5411139],[19.0073973,47.5412009],[19.007495,47.5412778],[19.0076451,47.5413484],[19.0079255,47.5414749],[19.0081298,47.5415829],[19.0083551,47.5417167],[19.0084507,47.541764],[19.008533,47.5417926],[19.0086573,47.5418273],[19.0086958,47.5418215],[19.0088071,47.541825],[19.009042,47.5418163],[19.0094052,47.5417935],[19.009849,47.5417197],[19.0100239,47.5416861],[19.0100879,47.5416772],[19.0101571,47.5416719],[19.0102593,47.5416725],[19.0103623,47.5416816],[19.010483,47.541693],[19.0106144,47.5417117],[19.0107448,47.541743],[19.0108219,47.5417694],[19.01089,47.5418044],[19.0109553,47.5418514],[19.0109798,47.5418968],[19.0109775,47.5419495],[19.0109488,47.5420149],[19.0108942,47.5420773],[19.0107308,47.5421855],[19.0103441,47.5424023],[19.0100891,47.542539],[19.0097854,47.5427191],[19.0095351,47.5428445],[19.0092522,47.5429726],[19.0091351,47.5430207],[19.0089241,47.5430836],[19.0088105,47.5431175],[19.0084109,47.5432191],[19.0081748,47.5432768],[19.0080787,47.5433183],[19.0080537,47.5433391],[19.0080367,47.5433613],[19.0080246,47.5433994],[19.0080211,47.5434389],[19.0080434,47.5434926],[19.0080736,47.543543],[19.0081262,47.5436085],[19.008209,47.5437084],[19.0082667,47.5437786],[19.0083248,47.5438417],[19.0083881,47.5439198],[19.0084167,47.5440187],[19.0084091,47.5440625],[19.0083625,47.5441483],[19.0082251,47.5442467],[19.0081402,47.5443044],[19.0079226,47.5444525],[19.007776,47.544525],[19.007182,47.5448799],[19.0065813,47.5452566],[19.0062009,47.5455758],[19.0059032,47.5459014],[19.0057191,47.546083],[19.0056327,47.5462361],[19.0056213,47.5464656],[19.0055347,47.5467138],[19.0054601,47.5468234],[19.0053846,47.5469588],[19.0051873,47.5473293],[19.004861,47.5479419],[19.004829,47.5480018],[19.0045713,47.5485073],[19.0045282,47.5486482],[19.0045191,47.548678],[19.004487,47.548801],[19.004471,47.548924],[19.004471,47.5491968],[19.0045091,47.5501524],[19.0045266,47.5502851],[19.0045314,47.5504888],[19.0044933,47.5506089],[19.0044581,47.5506773],[19.0044021,47.5507627],[19.0042384,47.5509322],[19.0032898,47.5515939],[19.0026992,47.5519412],[19.001225,47.5530122],[19.0011924,47.553047],[19.0011797,47.5530876],[19.0011822,47.5531631],[19.001222,47.5533418],[19.0013352,47.5535945],[19.0015725,47.5539051],[19.0016556,47.5540381],[19.0017064,47.5541245],[19.0017468,47.5542734],[19.001775,47.5545064],[19.0019,47.5555298],[19.0019012,47.5556299],[19.0019245,47.5557241],[19.0019074,47.5558198],[19.0018905,47.5558647],[19.0018684,47.555908],[19.0018194,47.555959],[19.0017355,47.5559865],[19.0016645,47.5559878],[19.0016018,47.5559644],[19.0015346,47.5559274],[19.0013837,47.5558425],[19.0012904,47.5557158],[19.0011428,47.5555873],[19.0009443,47.5554628],[19.0008974,47.5554472],[19.0009021,47.5553995],[19.0004942,47.555026],[19.0004511,47.5549891],[19.0005428,47.5548633],[19.0004373,47.5545803],[18.9998143,47.5541355],[18.9994693,47.5541384],[18.998824,47.5546034],[18.9969678,47.5569944],[18.9962236,47.5587623],[18.993766,47.561622],[18.992614,47.563089],[18.991054,47.564399],[18.989667,47.565593],[18.9896379,47.5656295],[18.9886243,47.5668998],[18.9883826,47.5673968],[18.987795,47.568202],[18.987092,47.569181],[18.9860136,47.5697937],[18.98278,47.571733],[18.981669,47.572476],[18.9802793,47.5732606],[18.978744,47.573825],[18.9777788,47.5731709],[18.9772115,47.5739078],[18.9690264,47.5762426],[18.9651818,47.5769028],[18.959585,47.5778639],[18.9535671,47.5779253],[18.9496287,47.5779797],[18.9485008,47.5781281],[18.9425905,47.578906],[18.941917,47.5781514],[18.9399361,47.5759266],[18.9394868,47.5756691],[18.9394691,47.5756486],[18.9377022,47.5749262],[18.9376484,47.5749043],[18.9369492,47.5747087],[18.934112,47.5739149]]]}},
{"type":"Feature","properties":{"id":"relation/221984","admin_level":"9","boundary":"administrative","name":"I. kerület","name:en":"1st district","ref":"1"},"geometry":{"type":"Polygon","coordinates":[[[19.032631,47.4864051],[19.032669,47.4863899],[19.0327423,47.4863665],[19.0328085,47.4863548],[19.0328426,47.4863506],[19.0328772,47.4863478],[19.0337825,47.4862843],[19.0338842,47.4862766],[19.0340425,47.4863216],[19.034093,47.4863377],[19.0345423,47.4864032],[19.0350703,47.4864802],[19.0351166,47.4865027],[19.0353785,47.4865273],[19.0359123,47.4865868],[19.0365764,47.486655],[19.0366102,47.4867046],[19.0366531,47.4867633],[19.0367015,47.4868202],[19.0367618,47.4868772],[19.0368296,47.4869216],[19.0369071,47.4869584],[19.0369792,47.4869807],[19.0370741,47.4869968],[19.037169,47.4870036],[19.0372812,47.4869966],[19.037372,47.4869814],[19.0374567,47.4869621],[19.0375508,47.4869302],[19.0376393,47.4868902],[19.0376972,47.4868562],[19.038274,47.4863815],[19.0384852,47.4862106],[19.0385656,47.486165],[19.0386512,47.4861259],[19.0387617,47.4860889],[19.0397656,47.4860201],[19.0398475,47.4860145],[19.0400747,47.4859989],[19.040145,47.4859941],[19.0401733,47.4859228],[19.0401878,47.4858862],[19.0402072,47.485795],[19.0403611,47.4857526],[19.0404508,47.485731],[19.0406332,47.4856855],[19.0407446,47.4856715],[19.0408638,47.4856709],[19.0410029,47.4856814],[19.0411835,47.4857054],[19.0413027,47.4857328],[19.0413865,47.4857626],[19.0414772,47.4857999],[19.0415654,47.4858385],[19.0416629,47.4858858],[19.0417597,47.4859436],[19.0418427,47.4860066],[19.0418856,47.4860482],[19.0419144,47.4860803],[19.0419896,47.4861876],[19.0420515,47.486279],[19.0423098,47.4866605],[19.0424136,47.4867846],[19.0424283,47.4867987],[19.042483,47.486851],[19.0425278,47.4868865],[19.0426009,47.4869325],[19.0427024,47.4869748],[19.0428132,47.487009],[19.042971,47.4870577],[19.0433591,47.4871774],[19.0434135,47.4871942],[19.0438321,47.4873283],[19.0440653,47.4873965],[19.0441492,47.4874147],[19.0442398,47.4874266],[19.0443372,47.4874337],[19.044461,47.4874388],[19.0448164,47.487421],[19.0453327,47.4873951],[19.045675,47.4873786],[19.0459685,47.4873653],[19.0463093,47.4873438],[19.0464337,47.487336],[19.0466161,47.4873362],[19.0467037,47.4873478],[19.0467916,47.4873675],[19.0468657,47.4873688],[19.0469438,47.4873523],[19.0470353,47.4873205],[19.0473321,47.4871897],[19.0475373,47.4870983],[19.0486018,47.4875503],[19.0492446,47.487819],[19.0513614,47.4888863],[19.0491989,47.4906943],[19.0490397,47.4908514],[19.0487841,47.4911191],[19.0487215,47.4911837],[19.0463905,47.4944418],[19.0451527,47.4961718],[19.0447988,47.4966665],[19.0437221,47.4989605],[19.0432119,47.5000468],[19.0428396,47.5011509],[19.0424448,47.5030511],[19.0422565,47.5049049],[19.0422372,47.5050566],[19.0421679,47.5056015],[19.0423588,47.5077016],[19.0391838,47.507763],[19.0390659,47.5077639],[19.0388945,47.5077635],[19.0383574,47.5077637],[19.038286,47.5077638],[19.0381802,47.5077652],[19.0380721,47.5077647],[19.0371792,47.5077604],[19.0370257,47.5077597],[19.0357781,47.507747],[19.0355713,47.5077462],[19.0354155,47.5077416],[19.035068,47.5077521],[19.0344442,47.5077592],[19.0341802,47.5077666],[19.034026,47.50777],[19.0337367,47.5077765],[19.0333826,47.5077559],[19.0332543,47.5077328],[19.0326472,47.5077631],[19.0321431,47.507786],[19.0319664,47.5077939],[19.0317583,47.5078033],[19.0315553,47.5078124],[19.0314619,47.5078201],[19.0305044,47.5078989],[19.0304656,47.5079021],[19.0299756,47.507942],[19.0293656,47.5079679],[19.0292458,47.5079749],[19.0285925,47.5079869],[19.0285142,47.5079915],[19.0281895,47.5080108],[19.0280729,47.5080143],[19.0277772,47.5080232],[19.0276865,47.5080259],[19.0275073,47.5080309],[19.0273948,47.5079921],[19.0272178,47.5078918],[19.0271982,47.5078798],[19.0271242,47.5078299],[19.0270823,47.5077998],[19.0268528,47.5076232],[19.0267661,47.5075572],[19.0266831,47.5075985],[19.026598,47.5076463],[19.0265269,47.5075829],[19.0264954,47.5075466],[19.0263979,47.5074502],[19.0260356,47.5071331],[19.0259622,47.50707],[19.0254199,47.5066034],[19.0249794,47.5062108],[19.0249003,47.5061362],[19.0248478,47.5060708],[19.0247916,47.5059454],[19.0246195,47.5055194],[19.0244708,47.5050919],[19.0244483,47.5050272],[19.0244379,47.5049879],[19.0244361,47.5049741],[19.0244308,47.5048886],[19.024413,47.5046787],[19.0244099,47.5046392],[19.0243983,47.5044939],[19.0243754,47.5043493],[19.0243233,47.5041064],[19.0243129,47.5040495],[19.0241991,47.5035163],[19.0241962,47.5034336],[19.0242052,47.5033615],[19.024239,47.5032011],[19.0243078,47.5029794],[19.0243501,47.5027948],[19.0243994,47.5024646],[19.024405,47.5023999],[19.0244412,47.5019904],[19.0244249,47.5017295],[19.0243901,47.5015265],[19.0243518,47.5012717],[19.0243488,47.5012535],[19.0243441,47.5012256],[19.0243378,47.5011783],[19.0243314,47.5011358],[19.0243129,47.5010124],[19.0242696,47.5008001],[19.0242003,47.5005134],[19.0241647,47.5004065],[19.0241362,47.5002357],[19.0241276,47.5000538],[19.0241301,47.4997109],[19.0241283,47.4993938],[19.0241276,47.4992701],[19.0241184,47.4990152],[19.0241157,47.4988802],[19.0241166,47.498507],[19.0241086,47.498394],[19.0241018,47.4983267],[19.0240677,47.4980945],[19.0240422,47.4979924],[19.0239973,47.4978333],[19.0239718,47.4977191],[19.023917,47.4973205],[19.0238223,47.4965489],[19.0237967,47.4962723],[19.0237899,47.4961597],[19.0237666,47.4958562],[19.0237618,47.4957445],[19.0237705,47.4955809],[19.0237728,47.495522],[19.0237795,47.4954205],[19.0238074,47.49505],[19.0238946,47.4950603],[19.0241662,47.4950913],[19.0242036,47.4950956],[19.0243086,47.4951077],[19.0250077,47.4951886],[19.025481,47.4952301],[19.0261969,47.4953074],[19.0262205,47.4952619],[19.0263445,47.4950223],[19.0265693,47.4945877],[19.026767,47.4942186],[19.0268002,47.4941278],[19.0268248,47.4940387],[19.0268376,47.4939687],[19.0269564,47.4939035],[19.0269832,47.4938192],[19.0270704,47.4937612],[19.0271329,47.4936273],[19.027717,47.4925752],[19.0280012,47.4921027],[19.0282719,47.4916432],[19.0285621,47.4911172],[19.0287554,47.4909202],[19.0288005,47.4908755],[19.029119,47.4905598],[19.029382,47.4902707],[19.0294225,47.4901829],[19.0296698,47.4896461],[19.0300094,47.4888776],[19.0301931,47.4885047],[19.030236,47.4884068],[19.0302514,47.4883502],[19.0304323,47.4882602],[19.0304591,47.4881924],[19.0310027,47.4873638],[19.0312911,47.4869261],[19.0313154,47.4868875],[19.0313414,47.4868486],[19.0313888,47.4867775],[19.0314026,47.4867645],[19.0314186,47.4867546],[19.0314497,47.4867427],[19.0315066,47.4867297],[19.031574,47.4867254],[19.0315867,47.4867246],[19.031671,47.4867192],[19.0318008,47.4868481],[19.0320507,47.4867704],[19.0320886,47.4866971],[19.0321172,47.4866569],[19.0321471,47.4866261],[19.03218,47.4865979],[19.0322243,47.486572],[19.0323635,47.4865125],[19.0325208,47.4864494],[19.032631,47.4864051]]]}},
{"type":"Feature","properties":{"id":"relation/221995","admin_level":"9","boundary":"administrative","name":"XII. kerület","name:en":"12th district","ref":"12"},"geometry":{"type":"Polygon","coordinates":[[[19.0155464,47.5092247],[19.0131464,47.5097024],[19.0125873,47.5098108],[19.0124044,47.5098395],[19.0121111,47.5098818],[19.0119588,47.5099008],[19.0118739,47.5099101],[19.0116777,47.5099216],[19.0115035,47.5099262],[19.0113415,47.5099291],[19.0112342,47.5099306],[19.009982,47.5099279],[19.0098955,47.5099282],[19.009463,47.5099298],[19.0094034,47.50993],[19.0092895,47.5099297],[19.0091183,47.509939],[19.0088311,47.5099546],[19.0087859,47.5099571],[19.0085929,47.5099631],[19.0083667,47.5100793],[19.0081602,47.5102172],[19.0081538,47.510222],[19.0075025,47.5107088],[19.0073799,47.5108069],[19.0062605,47.5116387],[19.0049322,47.5125624],[19.0047486,47.5126725],[19.004355,47.5128823],[19.0034188,47.5133622],[19.0031108,47.5135201],[19.0028941,47.5136433],[19.0028044,47.5136962],[19.002137,47.5141699],[19.0016958,47.5144831],[19.0016356,47.5145259],[19.0015825,47.5145635],[19.0014674,47.5146452],[19.00138,47.5147072],[19.0013481,47.5147298],[19.0006381,47.5152338],[19.0004148,47.5153923],[18.9998925,47.515763],[18.9991969,47.5162063],[18.9989595,47.5163425],[18.9986698,47.5164887],[18.99858,47.516528],[18.9984169,47.5165952],[18.998343,47.5166229],[18.9980892,47.5167134],[18.9975152,47.5169205],[18.9970607,47.5170862],[18.9969163,47.5171454],[18.9968191,47.5171907],[18.9967304,47.5172527],[18.9962265,47.5173976],[18.9955384,47.5175685],[18.9954879,47.517581],[18.9953506,47.5176031],[18.9951865,47.5176253],[18.995059,47.5176388],[18.9950236,47.5176418],[18.994927,47.5176499],[18.9948665,47.5176532],[18.9947843,47.5176576],[18.9946941,47.51766],[18.9946227,47.5176619],[18.9945472,47.5176611],[18.9944365,47.5176599],[18.9943049,47.5176523],[18.9940976,47.5176289],[18.9938019,47.5175703],[18.9936122,47.5175561],[18.993355,47.5175608],[18.9932203,47.5175626],[18.9925153,47.5175729],[18.9925037,47.5175735],[18.9920545,47.5175762],[18.9917224,47.517576],[18.9913023,47.5175816],[18.9910002,47.5175938],[18.9906507,47.5176216],[18.9903153,47.5176679],[18.9885158,47.5179286],[18.987751,47.5180426],[18.9862534,47.5182661],[18.9851141,47.5184361],[18.9850242,47.5184495],[18.9849257,47.5184638],[18.9848325,47.5184776],[18.9835262,47.5186674],[18.9825083,47.5188232],[18.9813913,47.5189958],[18.9812456,47.5190172],[18.9796321,47.5192615],[18.9788025,47.5193916],[18.9783754,47.5194586],[18.9777809,47.5195519],[18.9772628,47.5196301],[18.9769862,47.5196719],[18.9761059,47.5198089],[18.9757264,47.5198631],[18.9753267,47.5199099],[18.9751523,47.5199296],[18.9743288,47.5200229],[18.9737315,47.5200912],[18.9735533,47.5201155],[18.9733927,47.5201397],[18.9732214,47.5201704],[18.9730892,47.5201985],[18.9729958,47.5202206],[18.9726678,47.520302],[18.9725414,47.5203374],[18.9724184,47.5203749],[18.9723061,47.52041],[18.9721402,47.5204662],[18.9717249,47.5206146],[18.971634,47.5206474],[18.9705032,47.5210109],[18.969892,47.5211978],[18.9684375,47.5216203],[18.9683306,47.5216497],[18.9682285,47.5216711],[18.968184,47.5216783],[18.9667816,47.52192],[18.9665663,47.5219692],[18.9664582,47.5220029],[18.9663075,47.5220623],[18.9660942,47.5221697],[18.9649676,47.5226846],[18.9648126,47.5227503],[18.96458,47.522826],[18.9644192,47.5228692],[18.9639596,47.5229753],[18.9637046,47.5230464],[18.9633932,47.5231419],[18.9618825,47.523654],[18.9618223,47.5236763],[18.9617602,47.5236983],[18.961668,47.5237293],[18.9608427,47.5240307],[18.9598242,47.5244033],[18.9597184,47.5244336],[18.959577,47.5244735],[18.9593701,47.5245146],[18.9591839,47.5245391],[18.9585777,47.5245884],[18.958492,47.5245976],[18.9584432,47.5246019],[18.9583009,47.5246162],[18.9579864,47.5246472],[18.9579197,47.5246566],[18.9578551,47.5246704],[18.9577613,47.5246952],[18.9576881,47.5247179],[18.9576257,47.5247426],[18.9575722,47.5247688],[18.9574959,47.5248137],[18.9574405,47.5248512],[18.9573895,47.5248917],[18.9571898,47.5250833],[18.9565732,47.5256633],[18.9561526,47.5260564],[18.9560428,47.5261407],[18.9559726,47.5261863],[18.9559159,47.5262182],[18.9558626,47.5262449],[18.9557704,47.5262874],[18.9548121,47.5266864],[18.9546676,47.5267482],[18.9544941,47.5268422],[18.9544003,47.5269041],[18.9542263,47.5270313],[18.9541215,47.5271259],[18.953807,47.5274987],[18.9537205,47.5275786],[18.9536541,47.5276436],[18.9535877,47.5276966],[18.9535109,47.5277429],[18.9533906,47.5278002],[18.9531975,47.5278793],[18.952945,47.5279739],[18.9523933,47.5281794],[18.9522789,47.5282111],[18.9521909,47.5282293],[18.9521132,47.5282406],[18.9520309,47.5282474],[18.951962,47.5282505],[18.9518885,47.5282528],[18.9518038,47.5282506],[18.9516876,47.5282411],[18.9512953,47.5282079],[18.9508829,47.5281773],[18.9502881,47.5281232],[18.9500447,47.5280877],[18.9498445,47.5280317],[18.9497069,47.527983],[18.9495876,47.5279241],[18.949474,47.5278488],[18.9493672,47.5277645],[18.9490483,47.5274261],[18.9486421,47.527008],[18.9483821,47.5267473],[18.9481898,47.5265441],[18.9480393,47.5263753],[18.9479998,47.5263387],[18.9475958,47.5259579],[18.9474459,47.5258333],[18.9472883,47.5257319],[18.9467279,47.5268554],[18.9348292,47.5335871],[18.934308,47.5322041],[18.9348768,47.5308911],[18.935131,47.5248185],[18.935328,47.5226433],[18.9333266,47.5232981],[18.9329082,47.5238197],[18.9311165,47.5245152],[18.9304125,47.5246254],[18.9303547,47.5246384],[18.9298113,47.5244709],[18.9293087,47.5242418],[18.9285373,47.5242245],[18.9281644,47.5242771],[18.9279539,47.5243459],[18.9278705,47.5242603],[18.9277503,47.5237687],[18.9272981,47.5232972],[18.9269064,47.5222698],[18.9268967,47.5222438],[18.9282771,47.5219972],[18.9290285,47.5218794],[18.9312673,47.5212999],[18.9334747,47.5207347],[18.9353292,47.5226409],[18.9353871,47.5226081],[18.9354588,47.522437],[18.9353686,47.5223074],[18.9352452,47.5221271],[18.9353344,47.5220605],[18.9354566,47.5220147],[18.9361515,47.5217127],[18.9369522,47.5213646],[18.9381609,47.5208393],[18.938297,47.5207802],[18.9384075,47.5207386],[18.9384408,47.5207261],[18.9384046,47.5206723],[18.9387012,47.520573],[18.9387791,47.5205469],[18.9388297,47.5204443],[18.9389299,47.5204127],[18.9392438,47.5202805],[18.939381,47.5202246],[18.9399521,47.519992],[18.941211,47.5194553],[18.9421125,47.5190586],[18.9426151,47.5188211],[18.9427221,47.5188003],[18.9427854,47.5187886],[18.9436915,47.518301],[18.9437673,47.5182551],[18.9442225,47.5179792],[18.9447868,47.5175182],[18.943563,47.5173096],[18.9429264,47.5171486],[18.9424072,47.5161661],[18.94163,47.5146954],[18.9401832,47.5128804],[18.9399735,47.5126174],[18.9399345,47.5125727],[18.939853,47.5124792],[18.9398009,47.5124291],[18.9397343,47.5123995],[18.9396505,47.5123799],[18.9395875,47.5123751],[18.9395202,47.5123772],[18.9394148,47.5123896],[18.9392149,47.5124052],[18.9385632,47.5124118],[18.9382532,47.5124029],[18.938325,47.5121508],[18.938002,47.5120231],[18.9371746,47.5113142],[18.9372626,47.5112623],[18.9370823,47.5110433],[18.9369098,47.5108417],[18.9369085,47.5108402],[18.9368296,47.5107341],[18.9367271,47.5106184],[18.9364624,47.5103845],[18.9362726,47.5102277],[18.9360817,47.510027],[18.9357672,47.5096793],[18.935428,47.5093544],[18.9351822,47.5090412],[18.9348441,47.5086126],[18.9347261,47.50846],[18.934004,47.5073361],[18.9338566,47.5070997],[18.933956,47.5070693],[18.9341978,47.5070102],[18.9350867,47.5067479],[18.9360307,47.5064702],[18.9394632,47.505455],[18.9403401,47.5051685],[18.9411609,47.5048969],[18.9414051,47.5047954],[18.9420657,47.5045051],[18.9435007,47.5038833],[18.9440584,47.5035135],[18.9442502,47.5033266],[18.9442796,47.5031137],[18.9440407,47.502846],[18.9438998,47.5026262],[18.9437589,47.5024395],[18.9436269,47.5022151],[18.9436263,47.5020527],[18.9437757,47.5018258],[18.9438693,47.5012049],[18.9439373,47.5010903],[18.9442609,47.5008987],[18.9444744,47.5007205],[18.9446387,47.5005392],[18.9447486,47.5003897],[18.9448449,47.5001793],[18.9450347,47.4999526],[18.9454675,47.4995682],[18.9455163,47.4993342],[18.9455131,47.4991873],[18.9454594,47.4990473],[18.9451344,47.4986268],[18.9445106,47.4983273],[18.9444845,47.4982551],[18.944783,47.4980782],[18.9449557,47.497839],[18.9449051,47.4977189],[18.944877,47.4976523],[18.9447376,47.4973243],[18.9445975,47.4969936],[18.9442125,47.4970621],[18.9438493,47.4971261],[18.9433869,47.4972079],[18.9429981,47.4972768],[18.9425235,47.4973608],[18.9424599,47.4973722],[18.9419126,47.4974694],[18.9417694,47.4974947],[18.9414366,47.4975539],[18.9412159,47.4975928],[18.9408788,47.4976524],[18.9398544,47.4978647],[18.939858,47.4978176],[18.9398282,47.497734],[18.9398017,47.4976795],[18.9397601,47.4976155],[18.9395766,47.4973916],[18.9394654,47.4972357],[18.9392951,47.4969612],[18.9390237,47.4965239],[18.9386754,47.4959628],[18.9381859,47.4951743],[18.938151,47.495118],[18.9375721,47.4941827],[18.9375124,47.4940612],[18.9374667,47.4939487],[18.9373472,47.4937332],[18.9373291,47.4937125],[18.9372691,47.4936658],[18.937256,47.4936473],[18.9372467,47.4936291],[18.9372385,47.4936092],[18.9368148,47.4928343],[18.9366292,47.4925986],[18.9365767,47.4925706],[18.9365425,47.4925352],[18.9364962,47.4924659],[18.936458,47.4923988],[18.9362468,47.4920586],[18.9361891,47.4919802],[18.936051,47.4917201],[18.9359692,47.4915733],[18.9359282,47.4915402],[18.9361382,47.4913214],[18.9362555,47.4912422],[18.9372938,47.4907216],[18.9379134,47.4904065],[18.93841,47.4901742],[18.9388837,47.4899323],[18.9389122,47.4899446],[18.9410112,47.4888137],[18.941698,47.4884174],[18.9415953,47.4871059],[18.9415237,47.4870192],[18.9459781,47.4833355],[18.9470626,47.4824417],[18.9523104,47.4843],[18.9550643,47.4863048],[18.9579134,47.4851966],[18.9605913,47.4839008],[18.9636819,47.4822826],[18.9673041,47.4796792],[18.9676183,47.4793024],[18.9686924,47.4780123],[18.9702262,47.4761963],[18.9702877,47.4761415],[18.9702913,47.4761676],[18.9702974,47.4762765],[18.9703075,47.4763753],[18.9703263,47.4764479],[18.9703739,47.4765081],[18.9704342,47.4765584],[18.9707124,47.4767804],[18.9707789,47.4768381],[18.9708406,47.4768857],[18.9709242,47.4769355],[18.9709907,47.4769651],[18.97119,47.4770416],[18.9715453,47.4772166],[18.971876,47.4774049],[18.9719454,47.4774366],[18.972201,47.4775376],[18.9727842,47.4778495],[18.9730831,47.4780053],[18.9733334,47.4781316],[18.9733649,47.4781433],[18.9733954,47.4781513],[18.9734306,47.4781515],[18.973439,47.4781848],[18.9734557,47.4782106],[18.9734889,47.4782344],[18.9747564,47.4789261],[18.9749224,47.4790204],[18.9751271,47.4791447],[18.9754663,47.4793461],[18.9757129,47.4794925],[18.9758198,47.4795383],[18.9759089,47.47957],[18.9759782,47.4795693],[18.9760641,47.4795524],[18.976126,47.4795274],[18.976186,47.4794869],[18.9762341,47.4794329],[18.976326,47.47929],[18.9763701,47.4792412],[18.9764051,47.4791965],[18.9764508,47.4791366],[18.9765191,47.4790948],[18.9766078,47.4790518],[18.9767407,47.479012],[18.9768132,47.478994],[18.9768901,47.4789873],[18.9772865,47.4789527],[18.9776871,47.4789145],[18.977817,47.4789073],[18.9779184,47.4789035],[18.9779907,47.4789114],[18.9779638,47.4789972],[18.9779514,47.4790644],[18.9779253,47.4792071],[18.9779182,47.4792973],[18.9779538,47.4793938],[18.9779725,47.4794228],[18.9780328,47.4795252],[18.9780615,47.4795879],[18.9780909,47.4797118],[18.9781064,47.4798882],[18.9780858,47.4800179],[18.9780125,47.4805238],[18.9779838,47.4806852],[18.9779636,47.4807604],[18.9779355,47.480839],[18.9779129,47.4809199],[18.9779016,47.4810008],[18.9779043,47.481051],[18.9779108,47.4810967],[18.9779181,47.4811297],[18.9779386,47.4811786],[18.977967,47.4812242],[18.978011,47.4812748],[18.9780679,47.4813185],[18.9783322,47.4813322],[18.9785886,47.4812966],[18.9789615,47.4812449],[18.9795235,47.4811591],[18.9798113,47.4811116],[18.9799042,47.4810883],[18.979986,47.4810478],[18.9800439,47.4810068],[18.9801405,47.4809284],[18.9806053,47.480527],[18.9807688,47.4804195],[18.9809334,47.4803329],[18.9811087,47.4802471],[18.9813077,47.4801507],[18.9817976,47.4799126],[18.9819989,47.4798135],[18.9822898,47.4796702],[18.9826421,47.4794504],[18.9828592,47.4793081],[18.9829154,47.4792685],[18.9830591,47.4791256],[18.9836219,47.4786449],[18.9836632,47.4786096],[18.9837323,47.4785231],[18.9838473,47.4784363],[18.9839959,47.4783382],[18.9842099,47.4781895],[18.9844357,47.478012],[18.9849199,47.4776492],[18.9853391,47.4772826],[18.9861416,47.4767329],[18.9866688,47.4763718],[18.9867683,47.4763397],[18.986909,47.4763367],[18.9870055,47.4763325],[18.9870202,47.4763946],[18.9870429,47.4764213],[18.9870966,47.4764696],[18.9873557,47.4766311],[18.9875303,47.4767399],[18.9876323,47.4768032],[18.9879415,47.4769949],[18.9883353,47.4772321],[18.9885515,47.4773374],[18.9887696,47.4774312],[18.9891145,47.4775693],[18.9896674,47.4777817],[18.9898193,47.4778293],[18.9905335,47.4780318],[18.9912409,47.4782336],[18.9913253,47.4782573],[18.9916837,47.4783595],[18.991838,47.4784099],[18.9919337,47.4784502],[18.9920316,47.4784993],[18.9921078,47.4785499],[18.9921708,47.4786048],[18.992219,47.4786593],[18.9922555,47.4787147],[18.9922853,47.4787776],[18.9923049,47.4788422],[18.9923182,47.4789091],[18.9923252,47.4789797],[18.9924219,47.4800289],[18.9924515,47.4803241],[18.9924565,47.4804583],[18.992461,47.480617],[18.9924635,47.4806479],[18.99247,47.4806866],[18.9925127,47.4807493],[18.9925472,47.4807888],[18.9926257,47.4808414],[18.9928011,47.4809665],[18.9930115,47.4811157],[18.9930861,47.4811574],[18.9931416,47.4811792],[18.9932222,47.481203],[18.9933356,47.4812255],[18.9934578,47.4812407],[18.9940295,47.4812918],[18.994851,47.4813668],[18.9949343,47.4813732],[18.9950802,47.4813883],[18.995158,47.4813985],[18.9954973,47.4814494],[18.9958837,47.4815156],[18.9962511,47.4815801],[18.9966885,47.4816557],[18.9968217,47.4816754],[18.9969509,47.481685],[18.997173,47.4816845],[18.9978289,47.4816635],[18.9979985,47.4816581],[18.9981844,47.4816545],[18.998198,47.4816542],[18.9983185,47.4816618],[18.9984092,47.4816712],[18.9984785,47.4816841],[18.9985803,47.4817173],[18.998716,47.4817729],[18.9988411,47.4818388],[18.9991604,47.482047],[18.9992512,47.4821071],[18.999348,47.4821559],[18.99943,47.4821768],[18.9994708,47.4821807],[18.9995348,47.4821824],[18.9996845,47.482157],[19.0012664,47.4817581],[19.0020263,47.4815698],[19.0025474,47.4814399],[19.0028234,47.4813691],[19.0030032,47.4813247],[19.0040117,47.4810681],[19.004155,47.4810401],[19.0042202,47.4810364],[19.004283,47.4810399],[19.0043531,47.4810498],[19.0044189,47.4810689],[19.0044756,47.4810916],[19.004529,47.481129],[19.0045745,47.4811817],[19.0046412,47.4812886],[19.0047684,47.4815353],[19.0048052,47.4816019],[19.0048511,47.4816905],[19.0049036,47.4818239],[19.0049237,47.4819468],[19.0049759,47.4824205],[19.0050171,47.4827693],[19.0050511,47.4830908],[19.0050842,47.4833489],[19.0051205,47.4834946],[19.0052137,47.483779],[19.0053185,47.4837715],[19.0053682,47.483768],[19.0054389,47.4837649],[19.0059347,47.4837375],[19.006211,47.4837295],[19.0065087,47.4837246],[19.0066883,47.4837433],[19.0068865,47.4837821],[19.007187,47.4838464],[19.007566,47.4839295],[19.0079097,47.4840086],[19.0081759,47.484093],[19.0084627,47.4841988],[19.0094013,47.4845451],[19.0095462,47.4845917],[19.009644,47.484609],[19.0097329,47.4846178],[19.0099917,47.4846384],[19.0102509,47.4846545],[19.0103026,47.4846141],[19.0103904,47.4845441],[19.0109903,47.4840656],[19.0115223,47.4836413],[19.0116462,47.4835638],[19.0117362,47.4835075],[19.01186,47.4834492],[19.0128674,47.4830914],[19.0131756,47.4829819],[19.0134401,47.482888],[19.0136728,47.4828053],[19.0137835,47.4827896],[19.0139154,47.4828033],[19.0139357,47.482807],[19.0140425,47.4828265],[19.0142233,47.4828721],[19.0142423,47.4828784],[19.014394,47.4829287],[19.0145986,47.4830221],[19.0146413,47.4830428],[19.0148715,47.4831887],[19.0151864,47.4834535],[19.0152953,47.4835558],[19.0154263,47.4836398],[19.0155883,47.483702],[19.0157473,47.4837512],[19.0159178,47.4837892],[19.0160896,47.483823],[19.0164694,47.4838926],[19.0165787,47.4839074],[19.0167232,47.48391],[19.0168266,47.4839061],[19.0170022,47.4838977],[19.0172171,47.4838758],[19.017521,47.4838436],[19.0179068,47.483779],[19.018367,47.4837019],[19.0187424,47.4836456],[19.018922,47.4836217],[19.0191172,47.4836159],[19.0193001,47.4836196],[19.0193624,47.4836242],[19.0194256,47.4836288],[19.0195241,47.4836468],[19.0196333,47.4836788],[19.0196971,47.483707],[19.0197593,47.4837476],[19.0197963,47.4837828],[19.0198232,47.4838414],[19.0198328,47.4838966],[19.019818,47.4839793],[19.0197563,47.4840491],[19.0196736,47.4841018],[19.0195534,47.4841419],[19.0193833,47.4841806],[19.0191403,47.4842396],[19.0189482,47.4842863],[19.0187535,47.4843359],[19.0186069,47.4843746],[19.0184937,47.484427],[19.0183598,47.4845037],[19.0180079,47.4847589],[19.0177332,47.4849678],[19.0175373,47.4851166],[19.0173872,47.4852378],[19.0173679,47.4852534],[19.0173307,47.4852914],[19.0173119,47.4853308],[19.0173066,47.4853816],[19.0175317,47.4853944],[19.0176483,47.4853991],[19.017807,47.4854002],[19.0178895,47.485387],[19.0179512,47.4853711],[19.0186559,47.4851511],[19.01913,47.4849971],[19.019378,47.4848994],[19.0195465,47.4848189],[19.0196815,47.4847453],[19.0203169,47.4843385],[19.0207942,47.4840267],[19.021037,47.4838667],[19.0211498,47.4837925],[19.021247,47.4837198],[19.0213137,47.4836672],[19.0213907,47.4835995],[19.0215237,47.4834673],[19.0217095,47.4832831],[19.0217323,47.4832605],[19.0218565,47.4831327],[19.0219068,47.4830838],[19.0219635,47.4830364],[19.022031,47.4829908],[19.0220966,47.4829512],[19.0221921,47.4829074],[19.0222736,47.4828741],[19.022359,47.4828478],[19.0224249,47.4828316],[19.0224864,47.4828196],[19.022569,47.4828098],[19.0226371,47.4828044],[19.0227266,47.4828054],[19.0227744,47.4828116],[19.0228258,47.4828223],[19.0228832,47.4828436],[19.0229198,47.4828622],[19.0229561,47.482887],[19.0229815,47.4829138],[19.022997,47.4829387],[19.0230103,47.4829692],[19.023022,47.4830076],[19.023026,47.4830469],[19.0230151,47.4830801],[19.0229876,47.4831368],[19.0229288,47.483224],[19.0225687,47.4837571],[19.0224939,47.4838678],[19.0223459,47.4840853],[19.0222249,47.4842631],[19.0221789,47.4843468],[19.0221441,47.4844409],[19.0220981,47.4845853],[19.0220607,47.4847201],[19.0220322,47.484868],[19.0220191,47.4850082],[19.0220236,47.4851745],[19.0220465,47.4853267],[19.0220808,47.4854617],[19.0221261,47.4855881],[19.0221929,47.4857223],[19.0222625,47.4858469],[19.0223238,47.4859404],[19.0223789,47.4860137],[19.0224559,47.4860994],[19.0225615,47.4862007],[19.0226538,47.4862727],[19.022825,47.4863965],[19.022969,47.4864676],[19.0233149,47.4866863],[19.0233634,47.4867139],[19.0234703,47.4867726],[19.0235652,47.4868354],[19.0236563,47.4869046],[19.0238533,47.4870285],[19.0241315,47.4871916],[19.024188,47.4872245],[19.0243258,47.4872912],[19.0243841,47.4873145],[19.0244793,47.487352],[19.0245979,47.4874012],[19.0246114,47.4874071],[19.0246534,47.4874254],[19.0248386,47.4875064],[19.0250937,47.4876046],[19.0252818,47.4876906],[19.0256523,47.4878541],[19.0258894,47.4879455],[19.0260915,47.4880088],[19.0263135,47.4880638],[19.0265474,47.4881023],[19.0267826,47.4881246],[19.0271764,47.4881482],[19.0274803,47.4881668],[19.0284013,47.4882283],[19.0287655,47.4882651],[19.0288149,47.4882693],[19.0291939,47.4882919],[19.02939,47.4882932],[19.0295699,47.4882818],[19.0298205,47.4882602],[19.029903,47.4882574],[19.0301002,47.4882506],[19.0302107,47.4882513],[19.0303388,47.488254],[19.0304323,47.4882602],[19.0302514,47.4883502],[19.030236,47.4884068],[19.0301931,47.4885047],[19.0300094,47.4888776],[19.0296698,47.4896461],[19.0294225,47.4901829],[19.029382,47.4902707],[19.029119,47.4905598],[19.0288005,47.4908755],[19.0287554,47.4909202],[19.0285621,47.4911172],[19.0282719,47.4916432],[19.0280012,47.4921027],[19.027717,47.4925752],[19.0271329,47.4936273],[19.0270704,47.4937612],[19.0269832,47.4938192],[19.0269564,47.4939035],[19.0268376,47.4939687],[19.0268248,47.4940387],[19.0268002,47.4941278],[19.026767,47.4942186],[19.0265693,47.4945877],[19.0263445,47.4950223],[19.0262205,47.4952619],[19.0261969,47.4953074],[19.025481,47.4952301],[19.0250077,47.4951886],[19.0243086,47.4951077],[19.0242036,47.4950956],[19.0241662,47.4950913],[19.0238946,47.4950603],[19.0238074,47.49505],[19.0237795,47.4954205],[19.0237728,47.495522],[19.0237705,47.4955809],[19.0237618,47.4957445],[19.0237666,47.4958562],[19.0237899,47.4961597],[19.0237967,47.4962723],[19.0238223,47.4965489],[19.023917,47.4973205],[19.0239718,47.4977191],[19.0239973,47.4978333],[19.0240422,47.4979924],[19.0240677,47.4980945],[19.0241018,47.4983267],[19.0241086,47.498394],[19.0241166,47.498507],[19.0241157,47.4988802],[19.0241184,47.4990152],[19.0241276,47.4992701],[19.0241283,47.4993938],[19.0241301,47.4997109],[19.0241276,47.5000538],[19.0241362,47.5002357],[19.0241647,47.5004065],[19.0242003,47.5005134],[19.0242696,47.5008001],[19.0243129,47.5010124],[19.0243314,47.5011358],[19.0243378,47.5011783],[19.0243441,47.5012256],[19.0243488,47.5012535],[19.0243518,47.5012717],[19.0243901,47.5015265],[19.0244249,47.5017295],[19.0244412,47.5019904],[19.024405,47.5023999],[19.0243994,47.5024646],[19.0243501,47.5027948],[19.0243078,47.5029794],[19.024239,47.5032011],[19.0242052,47.5033615],[19.0241962,47.5034336],[19.0241991,47.5035163],[19.0243129,47.5040495],[19.0243233,47.5041064],[19.0243754,47.5043493],[19.0243983,47.5044939],[19.0244099,47.5046392],[19.024413,47.5046787],[19.0244308,47.5048886],[19.0244361,47.5049741],[19.0244379,47.5049879],[19.0244483,47.5050272],[19.0244708,47.5050919],[19.0246195,47.5055194],[19.0247916,47.5059454],[19.0248478,47.5060708],[19.0247688,47.5061118],[19.0246655,47.5061704],[19.0245687,47.5062255],[19.0245146,47.5062573],[19.0243889,47.5063319],[19.0242951,47.506389],[19.0241948,47.5064531],[19.0240108,47.5065675],[19.0239119,47.5066311],[19.0237918,47.5067095],[19.0237813,47.5067163],[19.0236991,47.5067697],[19.0235379,47.5068707],[19.023153,47.5071123],[19.0230333,47.5071889],[19.0228989,47.5072704],[19.0228448,47.5073029],[19.0227077,47.5073796],[19.022552,47.5074685],[19.0225014,47.5074973],[19.0224726,47.5075194],[19.022444,47.5075487],[19.0224282,47.5076214],[19.0223251,47.5076384],[19.0222239,47.507662],[19.022137,47.5077205],[19.0219317,47.5078583],[19.0218695,47.507921],[19.0214223,47.5082152],[19.0213941,47.5082327],[19.0212909,47.5082931],[19.0212148,47.5083318],[19.0211313,47.5083647],[19.0210529,47.5083896],[19.0209355,47.5084322],[19.0208175,47.5084469],[19.0206938,47.5084646],[19.0202251,47.5085214],[19.0200242,47.5085482],[19.0198797,47.508578],[19.0197986,47.508589],[19.0195292,47.5086257],[19.0182671,47.5087975],[19.0180997,47.5088203],[19.0179899,47.5088375],[19.0179082,47.5088503],[19.0175313,47.5089093],[19.0165252,47.5090499],[19.0160175,47.5091336],[19.0155464,47.5092247]]]}},
{"type":"Feature","properties":{"id":"relation/221998","admin_level":"9","boundary":"administrative","name":"XI. kerület","name:en":"11th district","ref":"11"},"geometry":{"type":"Polygon","coordinates":[[[18.9966885,47.4816557],[18.9962511,47.4815801],[18.9958837,47.4815156],[18.9954973,47.4814494],[18.995158,47.4813985],[18.9950802,47.4813883],[18.9949343,47.4813732],[18.994851,47.4813668],[18.9940295,47.4812918],[18.9934578,47.4812407],[18.9933356,47.4812255],[18.9932222,47.481203],[18.9931416,47.4811792],[18.9930861,47.4811574],[18.9930115,47.4811157],[18.9928011,47.4809665],[18.9926257,47.4808414],[18.9925472,47.4807888],[18.9925127,47.4807493],[18.99247,47.4806866],[18.9924635,47.4806479],[18.992461,47.480617],[18.9924565,47.4804583],[18.9924515,47.4803241],[18.9924219,47.4800289],[18.9923252,47.4789797],[18.9923182,47.4789091],[18.9923049,47.4788422],[18.9922853,47.4787776],[18.9922555,47.4787147],[18.992219,47.4786593],[18.9921708,47.4786048],[18.9921078,47.4785499],[18.9920316,47.4784993],[18.9919337,47.4784502],[18.991838,47.4784099],[18.9916837,47.4783595],[18.9913253,47.4782573],[18.9912409,47.4782336],[18.9905335,47.4780318],[18.9898193,47.4778293],[18.9896674,47.4777817],[18.9891145,47.4775693],[18.9887696,47.4774312],[18.9885515,47.4773374],[18.9883353,47.4772321],[18.9879415,47.4769949],[18.9876323,47.4768032],[18.9875303,47.4767399],[18.9873557,47.4766311],[18.9870966,47.4764696],[18.9870429,47.4764213],[18.9870202,47.4763946],[18.9870055,47.4763325],[18.986909,47.4763367],[18.9867683,47.4763397],[18.9866688,47.4763718],[18.9861416,47.4767329],[18.9853391,47.4772826],[18.9849199,47.4776492],[18.9844357,47.478012],[18.9842099,47.4781895],[18.9839959,47.4783382],[18.9838473,47.4784363],[18.9837323,47.4785231],[18.9836632,47.4786096],[18.9836219,47.4786449],[18.9830591,47.4791256],[18.9829154,47.4792685],[18.9828592,47.4793081],[18.9826421,47.4794504],[18.9822898,47.4796702],[18.9819989,47.4798135],[18.9817976,47.4799126],[18.9813077,47.4801507],[18.9811087,47.4802471],[18.9809334,47.4803329],[18.9807688,47.4804195],[18.9806053,47.480527],[18.9801405,47.4809284],[18.9800439,47.4810068],[18.979986,47.4810478],[18.9799042,47.4810883],[18.9798113,47.4811116],[18.9795235,47.4811591],[18.9789615,47.4812449],[18.9785886,47.4812966],[18.9783322,47.4813322],[18.9780679,47.4813185],[18.978011,47.4812748],[18.977967,47.4812242],[18.9779386,47.4811786],[18.9779181,47.4811297],[18.9779108,47.4810967],[18.9779043,47.481051],[18.9779016,47.4810008],[18.9779129,47.4809199],[18.9779355,47.480839],[18.9779636,47.4807604],[18.9779838,47.4806852],[18.9780125,47.4805238],[18.9780858,47.4800179],[18.9781064,47.4798882],[18.9780909,47.4797118],[18.9780615,47.4795879],[18.9780328,47.4795252],[18.9779725,47.4794228],[18.9779538,47.4793938],[18.9779182,47.4792973],[18.9779253,47.4792071],[18.9779514,47.4790644],[18.9779638,47.4789972],[18.9779907,47.4789114],[18.9779184,47.4789035],[18.977817,47.4789073],[18.9776871,47.4789145],[18.9772865,47.4789527],[18.9768901,47.4789873],[18.9768132,47.478994],[18.9767407,47.479012],[18.9766078,47.4790518],[18.9765191,47.4790948],[18.9764508,47.4791366],[18.9764051,47.4791965],[18.9763701,47.4792412],[18.976326,47.47929],[18.9762341,47.4794329],[18.976186,47.4794869],[18.976126,47.4795274],[18.9760641,47.4795524],[18.9759782,47.4795693],[18.9759089,47.47957],[18.9758198,47.4795383],[18.9757129,47.4794925],[18.9754663,47.4793461],[18.9751271,47.4791447],[18.9749224,47.4790204],[18.9747564,47.4789261],[18.9734889,47.4782344],[18.9734557,47.4782106],[18.973439,47.4781848],[18.9734306,47.4781515],[18.9733954,47.4781513],[18.9733649,47.4781433],[18.9733334,47.4781316],[18.9730831,47.4780053],[18.9727842,47.4778495],[18.972201,47.4775376],[18.9719454,47.4774366],[18.971876,47.4774049],[18.9715453,47.4772166],[18.97119,47.4770416],[18.9709907,47.4769651],[18.9709242,47.4769355],[18.9708406,47.4768857],[18.9707789,47.4768381],[18.9707124,47.4767804],[18.9704342,47.4765584],[18.9703739,47.4765081],[18.9703263,47.4764479],[18.9703075,47.4763753],[18.9702974,47.4762765],[18.9702913,47.4761676],[18.9702877,47.4761415],[18.9714023,47.4751852],[18.9722793,47.4744247],[18.9728635,47.473922],[18.9742961,47.472647],[18.9762169,47.4710688],[18.9763967,47.4709235],[18.9766069,47.4707693],[18.9768099,47.4706072],[18.9770921,47.4703879],[18.9775655,47.4700026],[18.9784846,47.4692212],[18.9787033,47.4689961],[18.9787389,47.4689579],[18.978875,47.4688119],[18.9790015,47.4686192],[18.979534,47.467448],[18.9798729,47.4667203],[18.9799158,47.4666286],[18.9800471,47.4663477],[18.9801256,47.4661786],[18.9802572,47.4658952],[18.9802827,47.4658405],[18.9803375,47.4657228],[18.9803828,47.4656256],[18.9805279,47.465314],[18.9807479,47.4648417],[18.9809233,47.4644652],[18.9809748,47.4643533],[18.9810491,47.4641917],[18.9813641,47.463507],[18.9814603,47.4632992],[18.981484,47.4632462],[18.9817134,47.4632013],[18.9826406,47.4608482],[18.9826683,47.4607778],[18.9818093,47.45783],[18.9816301,47.4572084],[18.9810547,47.4552125],[18.9777746,47.4551814],[18.9774326,47.4550674],[18.9699958,47.4511847],[18.9706552,47.4505045],[18.9709728,47.4502318],[18.970993,47.4502284],[18.9713582,47.4500052],[18.9717117,47.4498409],[18.9718569,47.4497739],[18.9732326,47.449158],[18.9734763,47.449051],[18.9748073,47.4484363],[18.9753754,47.448167],[18.9756323,47.4480461],[18.9761259,47.4478355],[18.9774221,47.4472602],[18.9785156,47.4472023],[18.9784768,47.4470772],[18.9782926,47.4464204],[18.9781017,47.4457166],[18.9779368,47.4453272],[18.9783247,47.4444709],[18.9784765,47.4440988],[18.9785775,47.443696],[18.978744,47.4428322],[18.9787901,47.4425997],[18.9787611,47.4420289],[18.9788265,47.4417296],[18.9790554,47.4413764],[18.9790887,47.4412761],[18.9791084,47.4412336],[18.979134,47.4411544],[18.9791473,47.4411061],[18.97917,47.4410228],[18.9791761,47.4410004],[18.9791894,47.4409308],[18.9792301,47.4406674],[18.9792548,47.4404742],[18.9792827,47.4401872],[18.9792884,47.4400318],[18.9792746,47.4397419],[18.9792613,47.4393637],[18.979242,47.439305],[18.979248,47.4389831],[18.9792395,47.4384263],[18.9792329,47.4379932],[18.9792237,47.4379139],[18.9792097,47.4378484],[18.9791949,47.4378048],[18.9791295,47.4376792],[18.9788844,47.4372385],[18.9788262,47.4371013],[18.9786192,47.4364594],[18.9785662,47.4362949],[18.9785546,47.4362481],[18.978528,47.4360478],[18.9785062,47.4359471],[18.978481,47.4358303],[18.9784032,47.4355535],[18.9782919,47.4350279],[18.9781379,47.4337699],[18.9781235,47.4336693],[18.9781013,47.4336338],[18.9780679,47.4336204],[18.9774284,47.4319279],[18.9767856,47.430927],[18.9765651,47.4305821],[18.9762365,47.4300716],[18.9743988,47.4294941],[18.9753716,47.4287743],[18.9756688,47.4286283],[18.9758881,47.4285436],[18.975973,47.4285108],[18.976606,47.4282989],[18.9770019,47.4281563],[18.9773171,47.4280346],[18.9773906,47.4280088],[18.9775528,47.4279457],[18.9778504,47.4278356],[18.9780045,47.4277786],[18.9780624,47.4277657],[18.9781125,47.4277598],[18.9782448,47.4277552],[18.9784608,47.4277623],[18.9788091,47.4277655],[18.979135,47.4277717],[18.9798473,47.4277963],[18.9798766,47.4277959],[18.9799891,47.4278157],[18.9800964,47.4278272],[18.9801625,47.4278226],[18.980183,47.4278153],[18.9802058,47.4278058],[18.980237,47.4278057],[18.9802747,47.427828],[18.9803125,47.427836],[18.980807,47.42785],[18.9811045,47.4278456],[18.9814748,47.4278426],[18.9816399,47.4278306],[18.9818561,47.4278019],[18.9820615,47.4277721],[18.9824171,47.4277556],[18.9827822,47.4277665],[18.9831054,47.4277833],[18.9839938,47.427812],[18.9845285,47.4278198],[18.9847876,47.427834],[18.9850509,47.4278508],[18.9851943,47.4278483],[18.9853053,47.4278356],[18.9855091,47.4277939],[18.9856114,47.4277778],[18.9857162,47.42777],[18.9860958,47.4277796],[18.9862685,47.4277913],[18.9864186,47.4278093],[18.9865049,47.4278171],[18.9866812,47.4278231],[18.9869466,47.427824],[18.987284,47.4278376],[18.9878269,47.4278684],[18.9880791,47.4278785],[18.989084,47.4278864],[18.9892177,47.4278853],[18.9895589,47.4278676],[18.990193,47.4278521],[18.9907758,47.4278471],[18.9912835,47.4278511],[18.9919205,47.4278919],[18.9921732,47.4279133],[18.9923012,47.4279311],[18.9925886,47.427988],[18.9933701,47.4281371],[18.9936943,47.4281757],[18.9937605,47.4281914],[18.993843,47.4282236],[18.9939055,47.4282571],[18.9939972,47.4283721],[18.9941632,47.4285254],[18.9943027,47.4286198],[18.9943837,47.4286508],[18.9944404,47.4286689],[18.9945554,47.4287004],[18.9950281,47.4289419],[18.9952835,47.4290735],[18.9953681,47.4291251],[18.9954297,47.4291946],[18.9954735,47.4292354],[18.9955367,47.4292725],[18.9956559,47.429321],[18.9956999,47.4293301],[18.9957615,47.4293326],[18.995914,47.4293907],[18.9960254,47.4294419],[18.9961347,47.4295001],[18.9963753,47.4296625],[18.9964265,47.429697],[18.9966752,47.4298955],[18.9969418,47.4301004],[18.9969861,47.4301684],[18.997286,47.430449],[18.997447,47.4305407],[18.9976931,47.4306731],[18.9980443,47.4308664],[18.9982684,47.4309823],[18.9984292,47.4310568],[18.9984992,47.4310833],[18.9990191,47.4312779],[18.9991406,47.4313177],[18.9994348,47.4314376],[18.9997308,47.4315599],[18.999984,47.4316809],[19.000245,47.4317159],[19.0004178,47.4317147],[19.0004812,47.4317148],[19.0006874,47.4316981],[19.0008493,47.4317085],[19.000963,47.4317151],[19.0010911,47.4317253],[19.0013016,47.4317174],[19.001387,47.4317235],[19.0018454,47.4317259],[19.0023876,47.4317492],[19.0026181,47.4317486],[19.0032589,47.4317977],[19.0034793,47.4318127],[19.004109,47.4318242],[19.0043585,47.4318376],[19.0044394,47.4318396],[19.0047686,47.431883],[19.0048618,47.4321002],[19.0049251,47.4322476],[19.0052802,47.4329856],[19.0053737,47.4331615],[19.0054866,47.4333822],[19.0056368,47.4336758],[19.0056892,47.4337502],[19.0057415,47.4338182],[19.0057807,47.4338832],[19.0063174,47.4349438],[19.0063679,47.4350435],[19.0064669,47.4352392],[19.0066892,47.4356786],[19.0070216,47.4363305],[19.0072248,47.4367369],[19.0073021,47.4368943],[19.007379,47.4370542],[19.0076459,47.4375902],[19.0083381,47.4389628],[19.00841,47.4391084],[19.0084694,47.4392814],[19.0085423,47.4393939],[19.0085756,47.4394621],[19.0085895,47.439515],[19.0085966,47.4395647],[19.0085985,47.439608],[19.008597,47.4396675],[19.008657,47.4396669],[19.0088236,47.4398636],[19.0088751,47.4399117],[19.0089284,47.4399392],[19.009059,47.4399712],[19.0095256,47.4405237],[19.0095561,47.4405115],[19.0096792,47.440652],[19.0096378,47.4406676],[19.0101671,47.4412918],[19.0106727,47.4418576],[19.0107312,47.4419439],[19.010765,47.4420417],[19.0107758,47.4421308],[19.01077,47.4423712],[19.0107759,47.442439],[19.0107904,47.4425021],[19.0108205,47.4425796],[19.0108539,47.4426423],[19.010921,47.4427273],[19.0109915,47.4427954],[19.0111551,47.4429345],[19.0115343,47.4431887],[19.0117644,47.4433447],[19.0118242,47.4433765],[19.0118509,47.4433906],[19.011955,47.4434231],[19.0120226,47.4434398],[19.0120906,47.4434492],[19.0121584,47.4434494],[19.0122416,47.4434379],[19.0122573,47.4434965],[19.0122607,47.4435093],[19.0122704,47.4435387],[19.0122834,47.4435781],[19.0122881,47.4435923],[19.0123078,47.4436519],[19.0123427,47.4437408],[19.0123932,47.4438658],[19.0124205,47.4439335],[19.0125129,47.4441624],[19.0125295,47.4442034],[19.0125611,47.4442818],[19.0128562,47.4449809],[19.0129193,47.4451259],[19.0130456,47.4454018],[19.0131634,47.445621],[19.0133046,47.4458667],[19.0135273,47.4461967],[19.0138218,47.4466322],[19.0139333,47.4468094],[19.0140267,47.4469609],[19.0145984,47.448215],[19.0147526,47.4485436],[19.0148618,47.4485113],[19.0158577,47.4482583],[19.0169085,47.4479924],[19.0176607,47.4477952],[19.0177707,47.4477613],[19.0186728,47.4474836],[19.0192343,47.4473063],[19.0197571,47.4471438],[19.020041,47.4470517],[19.0201342,47.4470148],[19.0201803,47.4469965],[19.020463,47.4468603],[19.021026,47.4465857],[19.021417,47.4463928],[19.0215814,47.4463008],[19.0217805,47.4461409],[19.0224902,47.4454325],[19.0227064,47.4452266],[19.0229285,47.4450068],[19.0229796,47.4449574],[19.0232341,47.4447116],[19.0232848,47.4446645],[19.0236795,47.4442976],[19.023947,47.4440623],[19.0249407,47.4433549],[19.0253066,47.4430967],[19.025495,47.4429545],[19.0256921,47.4428302],[19.0258972,47.4427276],[19.0261147,47.4426279],[19.0262614,47.4425649],[19.0263716,47.4424967],[19.0264868,47.4423111],[19.0266574,47.4419858],[19.0267612,47.4418341],[19.0269026,47.441696],[19.0270822,47.4415306],[19.0272231,47.4414429],[19.027394,47.4413306],[19.0276302,47.4411957],[19.0278548,47.4410999],[19.0293288,47.4404714],[19.0302469,47.4399655],[19.0303066,47.4399326],[19.0309176,47.4395872],[19.0310658,47.4395143],[19.0312972,47.4394355],[19.0317909,47.4393072],[19.0319781,47.4392584],[19.0321425,47.4392007],[19.0322247,47.4391632],[19.0322906,47.4391254],[19.0323146,47.4390926],[19.032322,47.4390493],[19.0323246,47.4388196],[19.0323489,47.438639],[19.0323802,47.4385041],[19.0328802,47.4386038],[19.0332228,47.4386622],[19.0333614,47.4386862],[19.0333998,47.4386929],[19.0342136,47.4388357],[19.0344801,47.4388825],[19.0345509,47.438895],[19.0348976,47.4389568],[19.0360003,47.4373249],[19.0371269,47.4357574],[19.0378618,47.4348285],[19.0382912,47.434254],[19.0384526,47.4343059],[19.0385031,47.4343099],[19.0385388,47.4343087],[19.038595,47.4342974],[19.0386393,47.4342667],[19.038854,47.4340306],[19.0389599,47.4339354],[19.039097,47.4338331],[19.0391555,47.4338024],[19.0392399,47.4337672],[19.0404016,47.4333385],[19.0406162,47.4332778],[19.040694,47.4332524],[19.0407277,47.4332164],[19.0407249,47.4331636],[19.0407046,47.4330928],[19.0406843,47.4329974],[19.0406377,47.4327613],[19.0404017,47.4314906],[19.0403877,47.4314056],[19.0404249,47.4313186],[19.0408268,47.4305037],[19.040863,47.4304515],[19.0409444,47.4303945],[19.0410416,47.4303509],[19.0411323,47.4303213],[19.041277,47.4303099],[19.0413481,47.430313],[19.0426172,47.4304568],[19.0435928,47.4305437],[19.0437521,47.4305452],[19.0439352,47.4305277],[19.0440035,47.4305093],[19.0441421,47.4304556],[19.0477985,47.4298103],[19.0499056,47.4343897],[19.0505518,47.4360888],[19.050735,47.4365704],[19.0512878,47.4393962],[19.0516722,47.4420321],[19.0517178,47.4423449],[19.052455,47.4464607],[19.0531615,47.4483651],[19.0537044,47.449203],[19.0545744,47.4505459],[19.0564173,47.4533102],[19.0586288,47.4560132],[19.0591491,47.4566357],[19.0598633,47.4573661],[19.0612065,47.4588381],[19.0623734,47.4601169],[19.0628992,47.4607361],[19.0639288,47.4619344],[19.0669219,47.4664256],[19.0673519,47.4678078],[19.0673361,47.4685322],[19.0673711,47.4687889],[19.0675055,47.4697736],[19.067444,47.4714015],[19.0669219,47.4737051],[19.0663615,47.4748883],[19.0658161,47.4760395],[19.0654709,47.4764997],[19.0640654,47.4783738],[19.0635928,47.4788408],[19.0627446,47.4796639],[19.0617553,47.4803865],[19.0613931,47.4806468],[19.0590281,47.4823975],[19.0561889,47.4847643],[19.0549817,47.4857658],[19.0513614,47.4888863],[19.0492446,47.487819],[19.0486018,47.4875503],[19.0475373,47.4870983],[19.0473321,47.4871897],[19.0470353,47.4873205],[19.0469438,47.4873523],[19.0468657,47.4873688],[19.0467916,47.4873675],[19.0467037,47.4873478],[19.0466161,47.4873362],[19.0464337,47.487336],[19.0463093,47.4873438],[19.0459685,47.4873653],[19.045675,47.4873786],[19.0453327,47.4873951],[19.0448164,47.487421],[19.044461,47.4874388],[19.0443372,47.4874337],[19.0442398,47.4874266],[19.0441492,47.4874147],[19.0440653,47.4873965],[19.0438321,47.4873283],[19.0434135,47.4871942],[19.0433591,47.4871774],[19.042971,47.4870577],[19.0428132,47.487009],[19.0427024,47.4869748],[19.0426009,47.4869325],[19.0425278,47.4868865],[19.042483,47.486851],[19.0424283,47.4867987],[19.0424136,47.4867846],[19.0423098,47.4866605],[19.0420515,47.486279],[19.0419896,47.4861876],[19.0419144,47.4860803],[19.0418856,47.4860482],[19.0418427,47.4860066],[19.0417597,47.4859436],[19.0416629,47.4858858],[19.0415654,47.4858385],[19.0414772,47.4857999],[19.0413865,47.4857626],[19.0413027,47.4857328],[19.0411835,47.4857054],[19.0410029,47.4856814],[19.0408638,47.4856709],[19.0407446,47.4856715],[19.0406332,47.4856855],[19.0404508,47.485731],[19.0403611,47.4857526],[19.0402072,47.485795],[19.0401878,47.4858862],[19.0401733,47.4859228],[19.040145,47.4859941],[19.0400747,47.4859989],[19.0398475,47.4860145],[19.0397656,47.4860201],[19.0387617,47.4860889],[19.0386512,47.4861259],[19.0385656,47.486165],[19.0384852,47.4862106],[19.038274,47.4863815],[19.0376972,47.4868562],[19.0376393,47.4868902],[19.0375508,47.4869302],[19.0374567,47.4869621],[19.037372,47.4869814],[19.0372812,47.4869966],[19.037169,47.4870036],[19.0370741,47.4869968],[19.0369792,47.4869807],[19.0369071,47.4869584],[19.0368296,47.4869216],[19.0367618,47.4868772],[19.0367015,47.4868202],[19.0366531,47.4867633],[19.0366102,47.4867046],[19.0365764,47.486655],[19.0359123,47.4865868],[19.0353785,47.4865273],[19.0351166,47.4865027],[19.0350703,47.4864802],[19.0345423,47.4864032],[19.034093,47.4863377],[19.0340425,47.4863216],[19.0338842,47.4862766],[19.0337825,47.4862843],[19.0328772,47.4863478],[19.0328426,47.4863506],[19.0328085,47.4863548],[19.0327423,47.4863665],[19.032669,47.4863899],[19.032631,47.4864051],[19.0325208,47.4864494],[19.0323635,47.4865125],[19.0322243,47.486572],[19.03218,47.4865979],[19.0321471,47.4866261],[19.0321172,47.4866569],[19.0320886,47.4866971],[19.0320507,47.4867704],[19.0318008,47.4868481],[19.031671,47.4867192],[19.0315867,47.4867246],[19.031574,47.4867254],[19.0315066,47.4867297],[19.0314497,47.4867427],[19.0314186,47.4867546],[19.0314026,47.4867645],[19.0313888,47.4867775],[19.0313414,47.4868486],[19.0313154,47.4868875],[19.0312911,47.4869261],[19.0310027,47.4873638],[19.0304591,47.4881924],[19.0304323,47.4882602],[19.0303388,47.488254],[19.0302107,47.4882513],[19.0301002,47.4882506],[19.029903,47.4882574],[19.0298205,47.4882602],[19.0295699,47.4882818],[19.02939,47.4882932],[19.0291939,47.4882919],[19.0288149,47.4882693],[19.0287655,47.4882651],[19.0284013,47.4882283],[19.0274803,47.4881668],[19.0271764,47.4881482],[19.0267826,47.4881246],[19.0265474,47.4881023],[19.0263135,47.4880638],[19.0260915,47.4880088],[19.0258894,47.4879455],[19.0256523,47.4878541],[19.0252818,47.4876906],[19.0250937,47.4876046],[19.0248386,47.4875064],[19.0246534,47.4874254],[19.0246114,47.4874071],[19.0245979,47.4874012],[19.0244793,47.487352],[19.0243841,47.4873145],[19.0243258,47.4872912],[19.024188,47.4872245],[19.0241315,47.4871916],[19.0238533,47.4870285],[19.0236563,47.4869046],[19.0235652,47.4868354],[19.0234703,47.4867726],[19.0233634,47.4867139],[19.0233149,47.4866863],[19.022969,47.4864676],[19.022825,47.4863965],[19.0226538,47.4862727],[19.0225615,47.4862007],[19.0224559,47.4860994],[19.0223789,47.4860137],[19.0223238,47.4859404],[19.0222625,47.4858469],[19.0221929,47.4857223],[19.0221261,47.4855881],[19.0220808,47.4854617],[19.0220465,47.4853267],[19.0220236,47.4851745],[19.0220191,47.4850082],[19.0220322,47.484868],[19.0220607,47.4847201],[19.0220981,47.4845853],[19.0221441,47.4844409],[19.0221789,47.4843468],[19.0222249,47.4842631],[19.0223459,47.4840853],[19.0224939,47.4838678],[19.0225687,47.4837571],[19.0229288,47.483224],[19.0229876,47.4831368],[19.0230151,47.4830801],[19.023026,47.4830469],[19.023022,47.4830076],[19.0230103,47.4829692],[19.022997,47.4829387],[19.0229815,47.4829138],[19.0229561,47.482887],[19.0229198,47.4828622],[19.0228832,47.4828436],[19.0228258,47.4828223],[19.0227744,47.4828116],[19.0227266,47.4828054],[19.0226371,47.4828044],[19.022569,47.4828098],[19.0224864,47.4828196],[19.0224249,47.4828316],[19.022359,47.4828478],[19.0222736,47.4828741],[19.0221921,47.4829074],[19.0220966,47.4829512],[19.022031,47.4829908],[19.0219635,47.4830364],[19.0219068,47.4830838],[19.0218565,47.4831327],[19.0217323,47.4832605],[19.0217095,47.4832831],[19.0215237,47.4834673],[19.0213907,47.4835995],[19.0213137,47.4836672],[19.021247,47.4837198],[19.0211498,47.4837925],[19.021037,47.4838667],[19.0207942,47.4840267],[19.0203169,47.4843385],[19.0196815,47.4847453],[19.0195465,47.4848189],[19.019378,47.4848994],[19.01913,47.4849971],[19.0186559,47.4851511],[19.0179512,47.4853711],[19.0178895,47.485387],[19.017807,47.4854002],[19.0176483,47.4853991],[19.0175317,47.4853944],[19.0173066,47.4853816],[19.0173119,47.4853308],[19.0173307,47.4852914],[19.0173679,47.4852534],[19.0173872,47.4852378],[19.0175373,47.4851166],[19.0177332,47.4849678],[19.0180079,47.4847589],[19.0183598,47.4845037],[19.0184937,47.484427],[19.0186069,47.4843746],[19.0187535,47.4843359],[19.0189482,47.4842863],[19.0191403,47.4842396],[19.0193833,47.4841806],[19.0195534,47.4841419],[19.0196736,47.4841018],[19.0197563,47.4840491],[19.019818,47.4839793],[19.0198328,47.4838966],[19.0198232,47.4838414],[19.0197963,47.4837828],[19.0197593,47.4837476],[19.0196971,47.483707],[19.0196333,47.4836788],[19.0195241,47.4836468],[19.0194256,47.4836288],[19.0193624,47.4836242],[19.0193001,47.4836196],[19.0191172,47.4836159],[19.018922,47.4836217],[19.0187424,47.4836456],[19.018367,47.4837019],[19.0179068,47.483779],[19.017521,47.4838436],[19.0172171,47.4838758],[19.0170022,47.4838977],[19.0168266,47.4839061],[19.0167232,47.48391],[19.0165787,47.4839074],[19.0164694,47.4838926],[19.0160896,47.483823],[19.0159178,47.4837892],[19.0157473,47.4837512],[19.0155883,47.483702],[19.0154263,47.4836398],[19.0152953,47.4835558],[19.0151864,47.4834535],[19.0148715,47.4831887],[19.0146413,47.4830428],[19.0145986,47.4830221],[19.014394,47.4829287],[19.0142423,47.4828784],[19.0142233,47.4828721],[19.0140425,47.4828265],[19.0139357,47.482807],[19.0139154,47.4828033],[19.0137835,47.4827896],[19.0136728,47.4828053],[19.0134401,47.482888],[19.0131756,47.4829819],[19.0128674,47.4830914],[19.01186,47.4834492],[19.0117362,47.4835075],[19.0116462,47.4835638],[19.0115223,47.4836413],[19.0109903,47.4840656],[19.0103904,47.4845441],[19.0103026,47.4846141],[19.0102509,47.4846545],[19.0099917,47.4846384],[19.0097329,47.4846178],[19.009644,47.484609],[19.0095462,47.4845917],[19.0094013,47.4845451],[19.0084627,47.4841988],[19.0081759,47.484093],[19.0079097,47.4840086],[19.007566,47.4839295],[19.007187,47.4838464],[19.0068865,47.4837821],[19.0066883,47.4837433],[19.0065087,47.4837246],[19.006211,47.4837295],[19.0059347,47.4837375],[19.0054389,47.4837649],[19.0053682,47.483768],[19.0053185,47.4837715],[19.0052137,47.483779],[19.0051205,47.4834946],[19.0050842,47.4833489],[19.0050511,47.4830908],[19.0050171,47.4827693],[19.0049759,47.4824205],[19.0049237,47.4819468],[19.0049036,47.4818239],[19.0048511,47.4816905],[19.0048052,47.4816019],[19.0047684,47.4815353],[19.0046412,47.4812886],[19.0045745,47.4811817],[19.004529,47.481129],[19.0044756,47.4810916],[19.0044189,47.4810689],[19.0043531,47.4810498],[19.004283,47.4810399],[19.0042202,47.4810364],[19.004155,47.4810401],[19.0040117,47.4810681],[19.0030032,47.4813247],[19.0028234,47.4813691],[19.0025474,47.4814399],[19.0020263,47.4815698],[19.0012664,47.4817581],[18.9996845,47.482157],[18.9995348,47.4821824],[18.9994708,47.4821807],[18.99943,47.4821768],[18.999348,47.4821559],[18.9992512,47.4821071],[18.9991604,47.482047],[18.9988411,47.4818388],[18.998716,47.4817729],[18.9985803,47.4817173],[18.9984785,47.4816841],[18.9984092,47.4816712],[18.9983185,47.4816618],[18.998198,47.4816542],[18.9981844,47.4816545],[18.9979985,47.4816581],[18.9978289,47.4816635],[18.997173,47.4816845],[18.9969509,47.481685],[18.9968217,47.4816754],[18.9966885,47.4816557]]]}}
]}
