{"type":"FeatureCollection","license":"ODbL-1.0, © OpenStreetMap contributors","osm_base":"2026-06-01T08:52:28Z","bbox":"47.476,19.022,47.544999999999995,19.078000000000003","features":[
{"type":"Feature","properties":{"id":"relation/11173422","leisure":"park","name":"Margit-sziget","name:en":"Margaret Island","place":"island"},"geometry":{"type":"Polygon","coordinates":[[[19.0487079,47.532703],[19.0477732,47.5317269],[19.0465555,47.5303252],[19.045229,47.5285773],[19.0450931,47.5283045],[19.0445819,47.5275537],[19.0438847,47.52646],[19.0429586,47.5247024],[19.0423766,47.5233494],[19.0421994,47.5229505],[19.0420332,47.522167],[19.0419131,47.5212628],[19.0419131,47.5205556],[19.0421534,47.5191123],[19.0423508,47.5178255],[19.0426755,47.516794],[19.0431616,47.5153641],[19.0434409,47.5149966],[19.04354,47.5149422],[19.0437756,47.5150198],[19.0441275,47.5153097],[19.0445652,47.5160922],[19.0458012,47.5180283],[19.0466134,47.5191712],[19.0484568,47.5217648],[19.0484821,47.5218044],[19.049184,47.5229438],[19.0504961,47.5250708],[19.0517064,47.5273775],[19.052599,47.5294233],[19.0534655,47.5318849],[19.0540238,47.5338566],[19.0544444,47.5361977],[19.0545402,47.536873],[19.0547571,47.5378115],[19.0548469,47.5381621],[19.0548921,47.538483],[19.0548195,47.5387674],[19.0544251,47.5385967],[19.0537299,47.5379976],[19.0531282,47.5372364],[19.051877,47.5357926],[19.0517629,47.5356609],[19.0507162,47.5346709],[19.049667,47.5336775],[19.0487079,47.532703]]]}},
{"type":"Feature","properties":{"id":"relation/12438391","leisure":"park","name":"Jubileumi-park"},"geometry":{"type":"Polygon","coordinates":[[[19.0471764,47.4854231],[19.0471467,47.4855682],[19.0471557,47.4856425],[19.0471519,47.4857072],[19.0471418,47.4858116],[19.0470786,47.4859607],[19.0469639,47.4861264],[19.0466026,47.4862717],[19.0466216,47.4866057],[19.046235,47.486671],[19.0460065,47.4866725],[19.0459579,47.4866821],[19.0458937,47.4866757],[19.045625,47.4866516],[19.0452541,47.4866229],[19.0444994,47.4865882],[19.0435264,47.4865814],[19.04322,47.4865882],[19.0432856,47.4868824],[19.0433011,47.48695],[19.0432914,47.4869976],[19.0432733,47.487022],[19.0432505,47.4870336],[19.0432136,47.4870449],[19.0431911,47.4870483],[19.0431553,47.4870465],[19.043104,47.4870313],[19.0430027,47.4869969],[19.0428475,47.4869466],[19.0426812,47.4868886],[19.0426182,47.4868605],[19.0425592,47.4868292],[19.0424971,47.4867798],[19.0424267,47.4866888],[19.0422852,47.4864939],[19.042194,47.4863686],[19.0420874,47.4862194],[19.0420073,47.486118],[19.041974,47.4860714],[19.0419316,47.4860087],[19.0418552,47.4859282],[19.0417608,47.4858586],[19.0415713,47.4857705],[19.0414165,47.4856867],[19.0412229,47.4856426],[19.0410308,47.4856214],[19.0408918,47.4856138],[19.040764,47.4856157],[19.0405199,47.4856307],[19.0404322,47.4856307],[19.0403757,47.4856162],[19.0403455,47.4855882],[19.0403443,47.4855389],[19.0403944,47.4854593],[19.0404571,47.4854868],[19.0405434,47.4854222],[19.0408205,47.4852823],[19.0407698,47.4852354],[19.0408707,47.4851828],[19.0409542,47.4851095],[19.040996,47.4850614],[19.0411168,47.4848602],[19.0413067,47.4846515],[19.0416161,47.4843527],[19.0418294,47.4841792],[19.0420517,47.4840397],[19.04215,47.4839804],[19.04244,47.4842373],[19.0428707,47.4846189],[19.0432408,47.4844983],[19.0437475,47.4843223],[19.043756,47.4843193],[19.0441554,47.4841049],[19.044901,47.4837498],[19.0451636,47.4839647],[19.0453579,47.4841237],[19.0455147,47.4841587],[19.0456208,47.484121],[19.0457585,47.4840345],[19.0459287,47.4840536],[19.045883,47.4842048],[19.0458931,47.4842887],[19.0459365,47.4843785],[19.0459981,47.4844691],[19.0460132,47.4844801],[19.0460427,47.4845016],[19.0462315,47.4846318],[19.0469983,47.4851159],[19.0471764,47.4854231]]]}},
{"type":"Feature","properties":{"id":"relation/12841566","leisure":"park","name":"Európa liget"},"geometry":{"type":"Polygon","coordinates":[[[19.0307021,47.5053756],[19.0306106,47.5053161],[19.0306882,47.5050841],[19.0308326,47.5051117],[19.0309784,47.5051118],[19.0311626,47.5051163],[19.0311937,47.5050938],[19.0312497,47.5050909],[19.0313813,47.5050783],[19.0315158,47.5050491],[19.0317894,47.5049843],[19.0322282,47.504864],[19.0324111,47.5048142],[19.0324512,47.5048038],[19.0325257,47.5047703],[19.0326248,47.5047409],[19.0327161,47.5047177],[19.0328348,47.5046874],[19.0330696,47.5049125],[19.0336758,47.5048618],[19.0337335,47.504827],[19.0336689,47.5049368],[19.032759,47.5051848],[19.0329236,47.5054304],[19.0325502,47.5055425],[19.032357,47.505577],[19.031948,47.5055978],[19.0316141,47.5055833],[19.0311553,47.5055099],[19.0311696,47.5053426],[19.0310686,47.5053542],[19.0309933,47.5053626],[19.0307021,47.5053756]]]}},
{"type":"Feature","properties":{"id":"relation/13326074","leisure":"garden"},"geometry":{"type":"MultiPolygon","coordinates":[[[[19.0520881,47.4924531],[19.052118,47.4924109],[19.0523161,47.4924749],[19.0522862,47.4925171],[19.0520881,47.4924531]]],[[[19.0520569,47.4923927],[19.0520278,47.4924363],[19.0519206,47.4924037],[19.0519497,47.4923601],[19.0520569,47.4923927]]],[[[19.0518672,47.4923418],[19.0519223,47.4923589],[19.0518887,47.4924128],[19.0520235,47.4924536],[19.0519899,47.4925031],[19.0518007,47.4924441],[19.0518672,47.4923418]]],[[[19.0525436,47.4925342],[19.0525615,47.4925408],[19.0527511,47.492278],[19.0527573,47.4922693],[19.0527955,47.4922824],[19.0527896,47.4922907],[19.0527671,47.4923232],[19.0526389,47.4924979],[19.0525991,47.4925521],[19.0525262,47.492655],[19.0525042,47.4926818],[19.0520353,47.4925198],[19.0520736,47.4924694],[19.052313,47.4925453],[19.0523656,47.4924759],[19.0525436,47.4925342]]]]}},
{"type":"Feature","properties":{"id":"relation/13594890","leisure":"park","name":"Városliget","name:en":"City Park"},"geometry":{"type":"Polygon","coordinates":[[[19.0857275,47.5184075],[19.0854531,47.5186152],[19.0856341,47.5188196],[19.0858972,47.5189332],[19.0858529,47.5189834],[19.0859397,47.5190177],[19.0859344,47.5190263],[19.0859998,47.5190509],[19.0860551,47.5189998],[19.0861671,47.5190652],[19.0862525,47.5191299],[19.0863057,47.5191814],[19.0863616,47.5192438],[19.086435,47.5194],[19.086451,47.5195305],[19.0864328,47.5197311],[19.0863226,47.5199182],[19.0862333,47.5200168],[19.0849826,47.5208011],[19.0842605,47.5212882],[19.0841475,47.5213509],[19.0838082,47.521556],[19.0831361,47.521539],[19.0822288,47.5214413],[19.0816007,47.5213215],[19.080959,47.5210894],[19.0807865,47.5210306],[19.0804922,47.5209229],[19.0766187,47.5193429],[19.0732926,47.5179861],[19.0748901,47.5165551],[19.0749528,47.5164995],[19.0750196,47.5164895],[19.0763782,47.5152459],[19.076572,47.5152186],[19.0766399,47.5152244],[19.0768689,47.5152252],[19.0773049,47.515478],[19.0773845,47.5155242],[19.0775313,47.5156],[19.0776789,47.5156577],[19.0777621,47.5156822],[19.077874,47.5157042],[19.0779888,47.5157093],[19.078111,47.5157081],[19.0781718,47.5157039],[19.0782371,47.515692],[19.0783051,47.5156662],[19.0783644,47.515634],[19.0785085,47.5155819],[19.0786289,47.5155562],[19.0787364,47.515546],[19.0788409,47.5155491],[19.0788048,47.5155137],[19.0787901,47.5154595],[19.0787963,47.5154025],[19.0788266,47.5153408],[19.0789097,47.5152453],[19.0789379,47.5151519],[19.0789383,47.5150858],[19.0789316,47.51503],[19.078911,47.5149661],[19.0788873,47.514913],[19.0787439,47.5147668],[19.0785265,47.5146065],[19.0780642,47.5143059],[19.078003,47.5139355],[19.078079,47.5137603],[19.0792926,47.5126811],[19.0795368,47.5124675],[19.0797633,47.5122743],[19.0805642,47.5127045],[19.0806605,47.512617],[19.081013,47.5122967],[19.0814053,47.5119593],[19.081509,47.511921],[19.08158,47.5119235],[19.0816588,47.5119218],[19.0817509,47.5119088],[19.0818238,47.51189],[19.081879,47.5118692],[19.0819528,47.5118323],[19.0820108,47.5117907],[19.0820647,47.5117376],[19.0821111,47.5116696],[19.0821353,47.5115986],[19.0821367,47.5115289],[19.082124,47.511468],[19.0820916,47.5114017],[19.082054,47.5113679],[19.0828664,47.5106815],[19.082292,47.5103868],[19.0828926,47.5098509],[19.0831441,47.5099669],[19.083259,47.509829],[19.0832656,47.5098236],[19.0832778,47.5098144],[19.0831118,47.5097371],[19.0829186,47.509648],[19.0829228,47.5095792],[19.0844417,47.5082695],[19.0851518,47.5076572],[19.085472,47.5078032],[19.0855475,47.5078376],[19.0856834,47.5077377],[19.0858738,47.5076531],[19.0860363,47.5076168],[19.0861149,47.5076076],[19.0861967,47.5076038],[19.0863614,47.5076089],[19.0864487,47.5076135],[19.0864479,47.5076366],[19.0868254,47.507731],[19.0896382,47.5098532],[19.0921366,47.5117381],[19.0937649,47.5129834],[19.0903945,47.5152291],[19.0895574,47.5157868],[19.0870058,47.5174399],[19.0857275,47.5184075]],[[19.0791243,47.5168949],[19.0791756,47.5168575],[19.0792203,47.5168249],[19.079303,47.5167547],[19.0793533,47.5167023],[19.0794011,47.5166362],[19.0796143,47.5162743],[19.0796624,47.5161991],[19.0796897,47.5161603],[19.0797279,47.5161211],[19.0798892,47.5159478],[19.0799213,47.515908],[19.0799449,47.5158723],[19.0799888,47.5158137],[19.0800605,47.5157391],[19.0802006,47.5155951],[19.0802727,47.5155321],[19.080327,47.5154951],[19.0803756,47.5154696],[19.0804468,47.5154422],[19.0805128,47.5154272],[19.0805926,47.5154199],[19.080685,47.5154177],[19.0807505,47.5154276],[19.0808162,47.5154448],[19.0809015,47.5154792],[19.0809817,47.5155152],[19.0810641,47.5155678],[19.081099,47.5155901],[19.0815312,47.5157904],[19.0816189,47.5158382],[19.0817972,47.5159739],[19.0818529,47.5160357],[19.0819179,47.5161306],[19.0819321,47.5161988],[19.0819557,47.5162784],[19.0820161,47.5163695],[19.0820736,47.5164211],[19.0821698,47.5164179],[19.0821723,47.5164531],[19.0822964,47.516449],[19.0822988,47.5164815],[19.0822362,47.5164836],[19.0822389,47.5165205],[19.0823182,47.5165178],[19.0823158,47.5164847],[19.0823922,47.5164822],[19.0823947,47.5165159],[19.0824502,47.5165141],[19.0824494,47.5165035],[19.0824966,47.5165019],[19.0824998,47.5165456],[19.0826054,47.5165421],[19.0826031,47.5165098],[19.0827848,47.5165038],[19.0827833,47.5164828],[19.0828819,47.5164796],[19.0828836,47.5165029],[19.0829486,47.5164975],[19.0830128,47.5164851],[19.0831009,47.5164522],[19.0831816,47.5164161],[19.0832616,47.5163774],[19.0833243,47.5163427],[19.0833797,47.5163139],[19.0834611,47.5162657],[19.0835259,47.5162254],[19.0835433,47.5162343],[19.0836027,47.5162645],[19.0836695,47.5162046],[19.0836087,47.5161737],[19.0835893,47.5161638],[19.0836112,47.5161309],[19.0836445,47.5160818],[19.0837232,47.515953],[19.0837693,47.5158539],[19.083787,47.5158101],[19.0838066,47.5157174],[19.0838384,47.5155897],[19.0838653,47.5154565],[19.0838987,47.5151799],[19.0839107,47.5150425],[19.0839113,47.5148614],[19.0839,47.5147794],[19.083888,47.514696],[19.08386,47.514623],[19.0838099,47.5145451],[19.0837199,47.5144572],[19.0836045,47.5143684],[19.0833616,47.5142244],[19.0832172,47.5141425],[19.0830635,47.5140447],[19.082931,47.5139573],[19.0829092,47.5139417],[19.0828153,47.5138681],[19.0827279,47.5138036],[19.0826869,47.5137807],[19.0825001,47.5137189],[19.0823265,47.5136815],[19.0821474,47.5136574],[19.0821001,47.5136531],[19.0820674,47.5136536],[19.0820254,47.5136585],[19.0817999,47.5137235],[19.0816926,47.5137599],[19.0816297,47.5137814],[19.0815481,47.5138181],[19.0815474,47.5138428],[19.0815346,47.5138567],[19.0815016,47.5138718],[19.0815446,47.5139147],[19.081507,47.5139328],[19.0814493,47.5138823],[19.0814194,47.5138778],[19.081351,47.5139219],[19.0810173,47.5141443],[19.081118,47.5142233],[19.0810108,47.5142931],[19.080906,47.5142215],[19.0791941,47.5153175],[19.079171,47.5153385],[19.0791585,47.5153477],[19.079153,47.5153645],[19.0791343,47.5153907],[19.0790931,47.5154397],[19.0790168,47.5155099],[19.0787668,47.5157558],[19.0787097,47.5158269],[19.0786762,47.5158832],[19.0785641,47.516137],[19.0785443,47.516186],[19.0785367,47.5162316],[19.0785367,47.516302],[19.0785452,47.5163689],[19.0785669,47.5164307],[19.078591,47.5164759],[19.0786282,47.5165218],[19.0786651,47.5165676],[19.0787016,47.5166078],[19.0786992,47.5166618],[19.0786074,47.5167062],[19.0785683,47.5167192],[19.0784986,47.5167344],[19.0784639,47.5167478],[19.0784005,47.5167745],[19.0783338,47.5167953],[19.0782498,47.5168097],[19.0781811,47.5168354],[19.0781437,47.5168714],[19.0780999,47.5169179],[19.0780512,47.5169956],[19.0780296,47.5170361],[19.0780229,47.5170609],[19.0780259,47.5170922],[19.0780366,47.5171233],[19.0780763,47.5171868],[19.0781269,47.5172474],[19.0781673,47.5173019],[19.0781943,47.5173587],[19.0782217,47.5175247],[19.078234,47.5175986],[19.078258,47.5177011],[19.0782744,47.5177421],[19.0782934,47.5177772],[19.0783267,47.5178175],[19.0783621,47.5178475],[19.0783898,47.5178709],[19.0784268,47.5178898],[19.0784585,47.5178989],[19.0784952,47.5179007],[19.0785278,47.5178964],[19.0785689,47.5178842],[19.0786159,47.5178626],[19.0786633,47.5178335],[19.0786959,47.5178117],[19.078731,47.5177806],[19.0787993,47.5177027],[19.0788594,47.5176225],[19.0788874,47.5175772],[19.0789094,47.517536],[19.0789374,47.5174785],[19.0789678,47.5174112],[19.0790131,47.5172772],[19.0790165,47.517254],[19.0790158,47.5172323],[19.0790051,47.5171512],[19.0790008,47.5171206],[19.0789941,47.517094],[19.0789868,47.5170735],[19.0789831,47.517058],[19.0789831,47.5170463],[19.0789891,47.5170359],[19.0790015,47.5170249],[19.0789851,47.517014],[19.079056,47.5169622],[19.0790713,47.5169717],[19.0790803,47.5169649],[19.0790717,47.5169546],[19.0791447,47.5169046],[19.0791243,47.5168949]]]}},
{"type":"Feature","properties":{"id":"relation/14455125","leisure":"park"},"geometry":{"type":"Polygon","coordinates":[[[19.0394997,47.4983261],[19.0394314,47.4984426],[19.0393653,47.4985407],[19.0392812,47.4986655],[19.039029,47.4990474],[19.0389492,47.4991638],[19.0388775,47.4992685],[19.0387796,47.4993985],[19.0386093,47.4996155],[19.0383504,47.4997981],[19.0383115,47.4997976],[19.0376459,47.4996707],[19.037322,47.499851],[19.037075,47.5000097],[19.0371434,47.5000993],[19.0373674,47.500296],[19.0370794,47.5004418],[19.0368021,47.5001786],[19.0369463,47.500069],[19.0369128,47.5000568],[19.0371425,47.4997967],[19.0372051,47.4997917],[19.0372509,47.4997916],[19.0373261,47.4997111],[19.0373228,47.4996486],[19.037345,47.4996189],[19.0371553,47.4995879],[19.0369094,47.4995318],[19.0369377,47.4993931],[19.037234,47.4994067],[19.0372701,47.4993824],[19.0374045,47.4993764],[19.0374892,47.4993435],[19.0375179,47.4993125],[19.037762,47.4992781],[19.0377982,47.499275],[19.0378309,47.4993023],[19.0378771,47.4992834],[19.0378361,47.4992629],[19.0379002,47.4992151],[19.0378758,47.4992006],[19.0380227,47.4990731],[19.0380503,47.499029],[19.0381239,47.4990572],[19.0382737,47.4988484],[19.0383288,47.4986887],[19.0381599,47.4986664],[19.0382743,47.4984195],[19.0383057,47.4983508],[19.0383352,47.4983494],[19.0383644,47.4982942],[19.038556,47.4979326],[19.0386093,47.497832],[19.0386487,47.4977507],[19.0386734,47.4976998],[19.0397864,47.4979408],[19.0396262,47.4980422],[19.0394921,47.498015],[19.0394275,47.4981601],[19.0393657,47.4982988],[19.0394997,47.4983261]]]}},
{"type":"Feature","properties":{"id":"relation/14455126","leisure":"park"},"geometry":{"type":"Polygon","coordinates":[[[19.0402676,47.4980901],[19.0401505,47.4980249],[19.040098,47.4980102],[19.0400991,47.4979788],[19.040062,47.4979674],[19.0400252,47.4979484],[19.0399992,47.4979271],[19.0399716,47.4978831],[19.0399741,47.4978143],[19.040007,47.4977604],[19.0399742,47.4977544],[19.0399377,47.4977442],[19.0401958,47.4973649],[19.0404468,47.4974429],[19.0407114,47.4975352],[19.0407141,47.497566],[19.0406598,47.4976661],[19.0405096,47.4979212],[19.0404479,47.4979765],[19.0404124,47.4980191],[19.0403373,47.4980657],[19.0402676,47.4980901]]]}},
{"type":"Feature","properties":{"id":"relation/14455127","leisure":"park","name":"Ellyps sétány"},"geometry":{"type":"Polygon","coordinates":[[[19.0395983,47.4978007],[19.0387066,47.4976225],[19.038809,47.4974835],[19.0388211,47.4974672],[19.0387941,47.4974517],[19.0388423,47.4974138],[19.0388327,47.4974081],[19.0389874,47.4972903],[19.03963,47.496794],[19.0396012,47.4967695],[19.0397616,47.4966759],[19.0398471,47.4967406],[19.0398256,47.4967732],[19.0398538,47.4967872],[19.0399108,47.496785],[19.0400194,47.4968171],[19.0402066,47.4967918],[19.0403521,47.4967272],[19.0405518,47.4965586],[19.040689,47.4964349],[19.0408387,47.4962776],[19.0409053,47.4961427],[19.0410347,47.4959202],[19.0410588,47.4958822],[19.0409933,47.495863],[19.0411953,47.4955342],[19.041479,47.49519],[19.0415034,47.4951994],[19.0415182,47.4952052],[19.0415453,47.4951748],[19.0415931,47.4951924],[19.041623,47.4952037],[19.0416529,47.495215],[19.0416315,47.4952517],[19.0413268,47.4957234],[19.0412023,47.4959161],[19.0411855,47.4959424],[19.0413471,47.4959834],[19.0412473,47.4963026],[19.040685,47.497146],[19.0404468,47.4974429],[19.0401958,47.4973649],[19.0399377,47.4977442],[19.0399071,47.4977366],[19.0398798,47.4977443],[19.0398521,47.497746],[19.039826,47.4977439],[19.0397994,47.4977419],[19.039768,47.4977361],[19.0396548,47.4976857],[19.0395983,47.4978007]]]}},
{"type":"Feature","properties":{"id":"relation/14541772","leisure":"park"},"geometry":{"type":"Polygon","coordinates":[[[19.0776129,47.5041269],[19.0775281,47.5041999],[19.0774262,47.5043141],[19.0773236,47.5044071],[19.0772223,47.5044916],[19.0771674,47.5044955],[19.0770909,47.5044663],[19.0770426,47.5044318],[19.077092,47.5043698],[19.0771626,47.5043345],[19.0772329,47.5042993],[19.0775092,47.5040868],[19.0776129,47.5041269]]]}},
{"type":"Feature","properties":{"id":"relation/14603228","leisure":"park","name":"Végh György park"},"geometry":{"type":"Polygon","coordinates":[[[19.0361168,47.5070701],[19.0361484,47.5070725],[19.0361791,47.5068941],[19.0362342,47.5068892],[19.0364086,47.5069007],[19.036586,47.5069114],[19.0365661,47.5072372],[19.0358865,47.5072217],[19.0358944,47.5070771],[19.0360793,47.5070672],[19.0361168,47.5070701]]]}},
{"type":"Feature","properties":{"id":"relation/15777210","landuse":"grass"},"geometry":{"type":"Polygon","coordinates":[[[19.0489388,47.4883178],[19.0488975,47.4883733],[19.0488281,47.4884551],[19.0487849,47.4884958],[19.0487735,47.4884714],[19.0487085,47.4884197],[19.0486528,47.4884097],[19.0487286,47.4883744],[19.0488318,47.488335],[19.0489043,47.4883164],[19.0489324,47.4883112],[19.0489388,47.4883178]],[[19.0487192,47.4883957],[19.0487403,47.4884057],[19.048752,47.4883966],[19.0487665,47.4883986],[19.0487762,47.4884032],[19.0487779,47.4884138],[19.0487678,47.4884233],[19.048809,47.4884462],[19.0488962,47.4883511],[19.0488949,47.4883411],[19.0488724,47.4883361],[19.0488469,47.4883386],[19.0487232,47.4883869],[19.0487192,47.4883957]]]}},
{"type":"Feature","properties":{"id":"relation/15777211","landuse":"grass"},"geometry":{"type":"Polygon","coordinates":[[[19.0488288,47.4882647],[19.0487101,47.4883042],[19.0487041,47.4882971],[19.0490843,47.4880815],[19.0490907,47.488086],[19.0490541,47.4881426],[19.0490052,47.4882174],[19.0489911,47.488226],[19.0488288,47.4882647]],[[19.0488389,47.4882362],[19.0488409,47.4882441],[19.0488526,47.4882468],[19.0489757,47.4882117],[19.0490062,47.4881864],[19.0490286,47.4881551],[19.0490229,47.4881435],[19.0490092,47.4881392],[19.0488389,47.4882362]]]}},
{"type":"Feature","properties":{"id":"relation/15777212","landuse":"grass"},"geometry":{"type":"Polygon","coordinates":[[[19.049208,47.4881578],[19.0492037,47.4881517],[19.049208,47.4881408],[19.0492627,47.4880636],[19.0492989,47.4880275],[19.0494229,47.4879294],[19.0494665,47.4879068],[19.0494779,47.4879104],[19.0494806,47.4879278],[19.0494679,47.4879435],[19.0494011,47.4880151],[19.0492818,47.4881216],[19.0492338,47.4881503],[19.049208,47.4881578]],[[19.0492583,47.4881075],[19.0492684,47.4881107],[19.0492794,47.4881061],[19.0494444,47.4879482],[19.049443,47.4879403],[19.0494353,47.4879365],[19.0494253,47.4879383],[19.0493921,47.4879645],[19.0493166,47.4880244],[19.0492576,47.4880926],[19.0492533,47.4881021],[19.0492583,47.4881075]]]}},
{"type":"Feature","properties":{"id":"relation/16017769","leisure":"park"},"geometry":{"type":"Polygon","coordinates":[[[19.0779758,47.5049407],[19.0778961,47.5050265],[19.077765,47.504971],[19.0778447,47.5048852],[19.0779758,47.5049407]]]}},
{"type":"Feature","properties":{"id":"relation/16309841","natural":"scrub"},"geometry":{"type":"Polygon","coordinates":[[[19.0294868,47.4830026],[19.0294474,47.4829492],[19.0278542,47.480628],[19.0279441,47.4806392],[19.0280604,47.4807137],[19.0281385,47.4807705],[19.0283501,47.4811161],[19.0284928,47.4813567],[19.0286953,47.4816649],[19.0289324,47.4820173],[19.0290646,47.4822135],[19.0292903,47.4825471],[19.0293149,47.4825416],[19.0293939,47.4826533],[19.0294511,47.4827067],[19.0295574,47.4827865],[19.0295336,47.4828127],[19.0295512,47.4828773],[19.0295555,47.4829109],[19.0295519,47.4829443],[19.0295206,47.4829811],[19.0294868,47.4830026]]]}},
{"type":"Feature","properties":{"id":"relation/16316154","landuse":"grass"},"geometry":{"type":"Polygon","coordinates":[[[19.0263541,47.4885632],[19.0263695,47.4885454],[19.0263753,47.4885425],[19.0263874,47.4885396],[19.0264003,47.4885394],[19.0264126,47.4885418],[19.0264242,47.4885475],[19.0264322,47.4885554],[19.0264358,47.4885648],[19.0264344,47.4885743],[19.0264283,47.488583],[19.0264181,47.4885898],[19.0264051,47.4885938],[19.0263909,47.4885945],[19.0263771,47.488592],[19.0263665,47.488587],[19.0263587,47.4885801],[19.0263544,47.4885719],[19.0263541,47.4885632]]]}},
{"type":"Feature","properties":{"id":"relation/16316155","landuse":"grass"},"geometry":{"type":"Polygon","coordinates":[[[19.0263695,47.4885454],[19.0263541,47.4885632],[19.0263466,47.4885625],[19.0263409,47.4885611],[19.0263361,47.4885585],[19.0263327,47.4885553],[19.0263308,47.4885514],[19.0263307,47.4885474],[19.0263323,47.4885435],[19.0263355,47.4885401],[19.02634,47.4885375],[19.0263455,47.4885359],[19.0263514,47.4885355],[19.0263573,47.4885362],[19.0263626,47.488538],[19.0263669,47.4885409],[19.0263695,47.4885454]]]}},
{"type":"Feature","properties":{"id":"relation/16316156","landuse":"grass"},"geometry":{"type":"Polygon","coordinates":[[[19.0269589,47.4894842],[19.0269812,47.4894701],[19.026988,47.4894722],[19.0269929,47.4894747],[19.0269965,47.4894781],[19.0269984,47.4894819],[19.0269986,47.4894859],[19.026997,47.4894898],[19.0269938,47.4894932],[19.0269893,47.4894958],[19.0269838,47.4894975],[19.0269779,47.4894979],[19.026972,47.4894972],[19.0269667,47.4894954],[19.0269624,47.4894926],[19.0269595,47.4894891],[19.0269589,47.4894842]]]}},
{"type":"Feature","properties":{"id":"relation/16316157","landuse":"grass"},"geometry":{"type":"Polygon","coordinates":[[[19.0269812,47.4894701],[19.0269589,47.4894842],[19.0269522,47.4894859],[19.0269393,47.4894864],[19.0269269,47.4894841],[19.0269161,47.4894793],[19.0269074,47.4894717],[19.026903,47.4894625],[19.0269035,47.4894529],[19.0269089,47.489444],[19.0269185,47.4894368],[19.0269311,47.4894323],[19.0269452,47.489431],[19.0269592,47.489433],[19.0269712,47.4894381],[19.0269793,47.4894449],[19.0269839,47.489453],[19.0269846,47.4894617],[19.0269812,47.4894701]]]}},
{"type":"Feature","properties":{"id":"relation/16405224","leisure":"park"},"geometry":{"type":"Polygon","coordinates":[[[19.0630021,47.4985776],[19.062953,47.4985586],[19.0632702,47.498164],[19.063297,47.49814],[19.0634126,47.4981795],[19.063314,47.4982752],[19.0630021,47.4985776]]]}},
{"type":"Feature","properties":{"id":"relation/16405229","leisure":"park","name":"Janikovszky Éva park"},"geometry":{"type":"Polygon","coordinates":[[[19.0627006,47.4988862],[19.0630344,47.4986007],[19.0630021,47.4985776],[19.063314,47.4982752],[19.0634126,47.4981795],[19.0634515,47.4981928],[19.0635077,47.4982121],[19.0636245,47.498252],[19.0637423,47.4980947],[19.0637785,47.4980464],[19.0638116,47.4979982],[19.0638728,47.4980206],[19.0639141,47.4980358],[19.0638353,47.4981245],[19.0640004,47.4981822],[19.0637929,47.4984589],[19.0636689,47.4986114],[19.0634345,47.4985627],[19.0634076,47.4985917],[19.0632386,47.4988046],[19.0631716,47.4988735],[19.0630482,47.4989979],[19.0629865,47.4990601],[19.0628481,47.4991969],[19.0626959,47.4991134],[19.0626686,47.4990926],[19.0626366,47.4990682],[19.0625419,47.499],[19.0626481,47.4989239],[19.0627006,47.4988862]]]}},
{"type":"Feature","properties":{"id":"relation/17424044","leisure":"park"},"geometry":{"type":"Polygon","coordinates":[[[19.0779619,47.5047895],[19.0780431,47.504702],[19.0781538,47.5047489],[19.0780726,47.5048364],[19.0779619,47.5047895]]]}},
{"type":"Feature","properties":{"id":"relation/17639831","landuse":"forest","leisure":"park"},"geometry":{"type":"Polygon","coordinates":[[[19.0458314,47.4897731],[19.0457909,47.4898117],[19.0456906,47.4899252],[19.0456293,47.4899748],[19.045521,47.4900317],[19.0454566,47.4900534],[19.0454164,47.4900622],[19.0450959,47.490079],[19.0445641,47.4901046],[19.0444374,47.4901114],[19.0441142,47.4901253],[19.0435667,47.4901361],[19.0432294,47.4901542],[19.0428616,47.4902012],[19.0422819,47.4903065],[19.0415765,47.4904215],[19.0409059,47.4905081],[19.0401489,47.4905702],[19.0395648,47.4905697],[19.0395561,47.4903848],[19.0395764,47.4901497],[19.0397391,47.4901063],[19.0399549,47.4900177],[19.0401252,47.4899176],[19.0401442,47.4899064],[19.0402078,47.4898622],[19.0401776,47.489736],[19.0400136,47.4895561],[19.0398803,47.4894384],[19.0400961,47.4893318],[19.0399952,47.4892331],[19.0399014,47.4891344],[19.0396034,47.4889656],[19.0395782,47.4891397],[19.0394859,47.4892057],[19.0394201,47.4890699],[19.0393189,47.4890489],[19.0390188,47.4889717],[19.0388293,47.4888603],[19.0386074,47.4888301],[19.0384219,47.4888048],[19.038269,47.4887657],[19.0380933,47.4887329],[19.0379211,47.4888483],[19.0379166,47.4889907],[19.0378374,47.4890898],[19.0377459,47.48912],[19.0376729,47.4890338],[19.0380031,47.4886567],[19.0393308,47.4888008],[19.0398779,47.4889005],[19.0409398,47.4891242],[19.0414631,47.4892285],[19.0417126,47.4892666],[19.0420733,47.4892983],[19.0427171,47.4893219],[19.0435137,47.4893672],[19.043857,47.4893862],[19.0438664,47.4892883],[19.0437085,47.489284],[19.043739,47.488668],[19.0436598,47.4886467],[19.0437463,47.4885287],[19.0438108,47.4884408],[19.0438758,47.4883522],[19.0433313,47.4880957],[19.0425763,47.4878483],[19.0423162,47.4883219],[19.0416424,47.4881268],[19.042105,47.4876247],[19.041997,47.487592],[19.0418036,47.4875341],[19.0416496,47.4874817],[19.0417865,47.4872643],[19.0419709,47.4869715],[19.0420135,47.4869039],[19.0418212,47.4868351],[19.0417011,47.4867659],[19.0415637,47.4870078],[19.0414706,47.4869816],[19.0416774,47.4866124],[19.0417656,47.4863113],[19.0417939,47.4860773],[19.0419292,47.4862402],[19.0422596,47.4867077],[19.0423536,47.4868236],[19.0423669,47.4868399],[19.0422876,47.4869152],[19.0423142,47.4870052],[19.0423735,47.4870758],[19.0424523,47.4870927],[19.042572,47.4871673],[19.0428595,47.4872736],[19.0431826,47.4873989],[19.0433306,47.487408],[19.0436024,47.4874717],[19.0437095,47.4875132],[19.0437395,47.4875513],[19.0436532,47.4876938],[19.0436544,47.4877595],[19.0437034,47.4879023],[19.043702,47.4879719],[19.0437015,47.4879952],[19.0436275,47.4880497],[19.0436275,47.4881204],[19.0438537,47.4882612],[19.0440511,47.4883656],[19.0442499,47.4881922],[19.0441504,47.4879376],[19.0440281,47.4878498],[19.0439369,47.4877591],[19.0439166,47.4877321],[19.0438525,47.4876466],[19.0438526,47.4876372],[19.0438671,47.4876355],[19.0438811,47.487647],[19.0438998,47.4876549],[19.0439213,47.4876583],[19.0439405,47.487657],[19.043944,47.4876656],[19.0439618,47.4876613],[19.0439776,47.4876543],[19.04399,47.4876458],[19.0439997,47.4876337],[19.044005,47.48762],[19.0440043,47.4876021],[19.0439969,47.4875884],[19.043983,47.4875742],[19.0439583,47.4875607],[19.0439439,47.4875544],[19.0439421,47.4875204],[19.0439971,47.4874836],[19.0441297,47.4874617],[19.044477,47.4874907],[19.0447884,47.487523],[19.0451532,47.4875416],[19.0453435,47.4875194],[19.0455911,47.4874999],[19.0456071,47.487443],[19.0457899,47.487466],[19.0461347,47.4874332],[19.0464335,47.4874073],[19.0465762,47.4873958],[19.0466735,47.487389],[19.0468379,47.4873984],[19.0468999,47.4873923],[19.0470482,47.48735],[19.0473285,47.4872239],[19.0474661,47.4871675],[19.0475197,47.4871474],[19.0475761,47.4871341],[19.0476151,47.4871577],[19.0478045,47.4870697],[19.0478795,47.4870347],[19.0479755,47.4869654],[19.0481651,47.4868415],[19.048173,47.4868343],[19.0481841,47.4868443],[19.0482151,47.4868424],[19.0482374,47.4868378],[19.0482635,47.4868281],[19.0482732,47.4868181],[19.0482812,47.4868029],[19.0482876,47.4867893],[19.0484342,47.4867589],[19.0484759,47.4867409],[19.0485083,47.4867134],[19.0485271,47.4866846],[19.0485673,47.4866819],[19.0485639,47.4866487],[19.048543,47.4866115],[19.0485242,47.4865819],[19.0484696,47.4865432],[19.0484022,47.4865266],[19.0483144,47.4865278],[19.0481717,47.4865797],[19.0481323,47.4865727],[19.0480688,47.4865954],[19.0479743,47.4866142],[19.0477675,47.4865798],[19.0477519,47.4865662],[19.0476003,47.4865618],[19.0474201,47.4865817],[19.0472141,47.4866204],[19.0470154,47.4866326],[19.0466996,47.4866117],[19.0466216,47.4866057],[19.0466026,47.4862717],[19.0469639,47.4861264],[19.0470786,47.4859607],[19.0471418,47.4858116],[19.0471519,47.4857072],[19.0471557,47.4856425],[19.0471467,47.4855682],[19.0471764,47.4854231],[19.0473282,47.485386],[19.0474502,47.4853666],[19.0475775,47.4853329],[19.0481704,47.4851745],[19.0484167,47.4851066],[19.0498832,47.484713],[19.0500613,47.4843741],[19.0502245,47.4842588],[19.0503247,47.4840818],[19.0503139,47.484069],[19.0502934,47.4840448],[19.0503332,47.4840369],[19.050339,47.4840501],[19.0507036,47.4841221],[19.0507011,47.4841289],[19.0506963,47.4841422],[19.0513026,47.4842661],[19.0513427,47.4842744],[19.0514465,47.4842958],[19.0518702,47.4843873],[19.0525126,47.4845626],[19.0525621,47.4845944],[19.0522972,47.4851073],[19.0522806,47.4851294],[19.0521932,47.4851677],[19.052159,47.4852018],[19.0521429,47.4853028],[19.0520816,47.4853714],[19.0520516,47.4853872],[19.0520129,47.4853897],[19.0519764,47.4853694],[19.0519443,47.4853295],[19.0518961,47.4853018],[19.0518173,47.4852999],[19.0517348,47.485328],[19.0516106,47.4853878],[19.0515121,47.4854407],[19.0514825,47.4855299],[19.0513999,47.4856448],[19.051222,47.4857424],[19.0511506,47.4858539],[19.0510556,47.4858961],[19.0508915,47.4860712],[19.0509246,47.4862916],[19.0508209,47.4863714],[19.0505853,47.4863826],[19.0503694,47.4864717],[19.0502009,47.4864229],[19.0500459,47.4864535],[19.0497785,47.486729],[19.0497297,47.4870173],[19.0495487,47.4870708],[19.0495285,47.4871468],[19.0494494,47.4872551],[19.0494461,47.4873821],[19.0493401,47.4874586],[19.0492724,47.4875805],[19.049259,47.4876526],[19.0491637,47.4877146],[19.0490608,47.4877378],[19.0490219,47.4877951],[19.0489851,47.4878275],[19.0489559,47.4878628],[19.0487983,47.487967],[19.0486233,47.4880531],[19.0483079,47.4882109],[19.0481378,47.4882244],[19.0479012,47.4883318],[19.0474363,47.4886821],[19.0470757,47.4888728],[19.0470555,47.4889576],[19.0470364,47.4890202],[19.0466994,47.4891346],[19.0465051,47.489248],[19.0464496,47.4892814],[19.0463917,47.4893087],[19.0462167,47.4894415],[19.0461139,47.4895355],[19.0459743,47.4896475],[19.0458314,47.4897731]]]}},
{"type":"Feature","properties":{"id":"relation/17646735","leisure":"park"},"geometry":{"type":"Polygon","coordinates":[[[19.0664042,47.5364723],[19.067455,47.5362522],[19.0676678,47.5367307],[19.0666133,47.5369459],[19.0664759,47.5366532],[19.0665772,47.5366325],[19.0665113,47.5364759],[19.0664148,47.5364953],[19.0664042,47.5364723]],[[19.0666186,47.5368583],[19.0668724,47.5368056],[19.0668396,47.5367335],[19.066815,47.5367386],[19.0667848,47.5366721],[19.0665851,47.5367136],[19.0666122,47.5367731],[19.0665826,47.5367792],[19.0666186,47.5368583]],[[19.0668598,47.5365409],[19.0671136,47.5364883],[19.0670808,47.5364162],[19.0670562,47.5364213],[19.067026,47.5363548],[19.0668263,47.5363962],[19.0668534,47.5364558],[19.0668238,47.5364619],[19.0668598,47.5365409]],[[19.0673249,47.5367231],[19.0675788,47.5366704],[19.067546,47.5365983],[19.0675214,47.5366034],[19.0674911,47.536537],[19.0672915,47.5365784],[19.0673186,47.5366379],[19.0672889,47.5366441],[19.0673249,47.5367231]]]}},
{"type":"Feature","properties":{"id":"relation/17912570","landuse":"grass"},"geometry":{"type":"Polygon","coordinates":[[[19.0439166,47.4877321],[19.0439369,47.4877591],[19.0440281,47.4878498],[19.0441504,47.4879376],[19.0442499,47.4881922],[19.0440511,47.4883656],[19.0438537,47.4882612],[19.0436275,47.4881204],[19.0436275,47.4880497],[19.0437015,47.4879952],[19.043702,47.4879719],[19.0437034,47.4879023],[19.0436544,47.4877595],[19.0436721,47.4877751],[19.0436909,47.4877845],[19.0437113,47.4877914],[19.0437386,47.4877965],[19.0437574,47.4877965],[19.0437735,47.4877939],[19.0437928,47.4877907],[19.0438137,47.4877823],[19.0438288,47.487774],[19.0438422,47.487766],[19.043854,47.4877541],[19.0439166,47.4877321]]]}},
{"type":"Feature","properties":{"id":"relation/1801776","leisure":"park","name":"Thurzó park"},"geometry":{"type":"Polygon","coordinates":[[[19.0576544,47.5187051],[19.0577087,47.5188122],[19.0578794,47.5187729],[19.0579476,47.5187575],[19.0579743,47.5188082],[19.0581263,47.5187735],[19.0581621,47.5188462],[19.0583613,47.5192502],[19.0583379,47.5192556],[19.0577598,47.5193898],[19.0576952,47.5194048],[19.0576008,47.5192182],[19.0575163,47.5192377],[19.057506,47.5192172],[19.0571838,47.5192915],[19.0571296,47.5191843],[19.0570081,47.5189441],[19.0569674,47.5188635],[19.0575513,47.5187289],[19.0576544,47.5187051]]]}},
{"type":"Feature","properties":{"id":"relation/18232492","leisure":"park","name":"Óbudai-sziget","name:en":"Óbuda Island","place":"island"},"geometry":{"type":"Polygon","coordinates":[[[19.0478984,47.5451583],[19.0477496,47.5446919],[19.0476466,47.543933],[19.0477753,47.5417718],[19.04805,47.5406883],[19.0482045,47.5373566],[19.0483541,47.5373004],[19.048633,47.5372689],[19.0495606,47.5410592],[19.0499382,47.5425251],[19.0501261,47.5427417],[19.0502571,47.5432383],[19.0504751,47.5433736],[19.0505679,47.5442109],[19.0505841,47.5450135],[19.0505991,47.5463315],[19.0506249,47.5471252],[19.0507064,47.5473755],[19.051304,47.5473818],[19.0516291,47.5450917],[19.0515347,47.544999],[19.051569,47.544466],[19.0515175,47.5435853],[19.0512858,47.5433246],[19.0508652,47.5423165],[19.0507193,47.5416849],[19.0505991,47.5416096],[19.0503073,47.5403001],[19.0501872,47.5401495],[19.0500355,47.5396373],[19.0499455,47.5388954],[19.0495181,47.5381189],[19.0491847,47.5373742],[19.0493315,47.537243],[19.0494902,47.5372944],[19.0499653,47.5379431],[19.0503417,47.5384923],[19.0504514,47.5386835],[19.0511682,47.539089],[19.0513218,47.5393244],[19.0512265,47.5394198],[19.0519961,47.5402776],[19.0522647,47.5404124],[19.0526958,47.5409572],[19.0528771,47.54108],[19.0531226,47.54143],[19.0532942,47.5415632],[19.0536182,47.5420222],[19.0537468,47.5423354],[19.0538423,47.5425241],[19.0539743,47.5428121],[19.054041,47.5428785],[19.0545388,47.543707],[19.056573,47.5471021],[19.0581351,47.5494483],[19.0584182,47.549973],[19.0585044,47.5501391],[19.0594601,47.5517054],[19.0599461,47.5524317],[19.0608798,47.5549528],[19.0610987,47.5556218],[19.0612502,47.5558844],[19.0612726,47.5561722],[19.0614138,47.5567646],[19.0616112,47.5579405],[19.0613709,47.5590583],[19.061361,47.5601132],[19.0612078,47.5604311],[19.060936,47.560565],[19.0605654,47.5606313],[19.060193,47.5606329],[19.0591312,47.5605876],[19.0590106,47.5605469],[19.0582613,47.5602596],[19.0578776,47.5601125],[19.0560923,47.5591394],[19.0546589,47.5573323],[19.0515347,47.5546909],[19.0504275,47.5535787],[19.0491658,47.5518583],[19.0489083,47.551279],[19.0488396,47.5499234],[19.0489855,47.5487591],[19.0490714,47.5484867],[19.0489499,47.5480264],[19.0486508,47.5468935],[19.0481101,47.5458217],[19.0478984,47.5451583]]]}},
{"type":"Feature","properties":{"id":"relation/18962583","natural":"scrub"},"geometry":{"type":"Polygon","coordinates":[[[19.0279534,47.5444805],[19.0276426,47.5442454],[19.027618,47.5441961],[19.0275802,47.5441652],[19.0275513,47.5440772],[19.0275389,47.5440348],[19.0275421,47.5440051],[19.0276176,47.5439974],[19.0276608,47.5435213],[19.0277184,47.5434435],[19.0276396,47.5434468],[19.027633,47.5433531],[19.0277134,47.543324],[19.0276664,47.543213],[19.0276237,47.5431852],[19.0275826,47.5431471],[19.0275344,47.5431121],[19.0274151,47.5430378],[19.027401,47.542984],[19.0273433,47.5429337],[19.0271375,47.5428767],[19.0271348,47.5427961],[19.026829,47.5424249],[19.0266788,47.5422258],[19.026818,47.541434],[19.0270162,47.5411091],[19.0268276,47.5410171],[19.0271723,47.5404368],[19.0268987,47.5402159],[19.0265072,47.5401019],[19.0258048,47.5394665],[19.0261507,47.538717],[19.026601,47.5386741],[19.0266609,47.5387707],[19.0266291,47.5389355],[19.0267423,47.539086],[19.026714,47.5391434],[19.0266716,47.5392461],[19.0267282,47.5394707],[19.0269334,47.5396331],[19.0275315,47.5397526],[19.0276306,47.5398123],[19.0281643,47.5398828],[19.0282261,47.5400849],[19.0282591,47.5402171],[19.028023,47.5402386],[19.0277718,47.5409286],[19.0282059,47.540997],[19.0281657,47.5411127],[19.0280559,47.5411533],[19.0279377,47.5412428],[19.0276559,47.5422052],[19.0277098,47.542292],[19.0279481,47.5424375],[19.0280885,47.5425047],[19.0280166,47.5425726],[19.0280667,47.5426173],[19.0281287,47.5426494],[19.0281489,47.5426673],[19.0281367,47.5426809],[19.0279838,47.5426383],[19.0279491,47.5427063],[19.0279518,47.5428307],[19.0282906,47.5431558],[19.0281028,47.5437614],[19.0280247,47.5441175],[19.0279534,47.5444805]]]}},
{"type":"Feature","properties":{"id":"relation/18962585","landuse":"forest"},"geometry":{"type":"Polygon","coordinates":[[[19.0207531,47.5434669],[19.0206465,47.543285],[19.0207699,47.5431437],[19.0209228,47.5429029],[19.0211749,47.5422692],[19.0213707,47.5416934],[19.021581,47.5420664],[19.0223578,47.5415232],[19.0225273,47.5415711],[19.0222558,47.5418926],[19.022119,47.5422348],[19.0221512,47.5425137],[19.0224436,47.5426766],[19.0226769,47.5426603],[19.0228647,47.5425607],[19.0229988,47.5422855],[19.0232349,47.5422511],[19.0234494,47.5423525],[19.0235969,47.5423978],[19.0238719,47.5423607],[19.024234,47.5422068],[19.0242876,47.5424575],[19.0239725,47.5428459],[19.0241374,47.5429754],[19.0243882,47.5431419],[19.0244244,47.5432234],[19.0245357,47.5432614],[19.0251446,47.543466],[19.0250612,47.5436533],[19.0247615,47.5436463],[19.0240667,47.5436369],[19.0238602,47.5436262],[19.0227634,47.5434823],[19.0224154,47.5434411],[19.0222907,47.5434366],[19.0221673,47.5434416],[19.0215953,47.5434932],[19.0212996,47.5434986],[19.0211072,47.5434896],[19.0207531,47.5434669]]]}},
{"type":"Feature","properties":{"id":"relation/18962586","landuse":"grass"},"geometry":{"type":"Polygon","coordinates":[[[19.0274471,47.5441279],[19.0272619,47.5440336],[19.0271707,47.5439087],[19.0271215,47.5435352],[19.0270357,47.5434506],[19.0269372,47.5433747],[19.0268858,47.5433567],[19.0267996,47.5433454],[19.026683,47.5433437],[19.0264643,47.5433935],[19.0259445,47.5435672],[19.025689,47.543644],[19.0254703,47.5436629],[19.0250612,47.5436533],[19.0251446,47.543466],[19.0257212,47.5435638],[19.0259492,47.5435022],[19.0259251,47.5433809],[19.0260575,47.5433275],[19.0261219,47.5433303],[19.0262347,47.543311],[19.0264078,47.5432511],[19.0264695,47.5432389],[19.0265522,47.5432389],[19.0266315,47.5431991],[19.0270114,47.5432862],[19.0272022,47.5434086],[19.0272368,47.5434492],[19.0272895,47.5434664],[19.0273219,47.5435389],[19.0273366,47.5438962],[19.0273898,47.543926],[19.027385,47.5440279],[19.0274102,47.5440313],[19.0274156,47.5440816],[19.0274576,47.5440817],[19.0274471,47.5441279]],[[19.0260337,47.5434615],[19.0261249,47.5434434],[19.026204,47.5434407],[19.0263838,47.5433809],[19.0264723,47.5433447],[19.0266117,47.5433384],[19.0266091,47.5432605],[19.0264602,47.5432596],[19.0263247,47.5433013],[19.0262362,47.5433411],[19.0261397,47.5433492],[19.0260378,47.5433583],[19.0259828,47.5434063],[19.0259801,47.5434389],[19.0260337,47.5434615]]]}},
{"type":"Feature","properties":{"id":"relation/19217409","landuse":"grass"},"geometry":{"type":"Polygon","coordinates":[[[19.0374112,47.4868757],[19.0371186,47.4868027],[19.0370026,47.4867531],[19.03695,47.4866709],[19.0369771,47.4866151],[19.0371669,47.4865225],[19.0372407,47.4865225],[19.0374428,47.4865694],[19.0376574,47.4865542],[19.0376742,47.4865569],[19.0379679,47.4864561],[19.0381509,47.4863838],[19.0381578,47.4863812],[19.0381711,47.4863981],[19.038071,47.4864789],[19.0378428,47.4866661],[19.0377318,47.4867513],[19.0375749,47.4868724],[19.0375285,47.4868927],[19.0374655,47.4868866],[19.0374112,47.4868757]]]}},
{"type":"Feature","properties":{"id":"relation/19217410","landuse":"grass"},"geometry":{"type":"Polygon","coordinates":[[[19.0369867,47.4869352],[19.0370276,47.4868905],[19.0370811,47.4868354],[19.0370905,47.4868265],[19.0373951,47.4869054],[19.0374148,47.4869097],[19.0373978,47.4869343],[19.0373398,47.4869476],[19.0372496,47.48696],[19.0372105,47.4869638],[19.0371739,47.4869654],[19.0371335,47.4869648],[19.0370573,47.486956],[19.0369867,47.4869352]]]}},
{"type":"Feature","properties":{"id":"relation/19796540","leisure":"garden"},"geometry":{"type":"Polygon","coordinates":[[[19.067195,47.4959011],[19.0671779,47.4958975],[19.0670738,47.4958756],[19.0670716,47.4958538],[19.0670326,47.4958457],[19.0670085,47.4958609],[19.0669154,47.4958399],[19.0670041,47.4956738],[19.0671411,47.4957024],[19.0671608,47.4956993],[19.0671801,47.4956967],[19.0672015,47.4956725],[19.0673173,47.4956935],[19.067268,47.4957989],[19.0672409,47.4957944],[19.067195,47.4959011]]]}},
{"type":"Feature","properties":{"id":"relation/19930749","leisure":"garden"},"geometry":{"type":"Polygon","coordinates":[[[19.0553591,47.49574],[19.0548887,47.4952108],[19.0550926,47.4951281],[19.0552546,47.4950623],[19.0557251,47.4955915],[19.0555469,47.4956638],[19.0553591,47.49574]]]}},
{"type":"Feature","properties":{"id":"relation/20051489","landuse":"grass"},"geometry":{"type":"Polygon","coordinates":[[[19.0464665,47.5088848],[19.0465041,47.5091171],[19.0459814,47.509193],[19.0460135,47.5093739],[19.0458974,47.50939],[19.0457707,47.5092328],[19.0457646,47.5090416],[19.0457699,47.5090208],[19.0458013,47.5089937],[19.0458417,47.5089852],[19.0464665,47.5088848]],[[19.0460349,47.5091165],[19.0460972,47.5091126],[19.0460861,47.5090309],[19.0460238,47.5090348],[19.0460349,47.5091165]]]}},
{"type":"Feature","properties":{"id":"relation/20104126","landuse":"grass"},"geometry":{"type":"Polygon","coordinates":[[[19.0542092,47.4975084],[19.0542005,47.4975185],[19.0542076,47.4975314],[19.0542225,47.4975353],[19.05424,47.4975294],[19.0542438,47.4975168],[19.0542927,47.49753],[19.0543824,47.4976488],[19.0543921,47.4977897],[19.0542414,47.497782],[19.0541565,47.4977762],[19.0540525,47.4977696],[19.0539235,47.4977475],[19.0537256,47.497705],[19.0537427,47.4976468],[19.0537831,47.4976263],[19.053809,47.4976282],[19.0538078,47.4976561],[19.0539808,47.4976691],[19.0540964,47.4975333],[19.0541661,47.4975049],[19.0542092,47.4975084]]]}},
{"type":"Feature","properties":{"id":"relation/20219167","natural":"scrub"},"geometry":{"type":"Polygon","coordinates":[[[19.0306856,47.4855342],[19.0305249,47.4853968],[19.0303859,47.4852071],[19.0302887,47.4850365],[19.0301819,47.484849],[19.030122,47.484744],[19.0302743,47.4847129],[19.0302227,47.4846392],[19.0303796,47.4845864],[19.0304022,47.4845604],[19.0305861,47.4848423],[19.0307815,47.4852475],[19.030824,47.4853419],[19.0308608,47.4853343],[19.0308728,47.4853318],[19.0309191,47.4853223],[19.030943,47.4853174],[19.03096,47.4853139],[19.030922,47.4852295],[19.0308744,47.4850924],[19.0309811,47.4850611],[19.0310562,47.4850683],[19.0311004,47.4850534],[19.0312142,47.4849836],[19.0313307,47.4849499],[19.0313648,47.4850077],[19.0314325,47.4851529],[19.0314432,47.4852175],[19.0313555,47.4853244],[19.0311307,47.4854723],[19.0310155,47.4854918],[19.031005,47.4854751],[19.0309284,47.4854902],[19.0308141,47.4855133],[19.0307257,47.4855314],[19.0306856,47.4855342]]]}},
{"type":"Feature","properties":{"id":"relation/20242646","leisure":"park","name":"Jászai Mari tér"},"geometry":{"type":"MultiPolygon","coordinates":[[[[19.0479184,47.5134372],[19.0480057,47.5134245],[19.0480735,47.5134549],[19.0483121,47.5138133],[19.0483102,47.5138581],[19.0482553,47.5139001],[19.0475828,47.5141347],[19.0475129,47.5141338],[19.0474565,47.5141012],[19.0472052,47.5136661],[19.0472729,47.5136622],[19.0473999,47.5136237],[19.0479184,47.5134372]]],[[[19.047691,47.5130659],[19.0473868,47.513177],[19.0474011,47.5131935],[19.0471484,47.5132832],[19.0471055,47.5132289],[19.0469837,47.5132735],[19.0469115,47.5130523],[19.0468128,47.512742],[19.0468175,47.512713],[19.0468405,47.5126937],[19.0475393,47.5125916],[19.0477033,47.5128865],[19.0476542,47.5129009],[19.0476963,47.5129646],[19.0477092,47.5130251],[19.047691,47.5130659]]]]}},
{"type":"Feature","properties":{"id":"relation/20373347","leisure":"garden","name":"Budai Arborétum"},"geometry":{"type":"MultiPolygon","coordinates":[[[[19.0402481,47.4808976],[19.0412957,47.4820379],[19.0409038,47.4822274],[19.0409242,47.4822494],[19.0405617,47.4824149],[19.0403453,47.4825137],[19.0403343,47.4825393],[19.0401944,47.48261],[19.0400724,47.482489],[19.0394466,47.4827787],[19.0383448,47.4817077],[19.0383873,47.4816688],[19.0385906,47.4815025],[19.0388344,47.4813768],[19.0390361,47.4812835],[19.0391709,47.4812386],[19.0392964,47.4811998],[19.040175,47.4809181],[19.0402481,47.4808976]]],[[[19.0411207,47.4799939],[19.0410952,47.480057],[19.0411291,47.4801874],[19.0411894,47.4802734],[19.0410892,47.4803306],[19.0404882,47.4806774],[19.0404025,47.4807176],[19.0403234,47.4807488],[19.0403171,47.4807418],[19.0402795,47.4807572],[19.0402855,47.4807638],[19.0402694,47.4807701],[19.0401786,47.480805],[19.0393743,47.48107],[19.0389659,47.4812012],[19.0384916,47.481429],[19.0382519,47.4816295],[19.0374836,47.4810524],[19.0365827,47.4803454],[19.0369297,47.480199],[19.0381091,47.4797012],[19.038387,47.4795985],[19.0391016,47.4793919],[19.0399354,47.4791527],[19.0400807,47.479112],[19.0402331,47.4790668],[19.0407924,47.479923],[19.0409511,47.4799769],[19.0411207,47.4799939]]]]}},
{"type":"Feature","properties":{"id":"relation/20616442","leisure":"park"},"geometry":{"type":"Polygon","coordinates":[[[19.0335293,47.503518],[19.0336796,47.5035948],[19.0336395,47.5036673],[19.0336533,47.5037549],[19.0336654,47.5038239],[19.0336714,47.5038632],[19.0336577,47.5039091],[19.0336235,47.5040147],[19.0335854,47.5041238],[19.0335394,47.5042282],[19.0335339,47.5042668],[19.0333872,47.5043011],[19.033346,47.5040463],[19.0333304,47.5037156],[19.0335293,47.503518]]]}},
{"type":"Feature","properties":{"id":"relation/20710234","leisure":"park","name":"Boldog Sándor István park"},"geometry":{"type":"Polygon","coordinates":[[[19.0387206,47.544715],[19.0389845,47.5446886],[19.0391005,47.5452069],[19.039116,47.5452741],[19.0383881,47.5453416],[19.0379132,47.5453897],[19.0378791,47.54526],[19.0378768,47.545245],[19.0378699,47.545218],[19.0377758,47.5448133],[19.0387206,47.544715]]]}},
{"type":"Feature","properties":{"id":"relation/3153829","landuse":"grass"},"geometry":{"type":"Polygon","coordinates":[[[19.0381023,47.4972557],[19.0379724,47.4974198],[19.0378387,47.4975766],[19.0373744,47.4973983],[19.0373649,47.4973618],[19.0375726,47.4971809],[19.0377933,47.4970063],[19.0379359,47.4971162],[19.0379002,47.4971438],[19.0381023,47.4972557]]]}},
{"type":"Feature","properties":{"id":"relation/3175649","leisure":"park","name":"Kosztolányi Dezső tér"},"geometry":{"type":"MultiPolygon","coordinates":[[[[19.0402903,47.4759934],[19.0401926,47.4759774],[19.0400675,47.4759332],[19.0399516,47.4758639],[19.0398206,47.475769],[19.0405391,47.4756042],[19.0406707,47.4756003],[19.0412377,47.4758032],[19.0411979,47.4758406],[19.0411126,47.4758922],[19.0409863,47.4759405],[19.0409352,47.4759575],[19.0409029,47.4759682],[19.0407285,47.4760097],[19.0406633,47.476022],[19.0405737,47.4760303],[19.0405417,47.4760323],[19.0405365,47.4760413],[19.0404298,47.4760158],[19.0403573,47.4760026],[19.0402903,47.4759934]]],[[[19.0412439,47.4754575],[19.0412465,47.4754388],[19.04141,47.4754072],[19.0413938,47.4755077],[19.0412439,47.4754575]]],[[[19.0399162,47.4749818],[19.0399866,47.4749365],[19.0400468,47.4749074],[19.0401145,47.4748758],[19.0401951,47.474845],[19.04029,47.4748221],[19.0403514,47.4748088],[19.0404724,47.4747979],[19.0404687,47.4747519],[19.0405608,47.4747461],[19.0405674,47.4747962],[19.0406531,47.4747995],[19.0407326,47.4748089],[19.0408357,47.4748304],[19.0409116,47.47485],[19.0410174,47.4748893],[19.041092,47.4749261],[19.0411424,47.4749581],[19.0411825,47.474986],[19.041215,47.4750287],[19.0405544,47.4751763],[19.0404458,47.4751694],[19.0399162,47.4749818]]],[[[19.0399074,47.4753242],[19.0396381,47.4753848],[19.039632,47.4753433],[19.0396369,47.4753001],[19.0396627,47.4752344],[19.0399074,47.4753242]]]]}},
{"type":"Feature","properties":{"id":"relation/3176691","landuse":"grass"},"geometry":{"type":"MultiPolygon","coordinates":[[[[19.0674689,47.4803997],[19.0673955,47.4804458],[19.0673696,47.4804605],[19.0673338,47.4805163],[19.0673259,47.4805492],[19.0671604,47.4804591],[19.0671281,47.4804422],[19.0671322,47.4804275],[19.0672119,47.4804326],[19.0673333,47.4804264],[19.0674635,47.480391],[19.0674689,47.4803997]]],[[[19.0674203,47.4809157],[19.0675579,47.4810278],[19.0677481,47.4812249],[19.0675602,47.4811945],[19.0673363,47.4811733],[19.0672178,47.4811568],[19.0671146,47.4811376],[19.0672035,47.4811094],[19.067269,47.4810872],[19.0673217,47.4810527],[19.0673524,47.480997],[19.0673472,47.4809294],[19.0674203,47.4809157]]],[[[19.0661958,47.4804722],[19.0662548,47.480501],[19.0663243,47.4805349],[19.0666504,47.4806917],[19.0668563,47.4807454],[19.0668625,47.4807377],[19.0670876,47.4808272],[19.0671413,47.4808539],[19.0671815,47.4808951],[19.0671983,47.4809459],[19.0671922,47.4809758],[19.0671647,47.4810084],[19.0671151,47.4810315],[19.0670474,47.4810383],[19.0669797,47.4810306],[19.0669126,47.4810066],[19.0667678,47.4809314],[19.0663158,47.4806604],[19.0662284,47.4806094],[19.0662005,47.4805471],[19.0661958,47.4804722]]],[[[19.0677301,47.4800539],[19.0676921,47.4801342],[19.0676242,47.4802097],[19.0675249,47.4802766],[19.0675331,47.4801982],[19.0675085,47.4801281],[19.0674707,47.4800906],[19.067491,47.4800782],[19.0675774,47.4800838],[19.0676581,47.4800779],[19.0677301,47.4800539]]],[[[19.0673693,47.4803102],[19.0673002,47.4803376],[19.0672186,47.4803376],[19.0671208,47.4803276],[19.0671592,47.4802908],[19.0672246,47.4803133],[19.0672974,47.48032],[19.0673693,47.4803102]]],[[[19.0670253,47.4802315],[19.0670009,47.4802574],[19.0668488,47.4802176],[19.0665817,47.4800769],[19.0667109,47.4799449],[19.0667733,47.4799096],[19.0668129,47.479928],[19.0667737,47.4799671],[19.0667554,47.4800127],[19.0667602,47.4800598],[19.0667875,47.4801033],[19.0668343,47.4801384],[19.0670253,47.4802315]]],[[[19.0671383,47.4801729],[19.0670913,47.480218],[19.066884,47.4801172],[19.0668582,47.4800941],[19.0668421,47.4800685],[19.0668413,47.4800368],[19.0668522,47.4800081],[19.0668723,47.4799851],[19.066895,47.4799699],[19.0669135,47.4799975],[19.0668984,47.4800154],[19.0668928,47.4800458],[19.0669172,47.4800673],[19.0671383,47.4801729]]],[[[19.0672316,47.4802175],[19.0673439,47.4802712],[19.0673033,47.480284],[19.0672651,47.4802868],[19.0672275,47.4802814],[19.0671848,47.4802649],[19.0672316,47.4802175]]]]}},
{"type":"Feature","properties":{"id":"relation/3177882","leisure":"park"},"geometry":{"type":"Polygon","coordinates":[[[19.0677396,47.4795504],[19.0677354,47.4795854],[19.0677495,47.4796158],[19.0677221,47.4796674],[19.0676925,47.4796371],[19.0676596,47.4796113],[19.0676402,47.4796072],[19.0675769,47.4795791],[19.0674893,47.4795696],[19.0674692,47.4795582],[19.0674705,47.4795406],[19.0674912,47.4795208],[19.0676337,47.4794221],[19.0676717,47.4794096],[19.0677173,47.4794087],[19.0677718,47.4794246],[19.0677976,47.4794518],[19.0677984,47.4794708],[19.0677773,47.479473],[19.0677562,47.479443],[19.0676662,47.4794363],[19.0676108,47.4794865],[19.0676486,47.4795435],[19.0677396,47.4795504]]]}},
{"type":"Feature","properties":{"id":"relation/3217143","leisure":"park","name":"Szent István park"},"geometry":{"type":"MultiPolygon","coordinates":[[[[19.0514459,47.5179822],[19.0524052,47.5176859],[19.0527774,47.5182355],[19.0518182,47.5185318],[19.0514459,47.5179822]]],[[[19.0516391,47.5203488],[19.0512436,47.5198222],[19.0511639,47.5198495],[19.0494743,47.517609],[19.0495487,47.5175844],[19.0491574,47.5170655],[19.0492035,47.5170502],[19.049501,47.5169517],[19.0496364,47.5169068],[19.0503612,47.5179713],[19.0504346,47.5180792],[19.0504515,47.518104],[19.0510013,47.5179232],[19.0513455,47.5184373],[19.0513614,47.5184655],[19.0514031,47.5184512],[19.0514491,47.5185123],[19.0515377,47.5186377],[19.0514535,47.518665],[19.051598,47.5188712],[19.0511906,47.519006],[19.0519222,47.5202526],[19.0516912,47.520331],[19.0516391,47.5203488]]]]}},
{"type":"Feature","properties":{"id":"relation/3232267","landuse":"grass"},"geometry":{"type":"Polygon","coordinates":[[[19.0634157,47.5419069],[19.0635142,47.5418424],[19.0636303,47.5418184],[19.0638482,47.5418804],[19.0640017,47.5418944],[19.066923,47.5420543],[19.067376,47.5420791],[19.0677313,47.5420628],[19.0685776,47.5421108],[19.0691194,47.5421389],[19.0697309,47.5422049],[19.0704063,47.5422372],[19.0705692,47.5426427],[19.0704216,47.5426377],[19.0700729,47.5426223],[19.0692683,47.5425752],[19.068308,47.5425263],[19.0678861,47.5425233],[19.0676921,47.5424976],[19.0670514,47.5424693],[19.0657184,47.542424],[19.0642874,47.5423679],[19.064054,47.542329],[19.0638918,47.542348],[19.0637563,47.5423453],[19.0636839,47.5423317],[19.0635914,47.5422973],[19.0634693,47.5422728],[19.0630576,47.5422584],[19.0615596,47.5421832],[19.061361,47.5421743],[19.061109,47.5424077],[19.0605886,47.5421334],[19.0604465,47.5419723],[19.0603982,47.5418808],[19.0604438,47.5418582],[19.0605967,47.5419496],[19.0611586,47.5420954],[19.0615019,47.5421162],[19.0615159,47.5419291],[19.0629839,47.5419857],[19.0634529,47.5419696],[19.0634157,47.5419069]]]}},
{"type":"Feature","properties":{"id":"relation/3418489","leisure":"park","name":"Múzeumkert"},"geometry":{"type":"Polygon","coordinates":[[[19.0638361,47.4912183],[19.0637341,47.491204],[19.0636707,47.4914102],[19.0637727,47.4914245],[19.0636237,47.4918731],[19.0635144,47.492202],[19.0627853,47.4920629],[19.0615645,47.4918218],[19.0616984,47.4914585],[19.0619018,47.4906397],[19.0620181,47.490228],[19.0633203,47.4903694],[19.0633373,47.4903712],[19.0633557,47.4903732],[19.0640897,47.4904529],[19.0638499,47.4911819],[19.0638361,47.4912183]],[[19.0623843,47.4916192],[19.0630701,47.4917003],[19.0633291,47.4917309],[19.0635812,47.4907579],[19.0631555,47.4907075],[19.0631357,47.4907052],[19.0626448,47.4906471],[19.0625848,47.4908787],[19.0625624,47.4909652],[19.0623966,47.4909456],[19.0623596,47.4909412],[19.0623561,47.4909546],[19.0623181,47.491101],[19.0622743,47.49127],[19.0622788,47.4912705],[19.0622881,47.4912716],[19.0623628,47.4912805],[19.0624688,47.491293],[19.0623843,47.4916192]]]}},
{"type":"Feature","properties":{"id":"relation/3599139","landuse":"flowerbed","leisure":"park"},"geometry":{"type":"Polygon","coordinates":[[[19.0463944,47.5084027],[19.0462452,47.5075138],[19.0467276,47.5074798],[19.0468773,47.5083663],[19.0463944,47.5084027]],[[19.0463918,47.5077845],[19.0464106,47.5077773],[19.0464223,47.507765],[19.0464242,47.5077505],[19.0464159,47.507737],[19.0463992,47.5077277],[19.0463781,47.5077247],[19.0463573,47.5077286],[19.0463416,47.5077387],[19.0463346,47.5077525],[19.0463379,47.5077669],[19.0463508,47.5077786],[19.0463702,47.507785],[19.0463918,47.5077845]]]}},
{"type":"Feature","properties":{"id":"relation/3599140","landuse":"flowerbed","leisure":"park"},"geometry":{"type":"Polygon","coordinates":[[[19.0465731,47.5065764],[19.0461007,47.5066104],[19.0459559,47.5057623],[19.0464499,47.5058187],[19.0465731,47.5065764]],[[19.046191,47.5064195],[19.0462097,47.5064123],[19.0462214,47.5064],[19.0462233,47.5063855],[19.046215,47.506372],[19.0461984,47.5063627],[19.0461772,47.5063597],[19.0461564,47.5063636],[19.0461408,47.5063737],[19.0461338,47.5063875],[19.0461371,47.5064019],[19.0461499,47.5064136],[19.0461694,47.50642],[19.046191,47.5064195]]]}},
{"type":"Feature","properties":{"id":"relation/3894920","leisure":"park","name":"Vérhalom tér"},"geometry":{"type":"Polygon","coordinates":[[[19.025127,47.5216104],[19.0251292,47.5216797],[19.0250637,47.5217257],[19.0249828,47.5217519],[19.0247699,47.5218107],[19.0243973,47.5219135],[19.024233,47.5219139],[19.0241787,47.5219144],[19.0241089,47.5218847],[19.0237434,47.5216634],[19.0237378,47.5215159],[19.0237244,47.521353],[19.0236972,47.5211928],[19.023644,47.5210285],[19.023569,47.5208495],[19.023536,47.5207851],[19.0235647,47.5207266],[19.0236201,47.5206599],[19.0245304,47.520646],[19.0249836,47.5206413],[19.0250933,47.5206383],[19.0250966,47.5207158],[19.0251053,47.5210857],[19.025127,47.5216104]]]}},
{"type":"Feature","properties":{"id":"relation/3894921","landuse":"forest"},"geometry":{"type":"Polygon","coordinates":[[[19.0285951,47.5249103],[19.0286491,47.524913],[19.0286946,47.5250919],[19.0278517,47.5251453],[19.0274363,47.5251467],[19.0274476,47.5249336],[19.0268258,47.5248924],[19.0268373,47.524792],[19.0270013,47.524792],[19.0270165,47.5246709],[19.0277146,47.5246863],[19.0278023,47.5247353],[19.0280083,47.5246967],[19.0281303,47.5245988],[19.0281303,47.5244957],[19.0282638,47.5244442],[19.0282905,47.5246194],[19.0282486,47.5247559],[19.0281418,47.5248151],[19.0280235,47.5248306],[19.0280273,47.5248821],[19.0285951,47.5249103]]]}},
{"type":"Feature","properties":{"id":"relation/3894922","landuse":"forest"},"geometry":{"type":"Polygon","coordinates":[[[19.0271804,47.5236606],[19.0274076,47.523543],[19.027438,47.5235767],[19.0274068,47.5236822],[19.0275156,47.5237698],[19.0275925,47.5237537],[19.0281035,47.5236399],[19.0280079,47.5234584],[19.0278186,47.5233143],[19.0276909,47.5230749],[19.0276917,47.5230232],[19.0276923,47.5229825],[19.0278435,47.5228934],[19.0280018,47.5229124],[19.0281741,47.5229654],[19.0284718,47.5231008],[19.0286265,47.5232126],[19.0287233,47.5232919],[19.028773,47.5233446],[19.0288226,47.5234847],[19.0289225,47.5236166],[19.0290513,47.5237405],[19.029181,47.52382],[19.0292681,47.5238411],[19.0290872,47.524023],[19.0283363,47.5242201],[19.0274209,47.5241738],[19.0272368,47.523815],[19.0271804,47.5236606]]]}},
{"type":"Feature","properties":{"id":"relation/3927604","landuse":"forest"},"geometry":{"type":"MultiPolygon","coordinates":[[[[18.9652991,47.5421859],[18.9652991,47.5420592],[18.9653742,47.5419886],[18.9654869,47.5419868],[18.9656344,47.5420031],[18.9656827,47.5420447],[18.965672,47.5420882],[18.9656049,47.5421389],[18.9657336,47.5421642],[18.9657524,47.5422095],[18.9657578,47.542262],[18.9656961,47.5422909],[18.9656129,47.5422801],[18.9654788,47.542233],[18.9653903,47.5421714],[18.9652991,47.5421859]]],[[[18.9690989,47.5396251],[18.9695888,47.5392161],[18.9698069,47.5393218],[18.9699352,47.5393218],[18.970279,47.539301],[18.9703369,47.5393827],[18.9692754,47.5396278],[18.9691774,47.5396304],[18.9690989,47.5396251]]],[[[18.9875178,47.5356853],[18.9874316,47.5355831],[18.9874037,47.5355076],[18.987392,47.5354283],[18.9873944,47.5353677],[18.9874293,47.5352404],[18.9875131,47.5350203],[18.9877367,47.5346336],[18.9878321,47.5344685],[18.9878414,47.5343993],[18.9878414,47.5343459],[18.9878345,47.5343223],[18.9877879,47.5342594],[18.9877288,47.5342199],[18.9879322,47.5339883],[18.9873957,47.5338435],[18.9866018,47.5339014],[18.9857435,47.5342926],[18.9850569,47.5341839],[18.9846599,47.533829],[18.9844131,47.533264],[18.9845269,47.5330625],[18.9846581,47.5328303],[18.9848148,47.5323689],[18.9853458,47.5311763],[18.9853381,47.5309078],[18.9853137,47.5300544],[18.9858005,47.5300523],[18.9858868,47.5306369],[18.9863585,47.5306018],[18.9866233,47.5300432],[18.9867429,47.5299844],[18.9867035,47.5301641],[18.9867552,47.5302186],[18.9870029,47.5301773],[18.9871306,47.5304068],[18.9871568,47.5304769],[18.987204,47.5309784],[18.9872389,47.5310394],[18.9872645,47.5310755],[18.9873042,47.531106],[18.987272,47.5311066],[18.9872473,47.5311074],[18.9872071,47.5310919],[18.9871605,47.5310811],[18.9871353,47.531085],[18.9870998,47.5311026],[18.9870495,47.5311266],[18.9870318,47.5311399],[18.9870005,47.5311801],[18.986983,47.5312072],[18.9869657,47.531231],[18.9869151,47.5312806],[18.9867453,47.5314039],[18.9865997,47.531517],[18.9864019,47.5315843],[18.9862697,47.5315415],[18.9864199,47.5313753],[18.9862681,47.5313255],[18.9860472,47.5313924],[18.9859445,47.5314714],[18.9859065,47.5315751],[18.9856168,47.5318421],[18.9855136,47.5322562],[18.985583,47.5323899],[18.9858985,47.5321322],[18.986294,47.5321095],[18.9863783,47.5318816],[18.9868722,47.5323598],[18.9873041,47.5327487],[18.9877429,47.5329968],[18.9881817,47.5332634],[18.9886582,47.5330647],[18.9887411,47.5330301],[18.9891031,47.5326709],[18.9897466,47.5329639],[18.9901499,47.5331475],[18.9908149,47.533537],[18.9910056,47.5337076],[18.9910793,47.5340724],[18.9913872,47.5342589],[18.9916578,47.5340303],[18.9919429,47.5342029],[18.9929652,47.5341721],[18.9931783,47.5341781],[18.9931421,47.5342978],[18.9930573,47.5346831],[18.9930918,47.5347675],[18.9932473,47.5347969],[18.9937446,47.5348927],[18.9941693,47.535004],[18.9945712,47.535067],[18.9948247,47.5344481],[18.9960746,47.5335354],[18.995515,47.5330808],[18.9957338,47.5329571],[18.9959945,47.5331861],[18.9967237,47.5327748],[18.996493,47.5324815],[18.99689,47.5322678],[18.9970455,47.5324235],[18.9974854,47.5322207],[18.9977939,47.5326019],[18.9982659,47.5324389],[18.9981533,47.5322868],[18.9987382,47.5321323],[18.9995184,47.5319744],[18.999489,47.5316529],[19.0001508,47.5314039],[18.9999521,47.5322433],[18.9997178,47.5324332],[18.9996221,47.5327387],[18.9995021,47.5327281],[18.9993977,47.5327379],[18.9993195,47.5327498],[18.9992509,47.5327627],[18.9992107,47.5327828],[18.9990834,47.5328867],[18.998721,47.532659],[18.9976003,47.532952],[18.9977836,47.5332051],[18.9984535,47.5332882],[18.9981332,47.5336015],[18.9977622,47.5339514],[18.9981544,47.5341967],[18.9988409,47.5345501],[18.9992407,47.5347468],[18.9994942,47.534792],[18.9996437,47.5346104],[18.9997309,47.5346191],[18.9997742,47.5345254],[18.9999038,47.5343903],[19.0004385,47.5346156],[19.0002335,47.5348527],[18.9999147,47.5351327],[19.0004103,47.5352718],[19.0008253,47.5355594],[19.0010856,47.5353368],[19.0014464,47.5355631],[19.0010998,47.5357923],[19.0016838,47.5363052],[19.0025027,47.5359142],[19.0028848,47.5362561],[19.0021058,47.536667],[19.0026649,47.5368746],[19.0028646,47.5367076],[19.0031574,47.5365595],[19.0040402,47.5361779],[19.0047667,47.5365875],[19.0054647,47.5360917],[19.0067246,47.5369869],[19.0074652,47.536598],[19.0077969,47.5369777],[19.0079111,47.5368508],[19.0091974,47.5377766],[19.0100896,47.5374502],[19.0102157,47.5375499],[19.010308,47.53761],[19.0103759,47.5376254],[19.0103661,47.5376532],[19.0103487,47.5376947],[19.0103181,47.5377405],[19.0102941,47.5377732],[19.0102505,47.5378343],[19.0102352,47.5378845],[19.0102373,47.537926],[19.0102505,47.537974],[19.0102745,47.538011],[19.0103203,47.5380503],[19.0103901,47.5380918],[19.0104774,47.538118],[19.0105833,47.5381583],[19.0107182,47.5381993],[19.0109176,47.5382229],[19.0110367,47.5382274],[19.0111111,47.5382292],[19.011764,47.5384397],[19.0124601,47.5387346],[19.0126409,47.5385901],[19.0126824,47.5385369],[19.012747,47.538454],[19.0128589,47.5383297],[19.0130242,47.538186],[19.0133273,47.5379826],[19.0134429,47.5378582],[19.0135894,47.5376623],[19.0136714,47.5375601],[19.0137344,47.5375089],[19.0138645,47.5378203],[19.0140161,47.5378593],[19.0141556,47.537862],[19.0143339,47.537833],[19.015034,47.5377896],[19.0159956,47.5377054],[19.016642,47.5377099],[19.0171114,47.5377678],[19.0172817,47.5377869],[19.018272,47.5363658],[19.0177688,47.5361518],[19.0175429,47.5358013],[19.0172546,47.5356601],[19.0171177,47.5357157],[19.0168012,47.5355783],[19.0162661,47.5343978],[19.0161259,47.5340481],[19.0160256,47.5339712],[19.0158797,47.5340109],[19.0157959,47.5342746],[19.0154837,47.5342699],[19.0154443,47.5346762],[19.0153302,47.5351323],[19.0147191,47.5350596],[19.0145011,47.5350306],[19.0142406,47.5349744],[19.014209,47.5349676],[19.0138103,47.5349001],[19.0134265,47.5348672],[19.0133885,47.534864],[19.0133032,47.5344197],[19.0133908,47.5342531],[19.0135421,47.5341939],[19.0135899,47.5340487],[19.0134306,47.5339573],[19.013343,47.5338498],[19.0133351,47.5336993],[19.0133351,47.5335863],[19.0133032,47.5334896],[19.0131519,47.5332637],[19.0129405,47.5331991],[19.0132678,47.5330886],[19.0134314,47.5330334],[19.0139423,47.5329818],[19.0143393,47.5328794],[19.0155825,47.5323461],[19.0169256,47.5323221],[19.0171006,47.5323212],[19.0171905,47.5323461],[19.0172271,47.5323921],[19.0172134,47.5324733],[19.017154,47.5327048],[19.0166735,47.5329544],[19.0164052,47.5327275],[19.0159524,47.5330306],[19.0156605,47.5331132],[19.0154375,47.5331078],[19.0151429,47.5333444],[19.0150154,47.5333014],[19.0147845,47.5334681],[19.0144978,47.5335648],[19.014227,47.533581],[19.0141872,47.5336777],[19.0142429,47.5337315],[19.0146513,47.533762],[19.0147756,47.5338838],[19.0148976,47.5339397],[19.0151269,47.5338229],[19.0151269,47.5336885],[19.0153565,47.5334997],[19.0157879,47.5332584],[19.0159642,47.5334633],[19.0160607,47.5335143],[19.0162978,47.5334378],[19.0165206,47.5335218],[19.0167021,47.533734],[19.0166002,47.5338552],[19.0165365,47.5339466],[19.0165684,47.5340434],[19.0168956,47.5341409],[19.0171982,47.5341463],[19.0172909,47.5341136],[19.01748,47.5340468],[19.0175725,47.5337699],[19.0177339,47.5336706],[19.0174847,47.533293],[19.0174888,47.5332049],[19.0174725,47.5331553],[19.0173094,47.5331113],[19.0171993,47.533059],[19.0171341,47.5329626],[19.0170622,47.5328089],[19.0172675,47.532714],[19.0173612,47.5326743],[19.0179348,47.5324593],[19.0179844,47.5325064],[19.0178181,47.5327237],[19.0178087,47.5328269],[19.0178771,47.5329301],[19.0180086,47.5329962],[19.0182218,47.5330198],[19.0191136,47.5329057],[19.0194194,47.5328776],[19.0202925,47.5328269],[19.0203008,47.5328994],[19.0203631,47.533303],[19.0215025,47.5331273],[19.0228472,47.5329642],[19.023631,47.5329419],[19.0240539,47.5330002],[19.024504,47.5330565],[19.0246117,47.5333482],[19.0245387,47.5334639],[19.0243568,47.5337907],[19.0243216,47.5338204],[19.0242237,47.5338672],[19.0241449,47.5339656],[19.0240175,47.5342202],[19.0238764,47.5342967],[19.0237811,47.534385],[19.0236685,47.5345273],[19.0238663,47.534538],[19.0238649,47.5346361],[19.0239844,47.5349285],[19.0238391,47.5353133],[19.0237714,47.535469],[19.0230735,47.5366599],[19.0228916,47.5367102],[19.0227398,47.5367889],[19.0223467,47.5370853],[19.0219137,47.5373365],[19.0217105,47.5374481],[19.021523,47.5375363],[19.0213192,47.5376107],[19.0210705,47.5376968],[19.0208147,47.5376955],[19.0206933,47.5375871],[19.0207845,47.5371699],[19.0209768,47.5369984],[19.02073,47.5369384],[19.0202601,47.5370042],[19.0197304,47.5370288],[19.0186502,47.5366514],[19.0177711,47.5376759],[19.0177328,47.5380317],[19.0183465,47.5386225],[19.0184109,47.5388126],[19.0183425,47.5390191],[19.0181655,47.5392536],[19.0179337,47.5394653],[19.0164962,47.5391066],[19.0163265,47.5393059],[19.0156997,47.5396777],[19.0154482,47.5397785],[19.0150567,47.5399372],[19.0157746,47.5401003],[19.0157972,47.5402301],[19.0153091,47.5407343],[19.0152326,47.5409431],[19.0152581,47.5409981],[19.0158176,47.5410645],[19.0164854,47.5417154],[19.0168065,47.5416141],[19.0169955,47.5415544],[19.017355,47.541441],[19.0174084,47.5415612],[19.0177074,47.5415064],[19.0177713,47.5417734],[19.0184142,47.5417521],[19.0184036,47.541566],[19.0186707,47.5415634],[19.0186668,47.5414575],[19.0187873,47.5414377],[19.0188455,47.5413798],[19.0188585,47.5410198],[19.0187835,47.54085],[19.0186335,47.5408231],[19.0186185,47.5405288],[19.0190236,47.5405203],[19.01907,47.540203],[19.0191406,47.5400506],[19.019391,47.5400254],[19.0193401,47.5401654],[19.0199281,47.5402339],[19.0198188,47.5409053],[19.019083,47.540925],[19.0190388,47.5413613],[19.0195038,47.5414883],[19.0195092,47.5416826],[19.0196468,47.5416915],[19.0196756,47.5421158],[19.019462,47.5420953],[19.0188792,47.5427056],[19.018368,47.5426189],[19.0171602,47.5435723],[19.0176778,47.5436513],[19.0175129,47.5438095],[19.0172844,47.5438241],[19.017293,47.5439483],[19.0169212,47.5439691],[19.016399,47.5449841],[19.0161503,47.5455764],[19.0153555,47.5459567],[19.0154737,47.5460915],[19.015544,47.5462396],[19.0154659,47.5465467],[19.0153444,47.5468407],[19.0151457,47.5469488],[19.0149311,47.5473493],[19.0148759,47.5475825],[19.0147612,47.5476958],[19.0144142,47.5477916],[19.0143378,47.5479305],[19.0143205,47.5480214],[19.014289,47.54811],[19.0139439,47.5480703],[19.0134646,47.5487593],[19.0120809,47.5511515],[19.0115847,47.5512348],[19.0113433,47.5516258],[19.0112548,47.5521056],[19.0111699,47.5522794],[19.0110202,47.5525993],[19.011,47.5526467],[19.0109778,47.5526948],[19.0109609,47.5527211],[19.0108396,47.5528762],[19.0107558,47.5529974],[19.0096639,47.5546946],[19.0090255,47.5547123],[19.008319,47.5555899],[19.0072965,47.5557399],[19.0069522,47.5568739],[19.0055731,47.5575413],[19.0053686,47.5580859],[19.0027508,47.5599795],[18.9998754,47.5617059],[18.9981705,47.5626194],[18.9986552,47.563287],[18.9988066,47.5633609],[18.9989501,47.5633871],[18.9990071,47.5633835],[18.9990514,47.5634003],[18.9991023,47.5634252],[19.0010544,47.5650048],[19.0010916,47.5650349],[19.0011339,47.5650691],[18.9988969,47.5672141],[18.9981558,47.5679439],[18.9991758,47.5682704],[18.9993367,47.5682077],[19.0000239,47.5683017],[19.0009804,47.5685899],[19.0016909,47.5688593],[19.0020949,47.5689377],[19.0026335,47.5692134],[19.0033021,47.5696269],[19.003604,47.5699182],[19.0040822,47.5701094],[19.0044491,47.5702409],[19.0047973,47.5702535],[19.0059477,47.5708089],[19.0059158,47.5709399],[19.0053445,47.5706646],[19.0052476,47.5706725],[19.0050293,47.5707135],[19.0049824,47.5707461],[19.004395,47.5705787],[19.0043159,47.5706954],[19.0029137,47.5703034],[19.0026611,47.5703752],[19.0023061,47.5704762],[19.0017068,47.5706466],[19.0016232,47.5706665],[19.0012997,47.5701815],[19.0008116,47.5700693],[19.0000123,47.5701417],[18.999567,47.5699607],[18.9984512,47.5696639],[18.9975355,47.5705919],[18.9917388,47.5682202],[18.9875191,47.5712502],[18.9865688,47.5719349],[18.9863332,47.5721478],[18.9861571,47.5724227],[18.9859484,47.5727412],[18.9857288,47.5729622],[18.9853298,47.5732054],[18.9851176,47.5732857],[18.9848522,47.5733005],[18.9847314,47.5733018],[18.9846467,47.5733351],[18.9845868,47.5733795],[18.9845121,47.573473],[18.9843465,47.5737629],[18.9842481,47.5738816],[18.9841368,47.5739619],[18.983165,47.5745776],[18.9823432,47.5750193],[18.9827356,47.5752875],[18.9833595,47.5757146],[18.9874686,47.5784077],[18.9883319,47.5778298],[18.9936224,47.5836266],[18.9921305,47.5842925],[18.992018,47.5841772],[18.9915392,47.584407],[18.9916223,47.5844821],[18.9915451,47.5845145],[18.990779,47.5846013],[18.9904082,47.584768],[18.9901968,47.5849375],[18.9898709,47.5852401],[18.9896672,47.5851027],[18.9886128,47.5843915],[18.9882545,47.5845992],[18.9862836,47.583032],[18.9862783,47.5830276],[18.9862197,47.5829809],[18.9857817,47.5826242],[18.9849303,47.5830506],[18.9817458,47.5808876],[18.9811494,47.5804825],[18.9811467,47.5806479],[18.981026,47.5806764],[18.9784353,47.5812878],[18.9779527,47.5804401],[18.9774866,47.5803932],[18.9771862,47.5800331],[18.9767233,47.580105],[18.9758043,47.5803271],[18.9749262,47.5805393],[18.9726785,47.5805031],[18.9706025,47.5807419],[18.9700768,47.5809771],[18.9696476,47.5808975],[18.9691112,47.5804524],[18.9686821,47.580485],[18.9681563,47.5807057],[18.9676901,47.5807425],[18.9676521,47.5807455],[18.9673356,47.5808577],[18.9672734,47.5808908],[18.967186,47.5809414],[18.9661715,47.581509],[18.9660824,47.5816228],[18.9660213,47.5817008],[18.9661937,47.5820304],[18.9662144,47.5820699],[18.9661936,47.5821499],[18.9661695,47.5822428],[18.9661608,47.5822762],[18.9660305,47.5823169],[18.9633155,47.5831643],[18.962646,47.5833733],[18.9625599,47.5834002],[18.9625093,47.5834497],[18.962459,47.5834989],[18.962459,47.5835551],[18.962459,47.5836453],[18.9625041,47.5837208],[18.9626154,47.5839074],[18.9626472,47.5839836],[18.9626826,47.5840686],[18.9626699,47.5841541],[18.9626612,47.584213],[18.9624685,47.584213],[18.9623365,47.5843021],[18.9622044,47.5843117],[18.9620331,47.5842058],[18.9619392,47.5840844],[18.9616895,47.5838943],[18.9610056,47.5830427],[18.9602536,47.5824096],[18.9593705,47.5819671],[18.9591089,47.5815563],[18.9557062,47.5790931],[18.9551164,47.5786661],[18.9543295,47.5780741],[18.9540967,47.5778736],[18.9537199,47.577552],[18.9536212,47.5774826],[18.9537282,47.5774689],[18.9538385,47.5774308],[18.9540158,47.5772563],[18.9541426,47.5767957],[18.9546116,47.5761412],[18.9559073,47.575452],[18.9565352,47.5760047],[18.9571341,47.5757601],[18.9576507,47.5756104],[18.9574572,47.575261],[18.958853,47.5749435],[18.9601794,47.5745529],[18.9601571,47.5749315],[18.9608608,47.5751183],[18.9605684,47.5754596],[18.9610844,47.5757232],[18.9605578,47.5762813],[18.9609716,47.5765062],[18.9619348,47.5763188],[18.9624026,47.5758488],[18.9624197,47.5755548],[18.9626425,47.5753475],[18.9633553,47.5752674],[18.9639022,47.5752162],[18.9649933,47.5757364],[18.9652714,47.5759174],[18.9654372,47.5758932],[18.9658348,47.5758607],[18.966317,47.5758835],[18.9669482,47.5760107],[18.9699271,47.5753413],[18.9697276,47.5748722],[18.9723659,47.5743492],[18.9729175,47.5739582],[18.9724138,47.5734669],[18.9763204,47.571546],[18.9770202,47.57137],[18.9777263,47.5711925],[18.9786802,47.5719606],[18.9791098,47.5717721],[18.9793995,47.571564],[18.9795018,47.5714177],[18.9822306,47.5696029],[18.9832664,47.5703669],[18.9862594,47.5694982],[18.9867939,47.5692499],[18.9871031,47.5690268],[18.9876412,47.5682696],[18.9877651,47.567987],[18.9871586,47.5675493],[18.9895445,47.5656505],[18.9902698,47.5648052],[18.9911646,47.5637624],[18.9894587,47.562387],[18.9893664,47.5610129],[18.989567,47.5600912],[18.9897108,47.5599395],[18.9901004,47.5595285],[18.9905994,47.5590019],[18.990867,47.5585346],[18.9909339,47.5580421],[18.9906597,47.5571309],[18.9901785,47.5566279],[18.9895662,47.5567486],[18.9882221,47.5565247],[18.9881086,47.5563661],[18.9879492,47.556383],[18.9875426,47.5563644],[18.9872959,47.5561581],[18.9870691,47.5558168],[18.9868948,47.5553933],[18.9872596,47.5552973],[18.9872542,47.5551833],[18.987205,47.5551315],[18.987099,47.554831],[18.9871245,47.5539084],[18.986782,47.5530312],[18.9863718,47.5523883],[18.9861304,47.5515248],[18.9861724,47.5497146],[18.9864222,47.5480655],[18.986441,47.5478226],[18.9868312,47.5477248],[18.9869104,47.547618],[18.986344,47.5475093],[18.9859877,47.5474138],[18.9857607,47.5472792],[18.9854096,47.5473855],[18.9849699,47.5475538],[18.9846898,47.5476786],[18.9845908,47.5477543],[18.9842546,47.5480113],[18.9840235,47.5481421],[18.9837029,47.5485016],[18.9836607,47.5484745],[18.9836082,47.5484429],[18.9835736,47.5484133],[18.9835352,47.5483924],[18.9834847,47.5483825],[18.9836721,47.5482167],[18.9831223,47.5478427],[18.9829513,47.5476746],[18.9833458,47.547397],[18.9836942,47.5474423],[18.9839964,47.5472581],[18.9835861,47.5470387],[18.9833207,47.5469012],[18.9833517,47.5467756],[18.983463,47.5467478],[18.9834658,47.5466517],[18.983393,47.5466292],[18.9832659,47.5466498],[18.9826951,47.5466079],[18.9824619,47.5466969],[18.9825122,47.5468064],[18.9824773,47.5468816],[18.9823808,47.5469223],[18.9821664,47.5468077],[18.9818768,47.5474111],[18.9817464,47.5475089],[18.9817236,47.5475777],[18.9816628,47.5475131],[18.9814361,47.5472043],[18.977387,47.550031],[18.9773966,47.5500896],[18.9773148,47.5501466],[18.9772255,47.5501438],[18.9765492,47.5506271],[18.9765067,47.5506789],[18.9764088,47.550696],[18.9763203,47.5506716],[18.9762117,47.5506915],[18.9759837,47.5508264],[18.9755157,47.5508834],[18.974825,47.5510101],[18.9743878,47.5510889],[18.9742725,47.5510771],[18.974243,47.5510029],[18.9744123,47.5509505],[18.9742722,47.5505038],[18.9739813,47.5503756],[18.9734412,47.5505558],[18.9727166,47.5507535],[18.9727423,47.5508943],[18.9726564,47.5509287],[18.9725223,47.5508545],[18.9724888,47.5508852],[18.9725746,47.5509585],[18.9722863,47.551113],[18.9715114,47.5502809],[18.9706795,47.5494978],[18.9707098,47.5493713],[18.9701491,47.5488456],[18.9697034,47.5484359],[18.9690212,47.5477595],[18.9689841,47.5476474],[18.968684,47.5473492],[18.9682743,47.5469902],[18.9679305,47.5466888],[18.9672144,47.5460638],[18.9666313,47.545407],[18.9661039,47.5448632],[18.9661828,47.5447938],[18.9657782,47.5443671],[18.9653916,47.5442292],[18.9655409,47.5441177],[18.9658552,47.5436831],[18.9657844,47.5434594],[18.9657841,47.5431306],[18.9658911,47.5424489],[18.9660284,47.5413514],[18.9662437,47.540937],[18.9667995,47.5404284],[18.9672307,47.5402719],[18.967767,47.5399748],[18.9682421,47.5400205],[18.9688347,47.5400933],[18.9694678,47.5399483],[18.9693984,47.5397682],[18.9701077,47.5396204],[18.9705453,47.5395119],[18.9718182,47.5391698],[18.9719979,47.539337],[18.9721029,47.5394089],[18.9725654,47.5392259],[18.972925,47.5393517],[18.9735013,47.5391294],[18.973757,47.5389627],[18.9742722,47.5387837],[18.973582,47.538316],[18.9741997,47.5379394],[18.9746026,47.538105],[18.9750513,47.5380124],[18.9752374,47.5379339],[18.9756837,47.5375114],[18.9762281,47.5370872],[18.9771297,47.5365059],[18.977857,47.536442],[18.9779463,47.5363821],[18.9779996,47.53635],[18.9773555,47.5360317],[18.9780591,47.5355457],[18.9788753,47.5359615],[18.9797919,47.5352579],[18.9804456,47.5348437],[18.9801136,47.5344952],[18.9808653,47.5339455],[18.9818985,47.5344742],[18.9817033,47.5345956],[18.9816076,47.5345347],[18.9812994,47.5346631],[18.9813333,47.5347481],[18.9812408,47.5347887],[18.9809576,47.5348776],[18.9810327,47.5350246],[18.9810283,47.5350684],[18.9809944,47.5350917],[18.9809639,47.5351304],[18.9809508,47.5351646],[18.9809548,47.5352028],[18.9809637,47.5352418],[18.9810378,47.5352818],[18.9815815,47.5354894],[18.9826088,47.5358656],[18.9835542,47.5361689],[18.9835261,47.5361915],[18.9836039,47.5362305],[18.9837333,47.5362264],[18.9874193,47.5374672],[18.9875078,47.5375397],[18.9875668,47.537556],[18.9876728,47.5375388],[18.9882696,47.5377534],[18.9887618,47.5379199],[18.9882232,47.5386765],[18.9893642,47.5390531],[18.9894133,47.5390693],[18.9899694,47.5383271],[18.9899883,47.5383019],[18.9902902,47.5378984],[18.9906479,47.5374203],[18.9907788,47.5372454],[18.9908457,47.5371559],[18.9909315,47.5370412],[18.9909785,47.5369784],[18.9917203,47.5359869],[18.9918761,47.5357787],[18.9917981,47.5357524],[18.990968,47.5354722],[18.9907518,47.5353992],[18.9901975,47.5351756],[18.9893161,47.5347663],[18.988693,47.534466],[18.9882104,47.5348156],[18.9875178,47.5356853]],[[18.9833542,47.5477488],[18.9838907,47.5481254],[18.9843145,47.5478864],[18.9846739,47.5476112],[18.9841321,47.5474845],[18.9838317,47.547651],[18.9833542,47.5477488]],[[18.9970357,47.5461771],[18.9971822,47.5462908],[18.9973837,47.5462933],[18.9973947,47.546182],[18.9973947,47.5460757],[18.9971273,47.546046],[18.9970357,47.5461771]],[[18.9890917,47.5523509],[18.9896055,47.5522502],[18.9896038,47.5521735],[18.9894648,47.5521369],[18.9893596,47.5520442],[18.9892053,47.5520396],[18.9891107,47.5520949],[18.9890955,47.5521061],[18.9890152,47.5521648],[18.9888953,47.5521549],[18.9888403,47.55224],[18.9889759,47.5523567],[18.9890917,47.5523509]],[[18.9884546,47.5517648],[18.9886477,47.5517485],[18.9887496,47.5519205],[18.9888274,47.5519205],[18.9888489,47.5518336],[18.9888435,47.5517485],[18.9890181,47.5516682],[18.9890782,47.5516571],[18.9891037,47.5515493],[18.988958,47.5515313],[18.9887818,47.5515095],[18.9888904,47.551371],[18.9886584,47.5513502],[18.9884304,47.5515276],[18.9884546,47.5517648]],[[18.9890217,47.5517369],[18.9891654,47.551915],[18.9893209,47.5519386],[18.9894577,47.5518662],[18.9897152,47.5518499],[18.989911,47.5517485],[18.9897018,47.5516887],[18.9895704,47.5514281],[18.989168,47.5513683],[18.9888904,47.551371],[18.9887818,47.5515095],[18.988958,47.5515313],[18.9891144,47.5514842],[18.9892512,47.5515475],[18.9892941,47.5517231],[18.989108,47.5517072],[18.9890217,47.5517369]],[[18.9877224,47.552672],[18.9879155,47.5525054],[18.9879531,47.552281],[18.987835,47.5520674],[18.9878619,47.5518501],[18.9877224,47.5514881],[18.9879262,47.5514229],[18.9879906,47.5513577],[18.9880711,47.5510717],[18.988173,47.5509413],[18.9884895,47.550887],[18.9883889,47.5508578],[18.988055,47.5508001],[18.9879209,47.5506843],[18.9879155,47.55105],[18.9878619,47.5512563],[18.9877599,47.5513831],[18.98754,47.5513794],[18.9874488,47.5514229],[18.9874542,47.5515677],[18.9875078,47.5516329],[18.9874864,47.5518465],[18.9877868,47.5523172],[18.9877921,47.552462],[18.9877224,47.552672]],[[18.9974203,47.5578073],[18.9975634,47.5578527],[18.9978906,47.5582599],[18.9988777,47.5580789],[18.9985692,47.5576789],[18.9980449,47.5571549],[18.9978441,47.557542],[18.9978209,47.5575866],[18.9974203,47.5578073]],[[19.000374,47.5558891],[19.0005895,47.5558123],[19.0005936,47.555697],[19.000744,47.5554995],[19.000496,47.5554556],[19.0002602,47.555516],[19.0001357,47.5555194],[19.0000493,47.5554608],[19.0000423,47.5552661],[18.9999415,47.5550978],[18.9998348,47.5550064],[18.9997226,47.5549664],[18.9996498,47.5549843],[18.9997964,47.5550986],[18.9997839,47.5551701],[18.9996609,47.5552542],[18.9995711,47.555218],[18.9994906,47.5552561],[18.9995161,47.5553366],[18.9994089,47.5553474],[18.999272,47.5552443],[18.9991634,47.5552588],[18.9990466,47.5552075],[18.9989313,47.5553013],[18.9989122,47.5553877],[18.9987377,47.5554814],[18.9987161,47.5555348],[18.998759,47.5555909],[18.9988395,47.5556068],[18.9989217,47.5556059],[18.9990568,47.5556559],[18.9991345,47.5557378],[18.9991991,47.5557739],[18.9994227,47.555804],[18.9997398,47.5556833],[19.0002846,47.5557409],[19.0002643,47.5558315],[19.000374,47.5558891]],[[18.9989454,47.5548371],[18.9988309,47.5549114],[18.9990052,47.5550337],[18.9993413,47.5548157],[18.998942,47.5545353],[18.9987203,47.5546791],[18.9989454,47.5548371]],[[18.9998017,47.5541636],[18.9998171,47.554179],[18.9998591,47.5541779],[18.999899,47.5542071],[18.9998708,47.5542272],[18.9999224,47.5542774],[19.0000257,47.5542598],[19.0000589,47.5542641],[19.0000824,47.5542729],[19.0001038,47.5542991],[19.0001062,47.5543129],[19.0001062,47.5543358],[19.0000854,47.55436],[19.0002859,47.5545352],[19.0002906,47.5545745],[19.0003596,47.5546085],[19.0004133,47.5546483],[19.0005125,47.554746],[19.0005366,47.5549139],[19.0005527,47.5549293],[19.0006332,47.5549302],[19.0006721,47.5548614],[19.0005997,47.5548587],[19.0005769,47.5547908],[19.0006278,47.5546705],[19.000593,47.5546542],[19.0005179,47.5546831],[19.0003999,47.5545872],[19.0004709,47.5545456],[19.0004629,47.5545112],[19.0003489,47.5544125],[19.0002644,47.5543908],[19.0002698,47.5543329],[18.999968,47.5541482],[18.9998929,47.5541319],[18.9998017,47.5541636]],[[19.0006882,47.5562272],[19.0007365,47.5562634],[19.000648,47.5564136],[19.0009028,47.5564535],[19.0010905,47.5561838],[19.0012997,47.5561168],[19.001399,47.5560806],[19.0014794,47.5560245],[19.0013574,47.5558751],[19.0012853,47.5558939],[19.0011868,47.5559233],[19.0011237,47.555934],[19.0010516,47.5559423],[19.0010029,47.5559391],[19.0009547,47.555936],[19.0008116,47.5560815],[19.0006748,47.5561955],[19.0006882,47.5562272]],[[18.99836,47.5574164],[18.9987892,47.5573223],[18.9987114,47.557201],[18.998639,47.5571214],[18.9986283,47.557049],[18.9986363,47.5569585],[18.9986229,47.5568807],[18.9984325,47.5569531],[18.9985049,47.5570164],[18.9984888,47.5571033],[18.9984083,47.5571576],[18.998293,47.5572535],[18.99836,47.5574164]],[[19.0064979,47.5528059],[19.0065595,47.552748],[19.0066588,47.5527317],[19.0067473,47.5526611],[19.0070155,47.5526484],[19.0070316,47.5528331],[19.007155,47.5528675],[19.0072569,47.5527661],[19.0071872,47.5526466],[19.0072328,47.5526195],[19.0074742,47.5526702],[19.007552,47.5525326],[19.0077585,47.5524982],[19.0078765,47.5523805],[19.0077773,47.5523588],[19.0076539,47.5523371],[19.0074098,47.552281],[19.0072703,47.5522755],[19.0071684,47.5523534],[19.0071684,47.5524891],[19.0070879,47.5525235],[19.0068412,47.552471],[19.0068009,47.5524873],[19.0067098,47.5525815],[19.0065917,47.5526195],[19.0064469,47.5526231],[19.0063262,47.5526629],[19.006353,47.5527969],[19.0064979,47.5528059]],[[19.0081045,47.5482131],[19.0081394,47.5482801],[19.0082815,47.5483344],[19.0084049,47.5483272],[19.0085068,47.5483525],[19.0086409,47.5483851],[19.0087536,47.5484575],[19.0089306,47.5484937],[19.0090835,47.548434],[19.0091506,47.5484811],[19.0091667,47.5485535],[19.0093544,47.5485698],[19.0094537,47.5485281],[19.0095904,47.5484322],[19.0097192,47.5483616],[19.0097728,47.5483634],[19.009856,47.5483942],[19.0099445,47.548501],[19.0099794,47.5485897],[19.010025,47.5486549],[19.0102234,47.5487219],[19.0103039,47.5487888],[19.0102583,47.5488703],[19.0098989,47.5489482],[19.0100116,47.5490151],[19.010143,47.5490224],[19.0103495,47.54895],[19.0104192,47.5488703],[19.0104327,47.5488106],[19.0103951,47.5487164],[19.0103254,47.5486856],[19.0101886,47.5485662],[19.0102395,47.54853],[19.0103441,47.5484123],[19.0102556,47.5484014],[19.010084,47.5484865],[19.010025,47.5484883],[19.0100089,47.5483688],[19.0101725,47.5483018],[19.0103227,47.5482783],[19.0104273,47.5482493],[19.0105507,47.5482656],[19.0108269,47.5482729],[19.0108484,47.5481932],[19.0106982,47.5481371],[19.010556,47.5481317],[19.0104246,47.5481335],[19.0103012,47.5481661],[19.0103066,47.5482511],[19.01021,47.5482711],[19.0101349,47.5482493],[19.0100625,47.5481733],[19.0100732,47.5480538],[19.0099338,47.5478945],[19.0097514,47.5478185],[19.009577,47.5477297],[19.0095824,47.5478348],[19.0095958,47.5478854],[19.0096843,47.5479379],[19.0098211,47.5480267],[19.0098962,47.5481516],[19.009805,47.5481878],[19.0097111,47.5481787],[19.0095931,47.5481552],[19.0095073,47.5481986],[19.0093785,47.5482801],[19.0093356,47.5482602],[19.0092793,47.5482439],[19.0092418,47.5483525],[19.0090781,47.5483833],[19.0089494,47.5483634],[19.008818,47.5482801],[19.0087429,47.5481661],[19.0088019,47.5480973],[19.008936,47.5479796],[19.0088823,47.5479742],[19.0086865,47.5480466],[19.0085846,47.5481407],[19.0086141,47.5482077],[19.0085873,47.5483199],[19.0084371,47.5482855],[19.0083244,47.548195],[19.0083218,47.5480918],[19.0082493,47.5480393],[19.0080669,47.5480194],[19.0081045,47.5482131]],[[19.0064335,47.5474156],[19.0066333,47.5474681],[19.0067661,47.5475143],[19.0068586,47.5474573],[19.006864,47.5474057],[19.0069404,47.5473704],[19.0068251,47.5473794],[19.0067084,47.547384],[19.0066548,47.5473432],[19.0065931,47.5472934],[19.0064965,47.5473052],[19.0064509,47.5473378],[19.0064576,47.5473803],[19.0064335,47.5474156]],[[19.005028,47.5479832],[19.0049703,47.5479823],[19.0049147,47.5479628],[19.0048745,47.5480506],[19.0050307,47.5480375],[19.0053338,47.5480556],[19.0053552,47.5479615],[19.0053713,47.5478167],[19.005661,47.5478058],[19.0058649,47.5479615],[19.0060365,47.548157],[19.0064013,47.5482656],[19.0065515,47.5479361],[19.0067124,47.5476791],[19.0066051,47.5476284],[19.0062779,47.5475378],[19.0056878,47.547498],[19.005425,47.547527],[19.0051943,47.5477044],[19.0052158,47.5478348],[19.005028,47.5479832]],[[19.0034764,47.5520547],[19.0035863,47.5520583],[19.0036815,47.552099],[19.003758,47.552147],[19.0038022,47.5521859],[19.0039189,47.5521823],[19.0039471,47.5521099],[19.0039162,47.5520465],[19.0038317,47.5520112],[19.0037942,47.5520049],[19.0036279,47.552004],[19.0035005,47.5520049],[19.0034764,47.5520547]],[[19.0053274,47.5502316],[19.0055259,47.5502968],[19.0058693,47.5502352],[19.0063708,47.549808],[19.0063584,47.549675],[19.0061961,47.5496678],[19.0060687,47.5495963],[19.0060959,47.5495337],[19.0058961,47.549397],[19.0055259,47.5492975],[19.0054183,47.5492595],[19.0053217,47.5492215],[19.0052493,47.5492351],[19.0052319,47.549274],[19.0053472,47.5492948],[19.0053248,47.54935],[19.0054186,47.5494342],[19.0056047,47.5494342],[19.0056104,47.5493662],[19.0058398,47.549426],[19.005888,47.5495853],[19.0056386,47.5499492],[19.005314,47.5500651],[19.0052453,47.5501548],[19.0053274,47.5502316]],[[19.0006426,47.5510282],[19.0008169,47.5510482],[19.000994,47.5509757],[19.0010959,47.550849],[19.0012622,47.5507748],[19.0013292,47.5508309],[19.0013561,47.5509015],[19.0014204,47.5509522],[19.0016404,47.5509323],[19.0018067,47.5508526],[19.0018449,47.5508068],[19.0018791,47.5507657],[19.0018067,47.5507151],[19.0017316,47.5506879],[19.0014526,47.5506431],[19.0014312,47.5505933],[19.0011656,47.5506309],[19.0010563,47.5506055],[19.0009832,47.5506951],[19.0009993,47.5508237],[19.000833,47.5509214],[19.0006721,47.5509576],[19.0005621,47.5509812],[19.0006426,47.5510282]],[[18.9961019,47.5484894],[18.9964818,47.5482956],[18.9962079,47.5480481],[18.995987,47.5480332],[18.9957263,47.5481405],[18.9961019,47.5484894]],[[19.0152177,47.543629],[19.0153089,47.5434316],[19.0155369,47.5431383],[19.015148,47.5431148],[19.014868,47.5430995],[19.0147681,47.5433948],[19.0152177,47.543629]],[[19.0146585,47.5452929],[19.0148221,47.5452367],[19.0150045,47.5452087],[19.015097,47.5451851],[19.0151642,47.5451438],[19.0150943,47.5451172],[19.0151507,47.5450765],[19.0152808,47.5450186],[19.0153854,47.5449389],[19.0154658,47.5449063],[19.0155557,47.5448303],[19.0154685,47.5447932],[19.0153813,47.5448113],[19.0153478,47.5448837],[19.0152767,47.5449353],[19.0151346,47.5449299],[19.0150689,47.5449633],[19.0149441,47.5450647],[19.0149602,47.5451444],[19.0148315,47.545167],[19.014688,47.5452087],[19.0145043,47.5452422],[19.014409,47.5452811],[19.0142709,47.5452485],[19.0141636,47.5452168],[19.01411,47.5452594],[19.0140107,47.5452775],[19.0138806,47.5452838],[19.0139128,47.5453264],[19.0141207,47.5453336],[19.0142253,47.5453906],[19.0143447,47.5453725],[19.0144157,47.5453517],[19.0146585,47.5452929]],[[18.9991369,47.5491164],[18.9998182,47.5491671],[19.0003278,47.549312],[19.0010681,47.5491563],[19.0008643,47.5489897],[19.0002527,47.548863],[18.999904,47.5489064],[18.9995929,47.5488123],[18.9991584,47.5487725],[18.9993783,47.5489426],[18.9991369,47.5491164]],[[18.9756752,47.5503877],[18.9762756,47.5505228],[18.9778936,47.54945],[18.9775391,47.5493303],[18.9762355,47.5499864],[18.9756752,47.5503877]],[[18.9716591,47.5478948],[18.971848,47.5479259],[18.9720462,47.547873],[18.9721799,47.5477859],[18.972355,47.5475464],[18.9723735,47.5473535],[18.9721384,47.5470486],[18.9720508,47.5470206],[18.9718849,47.5470891],[18.9718342,47.5471482],[18.9715899,47.5472477],[18.9713779,47.5475495],[18.9714009,47.5477548],[18.9716591,47.5478948]],[[18.968202,47.5438651],[18.9682915,47.543933],[18.9683865,47.5439348],[18.9685531,47.5437789],[18.9688017,47.5436359],[18.968886,47.5435027],[18.9689205,47.5432531],[18.9688289,47.5431457],[18.9686028,47.5430412],[18.9682685,47.5430206],[18.9682203,47.5430985],[18.9682649,47.5431955],[18.9681837,47.543262],[18.9681221,47.5434397],[18.9680833,47.5435368],[18.9681289,47.5435964],[18.96823,47.5436212],[18.9682949,47.5436842],[18.9682488,47.543749],[18.968202,47.5438651]],[[18.9733874,47.5470735],[18.9736686,47.5470486],[18.9739267,47.5469646],[18.9740004,47.5469149],[18.9740281,47.5468526],[18.9740051,47.5467904],[18.9735488,47.5464637],[18.9733229,47.5463362],[18.9730279,47.5463393],[18.9729311,47.5463642],[18.9726915,47.5465664],[18.9727053,47.546694],[18.9728666,47.5469117],[18.9729173,47.5469646],[18.97318,47.5470393],[18.9733874,47.5470735]],[[18.9746539,47.5471592],[18.9751529,47.5472863],[18.9753387,47.5472978],[18.9753279,47.5472228],[18.9753373,47.5471395],[18.9754552,47.5464874],[18.9751603,47.5464714],[18.9750711,47.5466064],[18.974768,47.546789],[18.9746923,47.5469306],[18.9747276,47.5470446],[18.9746539,47.5471592]],[[18.973036,47.5406378],[18.9731084,47.5406188],[18.973154,47.5405889],[18.9731768,47.5405545],[18.9731821,47.5405247],[18.9731392,47.5405156],[18.9730467,47.5405364],[18.9730158,47.5405536],[18.9730024,47.5405844],[18.9730024,47.5406007],[18.9729971,47.5406206],[18.973036,47.5406378]],[[18.9715812,47.5399053],[18.9713826,47.5399761],[18.9711048,47.5401118],[18.9712497,47.5401524],[18.9714667,47.5401524],[18.9716951,47.5401216],[18.9718435,47.5400368],[18.9719581,47.5399233],[18.971749,47.5399018],[18.9715812,47.5399053]],[[18.988637,47.5399617],[18.9884939,47.5399535],[18.9883584,47.5400175],[18.988173,47.5399932],[18.9881133,47.5400452],[18.9881323,47.540141],[18.9881784,47.540196],[18.9881548,47.5402555],[18.9881462,47.5402911],[18.9882261,47.5403216],[18.9884466,47.5401598],[18.9884225,47.5401281],[18.988637,47.5399617]],[[18.9886209,47.5399081],[18.9888898,47.5396183],[18.9886632,47.5394958],[18.9885257,47.5396238],[18.9884743,47.5397783],[18.9886209,47.5399081]],[[18.9889128,47.5400467],[18.9891619,47.5400066],[18.9891429,47.5399158],[18.9888741,47.5398083],[18.9887883,47.539894],[18.9887181,47.539964],[18.9889128,47.5400467]],[[18.9908357,47.5372466],[18.9910288,47.5373344],[18.9913239,47.5373443],[18.9916659,47.5373253],[18.9919032,47.5372728],[18.9916994,47.5371904],[18.9914754,47.5371406],[18.9913105,47.5371913],[18.990935,47.5371216],[18.9908357,47.5372466]],[[18.9955111,47.5360494],[18.9956318,47.5359715],[18.995841,47.536062],[18.9961467,47.536149],[18.9967261,47.5361997],[18.996828,47.53612],[18.9965652,47.5361055],[18.9962808,47.5361019],[18.9960341,47.5360458],[18.9958383,47.5359606],[18.9955942,47.5358846],[18.9955111,47.5360494]],[[18.9997003,47.535174],[18.9997047,47.5351865],[18.9997668,47.535198],[18.9997729,47.535182],[18.9998763,47.535213],[18.9999124,47.5351717],[18.9997898,47.5351371],[18.9997815,47.5351274],[18.999744,47.5351233],[18.9997141,47.5351248],[18.9996276,47.5351083],[18.9996134,47.5351628],[18.9997003,47.535174]],[[18.999637,47.5352338],[18.9997228,47.5352836],[19.0000232,47.5353008],[18.9999843,47.5351939],[18.9999414,47.5351767],[18.9998918,47.535231],[18.9998023,47.535198],[18.9997682,47.5351992],[18.9997134,47.5351969],[18.9996645,47.535176],[18.9996035,47.5351948],[18.999637,47.5352338]],[[18.9997376,47.5350973],[18.9997657,47.5350914],[18.9998265,47.5351094],[18.9998268,47.5351239],[18.9998489,47.5351317],[18.9998744,47.535119],[18.999859,47.535052],[18.9999113,47.5349393],[19.0000601,47.5347835],[19.0001466,47.5346912],[19.00016,47.5346341],[19.0000662,47.5346061],[19.0000333,47.5347351],[18.9998925,47.5348351],[18.9997282,47.5349854],[18.9997114,47.5350443],[18.9997376,47.5350973]],[[18.9989162,47.5355495],[18.9990449,47.5355658],[18.9992783,47.5353884],[18.9992568,47.5353069],[18.9990878,47.5353702],[18.9989778,47.5354409],[18.9988464,47.5354427],[18.9987874,47.5355061],[18.9989162,47.5355495]],[[18.9987826,47.5385344],[18.9989564,47.5384605],[18.9987669,47.5382574],[18.9985931,47.5383314],[18.9987826,47.5385344]],[[18.9989564,47.5384605],[18.9992486,47.5384018],[18.999043,47.5381353],[18.9988473,47.5381825],[18.9987669,47.5382574],[18.9989564,47.5384605]],[[19.0014093,47.5399059],[19.0016212,47.5398987],[19.0026029,47.5395166],[19.0024956,47.5393844],[19.001817,47.5396126],[19.0014093,47.5399059]],[[19.0072482,47.5401052],[19.0073239,47.5402612],[19.0076188,47.5403664],[19.0080636,47.5402813],[19.0081343,47.5401145],[19.008057,47.5399421],[19.0072482,47.5401052]],[[19.0085486,47.5411147],[19.0097439,47.5409363],[19.0126547,47.5410159],[19.0128499,47.5408155],[19.0121465,47.5405054],[19.010496,47.5406262],[19.0099187,47.5405905],[19.0098496,47.5402557],[19.0087413,47.5404542],[19.0085394,47.5406864],[19.0085486,47.5411147]],[[19.0079516,47.5446773],[19.0080602,47.5446927],[19.0081085,47.5446556],[19.0081836,47.5446664],[19.008299,47.54469],[19.0084264,47.5446918],[19.0085806,47.5446646],[19.0086932,47.5447379],[19.0087804,47.5447352],[19.0088958,47.5446565],[19.0089038,47.5445904],[19.0088086,47.5444944],[19.0086316,47.5444899],[19.0085457,47.5445189],[19.0084639,47.5445379],[19.008307,47.5445406],[19.0082762,47.5444745],[19.0081514,47.5445044],[19.0080991,47.5445352],[19.0080294,47.5444953],[19.0080254,47.5444129],[19.0078819,47.5444908],[19.0079677,47.5445225],[19.0079878,47.5445533],[19.0080026,47.5446166],[19.0079516,47.5446773]],[[19.0092517,47.5435057],[19.0087095,47.5436212],[19.008468,47.5437447],[19.0085343,47.543818],[19.0086773,47.5439763],[19.0088543,47.5439276],[19.0093063,47.5435757],[19.0092517,47.5435057]],[[19.0046069,47.5458179],[19.0047544,47.5459283],[19.0050548,47.5458306],[19.0052158,47.5458324],[19.0053767,47.5457582],[19.0055859,47.5457455],[19.0056825,47.5457527],[19.0058809,47.54555],[19.005999,47.5453942],[19.0061519,47.5454305],[19.0062752,47.54532],[19.0061277,47.5452277],[19.0058729,47.5452874],[19.0055966,47.5452367],[19.0052989,47.5452729],[19.0050575,47.5453743],[19.0049207,47.5455246],[19.0048429,47.5456097],[19.004674,47.5456658],[19.0046069,47.5458179]],[[19.0003546,47.5455318],[19.0006872,47.5456187],[19.0011003,47.5453326],[19.0018191,47.5452928],[19.0023502,47.5448908],[19.0022054,47.544641],[19.0013256,47.5449741],[19.0008803,47.5451407],[19.0006014,47.5453435],[19.0003546,47.5455318]],[[18.9988741,47.5455535],[18.9990886,47.5458504],[18.999491,47.5462125],[19.0003493,47.546361],[19.0008589,47.5463429],[19.0021088,47.5462632],[19.0025809,47.5463791],[19.0025809,47.5466506],[19.0028008,47.5466905],[19.0030047,47.5464334],[19.0035035,47.5463972],[19.003525,47.5462197],[19.0025648,47.5461582],[19.0020552,47.5458975],[19.0014061,47.5459047],[19.000934,47.5462415],[19.0006658,47.5462741],[19.0008535,47.5457671],[19.0001669,47.545615],[18.9999577,47.5453109],[18.9988741,47.5455535]],[[18.9929954,47.5444183],[18.9925132,47.5440686],[18.9923574,47.54418],[18.9926367,47.5443584],[18.9927558,47.5442794],[18.9928374,47.5443403],[18.9927158,47.5444219],[18.9928407,47.5445118],[18.9929954,47.5444183]],[[18.9917261,47.5452348],[18.9918966,47.5451304],[18.9920554,47.5450333],[18.9918789,47.5449018],[18.9917661,47.5449708],[18.9917193,47.5449359],[18.9918321,47.5448669],[18.9915944,47.5446899],[18.9914445,47.5447816],[18.991265,47.5448914],[18.9915026,47.5450683],[18.9916378,47.5449856],[18.9916828,47.5450192],[18.9915477,47.5451019],[18.9917261,47.5452348]],[[18.9903877,47.5457311],[18.9906917,47.545549],[18.990623,47.5454967],[18.9905583,47.5454475],[18.9902542,47.5456295],[18.9903877,47.5457311]],[[18.9906313,47.5459156],[18.9907905,47.5458206],[18.9909375,47.5457329],[18.99076,47.5455974],[18.9904538,47.5457801],[18.9906313,47.5459156]],[[18.9881146,47.5492249],[18.9881703,47.549233],[18.9882822,47.5491538],[18.9882862,47.5490909],[18.9881877,47.549037],[18.988112,47.5490206],[18.9880679,47.5490309],[18.9880523,47.5490522],[18.9880979,47.5490794],[18.9880911,47.5490959],[18.9880341,47.5491063],[18.9880436,47.5491402],[18.9881227,47.5491604],[18.9881227,47.549188],[18.9881146,47.5492249]],[[18.9889655,47.550135],[18.9892579,47.5501495],[18.9893598,47.5501024],[18.9895932,47.5501694],[18.989856,47.5501821],[18.9898024,47.5500862],[18.9896763,47.5500898],[18.9894805,47.5500409],[18.9894886,47.5499468],[18.9894483,47.5498327],[18.9893544,47.5498852],[18.9890889,47.5499142],[18.9890487,47.549983],[18.988936,47.5500445],[18.9889655,47.550135]],[[18.9902339,47.5500985],[18.9905276,47.5499229],[18.9904136,47.5497183],[18.9902715,47.5496894],[18.9900542,47.5497591],[18.9898557,47.5498803],[18.9900448,47.5500876],[18.9902339,47.5500985]],[[18.9895128,47.5489201],[18.9895758,47.5489436],[18.9896201,47.5489409],[18.9896429,47.5488911],[18.9896321,47.5488196],[18.9896603,47.5487816],[18.9897139,47.5488069],[18.9898011,47.5488576],[18.989844,47.548835],[18.9898199,47.5487934],[18.9897689,47.548749],[18.9898561,47.5487128],[18.9899553,47.5486766],[18.9899647,47.5486268],[18.9900586,47.5485508],[18.9901364,47.5485155],[18.9902531,47.5484593],[18.9903603,47.5484657],[18.9903992,47.5484268],[18.9903375,47.5483978],[18.9904569,47.5483],[18.9904006,47.5483064],[18.9903067,47.5483589],[18.9901498,47.5484222],[18.9900519,47.5485245],[18.9899379,47.548606],[18.9898816,47.5486214],[18.9898413,47.5486503],[18.9897796,47.5486675],[18.9896616,47.5487246],[18.9896321,47.5487282],[18.9895557,47.5487825],[18.9895624,47.5488368],[18.989494,47.5488694],[18.9895128,47.5489201]],[[18.9893759,47.5494697],[18.9894269,47.5494389],[18.989392,47.5493891],[18.9894215,47.5492824],[18.9894055,47.5492279],[18.9893182,47.5492181],[18.9892646,47.549131],[18.9891935,47.5491412],[18.9892378,47.5492362],[18.9891641,47.5492652],[18.989144,47.5493492],[18.9889669,47.5493166],[18.9889266,47.5494154],[18.9890461,47.5495311],[18.9892203,47.549563],[18.9893344,47.5494698],[18.9893759,47.5494697]],[[18.9891185,47.548759],[18.9890608,47.5487037],[18.9890045,47.5486947],[18.988983,47.5485861],[18.988979,47.5485372],[18.9889562,47.5484648],[18.9889844,47.5484195],[18.9890501,47.5483779],[18.9891547,47.5483697],[18.9891161,47.5483183],[18.9890622,47.548319],[18.9890058,47.548338],[18.9889428,47.5483208],[18.988924,47.5482312],[18.9889817,47.5481878],[18.988865,47.5481452],[18.9888623,47.5481561],[18.9888664,47.5482168],[18.988865,47.5483163],[18.9888677,47.548386],[18.9888798,47.5484702],[18.9888825,47.5485462],[18.9889441,47.5486902],[18.9889495,47.5487626],[18.9889669,47.5489264],[18.9890233,47.5489264],[18.9890407,47.548873],[18.9890595,47.5488088],[18.9891265,47.5487997],[18.9891185,47.548759]],[[18.9894288,47.548414],[18.9895434,47.5483394],[18.9894317,47.5482613],[18.9893339,47.5481983],[18.9891929,47.5482978],[18.9891555,47.548278],[18.9891161,47.5483183],[18.9891547,47.5483697],[18.9892553,47.5483915],[18.9893432,47.5484618],[18.9893935,47.548437],[18.9894288,47.548414]],[[18.9893432,47.5484618],[18.9893479,47.5485005],[18.9892781,47.5485535],[18.9892436,47.5486193],[18.9893129,47.5486585],[18.9893465,47.5486639],[18.9894136,47.5487224],[18.9895651,47.5486956],[18.9896062,47.5486175],[18.9896476,47.5485815],[18.9897099,47.5485734],[18.9897555,47.5485345],[18.9897779,47.5485057],[18.989726,47.5484729],[18.9896006,47.5483756],[18.9894531,47.5484394],[18.9894288,47.548414],[18.9893935,47.548437],[18.9893432,47.5484618]],[[18.9900666,47.5484161],[18.990537,47.5480608],[18.9904017,47.5479617],[18.990359,47.5479304],[18.990509,47.5478371],[18.9904426,47.5477885],[18.9902909,47.547883],[18.9901352,47.547769],[18.9900263,47.547806],[18.9900183,47.5479055],[18.9902329,47.5479345],[18.990139,47.5480395],[18.9900022,47.5481192],[18.9899995,47.5482405],[18.9899486,47.5482839],[18.9900666,47.5484161]],[[18.9910685,47.5459863],[18.9911717,47.5458903],[18.991114,47.5457808],[18.9911784,47.5457084],[18.9910939,47.5456477],[18.9908297,47.5458134],[18.9910685,47.5459863]],[[18.9909276,47.5447426],[18.9911904,47.5445797],[18.9908578,47.5443172],[18.9905467,47.5444548],[18.9906924,47.5444787],[18.9906835,47.5446032],[18.9909276,47.5447426]],[[18.9925132,47.5440686],[18.9921044,47.5437868],[18.9920326,47.5437728],[18.9918475,47.5439093],[18.9916189,47.5440604],[18.9919878,47.5442866],[18.9923084,47.544215],[18.9923574,47.54418],[18.9925132,47.5440686]],[[18.9929986,47.546783],[18.9926689,47.5468519],[18.9923125,47.5468065],[18.9917757,47.5470723],[18.9919145,47.5471809],[18.9919436,47.5472048],[18.9923648,47.5475634],[18.9927795,47.5473045],[18.9932824,47.5469515],[18.9929986,47.546783]],[[18.9944482,47.5584076],[18.9945217,47.5584078],[18.9946016,47.558423],[18.9946509,47.5584329],[18.9946686,47.5584019],[18.994612,47.5583601],[18.9946569,47.5582983],[18.9944491,47.5582858],[18.9945148,47.5581088],[18.9943215,47.558101],[18.9939934,47.5581158],[18.9939461,47.5581967],[18.9939949,47.5583201],[18.9942723,47.5584138],[18.994326,47.5584961],[18.9944279,47.5584898],[18.9944482,47.5584076]],[[18.9999979,47.5560205],[19.0002398,47.5558906],[19.0001232,47.5558513],[18.9998783,47.5558061],[18.9996743,47.5558316],[18.9996073,47.5558828],[18.9997734,47.5559674],[18.9999979,47.5560205]],[[18.9927671,47.5580458],[18.9928647,47.5581062],[18.9931655,47.5580897],[18.993568,47.5580184],[18.9937184,47.5580293],[18.9937347,47.5579443],[18.9936168,47.557862],[18.9933851,47.5578153],[18.993133,47.5578839],[18.9931208,47.5579799],[18.9927671,47.5580458]],[[18.9951956,47.5585294],[18.9954603,47.5584492],[18.9955055,47.558379],[18.9956437,47.5582896],[18.9958122,47.5582296],[18.9958935,47.5584185],[18.9959992,47.5584025],[18.9961773,47.5583047],[18.9963279,47.5582077],[18.9965277,47.5580293],[18.9966659,47.5577879],[18.9965846,47.5577111],[18.9964138,47.5578208],[18.9961821,47.5579251],[18.9955998,47.5579771],[18.9954969,47.558022],[18.9953528,47.5582049],[18.9951159,47.5581395],[18.9949091,47.5581305],[18.9950876,47.5582567],[18.9953046,47.5583231],[18.9952099,47.5583941],[18.9951956,47.5585294]],[[18.9956293,47.5568037],[18.9958549,47.5567065],[18.9963399,47.5566773],[18.9963351,47.556538],[18.9963859,47.5565177],[18.9966676,47.5566417],[18.9967588,47.55662],[18.996694,47.5565147],[18.9966474,47.5564218],[18.9964665,47.5562503],[18.9961382,47.5562788],[18.9957685,47.5562755],[18.9952788,47.5562399],[18.9952548,47.5563533],[18.9953028,47.5565153],[18.9956293,47.5568037]],[[19.0000752,47.5411348],[18.9997321,47.5408001],[18.9992257,47.5401896],[18.9990196,47.5398961],[18.99855,47.53922],[18.9984373,47.5393349],[18.9983004,47.5394432],[18.9980461,47.5395487],[18.997838,47.5396538],[18.9977073,47.5397609],[18.9976366,47.5398669],[18.9988661,47.5414124],[18.9990589,47.5415768],[18.9992018,47.5415125],[18.9993869,47.5414576],[18.9995262,47.5414136],[18.9997463,47.5413387],[18.9999055,47.5412739],[19.00004,47.541195],[19.0000752,47.5411348]],[[18.9992294,47.5685274],[18.9986175,47.5693852],[18.9994222,47.5696349],[18.9996958,47.5696567],[19.0001303,47.5697833],[19.0004897,47.5698449],[19.0007472,47.5698666],[19.0010369,47.5698593],[19.0014017,47.5698811],[19.002063,47.5699661],[19.0014944,47.5690794],[18.9992294,47.5685274]],[[18.9770639,47.5725109],[18.9771714,47.5726618],[18.9776316,47.5726705],[18.9779585,47.5725835],[18.9778768,47.5723513],[18.9783843,47.5720089],[18.9781908,47.5718261],[18.97798,47.571858],[18.97798,47.5719509],[18.9777435,47.5721105],[18.9774811,47.5720989],[18.9774691,47.5721017],[18.9772942,47.5721431],[18.9771499,47.5721772],[18.9769994,47.5723513],[18.9768403,47.5725341],[18.9765263,47.5726183],[18.9764317,47.5727373],[18.9761822,47.5729752],[18.9763069,47.573039],[18.9765779,47.5727866],[18.9767542,47.5726473],[18.976965,47.5725631],[18.9770639,47.5725109]],[[19.0008711,47.5505584],[19.001171,47.5506245],[19.0027372,47.5503975],[19.002516,47.5498155],[19.0022563,47.5490616],[19.000328,47.5493865],[19.0008711,47.5505584]],[[18.9964563,47.5493894],[18.9942321,47.5508925],[18.9947664,47.5512343],[18.9957107,47.5519074],[18.9965267,47.5524447],[18.9968982,47.552185],[18.9972248,47.5523813],[18.9974326,47.5522337],[18.9977283,47.5524106],[18.9990366,47.5514849],[18.9987451,47.5512341],[18.9978282,47.5504674],[18.9964563,47.5493894]],[[18.9951789,47.5533174],[18.9952985,47.5536144],[18.9956713,47.5537484],[18.9954326,47.554067],[18.9951858,47.5541357],[18.9954541,47.5542172],[18.9958671,47.5541738],[18.9959154,47.5540308],[18.9957679,47.553933],[18.9960388,47.5537882],[18.9964948,47.5540742],[18.9962373,47.5541303],[18.9963365,47.5542896],[18.9966913,47.5542558],[18.9972604,47.5546015],[18.9986413,47.5546837],[18.9994314,47.553943],[18.9989029,47.5535973],[18.998163,47.5535259],[18.9976832,47.5537619],[18.9956749,47.55284],[18.995122,47.5529827],[18.9949027,47.552891],[18.9945862,47.5528132],[18.994385,47.5527996],[18.9941932,47.5527896],[18.9939612,47.5527598],[18.9940149,47.5524891],[18.9938351,47.5523651],[18.9936849,47.5521859],[18.9936058,47.552338],[18.9937453,47.5523642],[18.9937265,47.5524665],[18.9938392,47.5525263],[18.9938056,47.5526122],[18.9937399,47.5526276],[18.9936595,47.5525923],[18.9936206,47.5524557],[18.9935696,47.5524602],[18.9935414,47.5525525],[18.9935562,47.5526973],[18.9936554,47.5527543],[18.9938258,47.5527688],[18.9941074,47.5528847],[18.9943045,47.5528548],[18.9944574,47.5528983],[18.9949214,47.5530684],[18.9951789,47.5533174]],[[18.9968068,47.5555714],[18.996594,47.555488],[18.9964867,47.5555278],[18.9966083,47.5556501],[18.9964664,47.5556887],[18.9962438,47.5557004],[18.9961472,47.5557412],[18.9962049,47.5558407],[18.9963645,47.5557774],[18.9964817,47.5557495],[18.9968611,47.5556923],[18.9974192,47.5554809],[18.9977479,47.5553704],[18.9982003,47.5553369],[18.9984061,47.5552549],[18.9986122,47.5554796],[18.9987377,47.5554814],[18.9989122,47.5553877],[18.9989313,47.5553013],[18.9990466,47.5552075],[18.998979,47.5551723],[18.9989454,47.5550936],[18.9990052,47.5550337],[18.9988309,47.5549114],[18.9989454,47.5548371],[18.9987203,47.5546791],[18.9984697,47.5547272],[18.9982768,47.554821],[18.9979011,47.5548026],[18.997691,47.5550064],[18.9978487,47.5550491],[18.9977533,47.5551552],[18.9976223,47.555135],[18.9975086,47.555077],[18.9973642,47.555159],[18.9972297,47.5550589],[18.9970743,47.5551678],[18.9968354,47.5551259],[18.9966503,47.5550372],[18.9966611,47.5552635],[18.9968005,47.555278],[18.9970369,47.5553647],[18.9970551,47.5554135],[18.9968068,47.5555714]],[[19.0025168,47.5558226],[19.0025396,47.5558389],[19.0025443,47.5558674],[19.00257,47.5558858],[19.0025999,47.555891],[19.002608,47.5559064],[19.0026033,47.5559367],[19.0026167,47.5559819],[19.0026784,47.5560009],[19.0027669,47.5559883],[19.0029198,47.556086],[19.0030325,47.5561226],[19.0030562,47.5560878],[19.0030888,47.5560399],[19.0031304,47.5560051],[19.0031968,47.5559496],[19.0031116,47.5558869],[19.0029587,47.5558498],[19.0029252,47.5558199],[19.0029198,47.5557738],[19.0028723,47.5557703],[19.002864,47.5556003],[19.0028259,47.5555584],[19.0026699,47.5555525],[19.0026167,47.5556217],[19.0026127,47.5556851],[19.0025228,47.5557113],[19.0024973,47.5557385],[19.0023753,47.5557548],[19.0021111,47.5557534],[19.0020286,47.5557774],[19.0019502,47.555776],[19.0019482,47.5558353],[19.0021104,47.5558321],[19.0022324,47.5558213],[19.002437,47.5558295],[19.0025168,47.5558226]],[[18.997422,47.5577744],[18.9977723,47.557598],[18.9979638,47.5571378],[18.9981515,47.5570612],[18.9981274,47.5570083],[18.9979443,47.5570273],[18.9978062,47.5570807],[18.9976251,47.5570218],[18.9972147,47.5569983],[18.9970766,47.556963],[18.9970712,47.5568417],[18.9971799,47.5568834],[18.9973113,47.5568318],[18.9974883,47.5568526],[18.9976814,47.5569721],[18.9978249,47.5569359],[18.9976722,47.5568491],[18.997609,47.5567829],[18.997668,47.556706],[18.9978115,47.5567051],[18.9980073,47.5565684],[18.9982729,47.5563114],[18.9983332,47.5562263],[18.9984123,47.5561593],[18.998552,47.5560409],[18.9984914,47.5559783],[18.9983423,47.5558777],[18.9980033,47.5557475],[18.9978424,47.5559312],[18.9982004,47.5560733],[18.9981911,47.5561403],[18.998116,47.5561783],[18.9977763,47.5560442],[18.9975849,47.5562399],[18.9978611,47.5563693],[18.9978839,47.5564381],[18.9978558,47.556463],[18.9975205,47.5563226],[18.9973247,47.5565259],[18.9976104,47.5566641],[18.9975648,47.5567223],[18.9972845,47.5566055],[18.9971611,47.5566254],[18.997025,47.5567209],[18.9968084,47.5568535],[18.9967829,47.5569006],[18.9966795,47.5570559],[18.9966273,47.5572137],[18.996917,47.5572915],[18.9969666,47.5572092],[18.9971061,47.5571721],[18.9971048,47.5570499],[18.9973193,47.5570725],[18.9975714,47.5571259],[18.9976197,47.5572065],[18.9976754,47.5573137],[18.9975594,47.5573522],[18.997326,47.5571513],[18.9971638,47.5572119],[18.9970981,47.5573151],[18.9969666,47.5573965],[18.9971557,47.5576699],[18.997422,47.5577744]],[[19.0140427,47.5427181],[19.0134333,47.5425426],[19.0133899,47.5423935],[19.0122249,47.5419298],[19.0118679,47.541892],[19.0113297,47.5420942],[19.0102099,47.5431146],[19.0108413,47.5434655],[19.0131688,47.5440791],[19.0136087,47.5440707],[19.0140206,47.5435798],[19.0140992,47.5434316],[19.0137559,47.5433574],[19.0137758,47.5431427],[19.0140427,47.5427181]],[[18.9984072,47.5454674],[19.0001211,47.5451204],[19.0015989,47.5443905],[19.0024248,47.543908],[19.003321,47.5432129],[19.0061629,47.5423856],[19.0075788,47.5418673],[19.0083015,47.5417366],[19.0080267,47.5415911],[19.0076566,47.5414001],[19.0074165,47.5412698],[19.0072985,47.5411638],[19.0070209,47.5408958],[19.0067936,47.5407668],[19.0065468,47.5406745],[19.0066434,47.5405229],[19.0065536,47.540371],[19.006463,47.5402243],[19.0064381,47.5401566],[19.005681,47.5403039],[19.0049374,47.5404474],[19.0037754,47.5406668],[19.0027696,47.5408578],[19.0015983,47.5411192],[19.0014084,47.5407845],[19.0006828,47.5409683],[19.0008639,47.5413096],[19.0002876,47.5414431],[18.9990655,47.5419252],[18.9964476,47.5430143],[18.996921,47.5434045],[18.9984072,47.5454674]],[[19.0155479,47.5442095],[19.0157529,47.5440203],[19.0159566,47.54402],[19.0161034,47.5440743],[19.0162671,47.5440856],[19.016467,47.5438933],[19.0154418,47.5436071],[19.0155479,47.5442095]],[[19.0216157,47.5343182],[19.0215067,47.5342613],[19.0213747,47.534243],[19.0212291,47.5342322],[19.0211178,47.5343565],[19.0210291,47.5346528],[19.0211225,47.5348263],[19.0214494,47.5351762],[19.0219164,47.5352109],[19.022276,47.5350249],[19.0225749,47.535006],[19.0228831,47.5348988],[19.023101,47.5346648],[19.0229921,47.5345248],[19.0229307,47.5345746],[19.0229238,47.5346066],[19.0228795,47.5346363],[19.0228116,47.534676],[19.0227468,47.5346996],[19.0224864,47.5346475],[19.0224226,47.5346287],[19.0221862,47.5345943],[19.0221284,47.5346017],[19.0219219,47.5345519],[19.0218331,47.5345175],[19.0217663,47.5345],[19.0217224,47.5344246],[19.0216556,47.5343768],[19.0216157,47.5343182]],[[19.019789,47.5355669],[19.0198352,47.5355752],[19.0198877,47.5355599],[19.0200007,47.5354913],[19.0201291,47.5353977],[19.0200391,47.5353555],[19.019965,47.5353945],[19.0197983,47.5353817],[19.0197521,47.535363],[19.0196381,47.535338],[19.0194963,47.5353443],[19.0193392,47.5353401],[19.0192961,47.5353547],[19.0193084,47.5354109],[19.0193546,47.5354483],[19.019444,47.5354358],[19.0195364,47.5354129],[19.0196473,47.5354213],[19.0197151,47.5354525],[19.0197212,47.5354961],[19.019789,47.5355669]],[[19.0222813,47.5340242],[19.022183,47.5340472],[19.0221525,47.5341201],[19.022188,47.5341646],[19.0222356,47.5342089],[19.0222462,47.5342915],[19.0222968,47.5343393],[19.0224046,47.5343477],[19.0224981,47.5343504],[19.0225753,47.5343477],[19.0226125,47.534301],[19.0226747,47.5343204],[19.0227339,47.5343531],[19.0228395,47.5343456],[19.0228762,47.534312],[19.0229136,47.5342665],[19.0229727,47.5342415],[19.0230217,47.5341613],[19.0230519,47.534075],[19.0229291,47.5341008],[19.0228663,47.5340587],[19.0227109,47.5340659],[19.0225962,47.5340376],[19.0225434,47.5339808],[19.0225351,47.5338953],[19.0224332,47.5339633],[19.0223454,47.534009],[19.0222813,47.5340242]],[[18.9736087,47.545938],[18.9739866,47.5461433],[18.9741203,47.54619],[18.9743461,47.5460842],[18.9744521,47.5459784],[18.9744706,47.5457824],[18.9744798,47.5455149],[18.9743323,47.5454402],[18.9740742,47.5453966],[18.9738714,47.5454838],[18.9736686,47.5456082],[18.973687,47.5457669],[18.9736087,47.545938]]]]}},
{"type":"Feature","properties":{"id":"relation/3928328","leisure":"park"},"geometry":{"type":"Polygon","coordinates":[[[19.0356849,47.5002555],[19.0360478,47.5000957],[19.0362543,47.5002353],[19.0358359,47.5008731],[19.0361532,47.5010891],[19.0359499,47.5012536],[19.035862,47.5013947],[19.0358312,47.5015005],[19.0357661,47.501853],[19.0366365,47.5019096],[19.0365492,47.5021193],[19.0366861,47.5021329],[19.0367384,47.5024187],[19.036902,47.502758],[19.0370653,47.5029022],[19.0366558,47.5031462],[19.0362254,47.5031058],[19.036385,47.5027571],[19.0357061,47.5026308],[19.0356451,47.5027356],[19.0355586,47.5028911],[19.0355448,47.502924],[19.0352042,47.5035596],[19.0343401,47.5034123],[19.0340876,47.503661],[19.0338753,47.503946],[19.0336268,47.5042937],[19.0336068,47.5044713],[19.0336396,47.5045365],[19.0337335,47.504827],[19.0336758,47.5048618],[19.0335394,47.5045968],[19.0333872,47.5043011],[19.0335339,47.5042668],[19.0335394,47.5042282],[19.0335854,47.5041238],[19.0336235,47.5040147],[19.0336577,47.5039091],[19.0336714,47.5038632],[19.0336654,47.5038239],[19.0336533,47.5037549],[19.0336395,47.5036673],[19.0336796,47.5035948],[19.0335293,47.503518],[19.0334327,47.5034918],[19.0335084,47.5033704],[19.0335149,47.5033595],[19.0335178,47.5033546],[19.0335569,47.5033662],[19.0336019,47.5033795],[19.0337632,47.5031515],[19.0338415,47.5030408],[19.0338902,47.5030559],[19.0339771,47.5030645],[19.0340521,47.5030463],[19.0340907,47.5030099],[19.034092,47.5029699],[19.0340624,47.5029317],[19.0341192,47.5028787],[19.0342629,47.502894],[19.034596,47.5029458],[19.0346324,47.5029785],[19.0347357,47.502989],[19.0347898,47.5029601],[19.0348052,47.5029033],[19.034781,47.5028709],[19.0347766,47.5028393],[19.0348237,47.5024925],[19.0348354,47.5024625],[19.0348277,47.5024158],[19.0347811,47.502397],[19.0347325,47.502375],[19.0347216,47.502389],[19.0346859,47.5023737],[19.0346547,47.5023603],[19.0347603,47.5022502],[19.0347803,47.5022497],[19.0348116,47.5021948],[19.0348035,47.5021898],[19.034828,47.5021266],[19.0348357,47.5020631],[19.0348765,47.5020672],[19.0349122,47.5020705],[19.0349521,47.5020745],[19.0349896,47.5020885],[19.0350486,47.5020912],[19.0350741,47.5020668],[19.0350983,47.5020432],[19.0352952,47.501842],[19.0353278,47.5018472],[19.0353494,47.501844],[19.0353748,47.5018312],[19.0353881,47.50181],[19.0353847,47.5017896],[19.0353634,47.5017703],[19.0353395,47.5017628],[19.0353194,47.5017619],[19.0352795,47.5017751],[19.0352134,47.5017477],[19.0351498,47.5017213],[19.0350602,47.5016842],[19.0350537,47.5016538],[19.0350001,47.5016272],[19.0351416,47.5012269],[19.0351504,47.5012023],[19.0352365,47.5009577],[19.0352709,47.5008655],[19.0352758,47.5008534],[19.0349548,47.500799],[19.0354876,47.5003723],[19.0356849,47.5002555]]]}},
{"type":"Feature","properties":{"id":"relation/4477768","landuse":"grass"},"geometry":{"type":"Polygon","coordinates":[[[19.0376245,47.4977811],[19.0376183,47.497802],[19.0376206,47.4978165],[19.0376299,47.4978342],[19.0373756,47.4981991],[19.0372236,47.4981589],[19.036832,47.4980551],[19.0368734,47.4979963],[19.0368769,47.4979971],[19.0369404,47.4980156],[19.0370007,47.4980332],[19.0370609,47.4980508],[19.0371262,47.4980698],[19.0371747,47.498084],[19.0372158,47.4980959],[19.0372727,47.4981125],[19.0373042,47.498059],[19.0373387,47.4980638],[19.0373743,47.4980556],[19.0373906,47.4980308],[19.0373768,47.4980035],[19.037352,47.4979944],[19.0372985,47.4979779],[19.0372552,47.4979645],[19.0372076,47.4979498],[19.0372402,47.4978976],[19.0371647,47.4978777],[19.037105,47.4978619],[19.0371223,47.4978489],[19.0371029,47.4978399],[19.0371073,47.4978343],[19.0371337,47.4978],[19.0371416,47.4978029],[19.0371802,47.4977644],[19.0370714,47.4977212],[19.0371048,47.4976797],[19.0371671,47.4976196],[19.0373262,47.4974523],[19.037589,47.4975548],[19.037596,47.4975751],[19.037626,47.4976026],[19.0376722,47.4976224],[19.0377115,47.4976297],[19.0377254,47.4976365],[19.0377238,47.4976495],[19.0376861,47.4976885],[19.0376553,47.4977286],[19.0376368,47.4977619],[19.0376245,47.4977811]],[[19.0372032,47.4976427],[19.0372542,47.4976688],[19.0373282,47.4977066],[19.0373871,47.4977366],[19.0374406,47.4976888],[19.0373817,47.4976587],[19.0373077,47.497621],[19.0372566,47.4975949],[19.0372032,47.4976427]]]}},
{"type":"Feature","properties":{"id":"relation/4483018","landuse":"forest","name":"Kiscelli-parkerdő"},"geometry":{"type":"Polygon","coordinates":[[[19.0311079,47.5325343],[19.0312374,47.532441],[19.031328,47.5323373],[19.0313713,47.5323518],[19.0314843,47.5321749],[19.031517,47.532079],[19.0315445,47.5320098],[19.0327435,47.5321834],[19.0329311,47.5321669],[19.0330289,47.532109],[19.033139,47.532021],[19.033188,47.5319356],[19.0332736,47.5317732],[19.0332695,47.5316768],[19.0332165,47.5315997],[19.0330697,47.5315419],[19.0328607,47.531449],[19.0327461,47.531363],[19.0326314,47.5312554],[19.0321281,47.5308984],[19.0319561,47.5308124],[19.0318159,47.5307823],[19.031663,47.5307651],[19.0310119,47.530634],[19.0301849,47.5306747],[19.0300511,47.5307177],[19.0298727,47.5307269],[19.0298873,47.5307008],[19.0299116,47.5306749],[19.0299217,47.5306503],[19.0299338,47.530623],[19.0299459,47.5305862],[19.0299318,47.5305548],[19.0299196,47.5305152],[19.0298306,47.5304783],[19.0296423,47.5304591],[19.0296913,47.5302295],[19.0299478,47.5303449],[19.0301885,47.5303496],[19.0304905,47.5303063],[19.0313516,47.5301642],[19.0314877,47.5300206],[19.0316213,47.5300127],[19.0317853,47.5300512],[19.0318923,47.5300946],[19.0319311,47.5302066],[19.0320707,47.5302728],[19.0320992,47.5303402],[19.032142,47.5303884],[19.0322205,47.5304221],[19.032356,47.5304558],[19.0325914,47.5304992],[19.0326842,47.5305184],[19.0327769,47.5305666],[19.0328054,47.5306437],[19.032834,47.5306895],[19.0329253,47.5307388],[19.0330531,47.5307727],[19.0331079,47.5308128],[19.0333255,47.5310188],[19.0333823,47.5311474],[19.0335944,47.531217],[19.0343105,47.5311315],[19.034402,47.5310164],[19.0347196,47.5310658],[19.034918,47.5310151],[19.035615,47.5310675],[19.0353043,47.5317236],[19.035027,47.5316395],[19.0346587,47.5315209],[19.0339525,47.532778],[19.0338597,47.5328888],[19.0337242,47.5329562],[19.033634,47.5330148],[19.0332536,47.5328066],[19.0328942,47.5326949],[19.0322117,47.5335987],[19.0325341,47.5336954],[19.03233,47.5339068],[19.0327158,47.5340412],[19.0330269,47.5341756],[19.0329273,47.534352],[19.0327223,47.5343073],[19.032694,47.5343034],[19.0325976,47.5343013],[19.032536,47.5343],[19.0324886,47.5343567],[19.0324876,47.534447],[19.0326475,47.5344874],[19.0328644,47.534532],[19.0327857,47.5346888],[19.0324054,47.5352227],[19.0317323,47.5349638],[19.0316007,47.5351729],[19.0317307,47.5352879],[19.0315227,47.5356011],[19.0326227,47.5359995],[19.0327325,47.5360711],[19.0322497,47.5363645],[19.0320056,47.5364397],[19.0317612,47.536774],[19.031574,47.5367065],[19.0314874,47.5368237],[19.0314314,47.5369169],[19.0311453,47.5368402],[19.031024,47.5370843],[19.0310943,47.5371729],[19.0308389,47.537632],[19.0307182,47.5376012],[19.0308067,47.5371739],[19.0305626,47.537087],[19.030112,47.5372717],[19.0301254,47.5371576],[19.0305926,47.5369928],[19.0307744,47.5368497],[19.0302086,47.5366013],[19.0303797,47.5364333],[19.0304183,47.5363173],[19.0304152,47.5362717],[19.0303444,47.5362482],[19.0303031,47.5362371],[19.030224,47.5362173],[19.0300742,47.536168],[19.0299747,47.5360995],[19.0297419,47.5360133],[19.0295086,47.5359398],[19.0292442,47.5357402],[19.0291037,47.5356509],[19.0289798,47.5355722],[19.0288087,47.5356667],[19.0288087,47.5358453],[19.0288286,47.5359291],[19.0288452,47.5359986],[19.0289704,47.5365246],[19.029062,47.5366265],[19.0292756,47.5368641],[19.0293426,47.5368975],[19.0296331,47.5370424],[19.0293087,47.5378369],[19.0309274,47.5383183],[19.0308709,47.5384094],[19.0307593,47.5384895],[19.0306103,47.5385455],[19.0303776,47.5386439],[19.0301311,47.5387553],[19.0298519,47.5388144],[19.0297357,47.5388636],[19.0296118,47.5389825],[19.0293006,47.5393138],[19.0284922,47.5396033],[19.0285482,47.5396553],[19.0281329,47.5397662],[19.0281643,47.5398828],[19.0276306,47.5398123],[19.0275315,47.5397526],[19.0269334,47.5396331],[19.0267282,47.5394707],[19.0266716,47.5392461],[19.026714,47.5391434],[19.0267423,47.539086],[19.0266291,47.5389355],[19.0266609,47.5387707],[19.0268025,47.5387778],[19.0268804,47.5388376],[19.0270644,47.5387778],[19.0272201,47.5387539],[19.0272909,47.5387659],[19.027351,47.5388041],[19.0273829,47.5388829],[19.0274926,47.5389164],[19.0276809,47.5388835],[19.0278442,47.5389285],[19.0279668,47.5389283],[19.0282287,47.538914],[19.028395,47.5388591],[19.0284906,47.5387898],[19.0287383,47.5387181],[19.0288232,47.5386464],[19.0287914,47.5385461],[19.0287984,47.5384959],[19.0288728,47.5384338],[19.028986,47.5382283],[19.0290886,47.537944],[19.029066,47.5378276],[19.029064,47.5377049],[19.0287629,47.5376157],[19.0277986,47.5374392],[19.027635,47.5374464],[19.0274745,47.537836],[19.0272953,47.5375235],[19.0272322,47.5374135],[19.0272769,47.5372101],[19.0274996,47.5371739],[19.0278715,47.5368935],[19.0279286,47.5368604],[19.028002,47.5368439],[19.0283078,47.5368577],[19.0284505,47.5368604],[19.0285239,47.5368219],[19.0285688,47.5367723],[19.0283486,47.5367393],[19.028214,47.5366787],[19.0281529,47.5366044],[19.0280958,47.5363952],[19.0280265,47.5363759],[19.0277981,47.5364833],[19.0277981,47.5365246],[19.0279245,47.5365659],[19.0279245,47.5366127],[19.027896,47.5366705],[19.0278471,47.5366953],[19.0277288,47.5367421],[19.0275413,47.5367448],[19.027226,47.5367273],[19.0271241,47.5366832],[19.0271099,47.5366337],[19.0276014,47.5365924],[19.0275313,47.5360203],[19.0277862,47.5360289],[19.0279773,47.53593],[19.0280665,47.5358698],[19.0281557,47.5357837],[19.0281748,47.5356762],[19.0281047,47.5355601],[19.0279575,47.5352657],[19.0282536,47.5351645],[19.0283122,47.5351343],[19.0283531,47.5350906],[19.0283758,47.535031],[19.0283643,47.5348994],[19.0282279,47.5345198],[19.0281661,47.5343324],[19.0281624,47.5342743],[19.0281846,47.533989],[19.0282065,47.533824],[19.0283186,47.5338322],[19.0286212,47.5338462],[19.0285079,47.5341506],[19.0288651,47.5343577],[19.0292112,47.5344547],[19.0290858,47.5346339],[19.0305567,47.5351044],[19.0311768,47.5342951],[19.0312827,47.5343207],[19.0323702,47.5329072],[19.0313883,47.5325693],[19.0313202,47.5326029],[19.0311079,47.5325343]],[[19.0304973,47.5361447],[19.0306449,47.5360596],[19.0306824,47.5360035],[19.0305537,47.5359455],[19.030213,47.5359401],[19.0301386,47.5360494],[19.0302347,47.5360743],[19.0302951,47.5361194],[19.0303658,47.5361413],[19.0304973,47.5361447]],[[19.0307092,47.5363312],[19.0307924,47.5363403],[19.0309426,47.5362353],[19.031015,47.5361338],[19.0308353,47.536027],[19.0307548,47.5361284],[19.0307575,47.5362479],[19.0307092,47.5363312]],[[19.0291558,47.5375976],[19.0292618,47.5373885],[19.0293838,47.5372581],[19.0294066,47.5370924],[19.0292591,47.5370743],[19.029137,47.5371223],[19.0289345,47.5375505],[19.0289962,47.5376447],[19.0291505,47.5376221],[19.0291558,47.5375976]],[[19.0279609,47.5368679],[19.0276283,47.5374292],[19.0278,47.5374202],[19.0280253,47.5374645],[19.0286623,47.5375795],[19.0287602,47.53723],[19.0289533,47.5370481],[19.02861,47.5369575],[19.0284678,47.5368742],[19.0283659,47.5368815],[19.0279609,47.5368679]]]}},
{"type":"Feature","properties":{"id":"relation/5532670","leisure":"park"},"geometry":{"type":"Polygon","coordinates":[[[19.0454257,47.5405451],[19.0453922,47.5405468],[19.0453732,47.5402766],[19.0454179,47.5402748],[19.0454202,47.5402883],[19.0455581,47.5402818],[19.0455546,47.5402699],[19.0456047,47.5402706],[19.0456135,47.5403594],[19.0456181,47.5404366],[19.0456111,47.5404633],[19.0456062,47.5404818],[19.0455935,47.5405071],[19.0455681,47.540527],[19.0455404,47.5405359],[19.0455013,47.540542],[19.0454257,47.5405451]],[[19.0454631,47.5404648],[19.0455424,47.5404955],[19.0455608,47.540476],[19.0455602,47.540451],[19.0455398,47.5404313],[19.0454628,47.5404612],[19.0454631,47.5404648]]]}},
{"type":"Feature","properties":{"id":"relation/7003786","landuse":"grass"},"geometry":{"type":"Polygon","coordinates":[[[19.0589824,47.4786349],[19.0590814,47.4786852],[19.0590879,47.4786883],[19.0589993,47.4787659],[19.0590626,47.4787988],[19.0584421,47.4793458],[19.0583425,47.4792945],[19.0578833,47.4790524],[19.0574555,47.4788269],[19.057472,47.4788125],[19.0575093,47.4787799],[19.0575526,47.4787421],[19.0576601,47.4786462],[19.0577825,47.4785385],[19.0574645,47.4783743],[19.0574764,47.4783635],[19.0575819,47.4782681],[19.0579451,47.4784522],[19.058304,47.4786378],[19.0583384,47.4786556],[19.0586824,47.4788334],[19.0587599,47.4788735],[19.0587735,47.4788606],[19.0588398,47.478803],[19.0588666,47.4787797],[19.0587438,47.4787154],[19.0585308,47.4786038],[19.0584664,47.4785701],[19.0578889,47.4782675],[19.0577065,47.478172],[19.0581184,47.4778026],[19.0581452,47.4778165],[19.0581808,47.4778379],[19.0579459,47.4780469],[19.0579076,47.478081],[19.0578385,47.4781425],[19.057957,47.4782033],[19.0579995,47.4782251],[19.0580673,47.4781649],[19.0584716,47.4783701],[19.0583956,47.4784384],[19.058529,47.4785064],[19.0585678,47.4785261],[19.0586404,47.4784611],[19.0588893,47.4785876],[19.0589824,47.4786349]],[[19.0585821,47.4789735],[19.0585766,47.4789464],[19.0585641,47.4789204],[19.0585452,47.4788963],[19.0585203,47.4788747],[19.0584903,47.4788564],[19.058456,47.4788419],[19.0584185,47.4788316],[19.0583789,47.4788259],[19.0583385,47.4788249],[19.0582984,47.4788287],[19.0582599,47.4788371],[19.0582242,47.4788499],[19.0581923,47.4788667],[19.0581652,47.478887],[19.0581437,47.4789102],[19.0581285,47.4789355],[19.0581201,47.4789622],[19.0581186,47.4789896],[19.0581242,47.4790166],[19.0581366,47.4790427],[19.0581432,47.479051],[19.0581556,47.4790668],[19.0581805,47.4790884],[19.0582105,47.4791067],[19.0582448,47.4791212],[19.0582822,47.4791315],[19.0583218,47.4791372],[19.0583622,47.4791382],[19.0584023,47.4791344],[19.0584408,47.479126],[19.0584765,47.4791132],[19.0585084,47.4790964],[19.0585355,47.4790761],[19.058557,47.4790529],[19.0585722,47.4790276],[19.0585807,47.4790008],[19.0585821,47.4789735]]]}},
{"type":"Feature","properties":{"id":"relation/7264483","leisure":"park","name":"Városmajor"},"geometry":{"type":"Polygon","coordinates":[[[19.014744,47.5081792],[19.0147217,47.5081514],[19.0144936,47.5078665],[19.0140139,47.5080269],[19.0137339,47.5076786],[19.0132949,47.5076542],[19.0129844,47.5077572],[19.0118333,47.5081391],[19.0117974,47.5080906],[19.0117099,47.5079725],[19.0124859,47.5077068],[19.0133978,47.5074069],[19.01343,47.5074595],[19.0137599,47.5074948],[19.013992,47.5075636],[19.0141417,47.5075722],[19.0143564,47.5076756],[19.0143904,47.5077087],[19.0144338,47.5077494],[19.0148409,47.5075944],[19.0154403,47.507368],[19.0169181,47.5068879],[19.0172851,47.5073144],[19.0183315,47.5069574],[19.018425,47.506942],[19.0185359,47.5070448],[19.0186161,47.5070183],[19.0184528,47.5068386],[19.0183887,47.5067635],[19.0205109,47.5060499],[19.0203042,47.5057678],[19.0209581,47.5055365],[19.0210663,47.5054807],[19.0211353,47.5054768],[19.0212011,47.5054876],[19.0220379,47.505932],[19.0221884,47.5060145],[19.0221945,47.5060275],[19.0221928,47.5060417],[19.0221187,47.5061149],[19.0220373,47.5062054],[19.0220069,47.5061998],[19.0218586,47.5063718],[19.0215401,47.506807],[19.0214161,47.5069736],[19.0212553,47.5071984],[19.0210892,47.5074383],[19.0209982,47.5075223],[19.0209464,47.5075597],[19.0207069,47.5076917],[19.0204051,47.5077871],[19.0200726,47.5078479],[19.0197393,47.5078671],[19.0196313,47.5078789],[19.0195595,47.5078974],[19.0194201,47.5079618],[19.0198432,47.5083486],[19.0198539,47.5083814],[19.0198369,47.5084063],[19.0180679,47.5086583],[19.0180588,47.508629],[19.0176149,47.5087163],[19.017604,47.5087185],[19.0176103,47.508744],[19.016548,47.5089019],[19.0154785,47.5090823],[19.0131117,47.5095458],[19.0131078,47.5095313],[19.012736,47.5095967],[19.0127407,47.509611],[19.012035,47.5097366],[19.0103682,47.5097662],[19.0101828,47.5097074],[19.0097654,47.5093761],[19.009464,47.5091882],[19.0092433,47.5090838],[19.0093052,47.5089884],[19.0097261,47.5092248],[19.0098754,47.5092984],[19.0100892,47.5093902],[19.010438,47.5094936],[19.010605,47.5095362],[19.0107718,47.5095678],[19.0113147,47.5096228],[19.0117648,47.5096036],[19.0120651,47.5095623],[19.012978,47.5094033],[19.0131403,47.509426],[19.0131564,47.5094714],[19.0134971,47.5094162],[19.0152812,47.5090578],[19.0153129,47.5089959],[19.0153286,47.5089655],[19.0149804,47.5085891],[19.0141168,47.508739],[19.0133344,47.5087782],[19.0127837,47.5088588],[19.012761,47.5087726],[19.013216,47.5086917],[19.0134407,47.5086343],[19.013541,47.5085946],[19.0140581,47.5084238],[19.0143196,47.5083325],[19.0144479,47.5082862],[19.014744,47.5081792]]]}},
{"type":"Feature","properties":{"id":"relation/7754712","landuse":"forest"},"geometry":{"type":"Polygon","coordinates":[[[19.0229921,47.5345248],[19.023101,47.5346648],[19.0228831,47.5348988],[19.0225749,47.535006],[19.022276,47.5350249],[19.0219164,47.5352109],[19.0214494,47.5351762],[19.0211225,47.5348263],[19.0210291,47.5346528],[19.0211178,47.5343565],[19.0212291,47.5342322],[19.0213747,47.534243],[19.0215067,47.5342613],[19.0216157,47.5343182],[19.0216556,47.5343768],[19.0217224,47.5344246],[19.0217663,47.5345],[19.0218331,47.5345175],[19.0219219,47.5345519],[19.0221284,47.5346017],[19.0221862,47.5345943],[19.0224226,47.5346287],[19.0224864,47.5346475],[19.0227468,47.5346996],[19.0228116,47.534676],[19.0228795,47.5346363],[19.0229238,47.5346066],[19.0229307,47.5345746],[19.0229921,47.5345248]]]}},
{"type":"Feature","properties":{"id":"relation/8019023","landuse":"forest","name":"Sas-hegy hegyláb"},"geometry":{"type":"Polygon","coordinates":[[[19.0133451,47.4779741],[19.0134156,47.4780004],[19.013406,47.4780766],[19.0138076,47.4783949],[19.0140336,47.4785251],[19.0144596,47.4787997],[19.0146795,47.4789415],[19.0143918,47.4791052],[19.0146046,47.4794609],[19.0147601,47.4795247],[19.0148132,47.4795465],[19.0152624,47.4794431],[19.0149094,47.4790028],[19.0152665,47.4786879],[19.0157388,47.4788009],[19.0161239,47.4788531],[19.0164768,47.4788557],[19.0165486,47.478879],[19.0169442,47.4784287],[19.0169663,47.4783997],[19.0173137,47.4779443],[19.0174284,47.4778513],[19.0174914,47.4777672],[19.017068,47.4776785],[19.0171652,47.4774806],[19.0176666,47.4775473],[19.0177961,47.4775499],[19.0177937,47.4775688],[19.0183141,47.4776836],[19.0181922,47.4777401],[19.0184291,47.4778517],[19.0180652,47.4781209],[19.0185532,47.4783149],[19.018521,47.4784942],[19.0176218,47.478413],[19.0173987,47.4782159],[19.0172645,47.4783417],[19.0172084,47.4784959],[19.0175765,47.478497],[19.0174465,47.4786687],[19.0175757,47.4787102],[19.0179051,47.4788984],[19.0181585,47.4790432],[19.0183479,47.4792204],[19.0184529,47.4793058],[19.0186388,47.4794568],[19.0188083,47.4796409],[19.0189198,47.4797945],[19.0189887,47.4798895],[19.019257,47.4798033],[19.0194426,47.4797513],[19.0198682,47.4796201],[19.0200712,47.4798477],[19.0202225,47.4798205],[19.020439,47.4799794],[19.0204761,47.4800015],[19.0205097,47.4800253],[19.0205413,47.4800479],[19.0206992,47.4801217],[19.0208857,47.4801993],[19.0212351,47.4803416],[19.0214878,47.4804265],[19.0214057,47.4805519],[19.0221501,47.4808569],[19.0219404,47.4809748],[19.021804,47.4810249],[19.0218597,47.4810679],[19.0217609,47.4811781],[19.0217265,47.4813753],[19.0215009,47.4813002],[19.020997,47.4811723],[19.0206794,47.4811143],[19.0205936,47.4809751],[19.0204048,47.4809403],[19.0202846,47.4810041],[19.0200443,47.4811143],[19.0197954,47.4811491],[19.0197353,47.4809809],[19.0194864,47.4809983],[19.0191602,47.4809229],[19.0188255,47.4809171],[19.0182504,47.4810041],[19.0177698,47.4810679],[19.0174436,47.4812361],[19.017096,47.4812465],[19.0167823,47.481215],[19.0165595,47.4815029],[19.0162031,47.4818956],[19.0160369,47.4819969],[19.0158225,47.4819918],[19.0155099,47.4818836],[19.0150232,47.4816712],[19.0147284,47.4814435],[19.0144347,47.4813762],[19.0141048,47.4814855],[19.0138523,47.4816106],[19.0135666,47.4818151],[19.0133056,47.4814627],[19.0132515,47.4813834],[19.012151,47.481798],[19.0120593,47.4816797],[19.0120242,47.4816327],[19.0116719,47.4811601],[19.0115183,47.4811763],[19.0114051,47.4812541],[19.0112233,47.481379],[19.0109986,47.4815366],[19.0107959,47.4816773],[19.0105866,47.4818256],[19.0104038,47.4816979],[19.0107701,47.4814395],[19.0113429,47.4808244],[19.0114698,47.4805889],[19.0115621,47.4803672],[19.0122229,47.4793735],[19.0122182,47.4793025],[19.0122667,47.4792452],[19.012913,47.4786793],[19.0129971,47.4785947],[19.0131156,47.4784338],[19.0132881,47.4780864],[19.0133451,47.4779741]],[[19.012889,47.4799105],[19.0130775,47.4798644],[19.0133303,47.479737],[19.0137841,47.4794878],[19.0135698,47.4793541],[19.0134183,47.4794146],[19.012768,47.4798034],[19.012889,47.4799105]]]}},
{"type":"Feature","properties":{"id":"relation/8321298","landuse":"grass"},"geometry":{"type":"MultiPolygon","coordinates":[[[[19.0413893,47.5400002],[19.0413339,47.5400951],[19.0413011,47.5400981],[19.0412804,47.5401118],[19.0412332,47.5401795],[19.0411803,47.5401564],[19.0411041,47.5398764],[19.0413961,47.5399148],[19.0413633,47.539965],[19.0413653,47.5399848],[19.0413893,47.5400002]]],[[[19.041392,47.540114],[19.041463,47.5400286],[19.0414873,47.5400272],[19.0415157,47.5400171],[19.04157,47.5399456],[19.0417945,47.5400005],[19.0418011,47.5400221],[19.0414312,47.540261],[19.0413887,47.5402754],[19.0413621,47.5402646],[19.0413923,47.5402365],[19.0413531,47.5402202],[19.0414128,47.5401513],[19.0414118,47.5401305],[19.041392,47.540114]]]]}},
{"type":"Feature","properties":{"id":"relation/8447923","landuse":"grass"},"geometry":{"type":"Polygon","coordinates":[[[19.0650465,47.5457337],[19.0649767,47.5457455],[19.0646696,47.5457826],[19.0643531,47.5457745],[19.0640822,47.5457428],[19.0638053,47.5457015],[19.0635362,47.5460993],[19.0637496,47.5461728],[19.0636952,47.546255],[19.0638061,47.5462884],[19.0637764,47.5463918],[19.0637872,47.5464824],[19.063822,47.5465421],[19.0639535,47.5465131],[19.0651202,47.5481335],[19.0655172,47.5485716],[19.0655735,47.5485336],[19.0661716,47.549446],[19.0657784,47.5495662],[19.065029,47.5489445],[19.0643236,47.5482765],[19.0638488,47.5476553],[19.0634385,47.5470834],[19.0630507,47.5464528],[19.0613322,47.5435005],[19.0612954,47.5433882],[19.0613771,47.5432879],[19.0626707,47.5439637],[19.0628313,47.544243],[19.0634224,47.5445542],[19.064227,47.5453028],[19.0644068,47.5454069],[19.0645905,47.5454422],[19.06486,47.545416],[19.065084,47.5453454],[19.0653415,47.545244],[19.0654904,47.5450901],[19.0659365,47.5453522],[19.0662622,47.5455504],[19.0661153,47.5456513],[19.0657277,47.5458822],[19.0653187,47.5460297],[19.0652691,47.5459392],[19.0653828,47.5459227],[19.0652438,47.5456267],[19.0650697,47.5456549],[19.0650465,47.5457337]]]}},
{"type":"Feature","properties":{"id":"way/1000382115","landuse":"forest","natural":"tree_group"},"geometry":{"type":"Polygon","coordinates":[[[19.0736604,47.5288382],[19.073651,47.5288201],[19.0736765,47.5287884],[19.0736993,47.528782],[19.0737918,47.5287811],[19.073891,47.5288255],[19.0739849,47.5288699],[19.0741566,47.5289016],[19.0742451,47.5289224],[19.0743309,47.528926],[19.074453,47.5289052],[19.07452,47.5289251],[19.0746313,47.5289984],[19.0747346,47.5290863],[19.0746903,47.5291605],[19.0746139,47.5292031],[19.074465,47.5292194],[19.0743926,47.5292031],[19.0743108,47.5291388],[19.0742116,47.5290709],[19.0741096,47.5290446],[19.0739876,47.529041],[19.0738991,47.5290202],[19.0738307,47.5289695],[19.0737878,47.5289016],[19.0736604,47.5288382]]]}},
{"type":"Feature","properties":{"id":"way/100272162","landuse":"grass"},"geometry":{"type":"Polygon","coordinates":[[[19.0366251,47.5160164],[19.0368303,47.5160056],[19.0367605,47.5162836],[19.0366251,47.5160164]]]}},
{"type":"Feature","properties":{"id":"way/1003047892","natural":"scrub"},"geometry":{"type":"Polygon","coordinates":[[[19.025785,47.4775517],[19.0251314,47.4766098],[19.0236649,47.4744395],[19.0236665,47.4744236],[19.0237995,47.4743923],[19.023925,47.4743829],[19.0240818,47.47438],[19.0241891,47.4743921],[19.0244175,47.474441],[19.0244385,47.4744586],[19.0244364,47.4744769],[19.024421,47.4744768],[19.024361,47.4744691],[19.0243096,47.4744732],[19.0242635,47.4744897],[19.0242304,47.474512],[19.0242043,47.4745473],[19.0241443,47.4745344],[19.0241141,47.4746032],[19.0240763,47.4746916],[19.0240973,47.474783],[19.024611,47.4755341],[19.0246601,47.4756002],[19.0249802,47.4760318],[19.0251526,47.475994],[19.025179,47.4759995],[19.0252462,47.4762708],[19.0252834,47.4763771],[19.0253343,47.4764998],[19.0255142,47.4767982],[19.0258049,47.4772256],[19.0259889,47.4774883],[19.0261673,47.4777548],[19.0260701,47.4777732],[19.0258739,47.4775258],[19.025785,47.4775517]]]}},
{"type":"Feature","properties":{"id":"way/1003047902","leisure":"pitch"},"geometry":{"type":"Polygon","coordinates":[[[19.0306916,47.4864124],[19.0307713,47.4864251],[19.0307311,47.4865399],[19.0306514,47.4865272],[19.0306916,47.4864124]]]}},
{"type":"Feature","properties":{"id":"way/1003047907","area":"yes","highway":"pedestrian"},"geometry":{"type":"Polygon","coordinates":[[[19.0303859,47.4863091],[19.0303864,47.486298],[19.0303982,47.4862817],[19.0304168,47.4862719],[19.0304265,47.4862733],[19.0304394,47.4862757],[19.0304605,47.486274],[19.0304713,47.4862691],[19.0304826,47.4862236],[19.030495,47.4862218],[19.0304976,47.4862375],[19.0305099,47.4862531],[19.0305259,47.4862632],[19.030548,47.4862702],[19.0305665,47.4862796],[19.0305943,47.4862865],[19.0306741,47.4862959],[19.0306676,47.4863259],[19.0306638,47.4863436],[19.0306509,47.4863418],[19.030635,47.4863474],[19.0306159,47.4863665],[19.0305989,47.4863672],[19.0305747,47.4863728],[19.0305573,47.4863877],[19.0305387,47.4864034],[19.0305022,47.4864072],[19.0304641,47.4863982],[19.0304296,47.4863832],[19.030407,47.4863641],[19.0303931,47.4863432],[19.0303859,47.4863091]]]}},
{"type":"Feature","properties":{"id":"way/1003047908","area":"yes","highway":"pedestrian"},"geometry":{"type":"Polygon","coordinates":[[[19.0308804,47.4862264],[19.0311295,47.4861634],[19.0311753,47.4862469],[19.0312406,47.4862316],[19.0312623,47.4862691],[19.0312268,47.4862778],[19.031202,47.4862804],[19.0311799,47.4862827],[19.031096,47.486315],[19.0309782,47.4863063],[19.0309782,47.4862977],[19.030972,47.4862945],[19.0309494,47.4863015],[19.0309044,47.4862954],[19.0308645,47.48629],[19.0308804,47.4862264]]]}},
{"type":"Feature","properties":{"id":"way/1003047913","landuse":"grass"},"geometry":{"type":"Polygon","coordinates":[[[19.0317444,47.4856635],[19.031747,47.4856644],[19.0318036,47.4857666],[19.0318294,47.4857865],[19.0318474,47.4857979],[19.0319009,47.4858031],[19.0319537,47.4858041],[19.0318906,47.4858508],[19.031835,47.4858922],[19.0317578,47.4859805],[19.0317506,47.4858038],[19.0317344,47.4856643],[19.0317444,47.4856635]]]}},
{"type":"Feature","properties":{"id":"way/1003201983","landuse":"grass"},"geometry":{"type":"Polygon","coordinates":[[[19.024651,47.4882203],[19.0246618,47.4878021],[19.0246933,47.4878225],[19.0247449,47.4879081],[19.0247469,47.488045],[19.0247429,47.4882421],[19.0247396,47.4882906],[19.0246993,47.488499],[19.0246336,47.4895539],[19.0246189,47.4895756],[19.024651,47.4882203]]]}},
{"type":"Feature","properties":{"id":"way/1003201988","landuse":"grass"},"geometry":{"type":"Polygon","coordinates":[[[19.0272411,47.4883822],[19.0269575,47.4883723],[19.0265422,47.4883513],[19.0261143,47.4882989],[19.0257544,47.488217],[19.0254899,47.4881565],[19.0253634,47.4881251],[19.0252791,47.4881219],[19.0251995,47.4881276],[19.0251057,47.4881504],[19.0250193,47.48819],[19.0249882,47.4882056],[19.0249877,47.4881818],[19.0250393,47.488154],[19.0250736,47.4881369],[19.0251526,47.4881166],[19.0252559,47.488102],[19.0253565,47.4881084],[19.0254646,47.4881308],[19.0257133,47.4881896],[19.0258946,47.4882323],[19.0261744,47.4882904],[19.0263963,47.4883185],[19.0265343,47.4883324],[19.0266566,47.4883384],[19.0269348,47.488353],[19.0272084,47.4883652],[19.0272411,47.4883822]]]}},
{"type":"Feature","properties":{"id":"way/1003201996","landuse":"grass"},"geometry":{"type":"Polygon","coordinates":[[[19.0249919,47.4881141],[19.024996,47.4880132],[19.0249993,47.4879353],[19.025062,47.4879695],[19.0252037,47.4880318],[19.0252195,47.488039],[19.0252222,47.4880472],[19.0252106,47.4880536],[19.0251948,47.4880557],[19.0251141,47.4880699],[19.0250335,47.4880952],[19.0249919,47.4881141]]]}},
{"type":"Feature","properties":{"id":"way/1003201997","landuse":"grass"},"geometry":{"type":"Polygon","coordinates":[[[19.0248854,47.488186],[19.0248875,47.4879026],[19.0248912,47.4878933],[19.0249028,47.4878883],[19.024916,47.4878894],[19.0249302,47.4878972],[19.0249134,47.487977],[19.0249081,47.4881668],[19.0248854,47.488186]]]}},
{"type":"Feature","properties":{"id":"way/1003201999","natural":"scrub"},"geometry":{"type":"Polygon","coordinates":[[[19.0267999,47.4880824],[19.0268184,47.4880002],[19.0268658,47.488039],[19.0269464,47.4880842],[19.0267999,47.4880824]]]}},
{"type":"Feature","properties":{"id":"way/1003202003","natural":"scrub"},"geometry":{"type":"Polygon","coordinates":[[[19.0265306,47.4877195],[19.0265475,47.4877053],[19.0264289,47.4876116],[19.0263673,47.4875525],[19.0263246,47.4874685],[19.0262951,47.4873926],[19.0262998,47.4872595],[19.0262944,47.4864965],[19.0264305,47.4865175],[19.0265403,47.4863591],[19.0266675,47.486369],[19.0266096,47.4865016],[19.0266162,47.4868118],[19.0267371,47.4868203],[19.0267309,47.4868542],[19.0267093,47.4868652],[19.0266582,47.4869051],[19.0265934,47.487002],[19.0265054,47.4871409],[19.0264474,47.4872513],[19.026449,47.4873627],[19.026478,47.4874706],[19.0265386,47.4876134],[19.0265955,47.4877053],[19.026606,47.4877213],[19.0265944,47.4877309],[19.0265739,47.4877356],[19.0265501,47.4877338],[19.0265306,47.4877195]]]}},
{"type":"Feature","properties":{"id":"way/1005685863","landuse":"grass"},"geometry":{"type":"Polygon","coordinates":[[[19.0381383,47.4957521],[19.0376332,47.496024],[19.0376201,47.4960171],[19.0380947,47.4957138],[19.038118,47.4957343],[19.0381383,47.4957521]]]}},
{"type":"Feature","properties":{"id":"way/1006168087","landuse":"grass"},"geometry":{"type":"Polygon","coordinates":[[[19.0726572,47.5310221],[19.0725542,47.5309453],[19.0728998,47.5307339],[19.0730029,47.5308107],[19.0726572,47.5310221]]]}},
{"type":"Feature","properties":{"id":"way/1006168088","landuse":"grass"},"geometry":{"type":"Polygon","coordinates":[[[19.0735849,47.5311344],[19.073774,47.5312732],[19.0733559,47.5315329],[19.0731662,47.5313937],[19.0735849,47.5311344]]]}},
{"type":"Feature","properties":{"id":"way/1006169395","landuse":"grass"},"geometry":{"type":"Polygon","coordinates":[[[19.0723395,47.5307246],[19.0722994,47.5307492],[19.0720504,47.5305643],[19.0724445,47.5303225],[19.0725987,47.5302311],[19.0728428,47.530414],[19.0725833,47.530575],[19.0723395,47.5307246]]]}},
{"type":"Feature","properties":{"id":"way/1006670909","landuse":"forest"},"geometry":{"type":"Polygon","coordinates":[[[19.0711599,47.48363],[19.0711317,47.4835602],[19.0715273,47.4834723],[19.0715334,47.4835004],[19.0713959,47.4835294],[19.07141,47.4835788],[19.0711599,47.48363]]]}},
{"type":"Feature","properties":{"id":"way/1006828242","leisure":"park"},"geometry":{"type":"Polygon","coordinates":[[[19.062155,47.5344756],[19.0619962,47.5341192],[19.0623836,47.5340405],[19.0625424,47.5343969],[19.062155,47.5344756]]]}},
{"type":"Feature","properties":{"id":"way/1006828243","leisure":"park"},"geometry":{"type":"Polygon","coordinates":[[[19.0660948,47.5356078],[19.0660214,47.5355987],[19.065974,47.5355728],[19.0659222,47.5355185],[19.0659195,47.5354599],[19.066004,47.5354111],[19.066059,47.53545],[19.0664067,47.535389],[19.0663438,47.5353459],[19.0664732,47.5353408],[19.066509,47.5354022],[19.0665485,47.5354699],[19.0664433,47.535541],[19.066373,47.5355553],[19.0663863,47.5354988],[19.066277,47.5355238],[19.0661874,47.5355444],[19.0661239,47.5355589],[19.0660948,47.5356078]]]}},
{"type":"Feature","properties":{"id":"way/1006828246","leisure":"park"},"geometry":{"type":"Polygon","coordinates":[[[19.0654868,47.5368206],[19.0653514,47.5365158],[19.0661998,47.536344],[19.0663352,47.5366489],[19.0654868,47.5368206]]]}},
{"type":"Feature","properties":{"id":"way/1007372352","leisure":"pitch","surface":"sand"},"geometry":{"type":"Polygon","coordinates":[[[19.0591197,47.5382895],[19.0589848,47.5380852],[19.0591986,47.5380208],[19.0593335,47.5382251],[19.0591197,47.5382895]]]}},
{"type":"Feature","properties":{"id":"way/1009342085","landuse":"grass"},"geometry":{"type":"Polygon","coordinates":[[[19.066067,47.4979828],[19.0660637,47.4979602],[19.066177,47.4979561],[19.066179,47.497971],[19.066067,47.4979828]]]}},
{"type":"Feature","properties":{"id":"way/1009342086","landuse":"grass"},"geometry":{"type":"Polygon","coordinates":[[[19.0658075,47.4980086],[19.0658169,47.4979842],[19.0658813,47.4979615],[19.066006,47.4979638],[19.0660087,47.4979896],[19.0658075,47.4980086]]]}},
{"type":"Feature","properties":{"id":"way/1009342087","landuse":"grass"},"geometry":{"type":"Polygon","coordinates":[[[19.0658122,47.4979493],[19.0659598,47.4977817],[19.0662722,47.4979457],[19.0658122,47.4979493]]]}},
{"type":"Feature","properties":{"id":"way/1009342088","landuse":"grass"},"geometry":{"type":"Polygon","coordinates":[[[19.0660255,47.4981323],[19.0658149,47.4980335],[19.0662669,47.4979692],[19.0660255,47.4981323]]]}},
{"type":"Feature","properties":{"id":"way/1009724903","leisure":"playground"},"geometry":{"type":"Polygon","coordinates":[[[19.0283337,47.5129064],[19.0282722,47.5128017],[19.028519,47.5127356],[19.0285805,47.5128403],[19.0283337,47.5129064]]]}},
{"type":"Feature","properties":{"id":"way/1009724909","leisure":"playground"},"geometry":{"type":"Polygon","coordinates":[[[19.0274214,47.5132836],[19.0272877,47.5130532],[19.0273239,47.5129906],[19.0275505,47.5129372],[19.0276444,47.5129571],[19.0277788,47.513183],[19.0274214,47.5132836]]]}},
{"type":"Feature","properties":{"id":"way/1010703663","leisure":"park"},"geometry":{"type":"Polygon","coordinates":[[[19.0763612,47.4997729],[19.0765107,47.4994818],[19.0766246,47.4995034],[19.0764721,47.4998029],[19.0763612,47.4997729]]]}},
{"type":"Feature","properties":{"id":"way/1019308521","natural":"bare_rock"},"geometry":{"type":"Polygon","coordinates":[[[19.0236559,47.5337188],[19.0234762,47.5336337],[19.0234038,47.5335576],[19.0233582,47.5334417],[19.0234548,47.5332787],[19.0235648,47.5333132],[19.023672,47.5333186],[19.0238088,47.533353],[19.0238544,47.5334254],[19.023841,47.5334761],[19.0238008,47.5335087],[19.0237659,47.5335739],[19.023782,47.5336808],[19.0236559,47.5337188]]]}},
{"type":"Feature","properties":{"id":"way/1019308522","name":"Keleti kőfejtő","natural":"bare_rock"},"geometry":{"type":"Polygon","coordinates":[[[19.0233515,47.534004],[19.0234856,47.5339108],[19.0235379,47.5338347],[19.0235876,47.533813],[19.0236855,47.5337921],[19.0237176,47.533803],[19.0236801,47.533899],[19.0235433,47.5341335],[19.0233609,47.5342711],[19.0232375,47.5343915],[19.0230793,47.5344595],[19.0228768,47.5345989],[19.0226702,47.5346424],[19.0224758,47.5345944],[19.0223846,47.5345627],[19.0221231,47.5345138],[19.0219688,47.5344812],[19.0218602,47.5344323],[19.0217757,47.5343707],[19.0217221,47.5343182],[19.0216979,47.5342304],[19.0218227,47.5341109],[19.0218776,47.5340937],[19.0219246,47.5341217],[19.0219514,47.5341978],[19.0219031,47.5342539],[19.0219165,47.5343282],[19.0219702,47.5343635],[19.0220721,47.5343943],[19.0222035,47.5344178],[19.022343,47.5344486],[19.0224744,47.5344785],[19.0226381,47.5345056],[19.0227547,47.5345065],[19.0228271,47.5344694],[19.0228996,47.5344133],[19.0229934,47.5343843],[19.0231222,47.5343173],[19.0231852,47.5342729],[19.0232684,47.5341751],[19.023267,47.5340891],[19.0233032,47.5340475],[19.0233515,47.534004]]]}},
{"type":"Feature","properties":{"id":"way/102027121","leisure":"playground"},"geometry":{"type":"Polygon","coordinates":[[[19.0511823,47.5189898],[19.0510476,47.5188003],[19.051079,47.5187901],[19.0514405,47.518673],[19.0515751,47.5188625],[19.0511823,47.5189898]]]}},
{"type":"Feature","properties":{"id":"way/1025923118","area":"yes","highway":"pedestrian","name":"Sándy Gyula köz","surface":"paving_stones"},"geometry":{"type":"Polygon","coordinates":[[[19.0235791,47.5066804],[19.0236012,47.5066641],[19.0236233,47.5066479],[19.023664,47.5066595],[19.0237358,47.5066384],[19.0237726,47.5066648],[19.0237572,47.5066917],[19.0237632,47.5067288],[19.0238244,47.5067713],[19.0238061,47.5067842],[19.0237926,47.5067938],[19.0235791,47.5066804]]]}},
{"type":"Feature","properties":{"id":"way/102890375","leisure":"playground","name":"Kassák Park játszótér"},"geometry":{"type":"Polygon","coordinates":[[[19.0652698,47.5215799],[19.0652515,47.5215756],[19.0646201,47.5209303],[19.0652839,47.5205953],[19.0653137,47.5205803],[19.0658058,47.521023],[19.0659475,47.5209511],[19.0661904,47.5211614],[19.0660106,47.5212485],[19.0652939,47.5215856],[19.0652698,47.5215799]]]}},
{"type":"Feature","properties":{"id":"way/1035336098","leisure":"pitch","surface":"concrete"},"geometry":{"type":"Polygon","coordinates":[[[19.0630229,47.5220079],[19.0631492,47.5219723],[19.0632384,47.5221168],[19.0631757,47.5221347],[19.0631127,47.5221526],[19.0630229,47.5220079]]]}},
{"type":"Feature","properties":{"id":"way/103599050","leisure":"playground"},"geometry":{"type":"Polygon","coordinates":[[[19.0538228,47.5191537],[19.0537565,47.5190297],[19.0539439,47.518984],[19.0539031,47.518905],[19.0544957,47.5187605],[19.0545743,47.5189076],[19.054604,47.5189631],[19.0538228,47.5191537]]]}},
{"type":"Feature","properties":{"id":"way/103745484","leisure":"park","name":"Wein János park"},"geometry":{"type":"Polygon","coordinates":[[[19.0551458,47.5191413],[19.054906,47.5191998],[19.0547887,47.5189806],[19.0547592,47.5189253],[19.054604,47.5189631],[19.0545743,47.5189076],[19.0544957,47.5187605],[19.0539359,47.518897],[19.0538594,47.518754],[19.0545413,47.5185877],[19.0546971,47.518879],[19.05497,47.5188124],[19.0551458,47.5191413]]]}},
{"type":"Feature","properties":{"id":"way/1051344663","landuse":"forest","natural":"tree_group"},"geometry":{"type":"Polygon","coordinates":[[[19.0299913,47.4895901],[19.0301335,47.4893617],[19.0302663,47.4890663],[19.0303843,47.48905],[19.0304366,47.4889567],[19.0305291,47.4888298],[19.0306257,47.4886145],[19.0306874,47.4884958],[19.0307081,47.4884791],[19.0309844,47.4885185],[19.0310468,47.4885307],[19.0310763,47.4885665],[19.0309837,47.4887405],[19.0308195,47.4890323],[19.0307584,47.489147],[19.0307195,47.489156],[19.030682,47.4891379],[19.0307128,47.4890518],[19.0309113,47.4886667],[19.0309653,47.4885507],[19.0308242,47.4885223],[19.0306592,47.4888606],[19.0304178,47.4892883],[19.030163,47.4895693],[19.0300892,47.4896961],[19.0300114,47.489784],[19.0299551,47.4897877],[19.0298881,47.4897596],[19.0299913,47.4895901]]]}},
{"type":"Feature","properties":{"id":"way/1051346798","natural":"grassland"},"geometry":{"type":"Polygon","coordinates":[[[19.0280582,47.4824786],[19.0280404,47.4824791],[19.0280451,47.482561],[19.0280742,47.4826315],[19.0280657,47.4826435],[19.0280318,47.4826476],[19.0279968,47.4822481],[19.0281096,47.4822575],[19.0282871,47.4825507],[19.0282653,47.4825574],[19.028145,47.4823709],[19.0280551,47.4823941],[19.0280582,47.4824786]]]}},
{"type":"Feature","properties":{"id":"way/1051381910","natural":"scrub"},"geometry":{"type":"Polygon","coordinates":[[[19.0313353,47.4861517],[19.0312532,47.4860008],[19.0309511,47.4860759],[19.0309527,47.486005],[19.0309872,47.4859992],[19.031062,47.4860015],[19.0310786,47.4857459],[19.0310273,47.485734],[19.0310093,47.4857226],[19.0310141,47.4856714],[19.030864,47.485665],[19.0308649,47.485655],[19.0307844,47.4856516],[19.0307787,47.4857127],[19.0307492,47.4857384],[19.0307012,47.4857116],[19.0306874,47.4856695],[19.0307223,47.4856261],[19.0307633,47.485592],[19.0308322,47.4855754],[19.0308671,47.4855672],[19.0309127,47.4855591],[19.0309972,47.4855546],[19.0310569,47.4855607],[19.0310925,47.485584],[19.0311598,47.4856756],[19.0312163,47.4857726],[19.0312795,47.4858925],[19.0314191,47.486142],[19.0313353,47.4861517]]]}},
{"type":"Feature","properties":{"id":"way/1051383134","landuse":"grass","leisure":"park"},"geometry":{"type":"Polygon","coordinates":[[[19.0312245,47.4856006],[19.0312111,47.4855999],[19.0311627,47.4855427],[19.0311215,47.4855202],[19.0310879,47.4855087],[19.0310155,47.4854918],[19.031198,47.4854609],[19.0312206,47.4854551],[19.0312372,47.4854546],[19.0312498,47.4854564],[19.0312664,47.48546],[19.0313249,47.4855144],[19.0313495,47.4855575],[19.0312976,47.4855814],[19.0312245,47.4856006]]]}},
{"type":"Feature","properties":{"id":"way/1051383135","natural":"grassland"},"geometry":{"type":"Polygon","coordinates":[[[19.0308466,47.4850824],[19.0307094,47.484813],[19.029717,47.4833457],[19.0296749,47.4832861],[19.0297104,47.4832776],[19.0300913,47.4838265],[19.0303048,47.484146],[19.0305233,47.4844672],[19.0308769,47.4850211],[19.030903,47.4850653],[19.0308466,47.4850824]]]}},
{"type":"Feature","properties":{"id":"way/1051383138","natural":"scrub"},"geometry":{"type":"Polygon","coordinates":[[[19.031268,47.4859102],[19.0312251,47.4858916],[19.0312124,47.4858748],[19.0312124,47.4858581],[19.0312157,47.485834],[19.0312036,47.4858073],[19.0311822,47.4857892],[19.0311748,47.4857647],[19.0311882,47.4857575],[19.0312043,47.485767],[19.0312163,47.4857726],[19.0312795,47.4858925],[19.0312788,47.4859074],[19.031268,47.4859102]]]}},
{"type":"Feature","properties":{"id":"way/1053602978","landuse":"grass"},"geometry":{"type":"Polygon","coordinates":[[[19.035396,47.485908],[19.0353447,47.4859061],[19.0353014,47.4859009],[19.0352614,47.4858913],[19.0352491,47.4858768],[19.0352514,47.4858589],[19.035268,47.4858462],[19.0353167,47.4858213],[19.0353048,47.4858065],[19.0355659,47.4856737],[19.0357064,47.4856013],[19.0357208,47.4856144],[19.0353517,47.4858056],[19.0353329,47.4858355],[19.035337,47.4858681],[19.0353571,47.4858944],[19.035396,47.485908]]]}},
{"type":"Feature","properties":{"id":"way/1053602979","landuse":"grass"},"geometry":{"type":"Polygon","coordinates":[[[19.0382096,47.4855224],[19.0382612,47.4855908],[19.0381178,47.4855995],[19.0381071,47.4855984],[19.0381005,47.4855922],[19.0381047,47.4855836],[19.0382096,47.4855224]]]}},
{"type":"Feature","properties":{"id":"way/1054240864","leisure":"garden","name":"Rózsa-kert"},"geometry":{"type":"Polygon","coordinates":[[[19.0702478,47.506726],[19.070378,47.5068077],[19.0704501,47.506853],[19.0704673,47.5068638],[19.0705014,47.5068852],[19.0706471,47.5069767],[19.0707069,47.5070142],[19.0707683,47.5070527],[19.0705436,47.5072176],[19.0705348,47.507223],[19.0702128,47.5070294],[19.0700183,47.5069123],[19.0701698,47.5067894],[19.0701775,47.5067831],[19.0702478,47.506726]]]}},
{"type":"Feature","properties":{"id":"way/1054346248","leisure":"park","name":"Placid atya park"},"geometry":{"type":"Polygon","coordinates":[[[19.0410117,47.4780145],[19.0417694,47.4778275],[19.0422351,47.4777126],[19.0422539,47.4777619],[19.0424248,47.4782126],[19.0421155,47.4782658],[19.0418368,47.4783226],[19.0416622,47.4783611],[19.0412563,47.4784657],[19.0410117,47.4780145]]]}},
{"type":"Feature","properties":{"id":"way/1055547285","landuse":"forest","natural":"tree_group"},"geometry":{"type":"Polygon","coordinates":[[[19.0295193,47.4895094],[19.0294656,47.4894234],[19.0294522,47.4893545],[19.0294495,47.489301],[19.0293919,47.4892321],[19.029424,47.4891905],[19.0294871,47.4891877],[19.0295501,47.4891968],[19.0295997,47.4892222],[19.0296628,47.489263],[19.0297084,47.4893155],[19.0296105,47.4894968],[19.0295193,47.4895094]]]}},
{"type":"Feature","properties":{"id":"way/1055634480","leisure":"park","name":"Törőcsik Mari park"},"geometry":{"type":"Polygon","coordinates":[[[19.0412563,47.4784657],[19.0404025,47.4786937],[19.0394869,47.477318],[19.0394756,47.4772827],[19.0394706,47.4772429],[19.0394773,47.4772033],[19.0402388,47.4761074],[19.0402982,47.476067],[19.0403518,47.4760563],[19.0404484,47.4760675],[19.0404955,47.4760854],[19.0405365,47.4760413],[19.0405417,47.4760323],[19.0405737,47.4760303],[19.0406633,47.476022],[19.0407285,47.4760097],[19.0409029,47.4759682],[19.0409352,47.4759575],[19.0410325,47.4764301],[19.0411413,47.4765243],[19.0413198,47.4771238],[19.0414825,47.4775695],[19.041586,47.4777057],[19.0416391,47.4777627],[19.0417072,47.4777944],[19.0417725,47.477802],[19.0417694,47.4778275],[19.0410117,47.4780145],[19.0412563,47.4784657]]]}},
{"type":"Feature","properties":{"id":"way/1055815662","landuse":"grass"},"geometry":{"type":"Polygon","coordinates":[[[19.057583,47.4762706],[19.0574797,47.4763677],[19.056755,47.4760142],[19.0567322,47.4760005],[19.0567263,47.4759849],[19.0567336,47.4759693],[19.0568015,47.4759049],[19.0574406,47.4762156],[19.05745,47.4762069],[19.057583,47.4762706]]]}},
{"type":"Feature","properties":{"id":"way/1055815663","landuse":"grass"},"geometry":{"type":"Polygon","coordinates":[[[19.0565584,47.4760522],[19.0564521,47.4759996],[19.0565055,47.4759468],[19.0565839,47.4759845],[19.0565994,47.4759969],[19.0566,47.4760138],[19.0565584,47.4760522]]]}},
{"type":"Feature","properties":{"id":"way/1055815664","landuse":"grass"},"geometry":{"type":"Polygon","coordinates":[[[19.0566208,47.4760831],[19.0566613,47.476044],[19.0566714,47.47604],[19.0566874,47.4760358],[19.0567153,47.4760417],[19.0572376,47.4762983],[19.057234,47.4763019],[19.0571774,47.4763587],[19.0566208,47.4760831]]]}},
{"type":"Feature","properties":{"id":"way/1055815665","landuse":"grass"},"geometry":{"type":"Polygon","coordinates":[[[19.0575387,47.4764016],[19.0576596,47.4762897],[19.0576661,47.4762868],[19.0576735,47.4762856],[19.0576799,47.4762856],[19.057836,47.4763541],[19.0578059,47.4763823],[19.0577745,47.4763665],[19.0575387,47.4764016]]]}},
{"type":"Feature","properties":{"id":"way/1056370131","landuse":"grass"},"geometry":{"type":"Polygon","coordinates":[[[19.0221353,47.51981],[19.0221262,47.5198216],[19.0221119,47.5198305],[19.0220942,47.5198357],[19.0220748,47.5198366],[19.0220568,47.5198334],[19.0220411,47.5198265],[19.0220296,47.5198166],[19.0220234,47.5198047],[19.0220231,47.519792],[19.0220288,47.51978],[19.0220398,47.5197698],[19.0220551,47.5197626],[19.022073,47.519759],[19.0220923,47.5197595],[19.0221104,47.5197643],[19.022125,47.5197729],[19.0221347,47.5197842],[19.0221382,47.5197971],[19.0221353,47.51981]]]}},
{"type":"Feature","properties":{"id":"way/1056449195","landuse":"grass"},"geometry":{"type":"Polygon","coordinates":[[[19.0269969,47.4841702],[19.0270791,47.4841388],[19.027084,47.4841456],[19.0270825,47.4841462],[19.0271358,47.4841286],[19.0271309,47.4841218],[19.0271524,47.4841146],[19.0271661,47.4841335],[19.0272241,47.4841142],[19.0272104,47.4840953],[19.0272249,47.4840905],[19.0272733,47.4841613],[19.0270393,47.4842394],[19.0269969,47.4841702]]]}},
{"type":"Feature","properties":{"id":"way/1056449196","landuse":"grass"},"geometry":{"type":"Polygon","coordinates":[[[19.0285373,47.483628],[19.028589,47.4836106],[19.0285974,47.4836221],[19.0286183,47.4836151],[19.0286098,47.4836036],[19.0287977,47.4835404],[19.0288759,47.4835141],[19.0288547,47.4835562],[19.0288733,47.4835801],[19.0289149,47.4835666],[19.0289413,47.483506],[19.0289611,47.4835005],[19.0289573,47.4834875],[19.0289792,47.4834795],[19.02898,47.4834909],[19.0289573,47.4835296],[19.0289713,47.4835478],[19.0292226,47.4834611],[19.0292483,47.483393],[19.0292937,47.4833779],[19.0293677,47.4834642],[19.0288657,47.4836325],[19.0286047,47.48372],[19.0285957,47.4837077],[19.0286027,47.4836986],[19.028573,47.483658],[19.0285589,47.4836574],[19.0285373,47.483628]]]}},
{"type":"Feature","properties":{"id":"way/1056467935","landuse":"grass"},"geometry":{"type":"Polygon","coordinates":[[[19.0245119,47.5215448],[19.0243677,47.5215471],[19.024341,47.5209677],[19.0244935,47.5209659],[19.0245119,47.5215448]]]}},
{"type":"Feature","properties":{"id":"way/1056676354","leisure":"park"},"geometry":{"type":"Polygon","coordinates":[[[19.0269551,47.4936444],[19.0272112,47.4936498],[19.027,47.4940145],[19.0269182,47.4940055],[19.0269551,47.4936444]]]}},
{"type":"Feature","properties":{"id":"way/1056781576","landuse":"grass"},"geometry":{"type":"Polygon","coordinates":[[[19.0296548,47.4881704],[19.0297027,47.4880718],[19.0300194,47.4881392],[19.0300198,47.4881772],[19.0299729,47.4881794],[19.0299049,47.4881654],[19.0298717,47.4881586],[19.0298034,47.4881623],[19.0296548,47.4881704]]]}},
{"type":"Feature","properties":{"id":"way/1056782178","landuse":"forest","natural":"tree_group"},"geometry":{"type":"Polygon","coordinates":[[[19.0284356,47.4894986],[19.0284128,47.4895412],[19.0283833,47.4895511],[19.0283525,47.4895384],[19.0283713,47.4894732],[19.02839,47.4894079],[19.0284155,47.4893663],[19.0284812,47.4893318],[19.0285335,47.4893318],[19.0285765,47.4893808],[19.0285389,47.4894351],[19.0284879,47.4894669],[19.0284356,47.4894986]]]}},
{"type":"Feature","properties":{"id":"way/1056782180","landuse":"forest","natural":"tree_group"},"geometry":{"type":"Polygon","coordinates":[[[19.0289922,47.4895964],[19.0289828,47.4895511],[19.0289989,47.4895004],[19.0289547,47.4894641],[19.0289667,47.4893907],[19.029007,47.4893191],[19.0290163,47.4892639],[19.0290955,47.4892249],[19.0291826,47.4892367],[19.029239,47.4892865],[19.0293154,47.4893273],[19.0293422,47.4894297],[19.0293181,47.489523],[19.0292484,47.4895819],[19.0289922,47.4895964]]]}},
{"type":"Feature","properties":{"id":"way/105731131","leisure":"playground"},"geometry":{"type":"Polygon","coordinates":[[[19.0596743,47.4919699],[19.059703,47.4919349],[19.0597717,47.4918513],[19.0598097,47.4918655],[19.0600102,47.4919406],[19.0600336,47.4919495],[19.0599784,47.4920168],[19.0599362,47.4920682],[19.0596743,47.4919699]]]}},
{"type":"Feature","properties":{"id":"way/105731163","leisure":"playground"},"geometry":{"type":"Polygon","coordinates":[[[19.0595153,47.4922367],[19.059788,47.4923697],[19.0597706,47.492386],[19.0597223,47.4924312],[19.0596952,47.492418],[19.0594732,47.4923098],[19.0594496,47.4922983],[19.0595153,47.4922367]]]}},
{"type":"Feature","properties":{"id":"way/105731171","leisure":"playground"},"geometry":{"type":"Polygon","coordinates":[[[19.0599323,47.4924316],[19.0599336,47.4923661],[19.0599965,47.4923163],[19.0600621,47.4921728],[19.0600701,47.4921122],[19.0601185,47.49208],[19.0601783,47.4920992],[19.0600006,47.4924317],[19.0599323,47.4924316]]]}},
{"type":"Feature","properties":{"id":"way/1058905596","leisure":"park"},"geometry":{"type":"Polygon","coordinates":[[[19.0422351,47.4777126],[19.0417694,47.4778275],[19.0417725,47.477802],[19.0417072,47.4777944],[19.0416391,47.4777627],[19.041586,47.4777057],[19.0414825,47.4775695],[19.0413198,47.4771238],[19.0411413,47.4765243],[19.0410325,47.4764301],[19.0409352,47.4759575],[19.0409863,47.4759405],[19.0411126,47.4758922],[19.0411979,47.4758406],[19.0412377,47.4758032],[19.0432091,47.4765052],[19.0432306,47.4765507],[19.0431937,47.4765564],[19.0430964,47.4765713],[19.0425549,47.4766643],[19.0425045,47.4766858],[19.0424834,47.476719],[19.0425045,47.4770324],[19.0422904,47.4770649],[19.0422231,47.4771395],[19.0421653,47.4771541],[19.0421469,47.4771588],[19.0421573,47.4771984],[19.0422879,47.4776977],[19.0423004,47.4777453],[19.0422539,47.4777619],[19.0422351,47.4777126]]]}},
{"type":"Feature","properties":{"id":"way/105911653","leisure":"playground"},"geometry":{"type":"Polygon","coordinates":[[[19.0584852,47.5285864],[19.0581891,47.5286525],[19.058129,47.5285299],[19.0584251,47.5284638],[19.0584852,47.5285864]]]}},
{"type":"Feature","properties":{"id":"way/1063059867","leisure":"playground"},"geometry":{"type":"Polygon","coordinates":[[[19.0454657,47.4849138],[19.0453423,47.4848966],[19.0453678,47.4848191],[19.0453081,47.4848055],[19.0453181,47.484786],[19.0454073,47.4846958],[19.0454254,47.4846954],[19.0454623,47.4846723],[19.0454978,47.4846591],[19.0455428,47.4846945],[19.04552,47.4847122],[19.0455092,47.484733],[19.0454657,47.4849138]]]}},
{"type":"Feature","properties":{"id":"way/1063242909","leisure":"park"},"geometry":{"type":"Polygon","coordinates":[[[19.066098,47.521898],[19.0659916,47.5217068],[19.0660867,47.521664],[19.0663086,47.5218017],[19.066098,47.521898]]]}},
{"type":"Feature","properties":{"id":"way/1063242910","leisure":"park"},"geometry":{"type":"Polygon","coordinates":[[[19.0663596,47.5220265],[19.0662011,47.5219638],[19.0663573,47.5218873],[19.0663596,47.5220265]]]}},
{"type":"Feature","properties":{"id":"way/1063242912","landuse":"grass"},"geometry":{"type":"Polygon","coordinates":[[[19.065543,47.5237618],[19.0655189,47.5237041],[19.065486,47.5236253],[19.065964,47.5233538],[19.066088,47.5236419],[19.0656812,47.5237314],[19.065543,47.5237618]]]}},
{"type":"Feature","properties":{"id":"way/1064196324","leisure":"pitch"},"geometry":{"type":"Polygon","coordinates":[[[19.047186,47.4790995],[19.0471643,47.4789774],[19.0475872,47.4789429],[19.047609,47.4790651],[19.047186,47.4790995]]]}},
{"type":"Feature","properties":{"id":"way/1064916773","landuse":"forest"},"geometry":{"type":"Polygon","coordinates":[[[19.0316355,47.5072414],[19.0316389,47.5072219],[19.0316359,47.5071945],[19.0316188,47.5071698],[19.0318203,47.5071589],[19.0318384,47.507165],[19.0318467,47.5071845],[19.0318296,47.5071967],[19.0316355,47.5072414]]]}},
{"type":"Feature","properties":{"id":"way/1068903121","landuse":"grass"},"geometry":{"type":"Polygon","coordinates":[[[19.0726864,47.5306514],[19.0727031,47.530665],[19.0724494,47.5308065],[19.0724327,47.5307929],[19.0726864,47.5306514]]]}},
{"type":"Feature","properties":{"id":"way/1068986950","leisure":"playground","name":"Ausztrál játszótér","name:en":"Australian Playground"},"geometry":{"type":"Polygon","coordinates":[[[19.0741231,47.5177949],[19.0740815,47.5177858],[19.0740775,47.5177106],[19.0741432,47.5176879],[19.0742049,47.5176744],[19.0742572,47.517678],[19.0742786,47.5177595],[19.0742867,47.5177967],[19.0742612,47.5178066],[19.0742343,47.5178265],[19.0741874,47.5178211],[19.0741513,47.5178039],[19.0741231,47.5177949]]]}},
{"type":"Feature","properties":{"id":"way/1068986957","name":"Rozsomák kifutója","name:en":"Wolverine","natural":"scrub","surface":"earth"},"geometry":{"type":"Polygon","coordinates":[[[19.0775321,47.5195474],[19.0776327,47.519407],[19.0777896,47.5194641],[19.0778862,47.5195248],[19.0779398,47.5195791],[19.0779318,47.5196199],[19.0778661,47.5196407],[19.0777668,47.5196416],[19.0776783,47.5195954],[19.0775321,47.5195474]]]}},
{"type":"Feature","properties":{"id":"way/1070059952","natural":"scrub"},"geometry":{"type":"Polygon","coordinates":[[[19.0315116,47.4852422],[19.0315621,47.4854362],[19.0316014,47.4856407],[19.0316312,47.4858476],[19.0316359,47.4860263],[19.0316266,47.486108],[19.0316153,47.4862023],[19.0316027,47.4862769],[19.0316003,47.4862901],[19.0315934,47.4862948],[19.031585,47.4862935],[19.0315794,47.486289],[19.0315708,47.4862768],[19.0314433,47.4859922],[19.0315124,47.4859753],[19.0313825,47.4857333],[19.0313124,47.4857505],[19.0313041,47.4857488],[19.031298,47.485745],[19.0312966,47.4857389],[19.0313,47.4857322],[19.0313734,47.4857129],[19.0312976,47.4855814],[19.0313495,47.4855575],[19.0313249,47.4855144],[19.031281,47.4854721],[19.0312664,47.48546],[19.0312498,47.4854564],[19.0312372,47.4854546],[19.0312206,47.4854551],[19.031198,47.4854609],[19.0311307,47.4854723],[19.0313555,47.4853244],[19.0314432,47.4852175],[19.0314865,47.4852228],[19.0315116,47.4852422]]]}},
{"type":"Feature","properties":{"id":"way/1079333828","leisure":"park","name":"Fischer Ágoston park"},"geometry":{"type":"Polygon","coordinates":[[[19.0416834,47.5304656],[19.0414189,47.5300733],[19.0410167,47.5294455],[19.0408297,47.5291026],[19.0417483,47.5289371],[19.0426317,47.5301337],[19.0416834,47.5304656]]]}},
{"type":"Feature","properties":{"id":"way/1079333831","leisure":"pitch"},"geometry":{"type":"Polygon","coordinates":[[[19.0422799,47.5306556],[19.0422386,47.5306392],[19.0422893,47.5305808],[19.0422376,47.5305604],[19.0423386,47.5304441],[19.0424314,47.5304808],[19.0422799,47.5306556]]]}},
{"type":"Feature","properties":{"id":"way/1079340637","landuse":"grass"},"geometry":{"type":"Polygon","coordinates":[[[19.0432458,47.4942922],[19.0433132,47.494311],[19.0433313,47.494333],[19.04335,47.4943539],[19.0433292,47.4943815],[19.0432997,47.4943947],[19.0432716,47.4943992],[19.0432367,47.4943969],[19.0432119,47.4943888],[19.0431884,47.4943702],[19.0431824,47.4943498],[19.0431851,47.4943294],[19.0431945,47.4943077],[19.0432458,47.4942922]]]}},
{"type":"Feature","properties":{"id":"way/1093525141","landuse":"grass"},"geometry":{"type":"Polygon","coordinates":[[[19.0596736,47.5146505],[19.0598212,47.5146899],[19.0597973,47.514779],[19.0596539,47.5147074],[19.0596736,47.5146505]]]}},
{"type":"Feature","properties":{"id":"way/1093525142","landuse":"grass"},"geometry":{"type":"Polygon","coordinates":[[[19.059842,47.5147769],[19.0598576,47.5146913],[19.0600747,47.5147011],[19.0601589,47.5147453],[19.0601122,47.5147797],[19.0600134,47.5147692],[19.0599791,47.5147909],[19.059842,47.5147769]]]}},
{"type":"Feature","properties":{"id":"way/1097563845","landuse":"grass"},"geometry":{"type":"Polygon","coordinates":[[[19.0258667,47.4783511],[19.0258265,47.4782852],[19.0257989,47.4782907],[19.0257511,47.4781622],[19.0257027,47.4780989],[19.0257176,47.4780939],[19.0256895,47.4780556],[19.0256737,47.4780609],[19.0254968,47.4778325],[19.0253147,47.4776551],[19.0251698,47.477455],[19.0250527,47.4772736],[19.024761,47.4768159],[19.0244526,47.476321],[19.0240422,47.4756806],[19.0238518,47.4753773],[19.023611,47.4750184],[19.0233857,47.4746544],[19.0233234,47.4745475],[19.0233388,47.4745289],[19.0234271,47.4744943],[19.0235125,47.4744693],[19.0235318,47.474476],[19.0237276,47.4748111],[19.0246602,47.4762117],[19.0261291,47.4783452],[19.026106,47.4783556],[19.0259104,47.4784149],[19.0259074,47.4784116],[19.0259761,47.478391],[19.0259345,47.4783303],[19.0258667,47.4783511]]]}},
{"type":"Feature","properties":{"id":"way/1099364526","landuse":"recreation_ground","surface":"sand"},"geometry":{"type":"Polygon","coordinates":[[[19.0601386,47.4780169],[19.0601468,47.4779755],[19.0601814,47.4779428],[19.0602398,47.4779294],[19.0602881,47.4779531],[19.0602853,47.477996],[19.0602465,47.4780296],[19.0601902,47.4780415],[19.0601386,47.4780169]]]}},
{"type":"Feature","properties":{"id":"way/1115015208","landuse":"recreation_ground","name":"Marczibányi tér"},"geometry":{"type":"Polygon","coordinates":[[[19.0214145,47.5139118],[19.0206767,47.5134866],[19.020552,47.513389],[19.0207481,47.5132137],[19.0208701,47.513117],[19.0208581,47.5131111],[19.0209664,47.5130287],[19.0209523,47.5130228],[19.0210604,47.5129336],[19.0211368,47.5128706],[19.0211199,47.5128598],[19.0217062,47.5123318],[19.022249,47.5118429],[19.0224004,47.5117065],[19.022845,47.5121193],[19.0228674,47.5121392],[19.0232757,47.5125138],[19.023518,47.5127328],[19.0235711,47.5127808],[19.0221903,47.5135282],[19.0221686,47.5135166],[19.0220936,47.5135656],[19.0220644,47.5135849],[19.0220553,47.5135797],[19.0219648,47.5136392],[19.0219507,47.5136315],[19.0218391,47.5137044],[19.0218257,47.5136967],[19.0215957,47.5138575],[19.0215068,47.5139214],[19.0214145,47.5139118]]]}},
{"type":"Feature","properties":{"id":"way/1115267462","landuse":"grass"},"geometry":{"type":"Polygon","coordinates":[[[19.0355123,47.4767199],[19.0356707,47.4766811],[19.0356783,47.4766979],[19.0356517,47.4767039],[19.0356572,47.4767156],[19.0355355,47.4767416],[19.0355195,47.4767376],[19.0355123,47.4767199]]]}},
{"type":"Feature","properties":{"id":"way/1115448160","landuse":"grass"},"geometry":{"type":"Polygon","coordinates":[[[19.0326454,47.4760661],[19.032657,47.4760376],[19.0326753,47.4760526],[19.0326766,47.4760563],[19.0326747,47.4760594],[19.0326715,47.4760615],[19.0326454,47.4760661]]]}},
{"type":"Feature","properties":{"id":"way/1115448161","landuse":"grass"},"geometry":{"type":"Polygon","coordinates":[[[19.0329432,47.4761374],[19.0329271,47.4761213],[19.032931,47.4761117],[19.0329574,47.4761067],[19.0329432,47.4761374]]]}},
{"type":"Feature","properties":{"id":"way/1117811540","landuse":"grass"},"geometry":{"type":"Polygon","coordinates":[[[19.0512975,47.4795412],[19.0513078,47.4795311],[19.0514223,47.479539],[19.0514592,47.479657],[19.05143,47.4796689],[19.0514149,47.4796539],[19.0514184,47.4796537],[19.0514149,47.4796378],[19.0514003,47.4796397],[19.0512975,47.4795412]]]}},
{"type":"Feature","properties":{"id":"way/1123085527","leisure":"park","name":"Széna téri emlékpark"},"geometry":{"type":"Polygon","coordinates":[[[19.0273636,47.5081807],[19.0279101,47.508157],[19.0279572,47.5081966],[19.0280001,47.5082487],[19.0283207,47.5085066],[19.0284024,47.5085723],[19.0285289,47.5086457],[19.0288724,47.5087353],[19.0288509,47.5088411],[19.0287181,47.5090256],[19.0281465,47.5087563],[19.0279429,47.5088844],[19.0273063,47.5082293],[19.0273636,47.5081807]]]}},
{"type":"Feature","properties":{"id":"way/1123087804","landuse":"grass"},"geometry":{"type":"Polygon","coordinates":[[[19.0274969,47.5106085],[19.0273779,47.5106081],[19.0273644,47.5105999],[19.0273638,47.5105915],[19.0274141,47.5105506],[19.0276504,47.5105309],[19.027655,47.5105362],[19.0274969,47.5106085]]]}},
{"type":"Feature","properties":{"id":"way/1123090879","leisure":"playground"},"geometry":{"type":"Polygon","coordinates":[[[19.0267398,47.51115],[19.0266278,47.510953],[19.0266614,47.5109389],[19.0269095,47.511015],[19.0268853,47.5111052],[19.0267834,47.5111523],[19.0267398,47.51115]]]}},
{"type":"Feature","properties":{"id":"way/1126433057","landuse":"grass"},"geometry":{"type":"Polygon","coordinates":[[[19.0550721,47.4830487],[19.0550461,47.4830343],[19.0552339,47.4828699],[19.0563071,47.4819283],[19.0562864,47.4819864],[19.0550721,47.4830487]]]}},
{"type":"Feature","properties":{"id":"way/1126433058","landuse":"grass"},"geometry":{"type":"Polygon","coordinates":[[[19.0545899,47.4823582],[19.0545848,47.4823536],[19.0545844,47.4823464],[19.0545874,47.482338],[19.0546044,47.4823245],[19.0546254,47.4823037],[19.0546407,47.4822962],[19.0546574,47.4822916],[19.0546625,47.4822922],[19.0546672,47.4822948],[19.0546629,47.4823227],[19.0546552,47.482355],[19.0546467,47.4823628],[19.0546365,47.4823677],[19.0546241,47.4823692],[19.0546117,47.4823651],[19.0546032,47.4823634],[19.0545899,47.4823582]]]}},
{"type":"Feature","properties":{"id":"way/1126435622","landuse":"grass"},"geometry":{"type":"Polygon","coordinates":[[[19.0566863,47.4816345],[19.0566687,47.4816245],[19.0564407,47.4818238],[19.0564593,47.4818333],[19.0564497,47.4818385],[19.0564374,47.4818403],[19.0564066,47.481841],[19.0579638,47.4804749],[19.0579909,47.4804943],[19.0566863,47.4816345]]]}},
{"type":"Feature","properties":{"id":"way/1126676736","landuse":"meadow"},"geometry":{"type":"Polygon","coordinates":[[[19.0211709,47.5305178],[19.0212341,47.5302898],[19.020965,47.5302528],[19.0210082,47.529959],[19.0225042,47.5301479],[19.0223601,47.5306681],[19.0211709,47.5305178]]]}},
{"type":"Feature","properties":{"id":"way/1127525258","landuse":"grass"},"geometry":{"type":"Polygon","coordinates":[[[19.0240694,47.4874343],[19.0241667,47.487324],[19.0242577,47.4873804],[19.0242606,47.4874625],[19.024207,47.4874602],[19.0241766,47.4874578],[19.0241377,47.4874512],[19.0240994,47.4874429],[19.0240694,47.4874343]]]}},
{"type":"Feature","properties":{"id":"way/1127525259","landuse":"grass"},"geometry":{"type":"Polygon","coordinates":[[[19.0238274,47.4865058],[19.0237866,47.4865091],[19.0237802,47.4865031],[19.0237748,47.4864961],[19.0237723,47.4864882],[19.0237733,47.4864805],[19.0238505,47.4864068],[19.0238667,47.4863981],[19.0238942,47.4863855],[19.0239242,47.4863749],[19.0238269,47.4864682],[19.0238274,47.4865058]]]}},
{"type":"Feature","properties":{"id":"way/1127525261","landuse":"grass"},"geometry":{"type":"Polygon","coordinates":[[[19.0238876,47.4869258],[19.0238609,47.4869113],[19.0238486,47.486902],[19.0238329,47.4868875],[19.0238282,47.4868822],[19.0238553,47.4868741],[19.0238648,47.486873],[19.0238751,47.4868733],[19.0238801,47.4868752],[19.0238828,47.4868788],[19.0238876,47.4869258]]]}},
{"type":"Feature","properties":{"id":"way/1127525262","landuse":"grass"},"geometry":{"type":"Polygon","coordinates":[[[19.0240971,47.4868602],[19.0240993,47.4868582],[19.024108,47.486858],[19.0241154,47.486858],[19.0241218,47.4868604],[19.0241276,47.486863],[19.0241321,47.4868671],[19.0241424,47.4868789],[19.0241556,47.4868949],[19.0241662,47.4869099],[19.0241726,47.4869236],[19.0241759,47.4869343],[19.0241791,47.4869473],[19.024181,47.486956],[19.0241353,47.4869554],[19.0241157,47.4869217],[19.0240971,47.4868602]]]}},
{"type":"Feature","properties":{"id":"way/1127577121","leisure":"pitch","surface":"tartan"},"geometry":{"type":"Polygon","coordinates":[[[19.0685193,47.5219881],[19.0684028,47.5219078],[19.0685514,47.5218095],[19.0686679,47.5218897],[19.0685193,47.5219881]]]}},
{"type":"Feature","properties":{"id":"way/1127577122","leisure":"pitch","surface":"tartan"},"geometry":{"type":"Polygon","coordinates":[[[19.0688264,47.5219836],[19.068556,47.5217976],[19.0687177,47.5216904],[19.0689881,47.5218764],[19.0688264,47.5219836]]]}},
{"type":"Feature","properties":{"id":"way/1131992487","landuse":"grass"},"geometry":{"type":"Polygon","coordinates":[[[19.0652785,47.5320708],[19.0652302,47.5319522],[19.065395,47.5319217],[19.0654432,47.5320403],[19.0652785,47.5320708]]]}},
{"type":"Feature","properties":{"id":"way/1131992488","landuse":"grass"},"geometry":{"type":"Polygon","coordinates":[[[19.0643514,47.5326417],[19.0643773,47.5326628],[19.0644073,47.5326812],[19.0644409,47.5326967],[19.0644772,47.5327088],[19.0645158,47.5327174],[19.0645557,47.5327223],[19.0645396,47.532787],[19.0644881,47.5327782],[19.0644392,47.5327643],[19.0643939,47.5327456],[19.0643533,47.5327225],[19.0643183,47.5326956],[19.0642896,47.5326654],[19.0643514,47.5326417]]]}},
{"type":"Feature","properties":{"id":"way/1131992489","landuse":"grass"},"geometry":{"type":"Polygon","coordinates":[[[19.06431,47.5325952],[19.0642535,47.5326147],[19.0642316,47.5325766],[19.0642204,47.5325363],[19.0642204,47.5324954],[19.0642314,47.5324552],[19.0642531,47.532417],[19.0642847,47.5323821],[19.0643253,47.5323517],[19.0643734,47.5323268],[19.0644275,47.5323083],[19.0644856,47.5322968],[19.0644928,47.5324074],[19.0644421,47.5324185],[19.064394,47.5324353],[19.0643506,47.5324576],[19.0643177,47.5324864],[19.0643007,47.5325217],[19.0642981,47.5325589],[19.06431,47.5325952]]]}},
{"type":"Feature","properties":{"id":"way/1131992490","landuse":"grass"},"geometry":{"type":"Polygon","coordinates":[[[19.0649477,47.5324124],[19.0648679,47.5324423],[19.0648086,47.5324206],[19.0647455,47.5324047],[19.0646797,47.5323948],[19.0646125,47.5323911],[19.0645452,47.5323938],[19.0645381,47.5322951],[19.0646046,47.5322928],[19.0646708,47.5322972],[19.0647353,47.5323084],[19.0647966,47.5323259],[19.0648532,47.5323495],[19.064904,47.5323785],[19.0649477,47.5324124]]]}},
{"type":"Feature","properties":{"id":"way/1133808842","landuse":"forest","natural":"tree_group"},"geometry":{"type":"Polygon","coordinates":[[[19.069161,47.5294213],[19.0691784,47.5293996],[19.0692374,47.5293824],[19.0692575,47.5293924],[19.0692964,47.5294974],[19.0693125,47.5295499],[19.0693393,47.529568],[19.0693809,47.5295744],[19.0694131,47.5295934],[19.0694359,47.5296522],[19.0694413,47.5296966],[19.0692401,47.5298134],[19.0691891,47.529817],[19.0691556,47.5297998],[19.069161,47.5294213]]]}},
{"type":"Feature","properties":{"id":"way/1133808845","leisure":"park"},"geometry":{"type":"Polygon","coordinates":[[[19.0694761,47.5296857],[19.0694466,47.5297129],[19.0691864,47.5298587],[19.0691864,47.5298913],[19.0691898,47.529898],[19.0692133,47.5299447],[19.0692307,47.5299583],[19.0692696,47.5299447],[19.0694453,47.5300742],[19.0693796,47.5301168],[19.069563,47.5302504],[19.0696022,47.5302789],[19.0694178,47.5304007],[19.0693413,47.5303463],[19.0693098,47.5303667],[19.0691727,47.5302714],[19.0691221,47.5302363],[19.0690774,47.5301744],[19.0690175,47.5300914],[19.0689746,47.5299918],[19.0689552,47.5298963],[19.0689477,47.5298596],[19.0689602,47.5296173],[19.0689751,47.529329],[19.0689815,47.5292034],[19.0689987,47.5288708],[19.0690176,47.5288499],[19.0690282,47.5288382],[19.0691891,47.5287947],[19.0694198,47.5291533],[19.0692114,47.5291986],[19.0692428,47.5292728],[19.0693581,47.5295391],[19.0694198,47.5295282],[19.0694258,47.5295451],[19.0694636,47.5296507],[19.0694761,47.5296857]]]}},
{"type":"Feature","properties":{"id":"way/114245163","leisure":"park"},"geometry":{"type":"Polygon","coordinates":[[[19.053393,47.4833413],[19.053684,47.4833059],[19.0537001,47.483316],[19.0536888,47.4834268],[19.0536699,47.483426],[19.053674,47.4835477],[19.0536288,47.4835587],[19.053393,47.4833413]]]}},
{"type":"Feature","properties":{"id":"way/114471021","leisure":"park"},"geometry":{"type":"Polygon","coordinates":[[[19.0629353,47.5283929],[19.0640044,47.5281904],[19.0640368,47.5282684],[19.0629677,47.5284709],[19.0629353,47.5283929]]]}},
{"type":"Feature","properties":{"id":"way/114471022","leisure":"park"},"geometry":{"type":"Polygon","coordinates":[[[19.0633736,47.5262393],[19.0631297,47.5262888],[19.0628832,47.5257346],[19.0631271,47.5256852],[19.0633736,47.5262393]]]}},
{"type":"Feature","properties":{"id":"way/114471031","leisure":"park"},"geometry":{"type":"Polygon","coordinates":[[[19.0627663,47.5280276],[19.0638475,47.5278228],[19.0638833,47.527909],[19.0628022,47.5281138],[19.0627663,47.5280276]]]}},
{"type":"Feature","properties":{"id":"way/114471032","leisure":"park"},"geometry":{"type":"Polygon","coordinates":[[[19.0624957,47.525846],[19.0627301,47.5263731],[19.0623683,47.5264465],[19.0621339,47.5259194],[19.0624957,47.525846]]]}},
{"type":"Feature","properties":{"id":"way/1147909536","landuse":"grass"},"geometry":{"type":"Polygon","coordinates":[[[19.0391506,47.5151134],[19.0392107,47.5150993],[19.039271,47.5150777],[19.039341,47.5150422],[19.0394048,47.5149979],[19.0394589,47.5149368],[19.0394892,47.5148833],[19.0394993,47.514883],[19.0394813,47.5149811],[19.0394092,47.5152107],[19.0393631,47.5152105],[19.0393227,47.5152159],[19.039278,47.5152243],[19.0392271,47.515215],[19.0391729,47.5151818],[19.0391594,47.5151622],[19.0391506,47.5151134]]]}},
{"type":"Feature","properties":{"id":"way/114812515","name":"Szent Gellért tér","place":"square"},"geometry":{"type":"Polygon","coordinates":[[[19.0527888,47.4832507],[19.0528119,47.4832292],[19.0532876,47.4832112],[19.0533069,47.4832128],[19.0535088,47.4832037],[19.0537097,47.4831946],[19.053942,47.483183],[19.053952,47.4831912],[19.0540515,47.4832156],[19.0541083,47.4832285],[19.0541541,47.4832388],[19.054258,47.483262],[19.0545809,47.48354],[19.0534727,47.4845084],[19.0534574,47.4845273],[19.0532788,47.4846797],[19.0530563,47.4848635],[19.0525621,47.4845944],[19.0525126,47.4845626],[19.0525354,47.4843571],[19.052558,47.4843198],[19.0525686,47.4842597],[19.0526296,47.4842624],[19.0526721,47.4842481],[19.052692,47.4842194],[19.052689,47.4841896],[19.0527383,47.4839078],[19.0527965,47.4839105],[19.0528126,47.4838218],[19.0528297,47.4837228],[19.0527745,47.4837179],[19.0528314,47.4834301],[19.0528358,47.4834122],[19.0528346,47.4833947],[19.0528258,47.4833782],[19.0527888,47.4832507]]]}},
{"type":"Feature","properties":{"id":"way/1148637918","leisure":"park"},"geometry":{"type":"Polygon","coordinates":[[[19.0349351,47.542943],[19.0349076,47.5430798],[19.0346433,47.5430523],[19.0346753,47.5429172],[19.0349351,47.542943]]]}},
{"type":"Feature","properties":{"id":"way/1149413116","landuse":"grass"},"geometry":{"type":"Polygon","coordinates":[[[19.029996,47.4994882],[19.0299652,47.4994475],[19.0300081,47.49938],[19.0300725,47.4993818],[19.0301067,47.4993999],[19.029996,47.4994882]]]}},
{"type":"Feature","properties":{"id":"way/1149419565","leisure":"playground","name":"Süsü játszótér","surface":"tartan"},"geometry":{"type":"Polygon","coordinates":[[[19.0371837,47.5090461],[19.0371786,47.5088987],[19.0371707,47.5086474],[19.037569,47.5086398],[19.0375686,47.5090369],[19.0375203,47.5090381],[19.0374392,47.50904],[19.0371837,47.5090461]]]}},
{"type":"Feature","properties":{"id":"way/1149421720","leisure":"pitch","surface":"asphalt"},"geometry":{"type":"Polygon","coordinates":[[[19.0220822,47.5133142],[19.0222315,47.5132212],[19.0223091,47.5132781],[19.0221599,47.513371],[19.0220822,47.5133142]]]}},
{"type":"Feature","properties":{"id":"way/1153735490","leisure":"garden"},"geometry":{"type":"Polygon","coordinates":[[[19.0761371,47.5296928],[19.0760972,47.5296495],[19.0760757,47.5296332],[19.0756031,47.5299233],[19.0754212,47.5297944],[19.0759147,47.5294784],[19.0762033,47.5296862],[19.0761621,47.5297117],[19.0761371,47.5296928]]]}},
{"type":"Feature","properties":{"id":"way/1154726062","natural":"scrub"},"geometry":{"type":"Polygon","coordinates":[[[19.0316001,47.5394141],[19.0316752,47.5394256],[19.0316811,47.5394081],[19.0317924,47.5394251],[19.031774,47.5394799],[19.0315876,47.5394514],[19.0316001,47.5394141]]]}},
{"type":"Feature","properties":{"id":"way/1154726063","landuse":"grass"},"geometry":{"type":"Polygon","coordinates":[[[19.0317891,47.5392481],[19.0318166,47.5391757],[19.0320761,47.539211],[19.0320546,47.5392861],[19.0317891,47.5392481]]]}},
{"type":"Feature","properties":{"id":"way/115595417","leisure":"pitch","surface":"artificial_turf"},"geometry":{"type":"Polygon","coordinates":[[[19.0264753,47.5382342],[19.0267052,47.537678],[19.0270984,47.5377521],[19.0268684,47.5383083],[19.0264753,47.5382342]]]}},
{"type":"Feature","properties":{"id":"way/1156166690","leisure":"park","name":"Nelson Mandela park"},"geometry":{"type":"Polygon","coordinates":[[[19.0386693,47.4904893],[19.0388324,47.4902632],[19.0390964,47.4901064],[19.0391692,47.4898353],[19.0397218,47.4896672],[19.0398803,47.4894384],[19.0400136,47.4895561],[19.0401776,47.489736],[19.0402078,47.4898622],[19.0401442,47.4899064],[19.0401252,47.4899176],[19.0399549,47.4900177],[19.0397391,47.4901063],[19.0395764,47.4901497],[19.0395561,47.4903848],[19.0395648,47.4905697],[19.0392617,47.4905611],[19.0389238,47.4905344],[19.0386693,47.4904893]]]}},
{"type":"Feature","properties":{"id":"way/1156532451","leisure":"garden"},"geometry":{"type":"Polygon","coordinates":[[[19.0778033,47.5315416],[19.0777675,47.53146],[19.0776934,47.5314749],[19.0776997,47.5314893],[19.0776334,47.5315025],[19.0776265,47.531487],[19.0775816,47.5313845],[19.0776966,47.5313613],[19.0777247,47.5314263],[19.0778256,47.5314076],[19.0778744,47.531528],[19.0778033,47.5315416]]]}},
{"type":"Feature","properties":{"id":"way/1156532452","leisure":"garden"},"geometry":{"type":"Polygon","coordinates":[[[19.0775346,47.5312774],[19.0776566,47.5312544],[19.0776871,47.5313301],[19.0775675,47.5313524],[19.0775346,47.5312774]]]}},
{"type":"Feature","properties":{"id":"way/1156532453","leisure":"garden"},"geometry":{"type":"Polygon","coordinates":[[[19.0778271,47.5315959],[19.0778964,47.5315813],[19.0779624,47.5317333],[19.0778933,47.531747],[19.0778271,47.5315959]]]}},
{"type":"Feature","properties":{"id":"way/1156532454","leisure":"garden"},"geometry":{"type":"Polygon","coordinates":[[[19.0779221,47.5318126],[19.0779919,47.5317982],[19.078021,47.5318642],[19.0779508,47.531878],[19.0779221,47.5318126]]]}},
{"type":"Feature","properties":{"id":"way/1159119812","area":"yes","highway":"pedestrian","name":"Francia udvar","surface":"asphalt"},"geometry":{"type":"Polygon","coordinates":[[[19.0307398,47.510357],[19.030686,47.510338],[19.0306213,47.510314],[19.0308414,47.5100656],[19.0308953,47.5100853],[19.0307398,47.510357]]]}},
{"type":"Feature","properties":{"id":"way/1159120923","leisure":"garden"},"geometry":{"type":"Polygon","coordinates":[[[19.0289869,47.5096818],[19.0288366,47.5095872],[19.0291216,47.5094108],[19.029208,47.509457],[19.0289869,47.5096818]]]}},
{"type":"Feature","properties":{"id":"way/1162381690","leisure":"garden"},"geometry":{"type":"Polygon","coordinates":[[[19.075032,47.5308732],[19.0752269,47.5310506],[19.0748869,47.5311188],[19.0747763,47.5310423],[19.075032,47.5308732]]]}},
{"type":"Feature","properties":{"id":"way/1162460766","landuse":"grass"},"geometry":{"type":"Polygon","coordinates":[[[19.0530088,47.4953391],[19.0530335,47.4953266],[19.0530583,47.4953257],[19.0531094,47.4953559],[19.0531582,47.4954068],[19.0531623,47.4954254],[19.0531524,47.4954388],[19.0531114,47.4954524],[19.053025,47.4954624],[19.0529276,47.495463],[19.0529083,47.4954547],[19.0528975,47.4954429],[19.0528974,47.4954249],[19.0529318,47.4953944],[19.0530088,47.4953391]]]}},
{"type":"Feature","properties":{"id":"way/1162630940","leisure":"garden"},"geometry":{"type":"Polygon","coordinates":[[[19.0768648,47.5302894],[19.0769959,47.5305251],[19.0767453,47.5304386],[19.0766293,47.5306287],[19.0765435,47.5304097],[19.0768648,47.5302894]]]}},
{"type":"Feature","properties":{"id":"way/1163120871","area":"yes","highway":"pedestrian","name":"Lövőház utca","surface":"paving_stones"},"geometry":{"type":"Polygon","coordinates":[[[19.025001,47.5094906],[19.0250106,47.5094991],[19.0250787,47.5095596],[19.0251403,47.5096143],[19.0251749,47.509645],[19.02513,47.5096441],[19.0249059,47.5097907],[19.0247723,47.5098875],[19.0246688,47.5099626],[19.0245435,47.5100534],[19.0244362,47.5101312],[19.0243245,47.5102122],[19.0242094,47.5102955],[19.0240819,47.510388],[19.0239127,47.5105106],[19.0237438,47.510633],[19.0237035,47.5105655],[19.0236632,47.5104999],[19.0239,47.5103338],[19.0240831,47.5102033],[19.0242253,47.5101007],[19.0243551,47.5100084],[19.0243588,47.510001],[19.0243549,47.5099938],[19.0243148,47.5099681],[19.0243888,47.5099284],[19.0244599,47.5098814],[19.0243885,47.5098266],[19.024527,47.5097434],[19.0245661,47.5097711],[19.024632,47.5097315],[19.025001,47.5094906]]]}},
{"type":"Feature","properties":{"id":"way/1163638667","leisure":"park"},"geometry":{"type":"Polygon","coordinates":[[[19.0435897,47.5357326],[19.0435425,47.535666],[19.0429777,47.5348822],[19.0430039,47.5348678],[19.0431048,47.5348432],[19.0431992,47.5349112],[19.0435811,47.5352415],[19.0437142,47.5354009],[19.0438794,47.5356414],[19.0435897,47.5357326]]]}},
{"type":"Feature","properties":{"id":"way/1163653361","leisure":"park"},"geometry":{"type":"Polygon","coordinates":[[[19.0598446,47.5146144],[19.0598924,47.5145508],[19.0600974,47.5146472],[19.0598446,47.5146144]]]}},
{"type":"Feature","properties":{"id":"way/1163808544","leisure":"park"},"geometry":{"type":"Polygon","coordinates":[[[19.0328385,47.5143484],[19.0329633,47.5142813],[19.0330787,47.5143791],[19.0329538,47.5144463],[19.0328385,47.5143484]]]}},
{"type":"Feature","properties":{"id":"way/1163976185","landuse":"forest","natural":"tree_group"},"geometry":{"type":"Polygon","coordinates":[[[19.0351492,47.5157026],[19.0354161,47.5157135],[19.0355703,47.515699],[19.0356642,47.5159444],[19.0357527,47.5159336],[19.0357688,47.5160006],[19.0357406,47.5160848],[19.0356441,47.5160939],[19.0355274,47.5161256],[19.0354845,47.5161636],[19.035463,47.5161953],[19.0353517,47.5162008],[19.0352646,47.5161364],[19.0351365,47.5161233],[19.0351492,47.5157026]]]}},
{"type":"Feature","properties":{"id":"way/1163976189","leisure":"park","name":"Margit tér"},"geometry":{"type":"Polygon","coordinates":[[[19.0340495,47.5140898],[19.0340763,47.513997],[19.0340629,47.5139721],[19.0340456,47.5139579],[19.0342052,47.5138492],[19.0344832,47.5139128],[19.0348384,47.5144902],[19.0348444,47.5145445],[19.0334252,47.5147656],[19.0332943,47.5147964],[19.0331818,47.5147959],[19.0330598,47.5147742],[19.03309,47.5147402],[19.0339201,47.5141686],[19.0339784,47.5141003],[19.0340495,47.5140898]]]}},
{"type":"Feature","properties":{"id":"way/1164120187","leisure":"garden"},"geometry":{"type":"Polygon","coordinates":[[[19.0528626,47.4955474],[19.0531335,47.4955311],[19.0531496,47.4955565],[19.0530852,47.4955891],[19.0530503,47.4955692],[19.0529511,47.4956054],[19.0529194,47.495595],[19.0528626,47.4955764],[19.0528626,47.4955474]]]}},
{"type":"Feature","properties":{"id":"way/1164429331","landuse":"grass"},"geometry":{"type":"Polygon","coordinates":[[[19.0490598,47.4794316],[19.0490473,47.4794803],[19.0490446,47.4795281],[19.0490611,47.4795913],[19.0490302,47.4796109],[19.0489093,47.4795609],[19.0488982,47.479547],[19.0489066,47.4795306],[19.048942,47.4795056],[19.0489888,47.4794815],[19.0490258,47.4794603],[19.0490598,47.4794316]]]}},
{"type":"Feature","properties":{"id":"way/1164429332","landuse":"grass"},"geometry":{"type":"Polygon","coordinates":[[[19.0496613,47.4784446],[19.049659,47.4784396],[19.0497605,47.4783277],[19.0498002,47.4783316],[19.0498399,47.4783319],[19.0498742,47.4783293],[19.0498926,47.4783496],[19.0496613,47.4784446]]]}},
{"type":"Feature","properties":{"id":"way/1164688095","leisure":"garden"},"geometry":{"type":"Polygon","coordinates":[[[19.0691957,47.5094395],[19.0692716,47.5094975],[19.069219,47.5096743],[19.0692371,47.5097737],[19.069256,47.5098776],[19.0692906,47.509937],[19.0693689,47.5100282],[19.0694348,47.5100774],[19.069399,47.5101068],[19.0693144,47.5100496],[19.0692146,47.5099504],[19.0691864,47.5098869],[19.069081,47.5098958],[19.068922,47.5099117],[19.0688933,47.5098182],[19.0688609,47.5097128],[19.0691356,47.5096746],[19.0691957,47.5094395]]]}},
{"type":"Feature","properties":{"id":"way/1164804660","landuse":"grass"},"geometry":{"type":"Polygon","coordinates":[[[19.0274389,47.4883717],[19.0276531,47.4883705],[19.027846,47.488368],[19.0281084,47.4883637],[19.0282465,47.4883698],[19.0285068,47.4883819],[19.0288277,47.4883997],[19.0291207,47.4884157],[19.0292973,47.4884204],[19.0294754,47.4884171],[19.0296625,47.4884033],[19.0298432,47.4883847],[19.0299544,47.4883808],[19.0301151,47.4883812],[19.030112,47.4883983],[19.0299428,47.4883993],[19.0298358,47.4884058],[19.0296519,47.4884182],[19.0294728,47.4884339],[19.0293062,47.4884396],[19.0288857,47.4884168],[19.0281053,47.4883808],[19.0276989,47.4883878],[19.0274095,47.488386],[19.0274173,47.4883799],[19.0274286,47.4883749],[19.0274389,47.4883717]]]}},
{"type":"Feature","properties":{"id":"way/1165975597","leisure":"park"},"geometry":{"type":"Polygon","coordinates":[[[19.0738758,47.5340899],[19.0736295,47.5337606],[19.0737562,47.5337237],[19.0738106,47.5337079],[19.0741593,47.5339759],[19.0741485,47.5340285],[19.0739289,47.5340779],[19.0738758,47.5340899]]]}},
{"type":"Feature","properties":{"id":"way/1166245585","landuse":"grass"},"geometry":{"type":"Polygon","coordinates":[[[19.0532378,47.4837609],[19.0532429,47.483727],[19.0532744,47.4837216],[19.0533249,47.4837814],[19.0533396,47.4838045],[19.0533483,47.4838238],[19.053353,47.48385],[19.0533375,47.4838487],[19.0533303,47.4838227],[19.053312,47.483798],[19.053283,47.4837772],[19.0532598,47.4837671],[19.0532378,47.4837609]]]}},
{"type":"Feature","properties":{"id":"way/1166245586","landuse":"grass"},"geometry":{"type":"Polygon","coordinates":[[[19.0529466,47.4838143],[19.0529551,47.4837678],[19.0529591,47.483754],[19.0529708,47.4837472],[19.0530416,47.4837537],[19.053172,47.4836706],[19.0532085,47.4836633],[19.0531928,47.4837564],[19.0531671,47.4837581],[19.0531284,47.4837672],[19.0531046,47.4837776],[19.0530711,47.4838035],[19.0530582,47.4838228],[19.0529466,47.4838143]]]}},
{"type":"Feature","properties":{"id":"way/1166245587","landuse":"grass"},"geometry":{"type":"Polygon","coordinates":[[[19.0531371,47.4840456],[19.0530131,47.48392],[19.0529752,47.4839194],[19.0529443,47.4839164],[19.0529299,47.4839053],[19.0529411,47.4838469],[19.0530509,47.4838552],[19.0530541,47.483874],[19.0530647,47.483895],[19.0530918,47.4839212],[19.0531192,47.4839359],[19.0531548,47.4839467],[19.0531371,47.4840456]]]}},
{"type":"Feature","properties":{"id":"way/1166245588","landuse":"grass"},"geometry":{"type":"Polygon","coordinates":[[[19.0531869,47.484026],[19.053202,47.4839498],[19.0532164,47.483949],[19.0532556,47.4839409],[19.053307,47.4839131],[19.0533323,47.4838798],[19.0533467,47.4838808],[19.0533336,47.4839146],[19.0533027,47.483954],[19.0532665,47.4839871],[19.0532085,47.4840332],[19.0531869,47.484026]]]}},
{"type":"Feature","properties":{"id":"way/1166245589","landuse":"grass"},"geometry":{"type":"Polygon","coordinates":[[[19.0538204,47.4837863],[19.0538394,47.4837723],[19.0538799,47.4839],[19.0538573,47.4839211],[19.0538489,47.4839205],[19.0538494,47.4838951],[19.0538447,47.4838598],[19.053831,47.4838156],[19.0538201,47.4837953],[19.0538204,47.4837863]]]}},
{"type":"Feature","properties":{"id":"way/1166245594","landuse":"grass"},"geometry":{"type":"Polygon","coordinates":[[[19.0490541,47.4883718],[19.0491192,47.4882783],[19.0491262,47.4882704],[19.0491443,47.4882652],[19.0491795,47.4882582],[19.0491822,47.4882634],[19.0491742,47.4882758],[19.0490576,47.4883803],[19.0490514,47.488378],[19.0490541,47.4883718]]]}},
{"type":"Feature","properties":{"id":"way/1166245613","natural":"scrub"},"geometry":{"type":"Polygon","coordinates":[[[19.0505853,47.4863826],[19.0507321,47.4864539],[19.0507791,47.486503],[19.0506477,47.4866181],[19.0505974,47.4867282],[19.0502226,47.4869747],[19.0499309,47.4872697],[19.0496667,47.4874709],[19.0495555,47.4874657],[19.049609,47.487397],[19.0499067,47.4871251],[19.0499872,47.4869348],[19.0501602,47.4867309],[19.0503446,47.4866183],[19.0503694,47.4864717],[19.0505853,47.4863826]]]}},
{"type":"Feature","properties":{"id":"way/1166245619","natural":"bare_rock"},"geometry":{"type":"Polygon","coordinates":[[[19.0491637,47.4877146],[19.049259,47.4876526],[19.0492724,47.4875805],[19.0493401,47.4874586],[19.0494461,47.4873821],[19.0494494,47.4872551],[19.0495285,47.4871468],[19.0495487,47.4870708],[19.0497297,47.4870173],[19.0497785,47.486729],[19.0500459,47.4864535],[19.0502009,47.4864229],[19.0503694,47.4864717],[19.0503446,47.4866183],[19.0501602,47.4867309],[19.0499872,47.4869348],[19.0499067,47.4871251],[19.049609,47.487397],[19.0495555,47.4874657],[19.0493388,47.4877437],[19.0492747,47.4877921],[19.0491637,47.4877146]]]}},
{"type":"Feature","properties":{"id":"way/1166245622","natural":"bare_rock"},"geometry":{"type":"Polygon","coordinates":[[[19.0470364,47.4890202],[19.0470555,47.4889576],[19.0470757,47.4888728],[19.0474363,47.4886821],[19.0479012,47.4883318],[19.0481378,47.4882244],[19.0483079,47.4882109],[19.0479299,47.488518],[19.0477103,47.488688],[19.047364,47.4888869],[19.0471454,47.4890038],[19.0470364,47.4890202]]]}},
{"type":"Feature","properties":{"id":"way/116709832","leisure":"pitch","surface":"clay"},"geometry":{"type":"Polygon","coordinates":[[[19.0431011,47.477726],[19.0433127,47.4776963],[19.0434059,47.4779998],[19.0431943,47.4780294],[19.0431011,47.477726]]]}},
{"type":"Feature","properties":{"id":"way/116709839","leisure":"pitch","surface":"tartan"},"geometry":{"type":"Polygon","coordinates":[[[19.0429944,47.4766736],[19.0432113,47.4766407],[19.0433119,47.4769439],[19.043095,47.4769768],[19.0429944,47.4766736]]]}},
{"type":"Feature","properties":{"id":"way/116709843","leisure":"pitch","surface":"clay"},"geometry":{"type":"Polygon","coordinates":[[[19.0433127,47.4776963],[19.04354,47.4776648],[19.0436318,47.4779676],[19.0434059,47.4779998],[19.0433127,47.4776963]]]}},
{"type":"Feature","properties":{"id":"way/116709849","leisure":"pitch","surface":"clay"},"geometry":{"type":"Polygon","coordinates":[[[19.042988,47.4773544],[19.0430904,47.4776703],[19.0428845,47.4777008],[19.0427821,47.4773849],[19.042988,47.4773544]]]}},
{"type":"Feature","properties":{"id":"way/1167178366","landuse":"grass"},"geometry":{"type":"Polygon","coordinates":[[[19.0389502,47.4797763],[19.0391655,47.4796838],[19.0392187,47.4797639],[19.039016,47.4798497],[19.0389502,47.4797763]]]}},
{"type":"Feature","properties":{"id":"way/1167178368","landuse":"grass"},"geometry":{"type":"Polygon","coordinates":[[[19.0403842,47.4822642],[19.0405469,47.4824173],[19.0404632,47.4824579],[19.0404521,47.4824475],[19.0403005,47.4823048],[19.0403842,47.4822642]]]}},
{"type":"Feature","properties":{"id":"way/1167178369","landuse":"grass"},"geometry":{"type":"Polygon","coordinates":[[[19.0404774,47.4822253],[19.0406326,47.4823782],[19.0405683,47.482408],[19.0404131,47.4822551],[19.0404774,47.4822253]]]}},
{"type":"Feature","properties":{"id":"way/1167178370","landuse":"grass"},"geometry":{"type":"Polygon","coordinates":[[[19.039426,47.4814783],[19.0396361,47.4813833],[19.0396949,47.4814449],[19.0394915,47.4815426],[19.039426,47.4814783]]]}},
{"type":"Feature","properties":{"id":"way/1167178371","landuse":"grass"},"geometry":{"type":"Polygon","coordinates":[[[19.039606,47.4815196],[19.0396648,47.4815752],[19.0396554,47.4815796],[19.0396488,47.4815857],[19.0396446,47.4815914],[19.0396418,47.4815974],[19.0396413,47.4816028],[19.0396446,47.4816088],[19.0396479,47.4816136],[19.0396507,47.4816177],[19.0395637,47.4816616],[19.0394965,47.4816015],[19.0394956,47.4815926],[19.0394998,47.4815787],[19.0395087,47.481566],[19.039606,47.4815196]]]}},
{"type":"Feature","properties":{"id":"way/1167178372","landuse":"grass"},"geometry":{"type":"Polygon","coordinates":[[[19.0396286,47.4815078],[19.0397278,47.4814633],[19.039733,47.4814656],[19.0397471,47.4814621],[19.0397626,47.4814605],[19.0397753,47.4814611],[19.0398448,47.4815278],[19.0397536,47.4815701],[19.0397457,47.4815663],[19.0397381,47.4815637],[19.0397269,47.4815596],[19.0397156,47.481558],[19.0397001,47.4815602],[19.039693,47.4815615],[19.0396888,47.481565],[19.0396286,47.4815078]]]}},
{"type":"Feature","properties":{"id":"way/1167178373","landuse":"grass"},"geometry":{"type":"Polygon","coordinates":[[[19.0397536,47.4816289],[19.0397616,47.4816225],[19.0397668,47.4816181],[19.0397701,47.4816114],[19.0397706,47.4816038],[19.0397696,47.4815942],[19.0397682,47.4815885],[19.0397649,47.4815812],[19.039858,47.4815393],[19.039929,47.4816111],[19.0399285,47.4816165],[19.0399276,47.4816206],[19.0399252,47.4816244],[19.0399215,47.4816285],[19.0399177,47.4816317],[19.0399144,47.4816343],[19.0399097,47.4816381],[19.0399257,47.4816521],[19.0398275,47.4816988],[19.0397536,47.4816289]]]}},
{"type":"Feature","properties":{"id":"way/1167178374","landuse":"grass"},"geometry":{"type":"Polygon","coordinates":[[[19.0396639,47.4816298],[19.0396751,47.4816365],[19.0396827,47.4816384],[19.0396954,47.4816409],[19.039709,47.4816428],[19.0397203,47.4816416],[19.0397334,47.4816397],[19.0398072,47.4817099],[19.0397071,47.481755],[19.039693,47.4817413],[19.0396827,47.4817448],[19.0396723,47.4817474],[19.0396568,47.4817477],[19.0396507,47.4817464],[19.0396451,47.4817445],[19.0395745,47.4816721],[19.0396639,47.4816298]]]}},
{"type":"Feature","properties":{"id":"way/1167178382","landuse":"grass"},"geometry":{"type":"Polygon","coordinates":[[[19.0396883,47.4813324],[19.03934,47.4815002],[19.0392755,47.4814398],[19.0392685,47.4814309],[19.0392605,47.4814179],[19.0392516,47.481402],[19.0392455,47.4813906],[19.0392445,47.4813807],[19.0392417,47.4813702],[19.0392398,47.4813601],[19.0392394,47.4813525],[19.0392398,47.4813445],[19.0392422,47.4813375],[19.0392455,47.4813302],[19.0392492,47.4813229],[19.0392572,47.4813146],[19.0392638,47.4813089],[19.0392727,47.4813007],[19.0392911,47.4812838],[19.0393056,47.4812727],[19.0393287,47.4812616],[19.0393531,47.4812489],[19.03937,47.4812422],[19.0393926,47.4812333],[19.0394091,47.4812295],[19.0394241,47.4812263],[19.0394514,47.4812216],[19.0394815,47.4812196],[19.0395073,47.4812196],[19.0395294,47.481219],[19.0395496,47.4812196],[19.0395661,47.4812203],[19.0395844,47.4812152],[19.039606,47.4812098],[19.0396883,47.4813324]]]}},
{"type":"Feature","properties":{"id":"way/1167395834","leisure":"pitch","surface":"tartan"},"geometry":{"type":"Polygon","coordinates":[[[19.0298773,47.4985591],[19.0298933,47.4985758],[19.0298984,47.4985953],[19.0298918,47.4986147],[19.0298745,47.4986308],[19.0298493,47.4986411],[19.0297048,47.4986825],[19.0296496,47.4986444],[19.0297679,47.4985619],[19.029792,47.4985492],[19.0298217,47.4985441],[19.0298519,47.4985476],[19.0298773,47.4985591]]]}},
{"type":"Feature","properties":{"id":"way/1167739600","landuse":"grass"},"geometry":{"type":"Polygon","coordinates":[[[19.0570283,47.5230265],[19.0571018,47.5229892],[19.0571611,47.5229453],[19.057201,47.5229007],[19.0572271,47.5228572],[19.0572416,47.5227759],[19.0572268,47.5227279],[19.0571993,47.5226942],[19.0571651,47.5226671],[19.0571397,47.5226604],[19.0570756,47.522413],[19.0571351,47.522399],[19.0571476,47.5224223],[19.0571816,47.5224132],[19.0574656,47.5229398],[19.0569783,47.523062],[19.0569677,47.5230432],[19.0570283,47.5230265]]]}},
{"type":"Feature","properties":{"id":"way/1167739602","leisure":"playground","name":"Bóbita irodalmi játszótér","surface":"tartan"},"geometry":{"type":"Polygon","coordinates":[[[19.0566377,47.5227399],[19.056576,47.5225305],[19.056807,47.5224762],[19.056878,47.5226263],[19.05689,47.5226517],[19.0569017,47.5226764],[19.0568829,47.522688],[19.056817,47.5227139],[19.0566748,47.5227488],[19.0566377,47.5227399]]]}},
{"type":"Feature","properties":{"id":"way/1167826613","leisure":"park"},"geometry":{"type":"Polygon","coordinates":[[[19.0383481,47.5185065],[19.0382466,47.518892],[19.0381738,47.5189612],[19.0380073,47.5189596],[19.0379247,47.5189916],[19.0377308,47.5189764],[19.0375385,47.5188589],[19.0375557,47.5185228],[19.0383481,47.5185065]]]}},
{"type":"Feature","properties":{"id":"way/1167826614","leisure":"park","name":"Germanus Gyula park"},"geometry":{"type":"Polygon","coordinates":[[[19.0377927,47.5171621],[19.0378061,47.5166925],[19.0380214,47.5167065],[19.0383478,47.5167405],[19.0385503,47.5167804],[19.0386603,47.5168249],[19.0387506,47.5169129],[19.0387943,47.5169869],[19.0388017,47.5170548],[19.0387888,47.5171068],[19.0387563,47.5171983],[19.0377927,47.5171621]]]}},
{"type":"Feature","properties":{"id":"way/1168183216","landuse":"grass"},"geometry":{"type":"Polygon","coordinates":[[[19.0562358,47.4785141],[19.0563467,47.4785684],[19.0564683,47.4786234],[19.0564556,47.4786369],[19.056403,47.4786237],[19.0563516,47.4786117],[19.0562941,47.4786024],[19.0562289,47.4786015],[19.0562358,47.4785141]]]}},
{"type":"Feature","properties":{"id":"way/1168183217","landuse":"grass"},"geometry":{"type":"Polygon","coordinates":[[[19.0562132,47.4790198],[19.0562178,47.4788999],[19.0562536,47.4788986],[19.0562804,47.4789066],[19.056328,47.4789268],[19.0562197,47.4790214],[19.0562132,47.4790198]]]}},
{"type":"Feature","properties":{"id":"way/1168183218","landuse":"grass"},"geometry":{"type":"Polygon","coordinates":[[[19.0561467,47.4790304],[19.0562015,47.4790322],[19.0562008,47.4790401],[19.056193,47.4790467],[19.0562432,47.4790754],[19.0562308,47.4790868],[19.0562165,47.4790939],[19.0561943,47.4790961],[19.0561761,47.4790935],[19.0561565,47.4790855],[19.0561467,47.4790736],[19.0561434,47.47906],[19.0561467,47.4790304]]]}},
{"type":"Feature","properties":{"id":"way/1168183219","landuse":"grass"},"geometry":{"type":"Polygon","coordinates":[[[19.0562488,47.4791581],[19.0562545,47.4791601],[19.0567525,47.4794176],[19.056809,47.4793677],[19.0567783,47.4793518],[19.0568259,47.4793077],[19.0568617,47.4793334],[19.0568747,47.479348],[19.0568704,47.4793708],[19.0566939,47.4795231],[19.0561582,47.4792405],[19.0562488,47.4791581]]]}},
{"type":"Feature","properties":{"id":"way/1168183221","landuse":"grass"},"geometry":{"type":"Polygon","coordinates":[[[19.0556088,47.480076],[19.0558658,47.4802226],[19.0556796,47.4802616],[19.0555199,47.4801851],[19.0555703,47.4801005],[19.0556088,47.480076]]]}},
{"type":"Feature","properties":{"id":"way/1168183222","landuse":"grass"},"geometry":{"type":"Polygon","coordinates":[[[19.0556184,47.4803362],[19.0559332,47.4802865],[19.0559513,47.4802846],[19.05597,47.4802838],[19.0559944,47.480283],[19.0560068,47.4802868],[19.0560108,47.4802918],[19.0560102,47.4803098],[19.0558562,47.4804437],[19.0556184,47.4803362]]]}},
{"type":"Feature","properties":{"id":"way/1168183223","landuse":"grass"},"geometry":{"type":"Polygon","coordinates":[[[19.056068,47.4803444],[19.0560838,47.4803397],[19.0561048,47.4803377],[19.0561221,47.4803427],[19.0563137,47.4804492],[19.056317,47.4804604],[19.0563265,47.480513],[19.0563176,47.4807107],[19.055897,47.4804901],[19.056068,47.4803444]]]}},
{"type":"Feature","properties":{"id":"way/1168183224","landuse":"grass"},"geometry":{"type":"Polygon","coordinates":[[[19.0556481,47.4806271],[19.0553783,47.4804829],[19.0553825,47.4804778],[19.0554871,47.4803817],[19.0555307,47.4803744],[19.0555923,47.4803717],[19.0556393,47.4803767],[19.0557989,47.4804592],[19.0558119,47.4804664],[19.0558281,47.4804686],[19.0556481,47.4806271]]]}},
{"type":"Feature","properties":{"id":"way/1168183225","landuse":"grass"},"geometry":{"type":"Polygon","coordinates":[[[19.0564669,47.4807025],[19.0564478,47.4807015],[19.0564227,47.4806952],[19.0564035,47.4806833],[19.0563912,47.480671],[19.056377,47.4806517],[19.0563789,47.4805032],[19.0563819,47.4804966],[19.0563888,47.4804899],[19.0564079,47.4804876],[19.0566655,47.4806318],[19.0566694,47.4806441],[19.0566685,47.4806584],[19.0566626,47.480668],[19.0566483,47.4806756],[19.056491,47.4807022],[19.0564669,47.4807025]]]}},
{"type":"Feature","properties":{"id":"way/1168183226","landuse":"grass"},"geometry":{"type":"Polygon","coordinates":[[[19.0551726,47.4806611],[19.0553514,47.4805084],[19.0555621,47.4806233],[19.055384,47.4807724],[19.0551726,47.4806611]]]}},
{"type":"Feature","properties":{"id":"way/1168183227","landuse":"grass"},"geometry":{"type":"Polygon","coordinates":[[[19.0553615,47.4809381],[19.0555394,47.4807865],[19.055445,47.4807359],[19.0555348,47.4806593],[19.05572,47.4807585],[19.0554523,47.4809867],[19.0553615,47.4809381]]]}},
{"type":"Feature","properties":{"id":"way/1168183228","landuse":"grass"},"geometry":{"type":"Polygon","coordinates":[[[19.0553523,47.4807988],[19.0554367,47.4808429],[19.0553372,47.48093],[19.0550594,47.480785],[19.0550583,47.4807613],[19.0551569,47.4806744],[19.055212,47.4807036],[19.0551141,47.4807892],[19.0552395,47.4808547],[19.0552691,47.4808717],[19.0553523,47.4807988]]]}},
{"type":"Feature","properties":{"id":"way/1168183229","landuse":"grass"},"geometry":{"type":"Polygon","coordinates":[[[19.0548496,47.4804406],[19.0552163,47.4803944],[19.055238,47.4803904],[19.0553057,47.480401],[19.0553139,47.4804097],[19.0553192,47.4804239],[19.0553162,47.4804391],[19.0553102,47.4804554],[19.0553042,47.4804615],[19.0549244,47.4807985],[19.054868,47.4807728],[19.0548496,47.4804406]]]}},
{"type":"Feature","properties":{"id":"way/1168183230","landuse":"grass"},"geometry":{"type":"Polygon","coordinates":[[[19.0544942,47.4812616],[19.0550051,47.4815233],[19.0546884,47.4818042],[19.0542149,47.4815558],[19.0541989,47.4815382],[19.0541949,47.4815194],[19.0542029,47.4815066],[19.0544942,47.4812616]]]}},
{"type":"Feature","properties":{"id":"way/1168292187","landuse":"grass"},"geometry":{"type":"Polygon","coordinates":[[[19.0318984,47.486513],[19.0319044,47.4864119],[19.0319225,47.4863213],[19.0319882,47.4861613],[19.0320526,47.4861382],[19.0321646,47.4861427],[19.0322209,47.486174],[19.0322404,47.4862383],[19.0321941,47.4862959],[19.0320218,47.486416],[19.0318984,47.486513]]]}},
{"type":"Feature","properties":{"id":"way/1168292188","landuse":"grass"},"geometry":{"type":"Polygon","coordinates":[[[19.0319707,47.4866533],[19.0319126,47.4867666],[19.0319223,47.4868178],[19.0317917,47.4868644],[19.0317655,47.4867908],[19.0317489,47.4866914],[19.031832,47.4866267],[19.031854,47.4866066],[19.0319707,47.4866533]]]}},
{"type":"Feature","properties":{"id":"way/1168292189","landuse":"grass"},"geometry":{"type":"Polygon","coordinates":[[[19.0317495,47.4866357],[19.0317541,47.4862028],[19.0317578,47.4861699],[19.0318005,47.4861421],[19.0318974,47.4860711],[19.0319255,47.4860381],[19.0319379,47.4860358],[19.0319789,47.4860542],[19.0319742,47.4860625],[19.031948,47.4861223],[19.031944,47.4861559],[19.0319004,47.4862352],[19.0318695,47.4864069],[19.0318575,47.4865392],[19.0318233,47.4865882],[19.0317817,47.4866226],[19.0317495,47.4866357]]]}},
{"type":"Feature","properties":{"id":"way/1168292190","natural":"scrub"},"geometry":{"type":"Polygon","coordinates":[[[19.0319343,47.4860036],[19.0319168,47.4860229],[19.0318803,47.4860623],[19.0317757,47.4861461],[19.031767,47.486147],[19.0317609,47.4861424],[19.0317632,47.4861223],[19.0317871,47.4860649],[19.0318402,47.4859959],[19.0318841,47.4859493],[19.0319534,47.4858869],[19.0320697,47.485814],[19.0321767,47.485741],[19.032191,47.4857481],[19.03193,47.4859722],[19.0319343,47.4860036]]]}},
{"type":"Feature","properties":{"id":"way/1168534790","natural":"scrub"},"geometry":{"type":"Polygon","coordinates":[[[19.0427244,47.4792621],[19.0426364,47.4790425],[19.0427526,47.4790294],[19.0431807,47.4789657],[19.0436524,47.478891],[19.0436419,47.4788386],[19.0437313,47.4788248],[19.0436975,47.4786954],[19.0437376,47.4786887],[19.0437285,47.4786573],[19.043808,47.4786449],[19.0438137,47.4787377],[19.0438101,47.4788457],[19.0437559,47.4789138],[19.0436595,47.478998],[19.0435486,47.4790623],[19.0434468,47.4790984],[19.0431289,47.4791686],[19.0427244,47.4792621]]]}},
{"type":"Feature","properties":{"id":"way/1169805764","landuse":"grass"},"geometry":{"type":"Polygon","coordinates":[[[19.0510262,47.4792756],[19.0512854,47.4792013],[19.051303,47.4791994],[19.0513157,47.4792053],[19.051321,47.4792135],[19.0513777,47.4793974],[19.0514058,47.4794883],[19.0513907,47.4794978],[19.05124,47.4794877],[19.0512,47.4794478],[19.0510247,47.4792785],[19.0510262,47.4792756]]]}},
{"type":"Feature","properties":{"id":"way/1175428755","leisure":"pitch","surface":"tartan"},"geometry":{"type":"Polygon","coordinates":[[[19.0300581,47.4968876],[19.0298865,47.496761],[19.02997,47.4967093],[19.0302868,47.4965133],[19.0304585,47.49664],[19.0302852,47.4967471],[19.0300581,47.4968876]]]}},
{"type":"Feature","properties":{"id":"way/1175428756","leisure":"pitch","surface":"tartan"},"geometry":{"type":"Polygon","coordinates":[[[19.0293943,47.4970463],[19.0292356,47.4969274],[19.0296121,47.4966981],[19.0297708,47.496817],[19.0293943,47.4970463]]]}},
{"type":"Feature","properties":{"id":"way/1180612975","landuse":"grass"},"geometry":{"type":"Polygon","coordinates":[[[19.0320359,47.488726],[19.0319958,47.4887176],[19.0319975,47.4887128],[19.0320008,47.4887084],[19.0320066,47.4887048],[19.0320435,47.4887079],[19.0320359,47.488726]]]}},
{"type":"Feature","properties":{"id":"way/1180932825","landuse":"grass","natural":"scrub"},"geometry":{"type":"Polygon","coordinates":[[[19.0261583,47.5103797],[19.0264617,47.5105179],[19.0264092,47.5105734],[19.0268645,47.5109546],[19.0268625,47.5109659],[19.0268498,47.5109679],[19.0267123,47.5109288],[19.0267167,47.5109186],[19.0267437,47.5109261],[19.0267539,47.5108865],[19.0264966,47.5106992],[19.0264531,47.510769],[19.0264428,47.5107677],[19.0263945,47.5106745],[19.0262181,47.5105567],[19.0261316,47.5104135],[19.0261583,47.5103797]]]}},
{"type":"Feature","properties":{"id":"way/1180932826","landuse":"grass","natural":"scrub"},"geometry":{"type":"Polygon","coordinates":[[[19.0265669,47.5104237],[19.0265729,47.5103814],[19.026546,47.5103465],[19.0265541,47.5103279],[19.026662,47.5103592],[19.0266627,47.5103846],[19.0267036,47.5103954],[19.0267023,47.5104258],[19.0268511,47.5104905],[19.0268974,47.5104933],[19.0270422,47.5104611],[19.0272293,47.5105112],[19.0270516,47.5105513],[19.0270399,47.5105273],[19.0269906,47.5105381],[19.0270028,47.5105621],[19.0269554,47.510573],[19.0269252,47.5105737],[19.0268719,47.510553],[19.0268424,47.5105626],[19.0266788,47.510573],[19.0266174,47.5105934],[19.0264997,47.5105408],[19.0266017,47.5104389],[19.0265669,47.5104237]]]}},
{"type":"Feature","properties":{"id":"way/1180932827","landuse":"grass","natural":"scrub"},"geometry":{"type":"Polygon","coordinates":[[[19.027595,47.5105161],[19.0275586,47.5104838],[19.0272696,47.5104235],[19.0272528,47.5103991],[19.0272588,47.5103909],[19.0273762,47.5103606],[19.0273789,47.5103406],[19.0271536,47.5102913],[19.0271346,47.5102581],[19.0271924,47.5102414],[19.0272555,47.5102143],[19.0273266,47.5101807],[19.0273909,47.5101708],[19.0274449,47.5101735],[19.027631,47.5104516],[19.0276414,47.5104991],[19.0276363,47.5105123],[19.027595,47.5105161]]]}},
{"type":"Feature","properties":{"id":"way/1180932828","landuse":"grass","natural":"grassland"},"geometry":{"type":"Polygon","coordinates":[[[19.028147,47.5103784],[19.0279998,47.510483],[19.0279814,47.5104857],[19.0277835,47.5104989],[19.0277631,47.5104937],[19.0277263,47.5104356],[19.0277953,47.510412],[19.0278271,47.5104074],[19.0279485,47.5104169],[19.0280206,47.5103755],[19.028147,47.5103784]]]}},
{"type":"Feature","properties":{"id":"way/1180932829","landuse":"grass","natural":"grassland"},"geometry":{"type":"Polygon","coordinates":[[[19.0276128,47.5101865],[19.0276102,47.5101803],[19.0275663,47.5101117],[19.027694,47.5100671],[19.0278606,47.5100331],[19.0279712,47.5100197],[19.0279749,47.5100596],[19.0279622,47.5101264],[19.0279416,47.5101391],[19.0279213,47.5101155],[19.0279166,47.5100929],[19.0278999,47.5100856],[19.0278435,47.5101069],[19.0277731,47.5101436],[19.0276128,47.5101865]]]}},
{"type":"Feature","properties":{"id":"way/1180932830","landuse":"grass","natural":"grassland"},"geometry":{"type":"Polygon","coordinates":[[[19.0279005,47.5102867],[19.0283438,47.5102204],[19.0283502,47.5102368],[19.0282335,47.5103182],[19.028207,47.5103098],[19.0281741,47.5103094],[19.0281312,47.5102958],[19.0280273,47.5103026],[19.0280052,47.5103085],[19.0279414,47.5103094],[19.0279005,47.5102867]]]}},
{"type":"Feature","properties":{"id":"way/1181930730","leisure":"pitch"},"geometry":{"type":"Polygon","coordinates":[[[19.0362479,47.5082784],[19.0362387,47.5081253],[19.0366087,47.5081153],[19.0366178,47.5082684],[19.0362479,47.5082784]]]}},
{"type":"Feature","properties":{"id":"way/1183335686","landuse":"grass"},"geometry":{"type":"Polygon","coordinates":[[[19.0657881,47.5370399],[19.0657436,47.5369359],[19.0662002,47.5368471],[19.0662441,47.5369476],[19.0657881,47.5370399]]]}},
{"type":"Feature","properties":{"id":"way/1184194533","leisure":"garden"},"geometry":{"type":"Polygon","coordinates":[[[19.0332737,47.5024618],[19.0334028,47.502354],[19.0334145,47.5023595],[19.0333243,47.5024791],[19.0332737,47.5024618]]]}},
{"type":"Feature","properties":{"id":"way/1184726638","landuse":"grass"},"geometry":{"type":"Polygon","coordinates":[[[19.0780859,47.5319312],[19.0780489,47.5318426],[19.0779822,47.5316831],[19.0781858,47.5316448],[19.0784047,47.5316035],[19.0784704,47.5317615],[19.0785067,47.5318489],[19.0780859,47.5319312]]]}},
{"type":"Feature","properties":{"id":"way/1187432029","landuse":"grass"},"geometry":{"type":"Polygon","coordinates":[[[19.0561978,47.4786469],[19.0561859,47.4786438],[19.0561764,47.478638],[19.0561714,47.4786323],[19.0561696,47.4786253],[19.0561707,47.4785999],[19.0562149,47.4786008],[19.0562129,47.4786472],[19.0561978,47.4786469]]]}},
{"type":"Feature","properties":{"id":"way/1188462707","landuse":"grass"},"geometry":{"type":"Polygon","coordinates":[[[19.0344183,47.4935814],[19.0342138,47.4937377],[19.0341667,47.4937095],[19.0341699,47.4936654],[19.0341675,47.4936448],[19.0341394,47.4936135],[19.034191,47.4935918],[19.0342735,47.4935705],[19.0343492,47.4935623],[19.0343801,47.4935633],[19.0343975,47.4935673],[19.0344129,47.4935719],[19.0344183,47.4935814]]]}},
{"type":"Feature","properties":{"id":"way/1188970583","landuse":"grass"},"geometry":{"type":"Polygon","coordinates":[[[19.0577023,47.5257492],[19.0575081,47.5253962],[19.0575714,47.5253805],[19.0577523,47.5257365],[19.0577023,47.5257492]]]}},
{"type":"Feature","properties":{"id":"way/1192010410","leisure":"pitch","surface":"artificial_turf"},"geometry":{"type":"Polygon","coordinates":[[[19.0273662,47.4895099],[19.0272421,47.4885847],[19.0281143,47.4885312],[19.0282385,47.4894565],[19.0273662,47.4895099]]]}},
{"type":"Feature","properties":{"id":"way/1192012357","leisure":"pitch","surface":"grass"},"geometry":{"type":"Polygon","coordinates":[[[19.0258889,47.4895714],[19.0251857,47.488938],[19.0251417,47.4888902],[19.0251122,47.4888399],[19.025833,47.4884707],[19.0259052,47.4885073],[19.0260301,47.4886125],[19.0260232,47.4886161],[19.0259746,47.4886414],[19.0260489,47.4887083],[19.0265256,47.4891373],[19.0265978,47.4892023],[19.0266433,47.4891797],[19.0266508,47.4891759],[19.0266843,47.4892161],[19.0267066,47.4892534],[19.0259743,47.4896219],[19.0258889,47.4895714]]]}},
{"type":"Feature","properties":{"id":"way/1192012358","leisure":"pitch"},"geometry":{"type":"Polygon","coordinates":[[[19.0273491,47.4896946],[19.0273282,47.4895352],[19.0277931,47.4895074],[19.027814,47.4896668],[19.0273491,47.4896946]]]}},
{"type":"Feature","properties":{"id":"way/1192012359","leisure":"pitch"},"geometry":{"type":"Polygon","coordinates":[[[19.027814,47.4896668],[19.0277931,47.4895074],[19.0282543,47.4894798],[19.0282752,47.4896392],[19.027814,47.4896668]]]}},
{"type":"Feature","properties":{"id":"way/1192012531","leisure":"pitch","surface":"tartan"},"geometry":{"type":"Polygon","coordinates":[[[19.0264601,47.4888066],[19.0259975,47.4883868],[19.0260356,47.4883676],[19.0264983,47.4887873],[19.0264601,47.4888066]]]}},
{"type":"Feature","properties":{"id":"way/1195120226","leisure":"playground"},"geometry":{"type":"Polygon","coordinates":[[[19.022734,47.4892903],[19.0227507,47.4894055],[19.0227115,47.4894053],[19.0226752,47.4893972],[19.0226383,47.4893838],[19.0225795,47.4893596],[19.0225542,47.4893429],[19.0225344,47.4893288],[19.0225102,47.4893088],[19.022734,47.4892903]]]}},
{"type":"Feature","properties":{"id":"way/1198646202","area":"yes","highway":"pedestrian","name":"Horváth Mihály tér","surface":"paving_stones"},"geometry":{"type":"Polygon","coordinates":[[[19.0751883,47.4900975],[19.0749937,47.4900558],[19.0749855,47.4900709],[19.0746135,47.489991],[19.0742915,47.4899218],[19.0743031,47.489904],[19.0742534,47.4898931],[19.0743083,47.4897805],[19.0751702,47.4896294],[19.0752767,47.4896267],[19.0752728,47.4896555],[19.0752305,47.4899269],[19.0752125,47.4900085],[19.0751938,47.4900841],[19.0751883,47.4900975]]]}},
{"type":"Feature","properties":{"id":"way/1202018031","landuse":"grass"},"geometry":{"type":"Polygon","coordinates":[[[19.0316164,47.4791469],[19.0316279,47.479153],[19.0316735,47.4791961],[19.0317353,47.479279],[19.0317408,47.4792915],[19.0317403,47.4793024],[19.0317309,47.4793161],[19.0316966,47.4793628],[19.0316682,47.479398],[19.0316142,47.4794661],[19.0315921,47.4794844],[19.0315598,47.4795037],[19.0315057,47.4795227],[19.0314466,47.4795303],[19.0314506,47.4795183],[19.0314743,47.4795173],[19.0315268,47.479506],[19.0315835,47.4794776],[19.0316217,47.4794393],[19.031652,47.4793944],[19.03152,47.4793611],[19.0316164,47.4791469]]]}},
{"type":"Feature","properties":{"id":"way/1202018032","landuse":"grass"},"geometry":{"type":"Polygon","coordinates":[[[19.0313924,47.4794893],[19.0315549,47.4791384],[19.031569,47.4791317],[19.0315881,47.4791317],[19.0315913,47.4791334],[19.0314251,47.4794971],[19.0313924,47.4794893]]]}},
{"type":"Feature","properties":{"id":"way/1204089929","leisure":"garden","name":"Ment-a-kert"},"geometry":{"type":"Polygon","coordinates":[[[19.0666837,47.5358059],[19.0666175,47.5356489],[19.0666718,47.5356384],[19.0667377,47.5357954],[19.066697,47.5358033],[19.0666837,47.5358059]]]}},
{"type":"Feature","properties":{"id":"way/1206573647","natural":"grassland"},"geometry":{"type":"Polygon","coordinates":[[[19.0281385,47.4807705],[19.0280604,47.4807137],[19.0279441,47.4806392],[19.0278542,47.480628],[19.0270842,47.4794717],[19.0272083,47.4794364],[19.0271038,47.4792418],[19.0271238,47.4792332],[19.0272446,47.4794137],[19.0273355,47.479553],[19.0274051,47.4796559],[19.0275208,47.4798268],[19.0275517,47.4798183],[19.0276634,47.4799877],[19.027638,47.48],[19.0277606,47.4801866],[19.0279623,47.4804862],[19.0279986,47.4804739],[19.0281576,47.4807312],[19.0281385,47.4807705]]]}},
{"type":"Feature","properties":{"id":"way/1207019215","landuse":"grass"},"geometry":{"type":"Polygon","coordinates":[[[19.0269385,47.4895278],[19.0269481,47.4895356],[19.0269533,47.4895451],[19.0269534,47.4895553],[19.0269484,47.4895649],[19.026939,47.4895728],[19.0269262,47.4895781],[19.0269114,47.4895802],[19.0268965,47.4895788],[19.0268832,47.4895741],[19.0268738,47.4895675],[19.0268679,47.4895592],[19.0268659,47.4895502],[19.0268681,47.4895411],[19.0268743,47.489533],[19.0268838,47.4895265],[19.0268959,47.4895223],[19.0269107,47.4895207],[19.0269255,47.4895226],[19.0269385,47.4895278]]]}},
{"type":"Feature","properties":{"id":"way/1207019216","landuse":"grass"},"geometry":{"type":"Polygon","coordinates":[[[19.0264776,47.488636],[19.0264872,47.4886439],[19.0264924,47.4886534],[19.0264925,47.4886636],[19.0264876,47.4886732],[19.0264781,47.4886811],[19.0264653,47.4886864],[19.0264506,47.4886885],[19.0264357,47.4886871],[19.0264223,47.4886824],[19.026413,47.4886757],[19.026407,47.4886675],[19.026405,47.4886584],[19.0264073,47.4886494],[19.0264134,47.4886412],[19.026423,47.4886347],[19.026435,47.4886305],[19.0264499,47.488629],[19.0264647,47.4886309],[19.0264776,47.488636]]]}},
{"type":"Feature","properties":{"id":"way/1207020736","landuse":"grass"},"geometry":{"type":"Polygon","coordinates":[[[19.0273056,47.4897269],[19.0272704,47.4896394],[19.0272104,47.4893724],[19.027259,47.4893695],[19.0273056,47.4897269]]]}},
{"type":"Feature","properties":{"id":"way/1207020737","leisure":"pitch","surface":"sand"},"geometry":{"type":"Polygon","coordinates":[[[19.0251416,47.4891254],[19.025188,47.4891022],[19.0252607,47.4891687],[19.0252374,47.4891804],[19.0252143,47.4891919],[19.0251416,47.4891254]]]}},
{"type":"Feature","properties":{"id":"way/1208274721","leisure":"pitch"},"geometry":{"type":"Polygon","coordinates":[[[19.0345249,47.5045955],[19.0342407,47.5045979],[19.0342354,47.5043105],[19.0342349,47.5042835],[19.0345191,47.5042811],[19.0345249,47.5045955]]]}},
{"type":"Feature","properties":{"id":"way/1208274727","area":"yes","highway":"pedestrian","surface":"paving_stones"},"geometry":{"type":"Polygon","coordinates":[[[19.0349677,47.5039947],[19.034924,47.5039849],[19.0349788,47.5038723],[19.0350225,47.5038821],[19.0349979,47.5039326],[19.0349677,47.5039947]]]}},
{"type":"Feature","properties":{"id":"way/1210740688","leisure":"pitch","surface":"tartan"},"geometry":{"type":"Polygon","coordinates":[[[19.0334248,47.5131482],[19.0332612,47.5132302],[19.0330386,47.5130052],[19.033185,47.5129373],[19.0334248,47.5131482]]]}},
{"type":"Feature","properties":{"id":"way/1213266569","area":"yes","highway":"pedestrian","name":"Olimpia park"},"geometry":{"type":"Polygon","coordinates":[[[19.0468775,47.5108619],[19.0467779,47.5108755],[19.0468034,47.5109552],[19.0466022,47.5109888],[19.0465741,47.51091],[19.0463986,47.5109335],[19.046391,47.5109034],[19.046379,47.5108564],[19.0466208,47.510822],[19.0468531,47.5107854],[19.0468797,47.5107814],[19.0468928,47.5108194],[19.0469065,47.5108588],[19.0468775,47.5108619]]]}},
{"type":"Feature","properties":{"id":"way/1214422021","leisure":"playground"},"geometry":{"type":"Polygon","coordinates":[[[19.0778949,47.4875615],[19.0779002,47.4872578],[19.0783791,47.4872615],[19.0783739,47.4875653],[19.0778949,47.4875615]]]}},
{"type":"Feature","properties":{"id":"way/1214422022","leisure":"park"},"geometry":{"type":"Polygon","coordinates":[[[19.0777812,47.4877552],[19.0777903,47.4872457],[19.0784447,47.4872511],[19.0784382,47.4876102],[19.0779337,47.4876061],[19.077931,47.4877564],[19.0777812,47.4877552]]]}},
{"type":"Feature","properties":{"id":"way/121469358","leisure":"park","name":"Gyóni Géza tér"},"geometry":{"type":"Polygon","coordinates":[[[19.0384407,47.5143769],[19.0384418,47.5143059],[19.0384598,47.5141041],[19.0384773,47.5140364],[19.0385221,47.5139877],[19.0385901,47.5139533],[19.0386478,47.5139383],[19.0392546,47.5139512],[19.0393049,47.5139606],[19.0393452,47.5139839],[19.0393653,47.5140088],[19.0393671,47.5140603],[19.0393486,47.5142975],[19.0393104,47.5143325],[19.0392757,47.5143531],[19.0392311,47.5143679],[19.0388748,47.5143668],[19.0388751,47.5143863],[19.0388191,47.514386],[19.0388067,47.5143944],[19.0388042,47.5144178],[19.0385723,47.5144146],[19.0385228,47.5144137],[19.0384741,47.5144075],[19.0384512,47.5143959],[19.0384407,47.5143769]]]}},
{"type":"Feature","properties":{"id":"way/121645565","leisure":"pitch","name":"Iharos Sándor Atlétika Pálya"},"geometry":{"type":"Polygon","coordinates":[[[19.0696161,47.5230908],[19.0705515,47.5224766],[19.0706108,47.5224556],[19.0706814,47.5224376],[19.0707459,47.5224295],[19.0708197,47.5224239],[19.0708966,47.5224266],[19.0709801,47.5224347],[19.0710601,47.522451],[19.0711327,47.5224722],[19.0711832,47.5224963],[19.0712305,47.5225254],[19.0712744,47.5225573],[19.0713107,47.52259],[19.0713416,47.5226323],[19.0713579,47.5226718],[19.0713734,47.5227137],[19.0713785,47.5227536],[19.0713811,47.5228026],[19.0713743,47.5228497],[19.0713588,47.5228962],[19.0713367,47.5229391],[19.0712994,47.5229822],[19.0712555,47.5230223],[19.0704038,47.5236133],[19.0703457,47.5236408],[19.0702837,47.5236634],[19.0702235,47.5236838],[19.0701512,47.5236947],[19.0700806,47.5237],[19.0700152,47.5236989],[19.0699472,47.5236931],[19.0698894,47.5236825],[19.0698408,47.5236708],[19.0697982,47.5236572],[19.0697532,47.523642],[19.0697163,47.523625],[19.069654,47.5235861],[19.0696034,47.5235442],[19.0695627,47.5235031],[19.0695359,47.5234594],[19.0695128,47.5234082],[19.0695012,47.5233601],[19.0694982,47.5233141],[19.0695065,47.5232673],[19.069528,47.5232047],[19.0695444,47.5231751],[19.0695712,47.5231357],[19.0696161,47.5230908]]]}},
{"type":"Feature","properties":{"id":"way/1219270009","landuse":"grass"},"geometry":{"type":"Polygon","coordinates":[[[19.0678158,47.5269508],[19.0677538,47.5268049],[19.067736,47.5267664],[19.0679721,47.5267235],[19.0679869,47.5267596],[19.06805,47.5269082],[19.0679295,47.5269301],[19.0678158,47.5269508]]]}},
{"type":"Feature","properties":{"id":"way/1223026962","leisure":"garden"},"geometry":{"type":"Polygon","coordinates":[[[19.0666918,47.5211064],[19.0666716,47.5211193],[19.0667261,47.5211582],[19.0667103,47.5211683],[19.066861,47.5212759],[19.0668807,47.5212633],[19.0669196,47.5212911],[19.066948,47.521273],[19.0670115,47.5213184],[19.0672323,47.5211773],[19.0672612,47.5211979],[19.0672476,47.5212066],[19.0672756,47.5212266],[19.0672659,47.5212328],[19.0673919,47.5213227],[19.0674144,47.5213084],[19.0674322,47.5213211],[19.0674457,47.5213125],[19.0674548,47.521319],[19.067251,47.5214493],[19.0672648,47.5214592],[19.067235,47.5214782],[19.0672862,47.5215147],[19.0672627,47.5215297],[19.0673069,47.5215613],[19.0672914,47.5215712],[19.0674471,47.5216823],[19.0674713,47.5216668],[19.0675056,47.5216913],[19.0675253,47.5216787],[19.0675938,47.5217276],[19.0673773,47.5218587],[19.0672209,47.5217425],[19.0669251,47.5215228],[19.0666493,47.5213179],[19.0664721,47.5211863],[19.0666424,47.5210711],[19.0666918,47.5211064]]]}},
{"type":"Feature","properties":{"id":"way/1223060986","landuse":"grass"},"geometry":{"type":"Polygon","coordinates":[[[19.076246,47.5310639],[19.0760782,47.531095],[19.07605,47.5310282],[19.0760021,47.5309147],[19.0764895,47.5308198],[19.0765142,47.5308774],[19.0789631,47.5303902],[19.0789405,47.5303299],[19.0793952,47.5302359],[19.079438,47.5302275],[19.0794945,47.5303477],[19.0795477,47.5304552],[19.0794844,47.5304684],[19.0794647,47.5304174],[19.076246,47.5310639]]]}},
{"type":"Feature","properties":{"id":"way/1225721999","leisure":"garden"},"geometry":{"type":"Polygon","coordinates":[[[19.0658741,47.5356717],[19.065928,47.5356611],[19.0659696,47.5357551],[19.0659133,47.5357656],[19.0658964,47.5357257],[19.0658741,47.5356717]]]}},
{"type":"Feature","properties":{"id":"way/1226239723","landuse":"grass"},"geometry":{"type":"Polygon","coordinates":[[[19.0658692,47.5357757],[19.0658789,47.5357987],[19.0659189,47.5357911],[19.0659754,47.5357797],[19.0659854,47.5358086],[19.0658513,47.5358307],[19.0658478,47.5358194],[19.0658365,47.5357835],[19.0658692,47.5357757]]]}},
{"type":"Feature","properties":{"id":"way/1227749000","leisure":"park"},"geometry":{"type":"Polygon","coordinates":[[[19.0401797,47.5271877],[19.0401692,47.5271526],[19.040067,47.5268321],[19.039954,47.5264757],[19.0399254,47.5263921],[19.0398003,47.5260141],[19.0397826,47.525968],[19.038874,47.5236442],[19.0387862,47.5234084],[19.0390124,47.5237896],[19.0393799,47.5246536],[19.040037,47.526012],[19.0406271,47.5271114],[19.040501,47.5271494],[19.0403884,47.527153],[19.0401797,47.5271877]]]}},
{"type":"Feature","properties":{"id":"way/122871935","leisure":"park"},"geometry":{"type":"Polygon","coordinates":[[[19.0574655,47.524951],[19.0571932,47.5244254],[19.057257,47.52441],[19.0574399,47.5243672],[19.0577122,47.5248927],[19.0576051,47.524918],[19.0574655,47.524951]]]}},
{"type":"Feature","properties":{"id":"way/122871936","leisure":"playground","name":"Dunai játszótér"},"geometry":{"type":"Polygon","coordinates":[[[19.0541733,47.5233565],[19.0541222,47.5232564],[19.054085,47.5231835],[19.0546521,47.5230515],[19.0547404,47.5232245],[19.0541733,47.5233565]]]}},
{"type":"Feature","properties":{"id":"way/1228725193","landuse":"grass"},"geometry":{"type":"Polygon","coordinates":[[[19.0586569,47.4761932],[19.0586699,47.4761834],[19.0587478,47.4761977],[19.0588822,47.4762128],[19.0590408,47.4762208],[19.0591797,47.4762191],[19.0591879,47.4762288],[19.0591509,47.4763153],[19.0591038,47.4763559],[19.0590646,47.4763365],[19.058992,47.4763143],[19.0589067,47.4762958],[19.0588359,47.4762716],[19.0587678,47.4762443],[19.0586569,47.4761932]]]}},
{"type":"Feature","properties":{"id":"way/1228725194","landuse":"grass"},"geometry":{"type":"Polygon","coordinates":[[[19.0585965,47.4762043],[19.0586027,47.4762025],[19.0586132,47.4762019],[19.0586247,47.4762033],[19.0587201,47.4762485],[19.0588079,47.4762859],[19.0589101,47.4763206],[19.0590338,47.4763458],[19.0590725,47.4763649],[19.0590821,47.4763813],[19.0590428,47.4764222],[19.0586974,47.4762558],[19.0585965,47.4762043]]]}},
{"type":"Feature","properties":{"id":"way/1228725195","landuse":"grass"},"geometry":{"type":"Polygon","coordinates":[[[19.0580459,47.4759886],[19.0581204,47.4759172],[19.0581955,47.4759867],[19.0582661,47.4760458],[19.0583531,47.476092],[19.0584338,47.4761229],[19.0584711,47.4761359],[19.0584751,47.4761458],[19.0584474,47.4761699],[19.0582006,47.4760634],[19.0580459,47.4759886]]]}},
{"type":"Feature","properties":{"id":"way/1228725197","landuse":"grass"},"geometry":{"type":"Polygon","coordinates":[[[19.0585014,47.4758775],[19.0590127,47.4757294],[19.0590512,47.4757009],[19.0590772,47.4756667],[19.0590971,47.4754153],[19.0594625,47.4755865],[19.059763,47.475726],[19.0597229,47.4757688],[19.059435,47.4760123],[19.0592515,47.4761615],[19.0591724,47.4761985],[19.0590561,47.4762027],[19.058929,47.476197],[19.0587839,47.4761834],[19.0586569,47.4761634],[19.0584813,47.4761142],[19.058335,47.4760546],[19.0582356,47.4759844],[19.058143,47.4758924],[19.0582709,47.4757725],[19.0585014,47.4758775]]]}},
{"type":"Feature","properties":{"id":"way/1228725203","landuse":"grass"},"geometry":{"type":"Polygon","coordinates":[[[19.0546213,47.4760945],[19.0547373,47.4760666],[19.0548508,47.4761525],[19.0548516,47.4761743],[19.0548391,47.4761862],[19.0547076,47.4761252],[19.0546673,47.476134],[19.0546472,47.4761012],[19.0546163,47.4761075],[19.0546213,47.4760945]]]}},
{"type":"Feature","properties":{"id":"way/1228725204","landuse":"grass"},"geometry":{"type":"Polygon","coordinates":[[[19.0548279,47.4761969],[19.0544668,47.4765416],[19.0543943,47.4766071],[19.054436,47.4764958],[19.0544996,47.4763521],[19.0545272,47.4763424],[19.0545947,47.4761646],[19.054704,47.476138],[19.0548279,47.4761969]]]}},
{"type":"Feature","properties":{"id":"way/123040918","leisure":"park"},"geometry":{"type":"Polygon","coordinates":[[[19.061094,47.5214742],[19.0612604,47.5214354],[19.0612999,47.5214262],[19.061578,47.5220814],[19.0613719,47.522129],[19.0611887,47.5216972],[19.061094,47.5214742]]]}},
{"type":"Feature","properties":{"id":"way/123040920","leisure":"playground"},"geometry":{"type":"Polygon","coordinates":[[[19.0604031,47.5216357],[19.0607053,47.5215662],[19.0609831,47.5222209],[19.0607163,47.5222825],[19.0604031,47.5216357]]]}},
{"type":"Feature","properties":{"id":"way/1231108288","landuse":"forest","name":"Miyawaki mini erdő"},"geometry":{"type":"Polygon","coordinates":[[[19.024497,47.5141799],[19.0245156,47.5141743],[19.0245359,47.5141728],[19.0245558,47.5141755],[19.0245735,47.5141823],[19.0245873,47.5141924],[19.0245958,47.5142049],[19.0245982,47.5142186],[19.0245943,47.5142321],[19.0245844,47.5142441],[19.0245696,47.5142535],[19.0245509,47.5142594],[19.0245305,47.5142611],[19.0245102,47.5142585],[19.0244923,47.5142517],[19.0244783,47.5142414],[19.0244697,47.5142288],[19.0244674,47.5142149],[19.0244715,47.5142013],[19.0244818,47.5141892],[19.024497,47.5141799]]]}},
{"type":"Feature","properties":{"id":"way/1232011303","landuse":"grass"},"geometry":{"type":"Polygon","coordinates":[[[19.0771821,47.5415269],[19.0769085,47.5410452],[19.0774369,47.5409384],[19.0776569,47.5413585],[19.0771821,47.5415269]]]}},
{"type":"Feature","properties":{"id":"way/1232125771","natural":"wood"},"geometry":{"type":"Polygon","coordinates":[[[19.0772288,47.4958386],[19.0771323,47.4958489],[19.0770771,47.4958489],[19.077044,47.4958703],[19.0770068,47.4959085],[19.0769158,47.4959001],[19.0768648,47.4957892],[19.0769351,47.4956737],[19.0771502,47.4956858],[19.0772384,47.4957231],[19.0772674,47.4957836],[19.0772288,47.4958386]]]}},
{"type":"Feature","properties":{"id":"way/1232125774","natural":"wood"},"geometry":{"type":"Polygon","coordinates":[[[19.0771549,47.4961442],[19.0770907,47.4961134],[19.0771491,47.4960432],[19.0772016,47.4960085],[19.0772611,47.4960061],[19.0772927,47.4960393],[19.0772763,47.4960921],[19.0771549,47.4961442]]]}},
{"type":"Feature","properties":{"id":"way/1232125776","landuse":"forest"},"geometry":{"type":"Polygon","coordinates":[[[19.0776196,47.4954508],[19.0775915,47.4954193],[19.0776336,47.4953909],[19.0778134,47.4954256],[19.0781928,47.4955258],[19.0782442,47.4955818],[19.0783574,47.4956054],[19.078417,47.4955897],[19.0784999,47.4955715],[19.0785325,47.4955952],[19.0785057,47.4956393],[19.0784275,47.4956614],[19.0782664,47.4956449],[19.0781286,47.4955952],[19.0780725,47.4955644],[19.0779651,47.4955699],[19.0778449,47.4955163],[19.0777795,47.4954981],[19.0776196,47.4954508]]]}},
{"type":"Feature","properties":{"id":"way/1232126816","landuse":"grass"},"geometry":{"type":"Polygon","coordinates":[[[19.0778858,47.4866447],[19.0778858,47.4866047],[19.0782876,47.4866047],[19.0782876,47.4866447],[19.0778858,47.4866447]]]}},
{"type":"Feature","properties":{"id":"way/1232127462","landuse":"grass"},"geometry":{"type":"Polygon","coordinates":[[[19.0770969,47.4864851],[19.0770874,47.4861728],[19.0773106,47.4861697],[19.0773185,47.4864308],[19.0772198,47.4864322],[19.0772214,47.4864834],[19.0770969,47.4864851]]]}},
{"type":"Feature","properties":{"id":"way/1233932468","leisure":"playground"},"geometry":{"type":"Polygon","coordinates":[[[19.0320071,47.489773],[19.0320229,47.4896334],[19.0321549,47.48964],[19.032402,47.4896522],[19.0325052,47.4897545],[19.0323451,47.4898693],[19.0322635,47.4899279],[19.0321235,47.4898433],[19.0320071,47.489773]]]}},
{"type":"Feature","properties":{"id":"way/1235603579","landuse":"grass"},"geometry":{"type":"Polygon","coordinates":[[[19.0383784,47.4760436],[19.0384135,47.4760418],[19.0384293,47.4760444],[19.0384556,47.4760568],[19.0384581,47.4760614],[19.0384556,47.4760648],[19.0383441,47.476091],[19.0383784,47.4760436]]]}},
{"type":"Feature","properties":{"id":"way/1235603580","landuse":"grass"},"geometry":{"type":"Polygon","coordinates":[[[19.0382529,47.4761123],[19.0382847,47.476066],[19.0383203,47.4760573],[19.0383271,47.4760601],[19.038297,47.476102],[19.0382529,47.4761123]]]}},
{"type":"Feature","properties":{"id":"way/1235603581","landuse":"grass"},"geometry":{"type":"Polygon","coordinates":[[[19.0381562,47.476135],[19.0381918,47.4760882],[19.0382298,47.4760776],[19.0382358,47.4760825],[19.0382073,47.476123],[19.0381562,47.476135]]]}},
{"type":"Feature","properties":{"id":"way/1235603582","landuse":"grass"},"geometry":{"type":"Polygon","coordinates":[[[19.0379699,47.4761787],[19.0379553,47.4761494],[19.037957,47.4761436],[19.0379626,47.4761399],[19.0381419,47.4760971],[19.0381419,47.4761054],[19.0381104,47.4761457],[19.0379699,47.4761787]]]}},
{"type":"Feature","properties":{"id":"way/1235603583","landuse":"grass"},"geometry":{"type":"Polygon","coordinates":[[[19.0378168,47.4762145],[19.0378478,47.4761677],[19.0378877,47.4761577],[19.0378966,47.4761578],[19.0379031,47.4761601],[19.0379185,47.4761907],[19.0378168,47.4762145]]]}},
{"type":"Feature","properties":{"id":"way/1235603584","landuse":"grass"},"geometry":{"type":"Polygon","coordinates":[[[19.0374985,47.4762481],[19.0377917,47.4761789],[19.0377978,47.4761798],[19.0378005,47.4761836],[19.0377737,47.4762209],[19.0375312,47.4762774],[19.0375121,47.4762721],[19.0374985,47.4762481]]]}},
{"type":"Feature","properties":{"id":"way/1240796917","landuse":"grass"},"geometry":{"type":"Polygon","coordinates":[[[19.0387463,47.4759769],[19.0386686,47.4759951],[19.0386583,47.476017],[19.0385769,47.4760355],[19.0385754,47.4760319],[19.0385756,47.4760278],[19.0385773,47.4760204],[19.0385813,47.4760139],[19.0385872,47.4760066],[19.0385944,47.4759997],[19.0386047,47.4759937],[19.0386177,47.4759881],[19.0386282,47.4759843],[19.0387311,47.4759605],[19.0387368,47.4759603],[19.03874,47.4759618],[19.0387463,47.4759769]]]}},
{"type":"Feature","properties":{"id":"way/1240796918","landuse":"grass"},"geometry":{"type":"Polygon","coordinates":[[[19.0360161,47.4765986],[19.0361867,47.476556],[19.036204,47.4765546],[19.0362171,47.476555],[19.0362284,47.4765568],[19.0362399,47.4765594],[19.036248,47.4765622],[19.0362528,47.4765648],[19.0362284,47.47657],[19.0362322,47.4765778],[19.0360406,47.4766229],[19.0360245,47.4766173],[19.0360161,47.4765986]]]}},
{"type":"Feature","properties":{"id":"way/1240796919","landuse":"grass"},"geometry":{"type":"Polygon","coordinates":[[[19.0359134,47.4766331],[19.0359354,47.4766277],[19.0359428,47.4766415],[19.0359208,47.4766469],[19.0359134,47.4766331]]]}},
{"type":"Feature","properties":{"id":"way/1240796920","landuse":"grass"},"geometry":{"type":"Polygon","coordinates":[[[19.0318833,47.4777192],[19.0319182,47.4776386],[19.0319258,47.4776442],[19.0319314,47.4776531],[19.0319361,47.4776633],[19.0319367,47.4776727],[19.0319364,47.4776822],[19.031916,47.4777275],[19.0318833,47.4777192]]]}},
{"type":"Feature","properties":{"id":"way/1240797999","landuse":"grass"},"geometry":{"type":"Polygon","coordinates":[[[19.0324151,47.4778141],[19.0323815,47.4777712],[19.0323834,47.4777686],[19.0324321,47.4778038],[19.0324151,47.4778141]]]}},
{"type":"Feature","properties":{"id":"way/1240798000","landuse":"grass"},"geometry":{"type":"Polygon","coordinates":[[[19.0314104,47.4795916],[19.0314936,47.4795818],[19.0315023,47.4796075],[19.0313998,47.4796163],[19.0314104,47.4795916]]]}},
{"type":"Feature","properties":{"id":"way/1240802087","landuse":"grass"},"geometry":{"type":"Polygon","coordinates":[[[19.0370238,47.4760278],[19.0371784,47.4759901],[19.0371806,47.4759972],[19.0371808,47.4760055],[19.037177,47.4760137],[19.0371682,47.4760209],[19.0371566,47.4760265],[19.0371459,47.4760302],[19.0370429,47.4760552],[19.0370386,47.4760548],[19.0370352,47.4760522],[19.0370238,47.4760278]]]}},
{"type":"Feature","properties":{"id":"way/1240802088","landuse":"grass"},"geometry":{"type":"Polygon","coordinates":[[[19.036194,47.4762346],[19.0362525,47.4762209],[19.0362615,47.4762374],[19.0362609,47.47624],[19.0362579,47.4762417],[19.0362301,47.4762424],[19.0362179,47.4762408],[19.0362049,47.4762384],[19.036194,47.4762346]]]}},
{"type":"Feature","properties":{"id":"way/1240802089","landuse":"grass"},"geometry":{"type":"Polygon","coordinates":[[[19.0364154,47.4761827],[19.0365035,47.4761614],[19.036513,47.4761793],[19.0364249,47.4762006],[19.0364154,47.4761827]]]}},
{"type":"Feature","properties":{"id":"way/1240802090","landuse":"grass"},"geometry":{"type":"Polygon","coordinates":[[[19.035962,47.4763109],[19.0359482,47.4762811],[19.0359563,47.4762698],[19.0360055,47.476258],[19.036007,47.4762616],[19.0360253,47.4762569],[19.0360238,47.4762535],[19.0360595,47.4762455],[19.0360616,47.4762518],[19.0360614,47.4762609],[19.0360551,47.476272],[19.0360457,47.4762827],[19.0360349,47.4762901],[19.0360225,47.4762957],[19.0360155,47.4762982],[19.035962,47.4763109]]]}},
{"type":"Feature","properties":{"id":"way/1240802091","landuse":"grass"},"geometry":{"type":"Polygon","coordinates":[[[19.0356493,47.4763489],[19.0356646,47.4763782],[19.0356643,47.4763808],[19.0356611,47.4763825],[19.035621,47.4763923],[19.0356184,47.4763909],[19.0356493,47.4763489]]]}},
{"type":"Feature","properties":{"id":"way/1240802092","landuse":"grass"},"geometry":{"type":"Polygon","coordinates":[[[19.0354148,47.4764411],[19.0354015,47.4764131],[19.035409,47.4764026],[19.0355183,47.4763757],[19.0354834,47.4764244],[19.0354148,47.4764411]]]}},
{"type":"Feature","properties":{"id":"way/1240802093","landuse":"grass"},"geometry":{"type":"Polygon","coordinates":[[[19.0350095,47.476496],[19.035321,47.4764234],[19.0353404,47.4764275],[19.0353557,47.4764557],[19.0351712,47.4764984],[19.0351438,47.4765012],[19.0351077,47.4765035],[19.0350667,47.4765046],[19.0350338,47.4765012],[19.0350095,47.476496]]]}},
{"type":"Feature","properties":{"id":"way/1241480290","leisure":"pitch","surface":"sand"},"geometry":{"type":"Polygon","coordinates":[[[19.0403365,47.4791071],[19.0403113,47.4790652],[19.040349,47.4790548],[19.0403742,47.4790967],[19.0403552,47.479102],[19.0403365,47.4791071]]]}},
{"type":"Feature","properties":{"id":"way/1241617748","leisure":"pitch","surface":"sand"},"geometry":{"type":"Polygon","coordinates":[[[19.02569,47.4896199],[19.0257109,47.4896094],[19.0257364,47.4895967],[19.0258091,47.4896632],[19.0257627,47.4896864],[19.02569,47.4896199]]]}},
{"type":"Feature","properties":{"id":"way/1241617751","leisure":"pitch","surface":"sand"},"geometry":{"type":"Polygon","coordinates":[[[19.0259746,47.4886414],[19.0260232,47.4886161],[19.0260959,47.4886841],[19.026074,47.4886954],[19.0260489,47.4887083],[19.0259746,47.4886414]]]}},
{"type":"Feature","properties":{"id":"way/1241617752","leisure":"pitch","surface":"sand"},"geometry":{"type":"Polygon","coordinates":[[[19.0265256,47.4891373],[19.0265479,47.4891261],[19.0265708,47.4891145],[19.0266433,47.4891797],[19.0265978,47.4892023],[19.0265256,47.4891373]]]}},
{"type":"Feature","properties":{"id":"way/1243280487","landuse":"grass"},"geometry":{"type":"Polygon","coordinates":[[[19.0284016,47.4806383],[19.0282684,47.4806758],[19.0278508,47.4800489],[19.0280428,47.4799862],[19.0280982,47.4799796],[19.0281552,47.4799939],[19.0282154,47.4800236],[19.0280119,47.4800764],[19.0282252,47.4804396],[19.0283143,47.4804969],[19.0284016,47.4806383]]]}},
{"type":"Feature","properties":{"id":"way/1244754318","leisure":"park","name":"Pethő Sándor tér"},"geometry":{"type":"Polygon","coordinates":[[[19.0628357,47.5024934],[19.0628632,47.5024724],[19.0628789,47.5024603],[19.0629078,47.5024661],[19.0629345,47.5024589],[19.063064,47.5023604],[19.0630751,47.502342],[19.0630643,47.502325],[19.0630851,47.5023091],[19.0632425,47.5023956],[19.0629645,47.5026074],[19.0628921,47.5026584],[19.0628672,47.5026428],[19.0627406,47.5025641],[19.0628357,47.5024934]]]}},
{"type":"Feature","properties":{"id":"way/1247538115","leisure":"pitch"},"geometry":{"type":"Polygon","coordinates":[[[19.0361473,47.538305],[19.0361948,47.5382038],[19.0364813,47.5382652],[19.0364338,47.5383664],[19.0361473,47.538305]]]}},
{"type":"Feature","properties":{"id":"way/1247659340","leisure":"pitch","surface":"tartan"},"geometry":{"type":"Polygon","coordinates":[[[19.0617667,47.5360515],[19.0617172,47.5359444],[19.0620208,47.5358805],[19.0620702,47.5359876],[19.0617879,47.536047],[19.0617771,47.5360493],[19.0617667,47.5360515]]]}},
{"type":"Feature","properties":{"id":"way/1250024633","landuse":"grass"},"geometry":{"type":"Polygon","coordinates":[[[19.0548976,47.4792142],[19.0548999,47.4792096],[19.0549077,47.479207],[19.054916,47.4792073],[19.0549241,47.4792089],[19.0549329,47.4792119],[19.0549407,47.4792146],[19.0549471,47.4792193],[19.0549522,47.4792252],[19.0549545,47.4792327],[19.0549562,47.4792416],[19.0549581,47.4792508],[19.0549593,47.479256],[19.0549115,47.4792602],[19.0548976,47.4792142]]]}},
{"type":"Feature","properties":{"id":"way/1250029841","landuse":"grass"},"geometry":{"type":"Polygon","coordinates":[[[19.0550629,47.4792433],[19.0550394,47.479246],[19.0550073,47.4791125],[19.0549899,47.4790323],[19.0549885,47.4790099],[19.0549932,47.4789958],[19.0550046,47.4789824],[19.055019,47.4789708],[19.0550328,47.4789616],[19.0550546,47.4789503],[19.055078,47.4789421],[19.0551018,47.4789376],[19.0551253,47.4789364],[19.0553278,47.4789411],[19.055349,47.4789418],[19.0553739,47.4789427],[19.0553959,47.4789435],[19.0555089,47.4789476],[19.0554922,47.4789779],[19.0554829,47.4789737],[19.0554693,47.4789732],[19.055452,47.4789696],[19.0554499,47.4789744],[19.0554459,47.4789791],[19.0550548,47.4790221],[19.055012,47.4790276],[19.0550629,47.4792433]]]}},
{"type":"Feature","properties":{"id":"way/1250029842","landuse":"grass"},"geometry":{"type":"Polygon","coordinates":[[[19.0549174,47.4791064],[19.0549222,47.4791085],[19.0549249,47.479113],[19.0549238,47.4791193],[19.0549192,47.4791283],[19.0549173,47.4791309],[19.0549109,47.4791372],[19.0549041,47.4791418],[19.0548966,47.4791456],[19.0548871,47.4791486],[19.0548749,47.4791511],[19.0548622,47.4791527],[19.0548436,47.479155],[19.0548233,47.4791575],[19.0548023,47.4791602],[19.054786,47.4791621],[19.0547731,47.4791622],[19.0547669,47.4791604],[19.0547544,47.4791549],[19.0547469,47.4791502],[19.0547397,47.4791444],[19.0547347,47.4791407],[19.054738,47.479139],[19.0547339,47.4791308],[19.0547255,47.4791047],[19.0547123,47.479064],[19.0547046,47.4790379],[19.0547032,47.4790176],[19.0547092,47.4789963],[19.054732,47.4789568],[19.0548358,47.4789754],[19.0548448,47.4789777],[19.0548512,47.4789801],[19.0548531,47.4789847],[19.0548526,47.4789895],[19.054849,47.4789931],[19.054845,47.478996],[19.0548172,47.4789994],[19.0548235,47.4790225],[19.0548298,47.4790457],[19.0548361,47.4790688],[19.0548424,47.4790919],[19.0548487,47.479115],[19.0549174,47.4791064]]]}},
{"type":"Feature","properties":{"id":"way/1250029843","landuse":"grass"},"geometry":{"type":"Polygon","coordinates":[[[19.0546019,47.479181],[19.0545925,47.4791218],[19.0545596,47.4791242],[19.0545267,47.4791265],[19.0545141,47.4790164],[19.0545181,47.4790162],[19.0545109,47.4788977],[19.05467,47.4789296],[19.0546566,47.4789528],[19.0546452,47.4789774],[19.0546367,47.4790021],[19.0546356,47.4790272],[19.0546408,47.4790492],[19.0546642,47.4791385],[19.0546668,47.4791468],[19.054665,47.4791579],[19.0546569,47.4791675],[19.0546464,47.4791772],[19.0546274,47.4791841],[19.054614,47.4791855],[19.0546071,47.4791835],[19.0546019,47.479181]]]}},
{"type":"Feature","properties":{"id":"way/1250035210","landuse":"grass"},"geometry":{"type":"Polygon","coordinates":[[[19.0549666,47.4788722],[19.0549697,47.4788223],[19.0549942,47.478823],[19.0549906,47.4788735],[19.0549867,47.4788765],[19.0549811,47.4788785],[19.0549733,47.4788778],[19.0549693,47.4788757],[19.0549666,47.4788722]]]}},
{"type":"Feature","properties":{"id":"way/1250514918","landuse":"grass"},"geometry":{"type":"Polygon","coordinates":[[[19.0589501,47.477316],[19.0589658,47.4772993],[19.0589418,47.4772226],[19.0587042,47.4771083],[19.0586895,47.4770367],[19.058721,47.4770338],[19.0587276,47.4770329],[19.0587905,47.4769941],[19.0587882,47.4769923],[19.0589184,47.4769165],[19.0589452,47.4769003],[19.058962,47.4768984],[19.0589806,47.4769015],[19.0590337,47.4769202],[19.0590982,47.4769499],[19.059288,47.4770426],[19.0593461,47.4770734],[19.0593602,47.4770861],[19.0593659,47.477096],[19.0593692,47.4771052],[19.059366,47.477126],[19.0592815,47.4772772],[19.0592646,47.4773004],[19.0592272,47.4773353],[19.0591495,47.4774041],[19.059129,47.4773981],[19.0590963,47.4773843],[19.0589501,47.477316]]]}},
{"type":"Feature","properties":{"id":"way/1250514919","landuse":"grass"},"geometry":{"type":"Polygon","coordinates":[[[19.0585867,47.4769674],[19.0586815,47.4767969],[19.0586856,47.4767938],[19.0586911,47.4767908],[19.0586983,47.4767908],[19.0587033,47.4767929],[19.0588371,47.4768595],[19.0588301,47.4768655],[19.0588896,47.476897],[19.0587065,47.4770024],[19.0587022,47.4770037],[19.0586804,47.477008],[19.0586776,47.4770077],[19.0585867,47.4769674]]]}},
{"type":"Feature","properties":{"id":"way/1250514920","landuse":"grass"},"geometry":{"type":"Polygon","coordinates":[[[19.0586004,47.4767447],[19.0585195,47.4768868],[19.0583222,47.4768087],[19.0584629,47.4766796],[19.0586004,47.4767447]]]}},
{"type":"Feature","properties":{"id":"way/1250514921","landuse":"grass"},"geometry":{"type":"Polygon","coordinates":[[[19.0594681,47.4782714],[19.0590379,47.478065],[19.0590337,47.4780342],[19.0585167,47.4777709],[19.058478,47.4778041],[19.0584746,47.4778068],[19.0584695,47.4778073],[19.0584655,47.4778055],[19.0584632,47.4778025],[19.0584647,47.4777978],[19.0585579,47.477707],[19.0588516,47.4774266],[19.0588354,47.4774179],[19.058835,47.4773826],[19.0589029,47.4773666],[19.0589176,47.4773508],[19.0591132,47.4774424],[19.0591149,47.477448],[19.0590768,47.4775007],[19.0590595,47.4775336],[19.0590441,47.4775817],[19.0590326,47.4776501],[19.0590401,47.4777261],[19.0590644,47.4777913],[19.0591078,47.4778591],[19.0591481,47.4779082],[19.0591921,47.4779529],[19.0592542,47.4780026],[19.0593245,47.4780483],[19.0594487,47.4781078],[19.0594537,47.4781125],[19.059457,47.4781183],[19.0594603,47.4781363],[19.0594725,47.4781822],[19.0594797,47.4782156],[19.0594818,47.4782425],[19.059479,47.4782547],[19.0594734,47.4782639],[19.0594681,47.4782714]]]}},
{"type":"Feature","properties":{"id":"way/1250548085","leisure":"park","name":"Eszperantó park","name:en":"Esperanto Park"},"geometry":{"type":"Polygon","coordinates":[[[19.0434593,47.4909339],[19.0438798,47.4909317],[19.0439143,47.4910174],[19.0434688,47.4911053],[19.0434593,47.4909339]]]}},
{"type":"Feature","properties":{"id":"way/1251214326","landuse":"grass"},"geometry":{"type":"Polygon","coordinates":[[[19.0594874,47.4782806],[19.0594978,47.4782691],[19.059502,47.4782604],[19.0595043,47.4782511],[19.0595055,47.4782352],[19.0595032,47.4782174],[19.0594971,47.4781958],[19.0594891,47.47816],[19.0594806,47.4781282],[19.0594823,47.4781231],[19.0594856,47.4781212],[19.0597132,47.4782143],[19.059867,47.4782778],[19.0598993,47.4782989],[19.0599242,47.4783255],[19.0597916,47.4784411],[19.0597516,47.4784369],[19.0596453,47.4783916],[19.0596692,47.4783678],[19.0594874,47.4782806]]]}},
{"type":"Feature","properties":{"id":"way/1251574281","landuse":"grass"},"geometry":{"type":"Polygon","coordinates":[[[19.0249465,47.4857507],[19.0249511,47.4857492],[19.0249565,47.4857502],[19.0249639,47.4857562],[19.0249645,47.485764],[19.0249645,47.4857731],[19.0249626,47.4857788],[19.0249474,47.4858071],[19.0249163,47.4858704],[19.0248829,47.4859445],[19.0248503,47.4860261],[19.0248276,47.4861115],[19.0248247,47.4861111],[19.0248223,47.4861054],[19.0248224,47.4860679],[19.0248215,47.4859693],[19.0248215,47.4859638],[19.0248531,47.4859021],[19.0248851,47.4858441],[19.0249239,47.4857818],[19.0249465,47.4857507]]]}},
{"type":"Feature","properties":{"id":"way/1251574282","landuse":"grass"},"geometry":{"type":"Polygon","coordinates":[[[19.0247633,47.4861092],[19.0247703,47.4861171],[19.0247982,47.4862305],[19.0248002,47.4862533],[19.0247999,47.4862686],[19.0247936,47.4863252],[19.0247897,47.4863661],[19.0247833,47.4863987],[19.0247705,47.4864501],[19.0247522,47.4865011],[19.0247406,47.4865331],[19.0247334,47.4865689],[19.0247313,47.4866139],[19.0247287,47.4866926],[19.0247271,47.4867831],[19.024686,47.4867829],[19.0246911,47.4867759],[19.0246928,47.4866804],[19.0246962,47.4865886],[19.024699,47.4865148],[19.0246996,47.4864757],[19.0247041,47.4864195],[19.0247109,47.4863414],[19.02472,47.4862798],[19.0247353,47.4862087],[19.0247633,47.4861092]]]}},
{"type":"Feature","properties":{"id":"way/1251574283","landuse":"grass"},"geometry":{"type":"Polygon","coordinates":[[[19.0248253,47.4857978],[19.0247893,47.4858579],[19.0247519,47.4859294],[19.0247197,47.4859991],[19.0246885,47.4860809],[19.0246642,47.4861586],[19.0246466,47.4862309],[19.0246319,47.4863159],[19.0246206,47.4864096],[19.0246149,47.4865432],[19.0246126,47.4866426],[19.0246085,47.4867722],[19.0246114,47.486782],[19.0245438,47.4867816],[19.0245486,47.486667],[19.0245528,47.4865638],[19.0245553,47.4865078],[19.0245619,47.4864496],[19.0245736,47.4863765],[19.0245861,47.4863159],[19.0246016,47.4862526],[19.0246235,47.4861844],[19.0246476,47.4861159],[19.0246768,47.486044],[19.0247068,47.4859799],[19.024738,47.4859164],[19.0247807,47.4858469],[19.0248016,47.485816],[19.0248113,47.4858012],[19.0248158,47.4857984],[19.0248209,47.4857971],[19.0248253,47.4857978]]]}},
{"type":"Feature","properties":{"id":"way/1258156451","leisure":"park"},"geometry":{"type":"Polygon","coordinates":[[[19.0338705,47.4978487],[19.0337481,47.4977706],[19.0340139,47.4975803],[19.0341362,47.4976583],[19.0338705,47.4978487]]]}},
{"type":"Feature","properties":{"id":"way/1258156452","landuse":"grass"},"geometry":{"type":"Polygon","coordinates":[[[19.0326988,47.4981304],[19.0328196,47.4980439],[19.0332543,47.4983172],[19.0331615,47.4983771],[19.0329193,47.4982479],[19.0326988,47.4981304]]]}},
{"type":"Feature","properties":{"id":"way/1258452072","landuse":"grass"},"geometry":{"type":"Polygon","coordinates":[[[19.0258205,47.5001954],[19.0264374,47.4997614],[19.0265963,47.4996835],[19.0269008,47.499471],[19.0269303,47.4994678],[19.0269497,47.4994724],[19.0269598,47.4994787],[19.0258869,47.5002366],[19.0258205,47.5001954]]]}},
{"type":"Feature","properties":{"id":"way/1258452073","landuse":"grass"},"geometry":{"type":"Polygon","coordinates":[[[19.0251761,47.5007168],[19.0251593,47.5006987],[19.0251593,47.500676],[19.0251734,47.5006534],[19.0252029,47.5006303],[19.0257923,47.5002144],[19.0258601,47.5002556],[19.0253665,47.5005968],[19.0251761,47.5007168]]]}},
{"type":"Feature","properties":{"id":"way/1258452074","landuse":"grass"},"geometry":{"type":"Polygon","coordinates":[[[19.026951,47.4993908],[19.0270168,47.4993455],[19.0270409,47.4993695],[19.0270543,47.499394],[19.027058,47.4994067],[19.0270469,47.4994139],[19.0270201,47.499404],[19.0269946,47.4993981],[19.0269608,47.4993983],[19.026951,47.4993908]]]}},
{"type":"Feature","properties":{"id":"way/1258452075","landuse":"grass"},"geometry":{"type":"Polygon","coordinates":[[[19.027124,47.4993618],[19.0271106,47.499336],[19.0270939,47.4993202],[19.0270746,47.499302],[19.0273735,47.4991109],[19.0278335,47.4988533],[19.027866,47.4988818],[19.0274305,47.4991593],[19.027124,47.4993618]]]}},
{"type":"Feature","properties":{"id":"way/1260744721","landuse":"grass"},"geometry":{"type":"Polygon","coordinates":[[[19.0632982,47.5430385],[19.0633304,47.5428716],[19.0635752,47.5428015],[19.0636741,47.5427965],[19.0644457,47.5429183],[19.0644061,47.5431186],[19.0635257,47.5429801],[19.0632982,47.5430385]]]}},
{"type":"Feature","properties":{"id":"way/1260745184","leisure":"pitch"},"geometry":{"type":"Polygon","coordinates":[[[19.064159,47.5406745],[19.0639606,47.540269],[19.0649665,47.5400452],[19.0651479,47.5404507],[19.064159,47.5406745]]]}},
{"type":"Feature","properties":{"id":"way/1260749218","leisure":"park"},"geometry":{"type":"Polygon","coordinates":[[[19.067506,47.5336728],[19.0672391,47.5329246],[19.0672223,47.5328018],[19.067293,47.5327403],[19.067539,47.5325538],[19.0679797,47.5335871],[19.0679484,47.5335927],[19.0678751,47.533606],[19.067506,47.5336728]]]}},
{"type":"Feature","properties":{"id":"way/126203827","landuse":"grass"},"geometry":{"type":"Polygon","coordinates":[[[19.0754832,47.5329324],[19.0753396,47.5326007],[19.0755791,47.5325534],[19.0757228,47.5328851],[19.0754832,47.5329324]]]}},
{"type":"Feature","properties":{"id":"way/126229865","leisure":"pitch"},"geometry":{"type":"Polygon","coordinates":[[[19.0754364,47.5413451],[19.0753222,47.5410965],[19.0756245,47.5410332],[19.0757387,47.5412818],[19.0754364,47.5413451]]]}},
{"type":"Feature","properties":{"id":"way/126229997","leisure":"pitch"},"geometry":{"type":"Polygon","coordinates":[[[19.0755462,47.5415795],[19.0754619,47.5413913],[19.0760045,47.5412806],[19.0760887,47.5414688],[19.0755462,47.5415795]]]}},
{"type":"Feature","properties":{"id":"way/126230160","leisure":"pitch"},"geometry":{"type":"Polygon","coordinates":[[[19.0747613,47.5421593],[19.0743562,47.5412564],[19.0751553,47.5410888],[19.0755763,47.5419915],[19.0747613,47.5421593]]]}},
{"type":"Feature","properties":{"id":"way/126230164","leisure":"pitch"},"geometry":{"type":"Polygon","coordinates":[[[19.0753133,47.541041],[19.075245,47.5409036],[19.0755855,47.5408265],[19.0756539,47.5409639],[19.0753133,47.541041]]]}},
{"type":"Feature","properties":{"id":"way/126351803","leisure":"playground"},"geometry":{"type":"Polygon","coordinates":[[[19.0770003,47.5320539],[19.0768701,47.5317661],[19.0769932,47.5316499],[19.0769689,47.5315919],[19.07689,47.5314042],[19.0772087,47.5313431],[19.0772305,47.5314047],[19.0773046,47.5316145],[19.077464,47.5316866],[19.0775272,47.531829],[19.0774941,47.5318357],[19.0775091,47.5318688],[19.077474,47.5318755],[19.0773428,47.5319005],[19.0773779,47.5319794],[19.0770003,47.5320539]]]}},
{"type":"Feature","properties":{"id":"way/1266659722","landuse":"grass"},"geometry":{"type":"Polygon","coordinates":[[[19.0621283,47.5347169],[19.0622985,47.5346822],[19.0623227,47.5347352],[19.0622905,47.5347415],[19.0622737,47.5347424],[19.062263,47.5347184],[19.0622194,47.5347275],[19.0622154,47.5347456],[19.062204,47.534746],[19.0621557,47.5347673],[19.0621416,47.5347451],[19.0621283,47.5347169]]]}},
{"type":"Feature","properties":{"id":"way/1266659723","landuse":"grass"},"geometry":{"type":"Polygon","coordinates":[[[19.0617435,47.5347954],[19.0620989,47.5347229],[19.0621108,47.5347524],[19.0620203,47.5347709],[19.061978,47.5347709],[19.0619338,47.5347854],[19.0617574,47.5348221],[19.0617435,47.5347954]]]}},
{"type":"Feature","properties":{"id":"way/1266659724","landuse":"grass"},"geometry":{"type":"Polygon","coordinates":[[[19.061464,47.534909],[19.0614525,47.5348547],[19.0616991,47.5348044],[19.0617111,47.5348334],[19.0615911,47.5348574],[19.0615985,47.5348827],[19.0615556,47.5348995],[19.0615489,47.5348814],[19.0615113,47.5348886],[19.0615173,47.5349045],[19.061464,47.534909]]]}},
{"type":"Feature","properties":{"id":"way/1266659725","landuse":"grass"},"geometry":{"type":"Polygon","coordinates":[[[19.0609689,47.5349533],[19.0613429,47.5348771],[19.0613551,47.5349054],[19.0613108,47.5349144],[19.0612545,47.5349144],[19.0612069,47.5349353],[19.0611807,47.5349411],[19.0611606,47.5349769],[19.0610714,47.5349801],[19.0610144,47.5350109],[19.060991,47.5350133],[19.0609689,47.5349533]]]}},
{"type":"Feature","properties":{"id":"way/1266659726","landuse":"grass"},"geometry":{"type":"Polygon","coordinates":[[[19.0605075,47.5350991],[19.0604965,47.5350496],[19.0609402,47.5349592],[19.0609647,47.535016],[19.0609266,47.5350199],[19.0608488,47.5350118],[19.0607415,47.5350321],[19.0607496,47.5350552],[19.0607087,47.5350548],[19.060594,47.5350955],[19.0605866,47.5350774],[19.0605464,47.5350883],[19.0605504,47.5350982],[19.0605075,47.5350991]]]}},
{"type":"Feature","properties":{"id":"way/1266659727","landuse":"grass"},"geometry":{"type":"Polygon","coordinates":[[[19.0602259,47.5351345],[19.0602138,47.5351073],[19.0603887,47.5350716],[19.0604109,47.5351227],[19.0603305,47.535139],[19.0603157,47.5351177],[19.0602259,47.5351345]]]}},
{"type":"Feature","properties":{"id":"way/1268980558","landuse":"grass"},"geometry":{"type":"Polygon","coordinates":[[[19.0236684,47.5058902],[19.023721,47.5058294],[19.0237525,47.5058432],[19.0237902,47.5058025],[19.023754,47.5057892],[19.0239572,47.5055667],[19.0240569,47.5054576],[19.0240867,47.5057254],[19.0241134,47.5059043],[19.0241399,47.5059527],[19.0242262,47.50611],[19.0241682,47.5061818],[19.024132,47.5061657],[19.0241053,47.5061963],[19.0239012,47.5061154],[19.0239334,47.5060786],[19.0239554,47.5060534],[19.0239814,47.5060236],[19.0238046,47.5059531],[19.0238563,47.5059436],[19.0238996,47.505946],[19.023984,47.5059759],[19.0240283,47.5059246],[19.023908,47.505879],[19.0238278,47.5058804],[19.0237909,47.5058932],[19.0237519,47.5059046],[19.0237043,47.5059079],[19.0236684,47.5058902]]]}},
{"type":"Feature","properties":{"id":"way/1268980559","landuse":"grass"},"geometry":{"type":"Polygon","coordinates":[[[19.0235749,47.5059859],[19.0236123,47.5059467],[19.0239334,47.5060786],[19.0239012,47.5061154],[19.0235749,47.5059859]]]}},
{"type":"Feature","properties":{"id":"way/1273125383","leisure":"garden"},"geometry":{"type":"Polygon","coordinates":[[[19.0525237,47.5161545],[19.0524899,47.5161086],[19.0532281,47.5158609],[19.053262,47.5159069],[19.0525237,47.5161545]]]}},
{"type":"Feature","properties":{"id":"way/1273545423","leisure":"park","name":"Vizafogó Pihenőpark"},"geometry":{"type":"Polygon","coordinates":[[[19.0592367,47.5320771],[19.058906,47.5313546],[19.0594259,47.5312461],[19.0596467,47.5317283],[19.0596824,47.5317209],[19.0597924,47.5319611],[19.0592367,47.5320771]]]}},
{"type":"Feature","properties":{"id":"way/1274403478","natural":"scrub"},"geometry":{"type":"Polygon","coordinates":[[[19.0271774,47.5285245],[19.0272315,47.5285275],[19.027212,47.5285682],[19.0271747,47.528603],[19.0271419,47.528591],[19.0271721,47.5285568],[19.0271774,47.5285245]]]}},
{"type":"Feature","properties":{"id":"way/1274403479","natural":"scrub"},"geometry":{"type":"Polygon","coordinates":[[[19.0275163,47.5277977],[19.0275112,47.5277489],[19.0278715,47.5277449],[19.0278711,47.5277938],[19.0275163,47.5277977]]]}},
{"type":"Feature","properties":{"id":"way/1276221574","leisure":"park","name":"Kiscelli park"},"geometry":{"type":"Polygon","coordinates":[[[19.0279609,47.5368679],[19.0283659,47.5368815],[19.0284678,47.5368742],[19.02861,47.5369575],[19.0289533,47.5370481],[19.0287602,47.53723],[19.0286623,47.5375795],[19.0280253,47.5374645],[19.0278,47.5374202],[19.0276283,47.5374292],[19.0279609,47.5368679]]]}},
{"type":"Feature","properties":{"id":"way/127697663","leisure":"playground","name":"Máglya közi játszótér"},"geometry":{"type":"Polygon","coordinates":[[[19.0776447,47.5431105],[19.0775657,47.5429343],[19.0779472,47.5428564],[19.0780262,47.5430326],[19.077758,47.5430874],[19.0776447,47.5431105]]]}},
{"type":"Feature","properties":{"id":"way/1279504351","landuse":"grass"},"geometry":{"type":"Polygon","coordinates":[[[19.0663004,47.4830081],[19.0663916,47.4828873],[19.0666088,47.4829725],[19.0665086,47.4830849],[19.0664965,47.4830801],[19.0664964,47.4830557],[19.0664847,47.4830328],[19.0664663,47.4830162],[19.0664395,47.4830029],[19.0664101,47.4829959],[19.0663746,47.4829952],[19.0663403,47.4830023],[19.0663154,47.483014],[19.0663004,47.4830081]]]}},
{"type":"Feature","properties":{"id":"way/1279504352","landuse":"grass"},"geometry":{"type":"Polygon","coordinates":[[[19.0664481,47.4831527],[19.0663587,47.483253],[19.0661723,47.4831778],[19.0662549,47.4830684],[19.0662721,47.483076],[19.0662709,47.4830935],[19.0662778,47.4831107],[19.0662946,47.4831305],[19.0663233,47.4831472],[19.0663513,47.4831549],[19.0663822,47.4831569],[19.0664331,47.483146],[19.0664481,47.4831527]]]}},
{"type":"Feature","properties":{"id":"way/128190878","leisure":"playground"},"geometry":{"type":"Polygon","coordinates":[[[19.0404415,47.4785869],[19.0403352,47.4784177],[19.0403434,47.4783922],[19.0403752,47.4782998],[19.0404338,47.4781379],[19.0404369,47.4781298],[19.0404398,47.478122],[19.040998,47.4780195],[19.0410604,47.4781315],[19.0412103,47.4783982],[19.0404415,47.4785869]]]}},
{"type":"Feature","properties":{"id":"way/1284440444","leisure":"playground","name":"Tömlőlabirintus"},"geometry":{"type":"Polygon","coordinates":[[[19.041875,47.5306346],[19.0418215,47.5305628],[19.0418738,47.5305454],[19.0419272,47.5306172],[19.041875,47.5306346]]]}},
{"type":"Feature","properties":{"id":"way/1284440447","leisure":"playground","name":"Tűzoltóautó ugrálóvár"},"geometry":{"type":"Polygon","coordinates":[[[19.0418755,47.5306482],[19.0419542,47.530622],[19.0419942,47.5306769],[19.0419154,47.530703],[19.0418755,47.5306482]]]}},
{"type":"Feature","properties":{"id":"way/1284446479","leisure":"pitch","name":"Skate park"},"geometry":{"type":"Polygon","coordinates":[[[19.042503,47.5311649],[19.0423003,47.5308649],[19.0425402,47.530791],[19.042743,47.531091],[19.042503,47.5311649]]]}},
{"type":"Feature","properties":{"id":"way/128578213","leisure":"pitch","surface":"artificial_turf"},"geometry":{"type":"Polygon","coordinates":[[[19.0598719,47.5302807],[19.0597295,47.5299703],[19.0599704,47.5299199],[19.0601129,47.5302303],[19.0598719,47.5302807]]]}},
{"type":"Feature","properties":{"id":"way/128641180","leisure":"playground"},"geometry":{"type":"Polygon","coordinates":[[[19.0730628,47.5245678],[19.0728933,47.524457],[19.0734217,47.5240885],[19.0735912,47.5241993],[19.0730628,47.5245678]]]}},
{"type":"Feature","properties":{"id":"way/1286592964","landuse":"grass"},"geometry":{"type":"Polygon","coordinates":[[[19.0231383,47.5015064],[19.0231953,47.501597],[19.0230924,47.5016506],[19.0230695,47.5016287],[19.0230415,47.5015574],[19.0231383,47.5015064]]]}},
{"type":"Feature","properties":{"id":"way/1288110117","area":"yes","highway":"pedestrian"},"geometry":{"type":"Polygon","coordinates":[[[19.0389744,47.4982402],[19.0389566,47.498239],[19.0389682,47.4981535],[19.0389915,47.4980906],[19.0390285,47.4980332],[19.0391457,47.497851],[19.0391856,47.4978599],[19.0393537,47.4978865],[19.039285,47.4980604],[19.0393016,47.4980634],[19.0392757,47.498129],[19.0392376,47.4982179],[19.0391987,47.4982129],[19.0391839,47.4982592],[19.0389744,47.4982402]]]}},
{"type":"Feature","properties":{"id":"way/1288253723","landuse":"grass"},"geometry":{"type":"Polygon","coordinates":[[[19.0305795,47.4919555],[19.0305643,47.491954],[19.0305989,47.4917852],[19.0306305,47.4916158],[19.030763,47.4913891],[19.0308141,47.4913016],[19.0309544,47.4913614],[19.0308847,47.4914399],[19.0307859,47.4916077],[19.0307582,47.49165],[19.0307452,47.4916722],[19.0307186,47.4917149],[19.0307059,47.4917413],[19.0305795,47.4919555]]]}},
{"type":"Feature","properties":{"id":"way/1290053428","leisure":"park"},"geometry":{"type":"Polygon","coordinates":[[[19.0659428,47.5358424],[19.0659986,47.5358323],[19.0661433,47.5361598],[19.0652569,47.5363318],[19.0651023,47.5360202],[19.0652869,47.5359845],[19.0652678,47.5359362],[19.0657335,47.5358427],[19.0657484,47.5358766],[19.0659428,47.5358424]]]}},
{"type":"Feature","properties":{"id":"way/1290847993","landuse":"grass"},"geometry":{"type":"Polygon","coordinates":[[[19.0331811,47.4967059],[19.0332078,47.4966967],[19.0332181,47.4967041],[19.0332041,47.4967181],[19.0331897,47.496712],[19.0331811,47.4967059]]]}},
{"type":"Feature","properties":{"id":"way/1290847994","landuse":"grass"},"geometry":{"type":"Polygon","coordinates":[[[19.0331761,47.4966955],[19.0331779,47.4966876],[19.0331856,47.4966751],[19.0332046,47.4966851],[19.0331992,47.4966934],[19.0331761,47.4966955]]]}},
{"type":"Feature","properties":{"id":"way/1290847995","landuse":"grass"},"geometry":{"type":"Polygon","coordinates":[[[19.0332132,47.4966818],[19.0332001,47.4966702],[19.0332118,47.4966677],[19.0332218,47.4966684],[19.0332317,47.496669],[19.033224,47.4966821],[19.0332132,47.4966818]]]}},
{"type":"Feature","properties":{"id":"way/1290847996","landuse":"grass"},"geometry":{"type":"Polygon","coordinates":[[[19.0332335,47.4966833],[19.0332466,47.4966748],[19.0332561,47.4966836],[19.0332561,47.4966964],[19.0332385,47.4966934],[19.0332335,47.4966833]]]}},
{"type":"Feature","properties":{"id":"way/1290847997","landuse":"grass"},"geometry":{"type":"Polygon","coordinates":[[[19.033224,47.4967038],[19.0332367,47.4966992],[19.0332516,47.496705],[19.033243,47.4967132],[19.0332258,47.4967181],[19.033224,47.4967038]]]}},
{"type":"Feature","properties":{"id":"way/1290848150","leisure":"playground"},"geometry":{"type":"Polygon","coordinates":[[[19.0349459,47.495762],[19.0350323,47.4957083],[19.0353253,47.4955263],[19.0355698,47.4956828],[19.0355485,47.4956983],[19.0352483,47.4959168],[19.035204,47.4958942],[19.0349459,47.495762]]]}},
{"type":"Feature","properties":{"id":"way/1290849488","leisure":"park"},"geometry":{"type":"Polygon","coordinates":[[[19.0292728,47.4957808],[19.0294043,47.4956958],[19.0295585,47.4958272],[19.0295944,47.4958528],[19.0296071,47.4958728],[19.0295801,47.4958966],[19.0295357,47.4959041],[19.0294576,47.4958707],[19.0292728,47.4957808]]]}},
{"type":"Feature","properties":{"id":"way/1290849489","landuse":"grass"},"geometry":{"type":"Polygon","coordinates":[[[19.0297247,47.4960306],[19.0297176,47.4960163],[19.0297269,47.4960063],[19.0297479,47.4960041],[19.0298388,47.4960608],[19.0298358,47.4960712],[19.0298218,47.4960723],[19.0297247,47.4960306]]]}},
{"type":"Feature","properties":{"id":"way/129107667","leisure":"park","name":"Papp László tér"},"geometry":{"type":"Polygon","coordinates":[[[19.0671261,47.5239149],[19.0671795,47.5239018],[19.0677482,47.5245669],[19.0674413,47.5246268],[19.0671261,47.5239149]]]}},
{"type":"Feature","properties":{"id":"way/129130069","leisure":"stadium"},"geometry":{"type":"Polygon","coordinates":[[[19.0684062,47.5228124],[19.0678641,47.5223982],[19.0680408,47.5222936],[19.0682192,47.5221892],[19.0687588,47.5226024],[19.0686394,47.5226735],[19.0684062,47.5228124]]]}},
{"type":"Feature","properties":{"id":"way/129389236","leisure":"pitch"},"geometry":{"type":"Polygon","coordinates":[[[19.0770793,47.5238487],[19.0769774,47.5237825],[19.0771949,47.5236298],[19.0772968,47.523696],[19.0770793,47.5238487]]]}},
{"type":"Feature","properties":{"id":"way/1296689915","natural":"scrub"},"geometry":{"type":"Polygon","coordinates":[[[19.062187,47.5169219],[19.0624081,47.5167559],[19.0626392,47.5168339],[19.0629927,47.5164529],[19.0634345,47.5167077],[19.0637064,47.5165838],[19.0638933,47.5166595],[19.0638287,47.516772],[19.0645357,47.5171713],[19.0640091,47.5175607],[19.0635478,47.5173203],[19.06349,47.5173266],[19.0632567,47.5175122],[19.062187,47.5169219]]]}},
{"type":"Feature","properties":{"id":"way/1296689916","natural":"scrub"},"geometry":{"type":"Polygon","coordinates":[[[19.0650235,47.5167758],[19.0646614,47.516609],[19.0643521,47.5163634],[19.0646172,47.5160467],[19.0649707,47.5161408],[19.0650148,47.5162578],[19.0648823,47.5164529],[19.0649944,47.5164988],[19.0651542,47.5163405],[19.0652765,47.5163473],[19.0654023,47.5161408],[19.065596,47.5161247],[19.0655994,47.5158952],[19.0650998,47.5158699],[19.0649401,47.5159525],[19.0648075,47.5159158],[19.0648789,47.5157804],[19.0652731,47.5157322],[19.065396,47.5156315],[19.0662944,47.5159956],[19.0664371,47.5160433],[19.0673341,47.5163955],[19.067026,47.5166412],[19.0661392,47.5162078],[19.0659061,47.5162069],[19.0658792,47.5161914],[19.0657257,47.5163081],[19.0655715,47.5163651],[19.0650235,47.5167758]]]}},
{"type":"Feature","properties":{"id":"way/1296689917","natural":"scrub"},"geometry":{"type":"Polygon","coordinates":[[[19.0643657,47.5162004],[19.0642128,47.516228],[19.0639239,47.5161499],[19.0642026,47.5158493],[19.0636792,47.5156358],[19.0634141,47.5159985],[19.0635161,47.5162509],[19.0634311,47.5163221],[19.0633665,47.516306],[19.0633869,47.5162486],[19.0632646,47.5160352],[19.0635469,47.5156297],[19.0634581,47.5155549],[19.0639155,47.5150255],[19.0649081,47.5154262],[19.064539,47.5157712],[19.0643657,47.5162004]]]}},
{"type":"Feature","properties":{"id":"way/1298980794","landuse":"grass"},"geometry":{"type":"Polygon","coordinates":[[[19.0596066,47.485611],[19.0596254,47.4856045],[19.0596465,47.4856055],[19.0596639,47.4856136],[19.0596727,47.4856266],[19.0596712,47.4856392],[19.0596614,47.48565],[19.0596454,47.4856565],[19.0596267,47.4856574],[19.0596069,47.485651],[19.0595951,47.4856385],[19.059595,47.4856236],[19.0596066,47.485611]]]}},
{"type":"Feature","properties":{"id":"way/129898280","leisure":"pitch","surface":"paving_stones"},"geometry":{"type":"Polygon","coordinates":[[[19.0592491,47.529845],[19.0591653,47.5296584],[19.059714,47.529546],[19.0597978,47.5297327],[19.0592491,47.529845]]]}},
{"type":"Feature","properties":{"id":"way/130102004","leisure":"pitch","surface":"concrete"},"geometry":{"type":"Polygon","coordinates":[[[19.0628535,47.5222412],[19.0627373,47.5219674],[19.0629398,47.5219282],[19.0630559,47.522202],[19.0628535,47.5222412]]]}},
{"type":"Feature","properties":{"id":"way/1303569408","leisure":"park"},"geometry":{"type":"Polygon","coordinates":[[[19.0287508,47.5232425],[19.0287106,47.523253],[19.0286462,47.5231891],[19.0284752,47.5230773],[19.0283263,47.5229962],[19.0279502,47.5228721],[19.0286918,47.5226294],[19.0287521,47.522873],[19.0287508,47.5232425]]]}},
{"type":"Feature","properties":{"id":"way/1311284259","landuse":"grass"},"geometry":{"type":"Polygon","coordinates":[[[19.0629379,47.5229786],[19.0628707,47.5228605],[19.0629585,47.5228241],[19.0630961,47.5229346],[19.0629379,47.5229786]]]}},
{"type":"Feature","properties":{"id":"way/1311285601","landuse":"grass"},"geometry":{"type":"Polygon","coordinates":[[[19.0654815,47.5234161],[19.0653733,47.5233301],[19.0655912,47.5231952],[19.0656963,47.5232861],[19.0654815,47.5234161]]]}},
{"type":"Feature","properties":{"id":"way/1315120561","leisure":"playground"},"geometry":{"type":"Polygon","coordinates":[[[19.0422696,47.5391228],[19.0420997,47.53915],[19.042079,47.5390912],[19.0420344,47.5390983],[19.0419056,47.5387316],[19.0421201,47.5386973],[19.0422696,47.5391228]]]}},
{"type":"Feature","properties":{"id":"way/1316007557","leisure":"park"},"geometry":{"type":"Polygon","coordinates":[[[19.0516043,47.4924246],[19.0519972,47.4925664],[19.051936,47.492657],[19.0517588,47.4925976],[19.0516357,47.4927787],[19.0515842,47.4928545],[19.0517284,47.4929097],[19.0516621,47.4930039],[19.0512299,47.492887],[19.0513927,47.4926859],[19.0516043,47.4924246]]]}},
{"type":"Feature","properties":{"id":"way/1316914433","leisure":"park"},"geometry":{"type":"Polygon","coordinates":[[[19.0320701,47.4954872],[19.0322223,47.4955895],[19.0319567,47.4957271],[19.0319198,47.4957063],[19.0320701,47.4954872]]]}},
{"type":"Feature","properties":{"id":"way/1317938274","leisure":"pitch","surface":"asphalt"},"geometry":{"type":"Polygon","coordinates":[[[19.0400783,47.5386513],[19.0398669,47.5386854],[19.0397856,47.5384556],[19.039997,47.5384215],[19.0400783,47.5386513]]]}},
{"type":"Feature","properties":{"id":"way/1317938300","leisure":"playground"},"geometry":{"type":"Polygon","coordinates":[[[19.0391077,47.5387608],[19.0390638,47.5386253],[19.0393376,47.538585],[19.0393814,47.5387204],[19.0393526,47.5387247],[19.0391077,47.5387608]]]}},
{"type":"Feature","properties":{"id":"way/1317946315","leisure":"park"},"geometry":{"type":"Polygon","coordinates":[[[19.0383571,47.5377455],[19.0383444,47.5374442],[19.0386734,47.5373945],[19.0385818,47.5371353],[19.038747,47.537113],[19.0386493,47.5368371],[19.0388448,47.5367553],[19.0390141,47.5367713],[19.0390072,47.5367973],[19.0390086,47.53683],[19.0388283,47.536802],[19.03879,47.5369998],[19.0395322,47.5370774],[19.0397015,47.5371323],[19.0398152,47.5375202],[19.0383571,47.5377455]]]}},
{"type":"Feature","properties":{"id":"way/1317946316","leisure":"park"},"geometry":{"type":"Polygon","coordinates":[[[19.0398913,47.5378292],[19.0399751,47.5380881],[19.0383343,47.5383524],[19.0383377,47.5380377],[19.0398913,47.5378292]]]}},
{"type":"Feature","properties":{"id":"way/1317946317","leisure":"park"},"geometry":{"type":"Polygon","coordinates":[[[19.0396961,47.5384381],[19.039794,47.5387065],[19.03832,47.5389373],[19.038384,47.5387913],[19.0383703,47.538639],[19.0396961,47.5384381]]]}},
{"type":"Feature","properties":{"id":"way/1317946318","leisure":"park"},"geometry":{"type":"Polygon","coordinates":[[[19.0399403,47.5389648],[19.0398498,47.5387294],[19.0402042,47.5386866],[19.0402625,47.5388456],[19.0402478,47.5388834],[19.0402082,47.5389136],[19.0399403,47.5389648]]]}},
{"type":"Feature","properties":{"id":"way/1317946319","leisure":"park"},"geometry":{"type":"Polygon","coordinates":[[[19.0384723,47.5368699],[19.0383725,47.536884],[19.0383842,47.5369338],[19.0383014,47.5369421],[19.0382988,47.5367061],[19.0384632,47.5367295],[19.0384892,47.5368475],[19.0384723,47.5368699]]]}},
{"type":"Feature","properties":{"id":"way/1317946320","leisure":"park"},"geometry":{"type":"Polygon","coordinates":[[[19.0394464,47.5368198],[19.039432,47.5368836],[19.0390896,47.5368383],[19.0390805,47.5368039],[19.0390831,47.5367784],[19.0394464,47.5368198]]]}},
{"type":"Feature","properties":{"id":"way/1319604118","area":"yes","highway":"pedestrian","name":"Vértanúk tere","surface":"paving_stones"},"geometry":{"type":"Polygon","coordinates":[[[19.0478956,47.5056774],[19.0479281,47.5056392],[19.0479853,47.5053721],[19.0479963,47.5053209],[19.0481882,47.5052858],[19.0483594,47.5053985],[19.0485261,47.5054722],[19.0485896,47.5055003],[19.0486161,47.5055212],[19.0487683,47.5057929],[19.0490558,47.5058859],[19.0490456,47.5059612],[19.0480046,47.5058334],[19.0479668,47.5057781],[19.0478956,47.5056774]]]}},
{"type":"Feature","properties":{"id":"way/1320335688","area":"yes","highway":"pedestrian","name":"Hollán Ernő utca","surface":"paving_stones"},"geometry":{"type":"Polygon","coordinates":[[[19.0490591,47.5130069],[19.0490882,47.5129971],[19.0491332,47.5129819],[19.0491889,47.5129631],[19.0492224,47.5129518],[19.0494431,47.5132571],[19.0495471,47.5134009],[19.0496511,47.5135447],[19.0496794,47.5135838],[19.0497056,47.51362],[19.0497298,47.5136534],[19.049755,47.5136883],[19.0497627,47.513699],[19.0497376,47.5137076],[19.049638,47.5137414],[19.0496098,47.513751],[19.04953,47.513644],[19.0494421,47.5135262],[19.0493698,47.5134291],[19.0493346,47.5133805],[19.0490591,47.5130069]]]}},
{"type":"Feature","properties":{"id":"way/1320343855","landuse":"grass"},"geometry":{"type":"Polygon","coordinates":[[[19.0306069,47.5079147],[19.0314001,47.5078475],[19.0314202,47.5079891],[19.0313251,47.5079963],[19.0307977,47.5080357],[19.0306589,47.5080461],[19.0305949,47.5080508],[19.0305845,47.50797],[19.0305812,47.5079246],[19.0306069,47.5079147]]]}},
{"type":"Feature","properties":{"id":"way/1320346405","landuse":"grass"},"geometry":{"type":"Polygon","coordinates":[[[19.0239163,47.495474],[19.0239159,47.495434],[19.0239429,47.4950911],[19.0241588,47.4951198],[19.0242415,47.4951472],[19.0242851,47.4951718],[19.0243158,47.4952048],[19.0243375,47.4952484],[19.02434,47.495297],[19.0243297,47.4953253],[19.0242944,47.4953596],[19.0242333,47.4953887],[19.0240355,47.495448],[19.0239163,47.495474]]]}},
{"type":"Feature","properties":{"id":"way/1320346538","landuse":"grass"},"geometry":{"type":"Polygon","coordinates":[[[19.0244172,47.495317],[19.0244322,47.4952663],[19.0244208,47.495213],[19.0243937,47.4951721],[19.0243667,47.4951408],[19.0247758,47.495183],[19.0247771,47.4952045],[19.0245591,47.495273],[19.0244172,47.495317]]]}},
{"type":"Feature","properties":{"id":"way/1320403997","landuse":"grass"},"geometry":{"type":"Polygon","coordinates":[[[19.074979,47.490023],[19.0749941,47.4899884],[19.07504,47.4900047],[19.0750233,47.4900337],[19.074979,47.490023]]]}},
{"type":"Feature","properties":{"id":"way/1320403998","landuse":"grass"},"geometry":{"type":"Polygon","coordinates":[[[19.0746766,47.4899598],[19.0746833,47.4899397],[19.0749351,47.4899897],[19.07492,47.4900147],[19.0746766,47.4899598]]]}},
{"type":"Feature","properties":{"id":"way/1320403999","landuse":"grass"},"geometry":{"type":"Polygon","coordinates":[[[19.0746246,47.489905],[19.0746085,47.4899485],[19.0743403,47.4898914],[19.0743691,47.4898511],[19.0746246,47.489905]]]}},
{"type":"Feature","properties":{"id":"way/1320404001","landuse":"grass"},"geometry":{"type":"Polygon","coordinates":[[[19.0747103,47.4898867],[19.0747242,47.4898556],[19.0748231,47.4898604],[19.0750159,47.4899109],[19.0749941,47.4899487],[19.0747103,47.4898867]]]}},
{"type":"Feature","properties":{"id":"way/1320404002","landuse":"grass"},"geometry":{"type":"Polygon","coordinates":[[[19.0744211,47.4898191],[19.0744473,47.4898028],[19.0745549,47.48978],[19.0746558,47.4898438],[19.074641,47.4898715],[19.0744637,47.4898327],[19.0744211,47.4898191]]]}},
{"type":"Feature","properties":{"id":"way/1322159213","leisure":"pitch","surface":"artificial_turf"},"geometry":{"type":"Polygon","coordinates":[[[19.0420595,47.5333723],[19.0419685,47.5332701],[19.0419043,47.5331981],[19.0422933,47.5330401],[19.0424485,47.5332142],[19.0422548,47.5332929],[19.0422508,47.5332919],[19.0422461,47.5332937],[19.0422456,47.5332966],[19.0420595,47.5333723]]]}},
{"type":"Feature","properties":{"id":"way/1322283864","leisure":"park"},"geometry":{"type":"Polygon","coordinates":[[[19.0425899,47.5327446],[19.0426961,47.5328646],[19.0418935,47.5331882],[19.0417874,47.5330682],[19.0425899,47.5327446]]]}},
{"type":"Feature","properties":{"id":"way/1322283865","leisure":"playground"},"geometry":{"type":"Polygon","coordinates":[[[19.0424082,47.5328631],[19.0424661,47.5329261],[19.0422301,47.533025],[19.0421722,47.5329619],[19.0424082,47.5328631]]]}},
{"type":"Feature","properties":{"id":"way/1324953344","area":"yes","highway":"pedestrian","surface":"paving_stones"},"geometry":{"type":"Polygon","coordinates":[[[19.0522634,47.5049299],[19.0522313,47.5049014],[19.0521876,47.5048919],[19.0519905,47.5048718],[19.051996,47.5048457],[19.0520062,47.5047972],[19.0520126,47.5047667],[19.0520323,47.5046723],[19.0522743,47.5046954],[19.0523214,47.5046999],[19.0522977,47.5047937],[19.0522771,47.5048756],[19.0522634,47.5049299]]]}},
{"type":"Feature","properties":{"id":"way/1327520932","leisure":"pitch","surface":"artificial_turf"},"geometry":{"type":"Polygon","coordinates":[[[19.0450241,47.5336974],[19.0452375,47.5339408],[19.0450102,47.5340317],[19.0447967,47.5337883],[19.0450241,47.5336974]]]}},
{"type":"Feature","properties":{"id":"way/1329018400","leisure":"garden","name":"Német József Kert"},"geometry":{"type":"Polygon","coordinates":[[[19.0738561,47.4908723],[19.0737897,47.491021],[19.074442,47.4911614],[19.0744177,47.4912125],[19.0737296,47.4910667],[19.0738257,47.490866],[19.0738561,47.4908723]]]}},
{"type":"Feature","properties":{"id":"way/1330594559","landuse":"grass"},"geometry":{"type":"Polygon","coordinates":[[[19.0288894,47.4944672],[19.0302653,47.4920752],[19.0303945,47.4917447],[19.030408,47.4916494],[19.0304361,47.4912691],[19.0307698,47.4911617],[19.030811,47.4911808],[19.0307333,47.4912764],[19.0306491,47.4913801],[19.0305556,47.4915201],[19.0304359,47.4919994],[19.0289581,47.494483],[19.0288894,47.4944672]]]}},
{"type":"Feature","properties":{"id":"way/1331367795","area":"yes","highway":"pedestrian","name":"Madách Imre út","surface":"paving_stones"},"geometry":{"type":"Polygon","coordinates":[[[19.0579389,47.4981233],[19.0579658,47.4981039],[19.0580077,47.4980739],[19.0582541,47.4982023],[19.0582894,47.4982207],[19.0583482,47.4982513],[19.0583892,47.4982205],[19.058057,47.498047],[19.0580819,47.4980311],[19.0581,47.4980194],[19.0581167,47.4980391],[19.0583243,47.4981145],[19.0583365,47.4981207],[19.0586161,47.4982651],[19.0586582,47.4982868],[19.0586774,47.4982902],[19.0587883,47.498279],[19.0589047,47.4983087],[19.0591179,47.4983631],[19.059101,47.4983743],[19.059029,47.4984263],[19.0589488,47.4984841],[19.058891,47.498521],[19.0588416,47.4984842],[19.058874,47.4984627],[19.0588857,47.498437],[19.05888,47.4984104],[19.058858,47.4983881],[19.0588238,47.4983744],[19.0587842,47.4983719],[19.0587469,47.4983813],[19.0587192,47.4984005],[19.0587065,47.4984259],[19.0587112,47.4984526],[19.0587324,47.4984753],[19.058762,47.4984887],[19.0585773,47.4985986],[19.0585581,47.4985834],[19.0585788,47.4985721],[19.0585399,47.4985425],[19.058501,47.4985129],[19.0584907,47.4985193],[19.0584803,47.4985256],[19.0584548,47.4985036],[19.058549,47.498447],[19.0584674,47.4984019],[19.0583207,47.4983181],[19.0583316,47.4983088],[19.0581908,47.4982476],[19.05818,47.4982556],[19.0581347,47.4982316],[19.058116,47.4982223],[19.0581278,47.4982104],[19.0579389,47.4981233]]]}},
{"type":"Feature","properties":{"id":"way/1331368985","area":"yes","highway":"pedestrian"},"geometry":{"type":"Polygon","coordinates":[[[19.0593263,47.4986776],[19.059375,47.498647],[19.0594378,47.4986076],[19.0595222,47.498666],[19.0595708,47.498634],[19.0598515,47.4988284],[19.0598757,47.4988426],[19.0598636,47.4988513],[19.0598379,47.498867],[19.0598028,47.4988884],[19.0596786,47.4988002],[19.0596254,47.4988344],[19.0595386,47.4987728],[19.0595013,47.4987965],[19.0593263,47.4986776]]]}},
{"type":"Feature","properties":{"id":"way/133592805","leisure":"pitch"},"geometry":{"type":"Polygon","coordinates":[[[19.0585368,47.5266527],[19.0583431,47.5262677],[19.0586191,47.5262044],[19.0588128,47.5265893],[19.0585368,47.5266527]]]}},
{"type":"Feature","properties":{"id":"way/1337188086","landuse":"grass"},"geometry":{"type":"Polygon","coordinates":[[[19.0221233,47.487993],[19.0226528,47.4876473],[19.0226806,47.4876286],[19.0227815,47.4876961],[19.0224352,47.4879061],[19.0224158,47.487943],[19.022215,47.4880572],[19.0221233,47.487993]]]}},
{"type":"Feature","properties":{"id":"way/1337188087","landuse":"grass"},"geometry":{"type":"Polygon","coordinates":[[[19.0218042,47.4882732],[19.0217505,47.4882363],[19.0220886,47.4880156],[19.0221831,47.488083],[19.0220352,47.4881728],[19.0219102,47.4882212],[19.0218683,47.4882308],[19.0218042,47.4882732]]]}},
{"type":"Feature","properties":{"id":"way/1337188094","landuse":"grass"},"geometry":{"type":"Polygon","coordinates":[[[19.0218332,47.4877787],[19.0218116,47.4877647],[19.0218071,47.4877433],[19.0220305,47.4876279],[19.0220513,47.4876408],[19.0218332,47.4877787]]]}},
{"type":"Feature","properties":{"id":"way/133787096","leisure":"pitch","surface":"fine_gravel"},"geometry":{"type":"Polygon","coordinates":[[[19.0506331,47.518072],[19.0509458,47.5179691],[19.0510398,47.5180994],[19.0507271,47.5182023],[19.0506331,47.518072]]]}},
{"type":"Feature","properties":{"id":"way/1339038912","landuse":"orchard"},"geometry":{"type":"Polygon","coordinates":[[[19.0378221,47.493236],[19.0380437,47.4932924],[19.037927,47.4934022],[19.0378864,47.4934255],[19.0378492,47.4934296],[19.0378093,47.4934208],[19.0377845,47.4934006],[19.0377835,47.4933748],[19.0378221,47.493236]]]}},
{"type":"Feature","properties":{"id":"way/1339038915","leisure":"park"},"geometry":{"type":"Polygon","coordinates":[[[19.0351523,47.4950687],[19.0353718,47.4949442],[19.0357286,47.4947734],[19.0358104,47.4947571],[19.0358815,47.4947662],[19.0359338,47.4947698],[19.035978,47.4947571],[19.0363334,47.4945587],[19.0367585,47.4942968],[19.0370683,47.4941237],[19.0372856,47.4940041],[19.0374237,47.4938999],[19.0375163,47.4938564],[19.0377845,47.4937166],[19.0377318,47.4936722],[19.0384301,47.4932572],[19.038513,47.4931983],[19.0384765,47.4929079],[19.038617,47.4928234],[19.0389284,47.4930914],[19.0394153,47.4928569],[19.0397693,47.4926757],[19.0401475,47.4925379],[19.0405592,47.4923839],[19.0408516,47.4922162],[19.0413357,47.4920577],[19.0416013,47.4919607],[19.0418749,47.491871],[19.0412365,47.4916019],[19.0409589,47.4914859],[19.0406115,47.4914098],[19.0399598,47.491282],[19.0397036,47.4912158],[19.039253,47.4910944],[19.0389593,47.4909829],[19.0385983,47.4908231],[19.0385786,47.4907885],[19.0385375,47.4907981],[19.0384731,47.4908176],[19.0384282,47.4908398],[19.0383893,47.4908633],[19.0383752,47.4909268],[19.0383142,47.4909394],[19.0382358,47.4909127],[19.0382874,47.4908565],[19.038327,47.4908121],[19.0382542,47.4907738],[19.0383317,47.4906368],[19.0383793,47.4906164],[19.0386621,47.4906807],[19.0387729,47.4906984],[19.0392691,47.4907419],[19.0399906,47.4907491],[19.0404426,47.4907238],[19.0408717,47.4906875],[19.0414216,47.4906186],[19.0427747,47.490393],[19.0433796,47.4903133],[19.0438785,47.4902951],[19.0439938,47.4902988],[19.0440582,47.4903196],[19.0441051,47.4903513],[19.0441453,47.4903966],[19.0442003,47.49048],[19.044258,47.4905951],[19.0443023,47.4907011],[19.044374,47.4908108],[19.0444437,47.4908606],[19.0445209,47.4909054],[19.0446067,47.4909331],[19.0447207,47.4909494],[19.0447327,47.4909956],[19.0448266,47.4910663],[19.0452182,47.4911161],[19.0448172,47.4918384],[19.0443934,47.4916753],[19.0435123,47.4922616],[19.0433085,47.492325],[19.0432589,47.4925202],[19.0431992,47.4927092],[19.0430107,47.4927102],[19.0429104,47.4927189],[19.0428686,47.492612],[19.042762,47.4925697],[19.0426198,47.4925529],[19.0423476,47.4925592],[19.042249,47.4924319],[19.0425774,47.4923165],[19.0425836,47.492291],[19.0425655,47.4922674],[19.0423496,47.4920885],[19.0423033,47.4920264],[19.0422621,47.4919155],[19.0395927,47.4929006],[19.0389455,47.493211],[19.0391198,47.4932428],[19.03894,47.4933623],[19.0391719,47.4935406],[19.0391712,47.4935655],[19.0386138,47.493886],[19.0384664,47.4939719],[19.0382599,47.4940952],[19.0382693,47.4939493],[19.0378395,47.4942012],[19.0373916,47.4944776],[19.0374707,47.4945388],[19.0373701,47.4945922],[19.0372521,47.4946511],[19.0373112,47.4946923],[19.0360075,47.4955228],[19.0358815,47.4954965],[19.0358251,47.4953923],[19.0356645,47.4953231],[19.0355556,47.4953026],[19.0353075,47.4951886],[19.0351523,47.4950687]]]}},
{"type":"Feature","properties":{"id":"way/1339038916","leisure":"park","name":"Tabáni Szabadidőpark"},"geometry":{"type":"Polygon","coordinates":[[[19.0351523,47.4950687],[19.0349086,47.494862],[19.0352418,47.4946909],[19.0356253,47.4944862],[19.0361886,47.494198],[19.0364259,47.4940657],[19.0365922,47.4939389],[19.0367451,47.4937776],[19.0368564,47.4935827],[19.0369302,47.4934323],[19.0370026,47.4932556],[19.0370415,47.4930291],[19.0370536,47.4928098],[19.0370856,47.4925499],[19.0370703,47.4923925],[19.0372339,47.4921384],[19.0373414,47.4920427],[19.0380019,47.4914092],[19.0382994,47.491131],[19.0385983,47.4908231],[19.0389593,47.4909829],[19.039253,47.4910944],[19.0397036,47.4912158],[19.0399598,47.491282],[19.0406115,47.4914098],[19.0409589,47.4914859],[19.0412365,47.4916019],[19.0418749,47.491871],[19.0416013,47.4919607],[19.0413357,47.4920577],[19.0408516,47.4922162],[19.0405592,47.4923839],[19.0401475,47.4925379],[19.0397693,47.4926757],[19.0394153,47.4928569],[19.0389284,47.4930914],[19.038617,47.4928234],[19.0384765,47.4929079],[19.038513,47.4931983],[19.0384301,47.4932572],[19.0377318,47.4936722],[19.0377845,47.4937166],[19.0375163,47.4938564],[19.0374237,47.4938999],[19.0372856,47.4940041],[19.0370683,47.4941237],[19.0367585,47.4942968],[19.0363334,47.4945587],[19.035978,47.4947571],[19.0359338,47.4947698],[19.0358815,47.4947662],[19.0358104,47.4947571],[19.0357286,47.4947734],[19.0353718,47.4949442],[19.0351523,47.4950687]]]}},
{"type":"Feature","properties":{"id":"way/1339038918","leisure":"park"},"geometry":{"type":"Polygon","coordinates":[[[19.0370856,47.4925499],[19.0370536,47.4928098],[19.0370415,47.4930291],[19.0370026,47.4932556],[19.0369302,47.4934323],[19.0368564,47.4935827],[19.0367451,47.4937776],[19.0365922,47.4939389],[19.0364259,47.4940657],[19.0361886,47.494198],[19.0356253,47.4944862],[19.0352418,47.4946909],[19.0349086,47.494862],[19.0344468,47.4944701],[19.0360443,47.4936104],[19.036213,47.4934578],[19.0363121,47.4933369],[19.0368318,47.4925436],[19.0370856,47.4925499]]]}},
{"type":"Feature","properties":{"id":"way/1339038919","leisure":"park"},"geometry":{"type":"Polygon","coordinates":[[[19.0387757,47.4940128],[19.0391963,47.4943518],[19.0378366,47.4951514],[19.0374253,47.4948094],[19.0381236,47.4943899],[19.0387757,47.4940128]]]}},
{"type":"Feature","properties":{"id":"way/1339247103","landuse":"grass"},"geometry":{"type":"Polygon","coordinates":[[[19.0454683,47.4904478],[19.0454248,47.4904229],[19.0454952,47.4903694],[19.0454643,47.4903459],[19.0456561,47.4902167],[19.0458043,47.4901134],[19.0459163,47.4900446],[19.0460289,47.4899956],[19.046159,47.4899576],[19.0462804,47.4899422],[19.0463736,47.4899413],[19.0464326,47.4899458],[19.0464588,47.4899499],[19.0464594,47.4899567],[19.046385,47.4899567],[19.046322,47.4899644],[19.0462261,47.4899843],[19.0461355,47.4900065],[19.0460376,47.4900486],[19.045931,47.490108],[19.0458975,47.4901307],[19.0457895,47.4902095],[19.0454683,47.4904478]]]}},
{"type":"Feature","properties":{"id":"way/1339249373","landuse":"grass"},"geometry":{"type":"Polygon","coordinates":[[[19.0431348,47.4917899],[19.0427875,47.4919036],[19.0424804,47.4919865],[19.042473,47.4919485],[19.0424857,47.49191],[19.0425152,47.4918687],[19.0425729,47.4918293],[19.0428619,47.4917215],[19.0429008,47.4917106],[19.0429571,47.4917088],[19.0430349,47.4917169],[19.0430906,47.4917346],[19.0431348,47.4917899]]]}},
{"type":"Feature","properties":{"id":"way/1339249374","landuse":"grass"},"geometry":{"type":"Polygon","coordinates":[[[19.0432877,47.492001],[19.043275,47.4920368],[19.0432569,47.4920613],[19.0432327,47.4920776],[19.043045,47.4921673],[19.0428907,47.4922298],[19.0428398,47.4922362],[19.0427828,47.4922353],[19.0427412,47.492223],[19.0427124,47.492209],[19.0425394,47.4920622],[19.0425239,47.4920445],[19.0428317,47.4919548],[19.0431751,47.491837],[19.0432421,47.4919127],[19.0432736,47.4919544],[19.0432823,47.4919752],[19.0432877,47.492001]]]}},
{"type":"Feature","properties":{"id":"way/1347098593","name":"Sziklaröpde","name:en":"Eurasian griffon vulture","natural":"bare_rock"},"geometry":{"type":"Polygon","coordinates":[[[19.0759243,47.5183595],[19.0759476,47.5183607],[19.0759579,47.5183721],[19.0759971,47.518379],[19.0760027,47.5183954],[19.0760891,47.5184569],[19.0761503,47.518485],[19.0759765,47.5185702],[19.0758544,47.5184814],[19.0758356,47.5184026],[19.0758705,47.5183573],[19.0759015,47.5183392],[19.0759243,47.5183595]]]}},
{"type":"Feature","properties":{"id":"way/1348941908","area":"yes","highway":"pedestrian","name":"Vajdahunyad utca","surface":"paving_stones"},"geometry":{"type":"Polygon","coordinates":[[[19.0735749,47.4854449],[19.0735832,47.4855756],[19.073546,47.4855767],[19.073549,47.4856234],[19.073569,47.4856215],[19.0735947,47.4859268],[19.0735396,47.4859286],[19.0734708,47.485933],[19.073398,47.4854558],[19.0734867,47.4854494],[19.0735749,47.4854449]]]}},
{"type":"Feature","properties":{"id":"way/1348950357","area":"yes","highway":"pedestrian","surface":"paving_stones"},"geometry":{"type":"Polygon","coordinates":[[[19.0718418,47.4860036],[19.0712465,47.4860378],[19.071209,47.4860174],[19.071153,47.486004],[19.0710876,47.4860052],[19.0710278,47.4860219],[19.0710021,47.4860403],[19.070987,47.4860511],[19.0709697,47.486089],[19.0709734,47.4861152],[19.0709747,47.4861241],[19.0709779,47.4861463],[19.0709811,47.4861669],[19.0709845,47.4861937],[19.0709871,47.4862193],[19.0709919,47.4862441],[19.070995,47.4862649],[19.0709967,47.4862776],[19.0709994,47.4862968],[19.0710255,47.4863334],[19.0710571,47.4863572],[19.0711171,47.4863769],[19.0711796,47.4863761],[19.0712371,47.4863624],[19.0712683,47.4863409],[19.0712904,47.4863155],[19.0718769,47.4862823],[19.071987,47.4862764],[19.0719944,47.4863316],[19.0719985,47.4863602],[19.0719183,47.4863643],[19.0715919,47.4863827],[19.0715951,47.4864099],[19.0710539,47.4864393],[19.0709652,47.4864331],[19.0708987,47.4864081],[19.0708081,47.4863544],[19.0707582,47.4862957],[19.0707497,47.4862782],[19.070738,47.4862541],[19.0704997,47.4862717],[19.0703775,47.4862807],[19.0703523,47.4862293],[19.0703359,47.4861798],[19.0704289,47.4861702],[19.0707534,47.4861492],[19.0707685,47.4860968],[19.0707706,47.4860897],[19.0708172,47.4860291],[19.0708613,47.4859851],[19.0709449,47.4859437],[19.0710039,47.4859314],[19.0710219,47.4859277],[19.0710566,47.4859205],[19.0714384,47.4858988],[19.0715359,47.485893],[19.0715392,47.4859128],[19.0718786,47.4858926],[19.0719359,47.4858897],[19.0719401,47.4859335],[19.0719478,47.4859982],[19.0718418,47.4860036]]]}},
{"type":"Feature","properties":{"id":"way/1349506256","area":"yes","highway":"pedestrian","surface":"paving_stones"},"geometry":{"type":"Polygon","coordinates":[[[19.0259213,47.5101982],[19.0266244,47.5097456],[19.0271833,47.5093853],[19.0274638,47.5092045],[19.0275525,47.5091317],[19.0276043,47.5091669],[19.0276836,47.509221],[19.0272621,47.5094944],[19.027242,47.5095074],[19.0272259,47.5095179],[19.0262369,47.5101597],[19.0261522,47.5102293],[19.0260762,47.5102918],[19.0260427,47.5102716],[19.0259213,47.5101982]]]}},
{"type":"Feature","properties":{"id":"way/1350763746","leisure":"pitch"},"geometry":{"type":"Polygon","coordinates":[[[19.0362154,47.4912401],[19.0362866,47.4911406],[19.036652,47.4912599],[19.0365808,47.4913595],[19.0362154,47.4912401]]]}},
{"type":"Feature","properties":{"id":"way/1352906095","landuse":"grass"},"geometry":{"type":"Polygon","coordinates":[[[19.0280586,47.4946308],[19.0281362,47.494543],[19.0281708,47.4945487],[19.0282831,47.4946019],[19.0283411,47.4946277],[19.028447,47.4946364],[19.0286076,47.4946153],[19.0286528,47.4946601],[19.0285993,47.4947531],[19.0283934,47.4946749],[19.0281885,47.4946243],[19.0280586,47.4946308]]]}},
{"type":"Feature","properties":{"id":"way/1352906097","natural":"scrub"},"geometry":{"type":"Polygon","coordinates":[[[19.0269533,47.4948588],[19.0270981,47.49494],[19.0271223,47.4949599],[19.0265457,47.4953056],[19.0266746,47.495129],[19.0269533,47.4948588]]]}},
{"type":"Feature","properties":{"id":"way/135473479","leisure":"park","name":"Borbély park"},"geometry":{"type":"Polygon","coordinates":[[[19.0546423,47.512636],[19.0546575,47.5126576],[19.0547461,47.512783],[19.0544728,47.512871],[19.054369,47.512724],[19.0545479,47.5126664],[19.0546423,47.512636]]]}},
{"type":"Feature","properties":{"id":"way/1355133210","area":"yes","highway":"pedestrian"},"geometry":{"type":"Polygon","coordinates":[[[19.052101,47.5029122],[19.0521566,47.5029175],[19.0521828,47.5029197],[19.0521934,47.5029391],[19.0522058,47.5029617],[19.0522081,47.5029958],[19.0521933,47.5030285],[19.0521632,47.5030559],[19.0521238,47.5030742],[19.0520778,47.5030831],[19.0520406,47.503082],[19.05203,47.5030817],[19.0519853,47.50307],[19.0519484,47.5030495],[19.0519231,47.503022],[19.051912,47.5029906],[19.0519162,47.5029584],[19.0519216,47.5029501],[19.0519353,47.5029288],[19.0519701,47.5029021],[19.0520025,47.5029044],[19.0520572,47.5029084],[19.052101,47.5029122]]]}},
{"type":"Feature","properties":{"id":"way/1355133214","leisure":"park"},"geometry":{"type":"Polygon","coordinates":[[[19.051512,47.5032121],[19.0515154,47.5031964],[19.0515802,47.5028955],[19.0515849,47.5028739],[19.0519701,47.5029021],[19.0519353,47.5029288],[19.0519216,47.5029501],[19.0519162,47.5029584],[19.051912,47.5029906],[19.0519231,47.503022],[19.0519484,47.5030495],[19.0519853,47.50307],[19.05203,47.5030817],[19.0520406,47.503082],[19.0520778,47.5030831],[19.0521238,47.5030742],[19.0521632,47.5030559],[19.0521933,47.5030285],[19.0522081,47.5029958],[19.0522058,47.5029617],[19.0521934,47.5029391],[19.0521828,47.5029197],[19.052537,47.5029536],[19.0525345,47.5029662],[19.0524706,47.5032945],[19.0524683,47.503306],[19.0524338,47.5033027],[19.0520381,47.5032651],[19.052022,47.5032635],[19.0520004,47.5032615],[19.0519859,47.50326],[19.0519722,47.5032586],[19.0515383,47.5032148],[19.051512,47.5032121]]]}},
{"type":"Feature","properties":{"id":"way/1357730244","leisure":"park"},"geometry":{"type":"Polygon","coordinates":[[[19.0242559,47.4985437],[19.0241636,47.4979601],[19.0241121,47.4977636],[19.0240355,47.4972675],[19.0243044,47.497259],[19.02439,47.4977452],[19.0243994,47.4980214],[19.0243998,47.4981483],[19.0242926,47.4985431],[19.0242559,47.4985437]]]}},
{"type":"Feature","properties":{"id":"way/1364768038","landuse":"grass"},"geometry":{"type":"Polygon","coordinates":[[[19.0328483,47.5149312],[19.0328536,47.5149186],[19.0329019,47.5148742],[19.0329609,47.5148606],[19.0330387,47.5148624],[19.0330722,47.5148832],[19.0329033,47.5149095],[19.0328483,47.5149312]]]}},
{"type":"Feature","properties":{"id":"way/1365931955","leisure":"park"},"geometry":{"type":"Polygon","coordinates":[[[19.0463862,47.5408818],[19.0463715,47.5405383],[19.0461436,47.5405428],[19.0460667,47.5405443],[19.0460339,47.5405434],[19.0460203,47.5403658],[19.0465471,47.5403467],[19.0465464,47.5403351],[19.0468106,47.54032],[19.0468372,47.540853],[19.0463862,47.5408818]]]}},
{"type":"Feature","properties":{"id":"way/1365935833","area":"yes","highway":"pedestrian"},"geometry":{"type":"Polygon","coordinates":[[[19.0352709,47.5008655],[19.0353879,47.5008855],[19.0353534,47.5009776],[19.0352745,47.5009642],[19.0352365,47.5009577],[19.0352709,47.5008655]]]}},
{"type":"Feature","properties":{"id":"way/1365946617","area":"yes","highway":"pedestrian"},"geometry":{"type":"Polygon","coordinates":[[[19.0668306,47.5319901],[19.0666327,47.5315408],[19.0669278,47.5314824],[19.0671183,47.5319265],[19.066894,47.5319765],[19.0668602,47.5319835],[19.0668306,47.5319901]]]}},
{"type":"Feature","properties":{"id":"way/1365958296","area":"yes","highway":"pedestrian","name":"Károlyi utca","surface":"paving_stones"},"geometry":{"type":"Polygon","coordinates":[[[19.0578352,47.4916876],[19.0577875,47.4916658],[19.0576934,47.4916233],[19.0577625,47.4915645],[19.0578315,47.4915057],[19.058192,47.4911663],[19.0581676,47.4911319],[19.0583232,47.4911557],[19.0583977,47.4911707],[19.0581165,47.4914291],[19.0578352,47.4916876]]]}},
{"type":"Feature","properties":{"id":"way/1365958298","landuse":"grass"},"geometry":{"type":"Polygon","coordinates":[[[19.0583414,47.4916826],[19.0583823,47.4916662],[19.0583917,47.4916758],[19.0584031,47.4916835],[19.0584333,47.4916676],[19.0584453,47.4916812],[19.0584654,47.4917002],[19.0584876,47.4917179],[19.0585171,47.4917351],[19.0585499,47.4917528],[19.0585848,47.4917682],[19.0586002,47.4917741],[19.0585244,47.491847],[19.0584916,47.4918339],[19.0584547,47.4918158],[19.0584178,47.4917963],[19.058383,47.4917723],[19.0583608,47.4917555],[19.05834,47.491736],[19.0583689,47.4917224],[19.0583548,47.4917066],[19.0583414,47.4916826]]]}},
{"type":"Feature","properties":{"id":"way/1365958299","landuse":"grass"},"geometry":{"type":"Polygon","coordinates":[[[19.0585828,47.4918679],[19.0586197,47.4918167],[19.0586659,47.4918257],[19.0587102,47.491833],[19.0587511,47.4918357],[19.058784,47.4918339],[19.0588121,47.4918275],[19.058847,47.4918135],[19.058908,47.4918538],[19.0588946,47.4918611],[19.058857,47.491876],[19.0588188,47.4918855],[19.0587705,47.491891],[19.0587115,47.491891],[19.0586592,47.4918855],[19.058617,47.4918765],[19.0585828,47.4918679]]]}},
{"type":"Feature","properties":{"id":"way/1365958300","landuse":"grass"},"geometry":{"type":"Polygon","coordinates":[[[19.0584923,47.4915833],[19.0585077,47.491524],[19.0585392,47.4915262],[19.058562,47.4915299],[19.0585781,47.4915063],[19.058613,47.491514],[19.0586579,47.4915244],[19.0587135,47.4915416],[19.0587645,47.4915652],[19.0588041,47.4915842],[19.0588497,47.4916141],[19.0588778,47.4916377],[19.0589093,47.4916826],[19.0589301,47.4917251],[19.0589274,47.4917673],[19.0589201,47.4917945],[19.0589006,47.4918198],[19.0588242,47.4917854],[19.0588255,47.4917627],[19.0588195,47.4917396],[19.0588074,47.4917206],[19.058786,47.4916998],[19.0587685,47.4916835],[19.0587484,47.4916667],[19.0587169,47.4916504],[19.0586673,47.4916286],[19.0586237,47.4916119],[19.0585861,47.4916001],[19.0585499,47.4915915],[19.0585244,47.4915879],[19.0584923,47.4915833]]]}},
{"type":"Feature","properties":{"id":"way/1365958301","landuse":"grass"},"geometry":{"type":"Polygon","coordinates":[[[19.0589115,47.4918562],[19.0589647,47.4918874],[19.0589329,47.4919122],[19.058902,47.4919298],[19.0588718,47.4919394],[19.0588108,47.4919498],[19.0587612,47.491953],[19.0587384,47.4919534],[19.0587384,47.491895],[19.0587887,47.4918931],[19.0588303,47.4918873],[19.0588678,47.4918759],[19.0588948,47.4918652],[19.0589115,47.4918562]]]}},
{"type":"Feature","properties":{"id":"way/1365958302","landuse":"grass"},"geometry":{"type":"Polygon","coordinates":[[[19.058907,47.4918221],[19.0589275,47.4917959],[19.0589356,47.4917687],[19.0589383,47.4917234],[19.0589275,47.4917048],[19.0590227,47.4917442],[19.0590308,47.4917343],[19.059065,47.4917275],[19.0591052,47.4916912],[19.0591367,47.4916908],[19.0591573,47.4916987],[19.0589966,47.4918567],[19.058907,47.4918221]]]}},
{"type":"Feature","properties":{"id":"way/1367346653","leisure":"park"},"geometry":{"type":"Polygon","coordinates":[[[19.0311755,47.4972039],[19.0310506,47.4968549],[19.0311374,47.4968435],[19.0312263,47.4969135],[19.0312898,47.4969135],[19.0314952,47.4970823],[19.0311755,47.4972039]]]}},
{"type":"Feature","properties":{"id":"way/136982228","leisure":"pitch","surface":"asphalt"},"geometry":{"type":"Polygon","coordinates":[[[19.0456608,47.5366382],[19.0455882,47.5364886],[19.0456087,47.5364841],[19.046053,47.5363858],[19.0461256,47.5365355],[19.0456608,47.5366382]]]}},
{"type":"Feature","properties":{"id":"way/136982233","leisure":"playground","name":"Máltai játszótér"},"geometry":{"type":"Polygon","coordinates":[[[19.0455356,47.5363261],[19.0453093,47.5359705],[19.0451369,47.5356996],[19.0453272,47.5356385],[19.0454525,47.5356597],[19.0454925,47.5357539],[19.0458435,47.5358887],[19.045922,47.53599],[19.0459825,47.5360901],[19.0455356,47.5363261]]]}},
{"type":"Feature","properties":{"id":"way/1371173675","landuse":"grass"},"geometry":{"type":"Polygon","coordinates":[[[19.0356334,47.490294],[19.0357037,47.4902094],[19.0357517,47.490161],[19.0358147,47.4901838],[19.0357592,47.4903245],[19.0357373,47.4903189],[19.0356334,47.490294]]]}},
{"type":"Feature","properties":{"id":"way/1372007792","leisure":"park"},"geometry":{"type":"Polygon","coordinates":[[[19.022909,47.5090662],[19.0231054,47.5088867],[19.0232162,47.5089491],[19.02366,47.509205],[19.0234449,47.5093752],[19.0231697,47.5092166],[19.022909,47.5090662]]]}},
{"type":"Feature","properties":{"id":"way/1372524862","area":"yes","highway":"pedestrian"},"geometry":{"type":"Polygon","coordinates":[[[19.0450176,47.5059946],[19.0449945,47.5059962],[19.0449715,47.5059979],[19.0449721,47.5058314],[19.045635,47.5057863],[19.0458948,47.5057669],[19.0459559,47.5057623],[19.0461007,47.5066104],[19.0465731,47.5065764],[19.0466561,47.5065761],[19.0467249,47.5070209],[19.0467937,47.5074651],[19.0467276,47.5074798],[19.0462452,47.5075138],[19.0463944,47.5084027],[19.0454027,47.5084786],[19.0453513,47.5082586],[19.0453903,47.5082573],[19.0455175,47.5082473],[19.0457219,47.5082325],[19.0457308,47.5082871],[19.0459285,47.5082724],[19.0459196,47.5082178],[19.0461179,47.5082031],[19.0462471,47.5081935],[19.0462121,47.5079784],[19.0460823,47.507988],[19.0459924,47.5074431],[19.0459841,47.5073928],[19.0460426,47.5073884],[19.046037,47.5073544],[19.0464761,47.5073214],[19.0464856,47.507379],[19.0466892,47.5073636],[19.0466796,47.5073052],[19.0466533,47.5071457],[19.0467264,47.5071419],[19.0466822,47.5068848],[19.0466111,47.5068906],[19.0465752,47.5066727],[19.0463715,47.506688],[19.046381,47.5067457],[19.0463078,47.5067512],[19.0462347,47.5067567],[19.0461615,47.5067622],[19.0460883,47.5067677],[19.0460152,47.5067732],[19.045942,47.5067787],[19.0459364,47.5067448],[19.0458779,47.5067492],[19.0458696,47.5066989],[19.0457794,47.5061524],[19.0459068,47.5061428],[19.0458717,47.5059304],[19.0457443,47.50594],[19.0455446,47.505955],[19.0455356,47.5059004],[19.045438,47.5059078],[19.0453403,47.5059151],[19.0453493,47.5059696],[19.0451445,47.5059851],[19.0450176,47.5059946]]]}},
{"type":"Feature","properties":{"id":"way/1375972346","natural":"scrub"},"geometry":{"type":"Polygon","coordinates":[[[19.0254222,47.5427155],[19.0256663,47.5423525],[19.0259412,47.5420058],[19.0261196,47.5418808],[19.0258192,47.5424114],[19.0256985,47.5428142],[19.025441,47.5427744],[19.0254222,47.5427155]]]}},
{"type":"Feature","properties":{"id":"way/137617150","leisure":"park","name":"Dráva park"},"geometry":{"type":"Polygon","coordinates":[[[19.0603347,47.5253839],[19.0606418,47.5253127],[19.0609268,47.5252461],[19.0612063,47.5251841],[19.0612472,47.5251957],[19.0612803,47.5252126],[19.0614543,47.5255978],[19.0614596,47.5256095],[19.0604459,47.5258431],[19.0604419,47.5258344],[19.0602711,47.5254382],[19.0603009,47.5254101],[19.0603347,47.5253839]]]}},
{"type":"Feature","properties":{"id":"way/1378134805","natural":"scrub"},"geometry":{"type":"Polygon","coordinates":[[[19.0260461,47.5286152],[19.0259922,47.5285847],[19.0259732,47.5285467],[19.0259716,47.5285055],[19.0259835,47.5284446],[19.0260025,47.5283761],[19.02605,47.5283815],[19.0260215,47.5284761],[19.0260184,47.5285392],[19.0260255,47.5285644],[19.0260548,47.5286098],[19.0260461,47.5286152]]]}},
{"type":"Feature","properties":{"id":"way/1378134806","natural":"scrub"},"geometry":{"type":"Polygon","coordinates":[[[19.0262908,47.5274227],[19.0263288,47.5274286],[19.0262615,47.5276714],[19.0261957,47.5278927],[19.0261292,47.5281002],[19.0260659,47.5283109],[19.0260294,47.5283066],[19.026092,47.5280927],[19.0261546,47.527889],[19.0262235,47.527666],[19.0262908,47.5274227]]]}},
{"type":"Feature","properties":{"id":"way/1378663071","natural":"grassland"},"geometry":{"type":"Polygon","coordinates":[[[19.0383139,47.4810325],[19.0383022,47.4810193],[19.03834,47.4810039],[19.0383479,47.4810128],[19.0383178,47.4810251],[19.0383216,47.4810293],[19.0383139,47.4810325]]]}},
{"type":"Feature","properties":{"id":"way/1378663074","leisure":"park","name":"Templomkert"},"geometry":{"type":"Polygon","coordinates":[[[19.0420087,47.478786],[19.042029,47.4787814],[19.0420227,47.4787688],[19.0419955,47.4787143],[19.0420761,47.4786959],[19.0422831,47.4786487],[19.0423637,47.4786303],[19.0423909,47.4786848],[19.042395,47.478693],[19.0424113,47.4786892],[19.0426147,47.4786425],[19.042622,47.4786675],[19.0426082,47.4790149],[19.0426139,47.4790293],[19.0427016,47.4792536],[19.0423239,47.479336],[19.0419875,47.4794112],[19.0419349,47.4793129],[19.0416776,47.478865],[19.0418703,47.4788172],[19.0420087,47.478786]]]}},
{"type":"Feature","properties":{"id":"way/1379857095","landuse":"forest","natural":"tree_group"},"geometry":{"type":"Polygon","coordinates":[[[19.0597048,47.5101708],[19.0596941,47.5102025],[19.0596405,47.5102451],[19.0595976,47.5102559],[19.0595385,47.5102496],[19.0593468,47.5101463],[19.0593508,47.5100947],[19.0593696,47.5100575],[19.059391,47.5100503],[19.0594581,47.5100594],[19.0595198,47.5100893],[19.0596324,47.510111],[19.0596794,47.5101445],[19.0597048,47.5101708]]]}},
{"type":"Feature","properties":{"id":"way/1382866782","landuse":"grass"},"geometry":{"type":"Polygon","coordinates":[[[19.0656548,47.4795173],[19.065638,47.4796693],[19.0656127,47.4796886],[19.0655253,47.4796583],[19.0656548,47.4795173]]]}},
{"type":"Feature","properties":{"id":"way/1383298642","landuse":"grass"},"geometry":{"type":"Polygon","coordinates":[[[19.0532887,47.4920778],[19.0528633,47.4919071],[19.0524299,47.4917392],[19.0525768,47.4917167],[19.0532431,47.4919493],[19.0532924,47.4919765],[19.0533244,47.4920082],[19.0533244,47.4920484],[19.0532887,47.4920778]]]}},
{"type":"Feature","properties":{"id":"way/1386046300","landuse":"grass"},"geometry":{"type":"Polygon","coordinates":[[[19.0671158,47.478305],[19.0665586,47.4790149],[19.0664301,47.4789621],[19.0664048,47.4789526],[19.0663512,47.4789306],[19.0669154,47.4781856],[19.0672525,47.4777556],[19.0674772,47.4773999],[19.0676912,47.4770146],[19.0678272,47.4767472],[19.068012,47.476341],[19.0682944,47.475751],[19.0686023,47.4750967],[19.0686992,47.4748748],[19.0688507,47.474525],[19.0690324,47.4740781],[19.0691559,47.4737535],[19.0693116,47.4732807],[19.069517,47.4725759],[19.0696416,47.4720811],[19.0697189,47.4717424],[19.0697985,47.4713585],[19.069847,47.4710485],[19.069973,47.4701773],[19.0699813,47.4700901],[19.0700413,47.470086],[19.0700354,47.4701754],[19.069916,47.4710515],[19.069867,47.4713634],[19.069798,47.4717528],[19.0697262,47.4720886],[19.0696028,47.4725699],[19.0694372,47.4732875],[19.0693112,47.4737634],[19.0692039,47.4740942],[19.0690228,47.4745629],[19.0688726,47.4748983],[19.0687747,47.4751403],[19.0684716,47.475793],[19.0681887,47.4763604],[19.0679888,47.4767719],[19.0678527,47.4770384],[19.0676562,47.4774431],[19.0674645,47.4778197],[19.0672549,47.4781136],[19.0672452,47.4781416],[19.0671158,47.478305]]]}},
{"type":"Feature","properties":{"id":"way/1386115144","landuse":"meadow","name":"Tabáni rét"},"geometry":{"type":"Polygon","coordinates":[[[19.0385208,47.4918773],[19.0384175,47.4917111],[19.0382847,47.4916019],[19.0385006,47.491296],[19.0384912,47.4912598],[19.0388212,47.491224],[19.0389975,47.4912503],[19.0393925,47.4914347],[19.0395413,47.4915955],[19.0400872,47.4917179],[19.0401851,47.491895],[19.0399477,47.4920178],[19.0394917,47.492112],[19.0391799,47.4920482],[19.0390599,47.4920975],[19.038848,47.4919498],[19.0385208,47.4918773]]]}},
{"type":"Feature","properties":{"id":"way/1386535979","landuse":"grass"},"geometry":{"type":"Polygon","coordinates":[[[19.0625357,47.5044692],[19.0627039,47.5043431],[19.0627521,47.5043691],[19.0625788,47.5044983],[19.0625357,47.5044692]]]}},
{"type":"Feature","properties":{"id":"way/1386535980","landuse":"grass"},"geometry":{"type":"Polygon","coordinates":[[[19.0627921,47.504339],[19.0627495,47.5043141],[19.0631049,47.5040158],[19.0631712,47.5040533],[19.0627921,47.504339]]]}},
{"type":"Feature","properties":{"id":"way/1386535981","landuse":"grass"},"geometry":{"type":"Polygon","coordinates":[[[19.0624135,47.5043867],[19.0625872,47.5042653],[19.0626141,47.5042824],[19.062445,47.504408],[19.0624135,47.5043867]]]}},
{"type":"Feature","properties":{"id":"way/1386535982","landuse":"grass"},"geometry":{"type":"Polygon","coordinates":[[[19.0626253,47.5042367],[19.0629036,47.5040278],[19.062944,47.5040504],[19.0626516,47.5042543],[19.0626253,47.5042367]]]}},
{"type":"Feature","properties":{"id":"way/1386535983","landuse":"grass"},"geometry":{"type":"Polygon","coordinates":[[[19.0629762,47.5040305],[19.0629373,47.5040025],[19.0630019,47.5039542],[19.0630497,47.5039828],[19.0629762,47.5040305]]]}},
{"type":"Feature","properties":{"id":"way/1387993690","landuse":"grass"},"geometry":{"type":"Polygon","coordinates":[[[19.0668842,47.4959065],[19.0669028,47.4958723],[19.0669084,47.4958621],[19.0669821,47.4958766],[19.0669754,47.495892],[19.0669419,47.4958974],[19.0669204,47.4959165],[19.0668842,47.4959065]]]}},
{"type":"Feature","properties":{"id":"way/1387993691","landuse":"grass"},"geometry":{"type":"Polygon","coordinates":[[[19.0668749,47.4959257],[19.066912,47.495934],[19.0669101,47.4959579],[19.0669305,47.4959767],[19.0669208,47.4959914],[19.0668487,47.4959733],[19.0668749,47.4959257]]]}},
{"type":"Feature","properties":{"id":"way/1387993692","landuse":"grass"},"geometry":{"type":"Polygon","coordinates":[[[19.066978,47.4959627],[19.0669925,47.49593],[19.0670453,47.4959407],[19.0670309,47.4959733],[19.066978,47.4959627]]]}},
{"type":"Feature","properties":{"id":"way/1393281687","leisure":"garden","name":"Hopp Ferenc Ázsiai Művészeti Múzeum kert"},"geometry":{"type":"Polygon","coordinates":[[[19.0731616,47.5114779],[19.0730378,47.5113972],[19.072929,47.5113261],[19.0735115,47.5109189],[19.0736268,47.5109942],[19.0737441,47.5110707],[19.0731616,47.5114779]]]}},
{"type":"Feature","properties":{"id":"way/1394002182","landuse":"grass"},"geometry":{"type":"Polygon","coordinates":[[[19.0434305,47.4937501],[19.0434315,47.4936607],[19.0434486,47.4936346],[19.0434949,47.4936212],[19.0435338,47.4936219],[19.0435425,47.4936346],[19.0435378,47.4936518],[19.0434533,47.4937535],[19.0434399,47.4937551],[19.0434305,47.4937501]]]}},
{"type":"Feature","properties":{"id":"way/1394002184","landuse":"grass"},"geometry":{"type":"Polygon","coordinates":[[[19.0433608,47.4934849],[19.0433756,47.4934949],[19.0434047,47.4934982],[19.0434211,47.4935109],[19.0434097,47.4935258],[19.0433864,47.4935221],[19.0433626,47.493511],[19.043353,47.4934977],[19.0433608,47.4934849]]]}},
{"type":"Feature","properties":{"id":"way/1394002185","landuse":"grass"},"geometry":{"type":"Polygon","coordinates":[[[19.0433417,47.4934159],[19.0433435,47.4933974],[19.043366,47.493381],[19.0433901,47.4933744],[19.0433947,47.4933981],[19.0433699,47.4934073],[19.0433549,47.4934187],[19.0433417,47.4934159]]]}},
{"type":"Feature","properties":{"id":"way/1394002187","landuse":"grass"},"geometry":{"type":"Polygon","coordinates":[[[19.0434441,47.493409],[19.0434468,47.4933768],[19.0434848,47.4933891],[19.0435154,47.4934129],[19.0435273,47.4934357],[19.0435268,47.4934636],[19.0435106,47.49349],[19.0434733,47.4935134],[19.0434574,47.4934921],[19.0434809,47.4934753],[19.0434895,47.4934553],[19.0434854,47.4934368],[19.0434695,47.4934199],[19.0434441,47.493409]]]}},
{"type":"Feature","properties":{"id":"way/1394588646","natural":"scrub"},"geometry":{"type":"Polygon","coordinates":[[[19.0295153,47.5264966],[19.029518,47.5264576],[19.0305224,47.5264895],[19.0305197,47.5265285],[19.0295153,47.5264966]]]}},
{"type":"Feature","properties":{"id":"way/1394588647","natural":"scrub"},"geometry":{"type":"Polygon","coordinates":[[[19.0305825,47.5265305],[19.0305852,47.5264915],[19.0309358,47.5265026],[19.0309331,47.5265416],[19.0305825,47.5265305]]]}},
{"type":"Feature","properties":{"id":"way/1396849212","leisure":"park","surface":"grass"},"geometry":{"type":"Polygon","coordinates":[[[19.0613454,47.5306452],[19.0622071,47.5304799],[19.0625185,47.5312279],[19.0616611,47.5313951],[19.0613454,47.5306452]]]}},
{"type":"Feature","properties":{"id":"way/1397210847","landuse":"grass"},"geometry":{"type":"Polygon","coordinates":[[[19.0520431,47.5061295],[19.0520639,47.5061231],[19.0520877,47.5061094],[19.0521022,47.506097],[19.0521154,47.5060972],[19.052123,47.506104],[19.0521045,47.5061207],[19.0520766,47.5061367],[19.0520494,47.5061442],[19.0520429,47.5061379],[19.0520431,47.5061295]]]}},
{"type":"Feature","properties":{"id":"way/139781542","leisure":"park"},"geometry":{"type":"Polygon","coordinates":[[[19.0542046,47.522021],[19.0539817,47.5215896],[19.0542664,47.5215225],[19.0544893,47.521954],[19.0542046,47.522021]]]}},
{"type":"Feature","properties":{"id":"way/139781543","leisure":"park"},"geometry":{"type":"Polygon","coordinates":[[[19.0547724,47.523885],[19.0545953,47.5235485],[19.0546362,47.5235387],[19.054883,47.5234794],[19.05505,47.5237966],[19.0550602,47.523816],[19.0547724,47.523885]]]}},
{"type":"Feature","properties":{"id":"way/139781546","leisure":"playground"},"geometry":{"type":"Polygon","coordinates":[[[19.0535609,47.5198694],[19.0536244,47.5199925],[19.0530351,47.5201314],[19.0529716,47.5200083],[19.0535609,47.5198694]]]}},
{"type":"Feature","properties":{"id":"way/139781548","leisure":"park","name":"Gogol utcai pihenőkert"},"geometry":{"type":"Polygon","coordinates":[[[19.0537897,47.5212169],[19.0535704,47.5207924],[19.0536384,47.5207764],[19.0537862,47.5207416],[19.0538446,47.5207278],[19.0540638,47.5211523],[19.0538669,47.5211987],[19.0537897,47.5212169]]]}},
{"type":"Feature","properties":{"id":"way/141111046","leisure":"playground","name":"Vérhalom téri játszótér"},"geometry":{"type":"Polygon","coordinates":[[[19.0243633,47.5215509],[19.0243362,47.5209645],[19.0244983,47.5209613],[19.0246244,47.5209585],[19.0246846,47.5209576],[19.0249796,47.5207848],[19.0250056,47.5207907],[19.0250384,47.5215366],[19.0250445,47.5216249],[19.0250269,47.5216329],[19.024779,47.5215409],[19.0246218,47.5215447],[19.0245186,47.5215476],[19.0243633,47.5215509]]]}},
{"type":"Feature","properties":{"id":"way/141111047","leisure":"pitch","surface":"acrylic"},"geometry":{"type":"Polygon","coordinates":[[[19.0239884,47.5212963],[19.0239812,47.5210993],[19.0241878,47.5210959],[19.0241941,47.5212715],[19.0241949,47.5212929],[19.0239884,47.5212963]]]}},
{"type":"Feature","properties":{"id":"way/1414487009","leisure":"park","name":"Markusovszky tér"},"geometry":{"type":"Polygon","coordinates":[[[19.0666614,47.4871654],[19.0651465,47.4864033],[19.0656249,47.4859557],[19.065404,47.4858479],[19.0657688,47.4855123],[19.0663377,47.485793],[19.0662162,47.4859114],[19.0661431,47.4859778],[19.0660399,47.4860714],[19.0659278,47.4861752],[19.0667744,47.4865709],[19.0664898,47.4868623],[19.0669022,47.4870576],[19.0666614,47.4871654]]]}},
{"type":"Feature","properties":{"id":"way/1414702906","leisure":"pitch","surface":"sand"},"geometry":{"type":"Polygon","coordinates":[[[19.0698073,47.5231897],[19.069788,47.523203],[19.0697811,47.5232078],[19.0697014,47.5231551],[19.0697351,47.5231318],[19.0698148,47.5231845],[19.0698073,47.5231897]]]}},
{"type":"Feature","properties":{"id":"way/1414702907","leisure":"pitch","surface":"sand"},"geometry":{"type":"Polygon","coordinates":[[[19.070274,47.5234981],[19.0702807,47.5234934],[19.0703566,47.5235436],[19.0703233,47.5235666],[19.0702474,47.5235165],[19.0702547,47.5235114],[19.070274,47.5234981]]]}},
{"type":"Feature","properties":{"id":"way/1421231665","leisure":"playground"},"geometry":{"type":"Polygon","coordinates":[[[19.0456527,47.5285321],[19.0454113,47.5281807],[19.0455862,47.528126],[19.0458276,47.5284773],[19.0456527,47.5285321]]]}},
{"type":"Feature","properties":{"id":"way/1423930949","leisure":"park"},"geometry":{"type":"Polygon","coordinates":[[[19.0341634,47.506548],[19.0340384,47.5064714],[19.0341748,47.5063552],[19.0342913,47.5064319],[19.0341634,47.506548]]]}},
{"type":"Feature","properties":{"id":"way/1427262914","area":"yes","highway":"pedestrian"},"geometry":{"type":"Polygon","coordinates":[[[19.0372842,47.5143916],[19.037306,47.5143157],[19.0373494,47.5141765],[19.0374624,47.5141858],[19.0375734,47.514193],[19.0375174,47.514354],[19.0375875,47.5144466],[19.0375855,47.5144709],[19.0374618,47.5144668],[19.0372762,47.5144761],[19.0372547,47.5144756],[19.0372563,47.5144662],[19.0372842,47.5143916]]]}},
{"type":"Feature","properties":{"id":"way/1427264541","landuse":"grass"},"geometry":{"type":"Polygon","coordinates":[[[19.030577,47.5102995],[19.0307992,47.5100502],[19.0308414,47.5100656],[19.0306213,47.510314],[19.030577,47.5102995]]]}},
{"type":"Feature","properties":{"id":"way/1430222079","landuse":"grass"},"geometry":{"type":"Polygon","coordinates":[[[19.0714985,47.5295597],[19.0715238,47.529578],[19.0708167,47.5300233],[19.0707914,47.5300049],[19.0714985,47.5295597]]]}},
{"type":"Feature","properties":{"id":"way/1431906027","landuse":"forest","name":"Zsebrengeteg"},"geometry":{"type":"Polygon","coordinates":[[[19.0313967,47.507904],[19.0312826,47.5079131],[19.0312776,47.5078847],[19.0313917,47.5078756],[19.0313967,47.507904]]]}},
{"type":"Feature","properties":{"id":"way/1434024168","area":"yes","highway":"pedestrian"},"geometry":{"type":"Polygon","coordinates":[[[19.0421508,47.5424009],[19.0421188,47.5422606],[19.0421102,47.5422231],[19.0422762,47.5421941],[19.0423491,47.5421814],[19.0424368,47.542167],[19.0424442,47.5422045],[19.0424758,47.5423655],[19.042315,47.542383],[19.0421508,47.5424009]]]}},
{"type":"Feature","properties":{"id":"way/1435734940","leisure":"pitch","surface":"cobblestone"},"geometry":{"type":"Polygon","coordinates":[[[19.024668,47.4948489],[19.0247048,47.494661],[19.0248764,47.4946763],[19.0248395,47.4948643],[19.024668,47.4948489]]]}},
{"type":"Feature","properties":{"id":"way/1436196346","landuse":"grass"},"geometry":{"type":"Polygon","coordinates":[[[19.0669252,47.5271521],[19.0668574,47.5269887],[19.0671222,47.5269437],[19.0671891,47.5271014],[19.0670488,47.5271284],[19.0669252,47.5271521]]]}},
{"type":"Feature","properties":{"id":"way/1436196347","landuse":"grass"},"geometry":{"type":"Polygon","coordinates":[[[19.0668917,47.5279306],[19.0667978,47.5279479],[19.0664101,47.5270737],[19.0665206,47.5270524],[19.0665764,47.5271678],[19.0667144,47.5274533],[19.0668752,47.5278021],[19.0668362,47.5278103],[19.0668917,47.5279306]]]}},
{"type":"Feature","properties":{"id":"way/1436196775","leisure":"park"},"geometry":{"type":"Polygon","coordinates":[[[19.0588088,47.5295248],[19.0588185,47.5295227],[19.0585065,47.5288575],[19.0584243,47.5286937],[19.058559,47.528662],[19.0584355,47.528413],[19.058361,47.5284305],[19.058317,47.5283409],[19.0582289,47.5281766],[19.0579989,47.5282328],[19.0578621,47.5279777],[19.0580659,47.5279295],[19.0579653,47.5277276],[19.0584158,47.5276218],[19.0587691,47.5284066],[19.0588868,47.528625],[19.0590305,47.5289659],[19.0592295,47.5294381],[19.0591951,47.5294481],[19.0589737,47.5294922],[19.0588088,47.5295248]]]}},
{"type":"Feature","properties":{"id":"way/1436882555","place":"square"},"geometry":{"type":"Polygon","coordinates":[[[19.0399805,47.4780821],[19.0399985,47.4780768],[19.0400289,47.4780717],[19.0400598,47.4780738],[19.0400884,47.4780851],[19.0401083,47.4781068],[19.0401246,47.4781322],[19.0401235,47.4781486],[19.0401083,47.4781687],[19.040082,47.4781845],[19.040056,47.4781923],[19.0399805,47.4780821]]]}},
{"type":"Feature","properties":{"id":"way/1441819722","area":"yes","highway":"pedestrian"},"geometry":{"type":"Polygon","coordinates":[[[19.01998,47.4907776],[19.0199809,47.4908737],[19.0205367,47.490868],[19.0211448,47.4908617],[19.0217211,47.4908567],[19.0217365,47.4908556],[19.0217362,47.4908276],[19.0217466,47.4906164],[19.0217881,47.4906168],[19.0219114,47.490618],[19.0219375,47.4906183],[19.0219544,47.4906185],[19.0220191,47.4906191],[19.0220097,47.4907235],[19.0223176,47.4907101],[19.0223176,47.4908302],[19.0223165,47.4909169],[19.0221158,47.4909158],[19.0221132,47.4911464],[19.0221829,47.4911468],[19.0221821,47.4912185],[19.0226744,47.4912211],[19.0226752,47.4911494],[19.0230058,47.4911512],[19.0233363,47.4911529],[19.0233355,47.4912246],[19.0233352,47.4912816],[19.0233351,47.491308],[19.0233014,47.4913078],[19.0226525,47.4913077],[19.0219525,47.4913074],[19.0219259,47.4913074],[19.0218609,47.4913059],[19.0218609,47.4912644],[19.021861,47.4910047],[19.021861,47.4909498],[19.0216465,47.4909507],[19.0214388,47.4909498],[19.0214388,47.4909652],[19.0199099,47.4909643],[19.0199126,47.4907785],[19.01998,47.4907776]]]}},
{"type":"Feature","properties":{"id":"way/1441819725","landuse":"grass"},"geometry":{"type":"Polygon","coordinates":[[[19.0219544,47.4906185],[19.0219584,47.490388],[19.0220402,47.4903843],[19.0220375,47.4904153],[19.0220191,47.4906191],[19.0219544,47.4906185]]]}},
{"type":"Feature","properties":{"id":"way/1441819726","landuse":"grass"},"geometry":{"type":"Polygon","coordinates":[[[19.0226519,47.4913893],[19.0226526,47.4912829],[19.0233013,47.4912809],[19.0233018,47.4913846],[19.0226519,47.4913893]]]}},
{"type":"Feature","properties":{"id":"way/1441819727","area":"yes","highway":"pedestrian"},"geometry":{"type":"Polygon","coordinates":[[[19.0235568,47.4904349],[19.023542,47.4901784],[19.0237119,47.4901673],[19.0239956,47.4901397],[19.0239981,47.4901875],[19.0239741,47.490214],[19.023836,47.4902185],[19.0238117,47.490409],[19.0237757,47.4904083],[19.0237746,47.4904364],[19.0235568,47.4904349]]]}},
{"type":"Feature","properties":{"id":"way/1446508586","leisure":"pitch","surface":"tartan"},"geometry":{"type":"Polygon","coordinates":[[[19.0688546,47.5112817],[19.0688819,47.5112592],[19.0689917,47.5111679],[19.0690512,47.5111186],[19.0692244,47.5112036],[19.0691546,47.5112633],[19.0690184,47.5113829],[19.0688546,47.5112817]]]}},
{"type":"Feature","properties":{"id":"way/144653796","leisure":"park","name":"Gárdonyi tér"},"geometry":{"type":"Polygon","coordinates":[[[19.0509884,47.4792814],[19.0510701,47.4792532],[19.051323,47.4791731],[19.0513955,47.4791496],[19.0515076,47.4795247],[19.0515437,47.4796499],[19.0514893,47.4796655],[19.0514106,47.4796894],[19.0512265,47.4795069],[19.051174,47.4794552],[19.0509884,47.4792814]]]}},
{"type":"Feature","properties":{"id":"way/1448000617","leisure":"playground","name":"Édenkert"},"geometry":{"type":"Polygon","coordinates":[[[19.076071,47.5082329],[19.0758774,47.5081392],[19.0760949,47.507906],[19.0762922,47.508003],[19.076071,47.5082329]]]}},
{"type":"Feature","properties":{"id":"way/1448307188","natural":"wood"},"geometry":{"type":"Polygon","coordinates":[[[19.0412802,47.5367965],[19.0412352,47.5366652],[19.0417529,47.5365688],[19.0418019,47.5365756],[19.0418535,47.5365977],[19.0418937,47.5366249],[19.0419004,47.5366448],[19.0418957,47.5366806],[19.0418776,47.5367032],[19.0418428,47.5367182],[19.0417998,47.5367272],[19.0412802,47.5367965]]]}},
{"type":"Feature","properties":{"id":"way/1450201133","leisure":"park"},"geometry":{"type":"Polygon","coordinates":[[[19.0436818,47.5371794],[19.0435721,47.5368949],[19.044188,47.5367119],[19.0444121,47.5370703],[19.0440226,47.5371302],[19.0439666,47.5371388],[19.0436818,47.5371794]]]}},
{"type":"Feature","properties":{"id":"way/1450201134","landuse":"grass"},"geometry":{"type":"Polygon","coordinates":[[[19.0440226,47.5371302],[19.0444121,47.5370703],[19.0444692,47.5370628],[19.0444967,47.5371064],[19.04456,47.5370882],[19.0446686,47.5372606],[19.0446244,47.5372733],[19.044656,47.5373233],[19.0446936,47.5373125],[19.0448364,47.5375392],[19.0448362,47.5375651],[19.0447006,47.5376067],[19.0442055,47.5376914],[19.0440226,47.5371302]]]}},
{"type":"Feature","properties":{"id":"way/1450201135","landuse":"grass"},"geometry":{"type":"Polygon","coordinates":[[[19.0435721,47.5368949],[19.0433794,47.5363116],[19.0436553,47.5362322],[19.0438118,47.5364554],[19.0437262,47.5365066],[19.0437551,47.5366289],[19.0438181,47.5368205],[19.0435721,47.5368949]]]}},
{"type":"Feature","properties":{"id":"way/1450201136","landuse":"grass"},"geometry":{"type":"Polygon","coordinates":[[[19.0443068,47.5384489],[19.0441246,47.5378314],[19.0444376,47.5377829],[19.0446549,47.5383996],[19.0443068,47.5384489]]]}},
{"type":"Feature","properties":{"id":"way/1450877601","landuse":"grass"},"geometry":{"type":"Polygon","coordinates":[[[19.0407325,47.5388708],[19.0401793,47.5370942],[19.0401786,47.5370362],[19.0402016,47.5369791],[19.0402344,47.5369524],[19.0403833,47.5374685],[19.040445,47.5374589],[19.0405154,47.5376794],[19.0404845,47.5376844],[19.0405047,47.5377441],[19.0405576,47.5377355],[19.0409224,47.5388415],[19.0407325,47.5388708]]]}},
{"type":"Feature","properties":{"id":"way/1450877602","landuse":"grass"},"geometry":{"type":"Polygon","coordinates":[[[19.0405892,47.536836],[19.0406549,47.5370674],[19.040506,47.5370932],[19.0405798,47.5373675],[19.0405187,47.5373747],[19.0403719,47.5368704],[19.0405892,47.536836]]]}},
{"type":"Feature","properties":{"id":"way/1450877603","natural":"wood"},"geometry":{"type":"Polygon","coordinates":[[[19.040386,47.5368043],[19.0408426,47.5367229],[19.0409055,47.5367448],[19.0409546,47.5369094],[19.0408782,47.5369211],[19.040838,47.5368091],[19.040799,47.536784],[19.0404444,47.5368446],[19.0403779,47.5368383],[19.0403659,47.5368263],[19.040386,47.5368043]]]}},
{"type":"Feature","properties":{"id":"way/1450877604","leisure":"park"},"geometry":{"type":"Polygon","coordinates":[[[19.0409559,47.5369402],[19.041088,47.5373879],[19.0405858,47.5374576],[19.040557,47.5373752],[19.0406757,47.5373584],[19.0406703,47.5373422],[19.040738,47.537334],[19.0407427,47.5373508],[19.0408339,47.5373385],[19.0407501,47.537056],[19.0408158,47.5370456],[19.0408252,47.537071],[19.0409191,47.5370601],[19.0408916,47.5369501],[19.0409559,47.5369402]]]}},
{"type":"Feature","properties":{"id":"way/1452021277","landuse":"grass"},"geometry":{"type":"Polygon","coordinates":[[[19.0326956,47.4774046],[19.0327095,47.4774304],[19.0325191,47.4774755],[19.032507,47.4774497],[19.0326956,47.4774046]]]}},
{"type":"Feature","properties":{"id":"way/1452638194","leisure":"park"},"geometry":{"type":"Polygon","coordinates":[[[19.034479,47.5133223],[19.0342303,47.5128275],[19.0343272,47.5128055],[19.0344979,47.5131261],[19.0345525,47.5132436],[19.0345714,47.5132842],[19.034479,47.5133223]]]}},
{"type":"Feature","properties":{"id":"way/1453888290","landuse":"grass"},"geometry":{"type":"Polygon","coordinates":[[[19.0505741,47.4939629],[19.0505662,47.4939762],[19.0505522,47.4939869],[19.0505337,47.493994],[19.0505128,47.4939965],[19.0504919,47.4939942],[19.050474,47.4939877],[19.0504601,47.4939778],[19.0504516,47.4939654],[19.050455,47.4939557],[19.0504633,47.493947],[19.0504712,47.4939391],[19.0504697,47.4939243],[19.0504789,47.4939176],[19.0504975,47.4939123],[19.0505187,47.4939113],[19.0505391,47.4939151],[19.0505502,47.4939219],[19.0505532,47.4939307],[19.0505566,47.4939377],[19.0505638,47.4939458],[19.0505738,47.4939525],[19.0505741,47.4939629]]]}},
{"type":"Feature","properties":{"id":"way/1453888291","landuse":"grass"},"geometry":{"type":"Polygon","coordinates":[[[19.0507131,47.4940015],[19.0507138,47.4940109],[19.0507074,47.4940187],[19.0506991,47.4940247],[19.0506893,47.4940271],[19.0506795,47.4940276],[19.050668,47.4940266],[19.0506634,47.4940217],[19.0506634,47.4940156],[19.0506728,47.4940098],[19.0506772,47.4940054],[19.0506796,47.4940013],[19.0506808,47.4939942],[19.0506806,47.4939853],[19.0506841,47.4939813],[19.0506943,47.4939782],[19.0507046,47.4939808],[19.0507094,47.4939917],[19.0507131,47.4940015]]]}},
{"type":"Feature","properties":{"id":"way/1453888292","landuse":"grass"},"geometry":{"type":"Polygon","coordinates":[[[19.0508862,47.4940493],[19.0508886,47.4940549],[19.0508961,47.4940615],[19.0508925,47.494069],[19.0508839,47.4940728],[19.0508717,47.4940722],[19.0508591,47.4940673],[19.050847,47.4940681],[19.0508351,47.4940664],[19.0508247,47.4940622],[19.0508167,47.494056],[19.050812,47.4940484],[19.050811,47.4940402],[19.0508138,47.4940323],[19.0508202,47.4940253],[19.0508295,47.49402],[19.0508408,47.4940169],[19.0508539,47.4940165],[19.0508666,47.4940191],[19.0508771,47.4940244],[19.0508844,47.4940318],[19.0508876,47.4940405],[19.0508862,47.4940493]]]}},
{"type":"Feature","properties":{"id":"way/1453933322","area":"yes","highway":"pedestrian"},"geometry":{"type":"Polygon","coordinates":[[[19.0759661,47.4930776],[19.0760383,47.4929437],[19.0767328,47.4931021],[19.0766904,47.4931821],[19.0762471,47.4930803],[19.0761078,47.4930483],[19.0759661,47.4930776]]]}},
{"type":"Feature","properties":{"id":"way/1453933323","landuse":"grass"},"geometry":{"type":"Polygon","coordinates":[[[19.0759661,47.4930776],[19.0761078,47.4930483],[19.0762471,47.4930803],[19.0762397,47.4930946],[19.0762096,47.4931525],[19.0759542,47.4930991],[19.0759661,47.4930776]]]}},
{"type":"Feature","properties":{"id":"way/1453933325","landuse":"grass"},"geometry":{"type":"Polygon","coordinates":[[[19.0760349,47.4931387],[19.0760143,47.4931809],[19.0761447,47.4932098],[19.0761806,47.4932192],[19.0761998,47.4932233],[19.0761852,47.4932589],[19.0759611,47.4932072],[19.0759989,47.4931295],[19.0760349,47.4931387]]]}},
{"type":"Feature","properties":{"id":"way/1453933326","landuse":"grass"},"geometry":{"type":"Polygon","coordinates":[[[19.0763757,47.4931259],[19.0766218,47.4931789],[19.0765895,47.4932409],[19.0763583,47.493192],[19.0763476,47.4931839],[19.0763679,47.4931419],[19.0763757,47.4931259]]]}},
{"type":"Feature","properties":{"id":"way/1453933328","landuse":"grass"},"geometry":{"type":"Polygon","coordinates":[[[19.0768512,47.4931997],[19.0770926,47.4932487],[19.077118,47.4932613],[19.0771261,47.4932758],[19.077118,47.4932931],[19.0770952,47.493303],[19.0768136,47.4932505],[19.0767975,47.4932342],[19.0768015,47.4932151],[19.0768257,47.4932043],[19.0768512,47.4931997]]]}},
{"type":"Feature","properties":{"id":"way/1453933329","landuse":"grass"},"geometry":{"type":"Polygon","coordinates":[[[19.0771945,47.4933175],[19.0771811,47.4933048],[19.0771811,47.4932894],[19.0771824,47.4932813],[19.0771958,47.4932695],[19.077228,47.4932623],[19.0772682,47.4932713],[19.0773876,47.4933121],[19.077397,47.4933266],[19.077393,47.4933375],[19.0773715,47.4933483],[19.0771945,47.4933175]]]}},
{"type":"Feature","properties":{"id":"way/1453933330","landuse":"grass"},"geometry":{"type":"Polygon","coordinates":[[[19.0774453,47.4933266],[19.0775526,47.4933529],[19.077566,47.493361],[19.0775652,47.4933705],[19.0775566,47.4933773],[19.0775365,47.4933782],[19.077456,47.4933592],[19.0774453,47.4933266]]]}},
{"type":"Feature","properties":{"id":"way/1453933331","landuse":"grass"},"geometry":{"type":"Polygon","coordinates":[[[19.0776089,47.4933932],[19.0776022,47.4933805],[19.0776102,47.4933683],[19.0776536,47.4933724],[19.0777014,47.4933769],[19.0777135,47.4933846],[19.0777115,47.4933922],[19.0777095,47.4934],[19.0776967,47.4934045],[19.0776089,47.4933932]]]}},
{"type":"Feature","properties":{"id":"way/1453933332","landuse":"grass"},"geometry":{"type":"Polygon","coordinates":[[[19.0768216,47.4931467],[19.0768109,47.4931313],[19.0768069,47.4931078],[19.0768284,47.4930887],[19.0768579,47.4930878],[19.0769491,47.493115],[19.0769584,47.4931295],[19.0769544,47.4931458],[19.0769383,47.4931585],[19.0768216,47.4931467]]]}},
{"type":"Feature","properties":{"id":"way/1453933333","landuse":"grass"},"geometry":{"type":"Polygon","coordinates":[[[19.0770094,47.4931639],[19.077,47.4931512],[19.0770073,47.4931326],[19.0770322,47.493125],[19.0772253,47.4931648],[19.0772481,47.4931866],[19.0772428,47.4931984],[19.0772159,47.4932101],[19.0770094,47.4931639]]]}},
{"type":"Feature","properties":{"id":"way/1453933334","landuse":"grass"},"geometry":{"type":"Polygon","coordinates":[[[19.0774345,47.4932401],[19.0774935,47.4932201],[19.0775137,47.4932219],[19.0775284,47.4932274],[19.0775365,47.4932709],[19.0774345,47.4932401]]]}},
{"type":"Feature","properties":{"id":"way/1453933335","landuse":"grass"},"geometry":{"type":"Polygon","coordinates":[[[19.0776075,47.4932772],[19.0775941,47.4932645],[19.0775888,47.4932446],[19.0775928,47.4932292],[19.0776049,47.4932192],[19.077625,47.4932156],[19.0777953,47.4932319],[19.07781,47.4932455],[19.0778151,47.4932667],[19.0778087,47.4932754],[19.077798,47.4932872],[19.0777805,47.4932935],[19.0777537,47.493298],[19.0776075,47.4932772]]]}},
{"type":"Feature","properties":{"id":"way/1453933344","landuse":"grass"},"geometry":{"type":"Polygon","coordinates":[[[19.0769986,47.493069],[19.0768459,47.4929962],[19.0773978,47.4931225],[19.0778244,47.4932126],[19.0775805,47.4931926],[19.077383,47.4931578],[19.0769986,47.493069]]]}},
{"type":"Feature","properties":{"id":"way/1456982260","natural":"wood"},"geometry":{"type":"Polygon","coordinates":[[[19.0450802,47.5368455],[19.0451124,47.536908],[19.0451137,47.5369302],[19.0451077,47.536951],[19.0450882,47.5369618],[19.044942,47.537008],[19.0449078,47.5370067],[19.0448756,47.5370012],[19.0448314,47.5369877],[19.0444693,47.5364381],[19.0444726,47.5364191],[19.0444901,47.5364046],[19.0445176,47.5363982],[19.0445451,47.5363978],[19.0445726,47.5364064],[19.0446027,47.536448],[19.0445363,47.5364689],[19.0448394,47.5369202],[19.0450802,47.5368455]]]}},
{"type":"Feature","properties":{"id":"way/1456983460","landuse":"grass"},"geometry":{"type":"Polygon","coordinates":[[[19.0450002,47.5367312],[19.0450227,47.5367706],[19.045021,47.5367873],[19.0450111,47.5368002],[19.0449948,47.5368082],[19.044969,47.5368147],[19.0449462,47.5368165],[19.0449241,47.5368119],[19.044904,47.5367998],[19.0448822,47.5367638],[19.0450002,47.5367312]]]}},
{"type":"Feature","properties":{"id":"way/1458304361","leisure":"pitch"},"geometry":{"type":"Polygon","coordinates":[[[19.0501291,47.509764],[19.0501999,47.5097561],[19.0502074,47.5097922],[19.0501365,47.5097992],[19.0501291,47.509764]]]}},
{"type":"Feature","properties":{"id":"way/1460144823","leisure":"park"},"geometry":{"type":"Polygon","coordinates":[[[19.0711916,47.5268519],[19.0723671,47.5260743],[19.0729158,47.5264699],[19.0721033,47.527023],[19.0726813,47.5273925],[19.0711916,47.5268519]]]}},
{"type":"Feature","properties":{"id":"way/1460146024","leisure":"pitch"},"geometry":{"type":"Polygon","coordinates":[[[19.0699568,47.5149317],[19.06962,47.5147292],[19.0698047,47.5145892],[19.0701414,47.5147918],[19.0699568,47.5149317]]]}},
{"type":"Feature","properties":{"id":"way/1460162282","leisure":"garden"},"geometry":{"type":"Polygon","coordinates":[[[19.0346492,47.500957],[19.0345048,47.5011059],[19.0343017,47.5010076],[19.0344266,47.500863],[19.0346492,47.500957]]]}},
{"type":"Feature","properties":{"id":"way/1462013128","landuse":"grass"},"geometry":{"type":"Polygon","coordinates":[[[19.0251869,47.5209141],[19.0251902,47.5206995],[19.0255174,47.5206496],[19.0256783,47.520992],[19.0257504,47.5210799],[19.0257749,47.5211097],[19.0259734,47.5212818],[19.0256649,47.5214412],[19.0252036,47.5216549],[19.0251887,47.5212691],[19.0251835,47.5211342],[19.0251869,47.5209141]]]}},
{"type":"Feature","properties":{"id":"way/1462072966","landuse":"grass"},"geometry":{"type":"Polygon","coordinates":[[[19.0506396,47.4963731],[19.0506289,47.49637],[19.0506189,47.4963659],[19.0506115,47.4963559],[19.0506095,47.4963387],[19.0506148,47.4963206],[19.0506279,47.4963075],[19.050649,47.496297],[19.0506873,47.4962939],[19.0507127,47.4962993],[19.0507241,47.4963129],[19.0507248,47.4963292],[19.0507161,47.4963469],[19.0506866,47.4963577],[19.0506604,47.4963652],[19.0506507,47.4963707],[19.0506396,47.4963731]]]}},
{"type":"Feature","properties":{"id":"way/1462072967","landuse":"grass"},"geometry":{"type":"Polygon","coordinates":[[[19.0507764,47.4963695],[19.0507845,47.4963509],[19.0507952,47.4963324],[19.0508147,47.4963124],[19.0508368,47.496297],[19.0508784,47.496268],[19.0509266,47.4962463],[19.0509481,47.4962771],[19.0509628,47.4963079],[19.0509736,47.4963442],[19.0509836,47.4963818],[19.0509897,47.4964175],[19.050991,47.4964538],[19.0509877,47.4964909],[19.0509843,47.4965263],[19.0509488,47.4965258],[19.0509266,47.4965236],[19.0508975,47.4965174],[19.050869,47.4965091],[19.0508797,47.4964869],[19.0508837,47.4964619],[19.0508837,47.4964393],[19.0508743,47.4964166],[19.0508569,47.4963985],[19.0508328,47.4963858],[19.0508066,47.4963759],[19.0507764,47.4963695]]]}},
{"type":"Feature","properties":{"id":"way/1466752623","area":"yes","highway":"pedestrian"},"geometry":{"type":"Polygon","coordinates":[[[19.0522503,47.4957352],[19.0519119,47.4956734],[19.0514541,47.4955899],[19.0515256,47.4955364],[19.051651,47.4954426],[19.0516758,47.4954899],[19.0519537,47.4955522],[19.0521005,47.4955835],[19.0523265,47.4956367],[19.0522895,47.4956846],[19.0522503,47.4957352]]]}},
{"type":"Feature","properties":{"id":"way/1466752624","area":"yes","highway":"pedestrian"},"geometry":{"type":"Polygon","coordinates":[[[19.051038,47.4960702],[19.0509708,47.4960454],[19.0508443,47.4959968],[19.0508814,47.4959971],[19.0509159,47.495989],[19.0509377,47.4959765],[19.0509568,47.4959612],[19.0511934,47.4956961],[19.0512045,47.4956731],[19.0512069,47.495649],[19.0512004,47.4956252],[19.0511855,47.4956032],[19.051163,47.4955844],[19.0513396,47.495587],[19.0513793,47.4955269],[19.0514429,47.4954584],[19.0515235,47.4953716],[19.0516012,47.4952878],[19.0518863,47.4949327],[19.0519922,47.4947866],[19.0521368,47.4945872],[19.0522089,47.494493],[19.0522242,47.494473],[19.0522912,47.4943706],[19.0523849,47.4942246],[19.0524622,47.494088],[19.0525869,47.4938288],[19.0526472,47.4936924],[19.0527902,47.4933982],[19.0528126,47.4933633],[19.0531005,47.4929138],[19.053329,47.4925572],[19.0533357,47.4925466],[19.0533645,47.4925558],[19.0533961,47.4925659],[19.0534362,47.4925808],[19.0532273,47.492871],[19.0532029,47.4929324],[19.0531654,47.4930264],[19.0530939,47.4931601],[19.0530573,47.4932156],[19.0530148,47.493226],[19.052953,47.4932289],[19.0529932,47.4932663],[19.0530273,47.4933054],[19.052978,47.4933846],[19.0529537,47.4934305],[19.0529184,47.4934971],[19.052883,47.4935638],[19.0528507,47.4935895],[19.052777,47.493648],[19.0527011,47.4938033],[19.0526648,47.4938749],[19.0526226,47.4939562],[19.052495,47.4941992],[19.0524331,47.4943007],[19.0523734,47.4943986],[19.0523613,47.4944351],[19.0523653,47.4944577],[19.0523921,47.4944921],[19.0523672,47.4945521],[19.0523356,47.4946281],[19.052307,47.4946324],[19.0521978,47.4947664],[19.0520398,47.4949604],[19.0518864,47.4951488],[19.0517408,47.4953305],[19.051651,47.4954426],[19.0515256,47.4955364],[19.0514541,47.4955899],[19.0512868,47.495783],[19.051038,47.4960702]]]}},
{"type":"Feature","properties":{"id":"way/1466752633","area":"yes","highway":"pedestrian"},"geometry":{"type":"Polygon","coordinates":[[[19.0516281,47.4943523],[19.0515742,47.4943321],[19.0516183,47.4942762],[19.0516463,47.4942354],[19.0518337,47.4943087],[19.0519751,47.4943631],[19.0519633,47.4943801],[19.0522242,47.494473],[19.0522089,47.494493],[19.0521368,47.4945872],[19.052128,47.49456],[19.052103,47.4945371],[19.0516281,47.4943523]]]}},
{"type":"Feature","properties":{"id":"way/1466752634","area":"yes","highway":"pedestrian"},"geometry":{"type":"Polygon","coordinates":[[[19.0523356,47.4946281],[19.0523672,47.4945521],[19.0523921,47.4944921],[19.0528789,47.4946708],[19.053314,47.4948434],[19.0532589,47.4948886],[19.0531894,47.4949456],[19.0529641,47.4948618],[19.0527765,47.4947921],[19.0525748,47.4947171],[19.0523356,47.4946281]]]}},
{"type":"Feature","properties":{"id":"way/1466752635","area":"yes","highway":"pedestrian"},"geometry":{"type":"Polygon","coordinates":[[[19.0535073,47.4962556],[19.0532478,47.4961439],[19.0529506,47.4960163],[19.0526373,47.4958826],[19.0526658,47.4958579],[19.0527754,47.4957629],[19.0527901,47.4957991],[19.0528893,47.4959042],[19.0532649,47.4960977],[19.0535693,47.4961891],[19.0535274,47.4962322],[19.0535073,47.4962556]]]}},
{"type":"Feature","properties":{"id":"way/1466752637","area":"yes","highway":"pedestrian"},"geometry":{"type":"Polygon","coordinates":[[[19.0489549,47.4978426],[19.0488675,47.4978197],[19.0490357,47.4976316],[19.0493443,47.4972161],[19.0493922,47.4971684],[19.0494464,47.4971144],[19.0496209,47.4969433],[19.0498402,47.4967283],[19.0499267,47.4967812],[19.0499926,47.4968275],[19.0497535,47.4970582],[19.0495031,47.497292],[19.049549,47.4973147],[19.0494993,47.497359],[19.0494061,47.4974419],[19.0490388,47.4978783],[19.0489549,47.4978426]]]}},
{"type":"Feature","properties":{"id":"way/1466752644","area":"yes","highway":"pedestrian","surface":"paving_stones"},"geometry":{"type":"Polygon","coordinates":[[[19.0490199,47.5027823],[19.0488547,47.5027688],[19.0488919,47.5026045],[19.0488928,47.5026008],[19.0489847,47.5026113],[19.0493906,47.5026527],[19.0497146,47.5026858],[19.0500415,47.5027192],[19.0504445,47.5027603],[19.0504603,47.5027615],[19.05045,47.5028127],[19.050436,47.5028825],[19.0503609,47.5028766],[19.0501125,47.5028492],[19.0501045,47.5028794],[19.0498458,47.5028527],[19.049833,47.5028514],[19.049837,47.502831],[19.0498129,47.502807],[19.0495782,47.5027839],[19.0495453,47.5028042],[19.0495413,47.5028201],[19.0495314,47.5028191],[19.0490444,47.5027685],[19.0490199,47.5027823]]]}},
{"type":"Feature","properties":{"id":"way/1467526118","area":"yes","highway":"pedestrian","surface":"paving_stones"},"geometry":{"type":"Polygon","coordinates":[[[19.0570171,47.4943772],[19.0571617,47.4944285],[19.057433,47.4945271],[19.0574485,47.4945051],[19.0575074,47.4945264],[19.0574925,47.4945479],[19.0575757,47.4945778],[19.0580306,47.494727],[19.0580747,47.4947177],[19.0580322,47.4947567],[19.0580112,47.494776],[19.0569844,47.4944186],[19.0570004,47.494394],[19.0570171,47.4943772]]]}},
{"type":"Feature","properties":{"id":"way/1467527297","area":"yes","highway":"pedestrian"},"geometry":{"type":"Polygon","coordinates":[[[19.0597821,47.4971427],[19.059926,47.4970658],[19.0599835,47.497035],[19.0601375,47.4971711],[19.0603058,47.4973197],[19.0604253,47.4974309],[19.0603831,47.4974572],[19.0603499,47.497478],[19.0602266,47.4975448],[19.0597821,47.4971427]]]}},
{"type":"Feature","properties":{"id":"way/1467528906","area":"yes","highway":"pedestrian"},"geometry":{"type":"Polygon","coordinates":[[[19.056414,47.5047356],[19.0564647,47.5046959],[19.0564533,47.5046858],[19.0564464,47.5046802],[19.0564825,47.5046523],[19.0564956,47.5046413],[19.0565953,47.5045604],[19.0567243,47.5044522],[19.0567302,47.5044557],[19.0567647,47.5044271],[19.0569436,47.5042789],[19.0569326,47.5042722],[19.0569766,47.5042385],[19.0570184,47.5042122],[19.0572359,47.5040316],[19.0574697,47.5038339],[19.0575402,47.5037841],[19.0576024,47.5037271],[19.0577591,47.5035984],[19.0579215,47.503465],[19.0579942,47.5034298],[19.0580393,47.5034571],[19.0580896,47.5034957],[19.0579677,47.5035927],[19.0578983,47.5036471],[19.0578542,47.5036816],[19.0576878,47.5038111],[19.0576422,47.503854],[19.0575866,47.5039018],[19.0575724,47.5039012],[19.057121,47.5042647],[19.0571219,47.5042744],[19.0570779,47.5043067],[19.0570292,47.5043387],[19.0568137,47.504517],[19.0566236,47.5046735],[19.0564834,47.5047911],[19.0564443,47.5047544],[19.056414,47.5047356]]]}},
{"type":"Feature","properties":{"id":"way/1467592957","landuse":"meadow"},"geometry":{"type":"Polygon","coordinates":[[[19.027082,47.5329525],[19.0271295,47.532648],[19.0276258,47.5327441],[19.027492,47.5330482],[19.027082,47.5329525]]]}},
{"type":"Feature","properties":{"id":"way/1467614308","landuse":"grass"},"geometry":{"type":"Polygon","coordinates":[[[19.053462,47.497561],[19.0536822,47.4975829],[19.0536758,47.4976097],[19.0536154,47.497634],[19.0534489,47.497612],[19.053462,47.497561]]]}},
{"type":"Feature","properties":{"id":"way/1467624417","area":"yes","highway":"pedestrian","surface":"paving_stones"},"geometry":{"type":"Polygon","coordinates":[[[19.054577,47.4925494],[19.0542216,47.4923007],[19.0538602,47.4920478],[19.0538264,47.4920537],[19.053733,47.4921903],[19.0536372,47.4923304],[19.0535993,47.4923142],[19.053564,47.4923009],[19.0536766,47.4921169],[19.0536831,47.4920541],[19.053681,47.4920027],[19.0536423,47.4919419],[19.0537517,47.4919302],[19.0537984,47.4918784],[19.0539498,47.4919374],[19.0542143,47.4921225],[19.0546507,47.4924278],[19.0547652,47.492485],[19.0546306,47.4924964],[19.054577,47.4925494]]]}},
{"type":"Feature","properties":{"id":"way/1467624418","area":"yes","highway":"pedestrian"},"geometry":{"type":"Polygon","coordinates":[[[19.0541256,47.4913172],[19.0541706,47.4912582],[19.0542112,47.491205],[19.0542939,47.4910967],[19.0543676,47.491004],[19.0544395,47.4909136],[19.0547285,47.4905801],[19.05476,47.4905479],[19.0547669,47.490551],[19.0547836,47.4905342],[19.0548009,47.4905169],[19.0547935,47.4905136],[19.0548273,47.4904792],[19.0547263,47.4904411],[19.05475,47.4904019],[19.0547718,47.4903694],[19.0549069,47.4904233],[19.0549933,47.4903306],[19.0550533,47.4902663],[19.0551116,47.4902037],[19.0551295,47.4901837],[19.055213,47.4900904],[19.0552715,47.4900291],[19.0553287,47.4899691],[19.0553943,47.4899073],[19.0554596,47.4898458],[19.0555467,47.4897564],[19.0554982,47.4897307],[19.0555318,47.4896959],[19.0555607,47.4896648],[19.0556269,47.4897009],[19.0558021,47.4895269],[19.05594,47.4893899],[19.0560314,47.4892991],[19.056172,47.4891656],[19.0558289,47.4890412],[19.0555393,47.4889362],[19.055549,47.4889169],[19.0555801,47.4888905],[19.055795,47.4889679],[19.0558812,47.4889989],[19.0560601,47.4890634],[19.0562226,47.4891219],[19.0563027,47.4890396],[19.0563194,47.4890236],[19.0564289,47.4889122],[19.0565436,47.4887904],[19.0565835,47.4887475],[19.0566109,47.488718],[19.0566422,47.4886844],[19.0567328,47.4885869],[19.0567461,47.4885726],[19.0566206,47.4885177],[19.0566501,47.4884831],[19.0566816,47.4884486],[19.0568144,47.488509],[19.057032,47.488267],[19.0571719,47.4881066],[19.0572836,47.4879786],[19.0574206,47.4878296],[19.0574124,47.4877862],[19.0575192,47.4878288],[19.057565,47.4878471],[19.0574398,47.4879802],[19.0573467,47.4880789],[19.0572455,47.4881871],[19.0572748,47.4881987],[19.0572398,47.4882324],[19.0572037,47.4882709],[19.0571773,47.4882604],[19.056915,47.4885395],[19.0568259,47.4886336],[19.0568071,47.4886535],[19.0567581,47.4887053],[19.0567502,47.4887356],[19.0567257,47.4887668],[19.0566691,47.4888048],[19.0565706,47.488905],[19.0564894,47.4889875],[19.0564597,47.4890177],[19.0563867,47.489092],[19.0563487,47.4891306],[19.0562471,47.4892376],[19.0561455,47.4893446],[19.0559906,47.4894974],[19.0558826,47.4896038],[19.0557222,47.489762],[19.0556428,47.4898381],[19.0555179,47.4899633],[19.0553975,47.490084],[19.0553416,47.4901437],[19.0552836,47.4902055],[19.0552664,47.4902238],[19.0551738,47.4903225],[19.0550955,47.4904205],[19.0550763,47.4904445],[19.0550479,47.4904854],[19.0550223,47.4905222],[19.0548918,47.4906679],[19.0548036,47.4907672],[19.0547164,47.4908653],[19.0546691,47.4909185],[19.0546183,47.4909757],[19.0545731,47.4910341],[19.0545009,47.4911274],[19.0544203,47.49123],[19.0543422,47.4913294],[19.0543171,47.49136],[19.0542015,47.4913359],[19.0541256,47.4913172]]]}},
{"type":"Feature","properties":{"id":"way/1467631491","area":"yes","highway":"pedestrian"},"geometry":{"type":"Polygon","coordinates":[[[19.0531654,47.4930264],[19.0532029,47.4929324],[19.0532273,47.492871],[19.053262,47.4928986],[19.0542007,47.4930043],[19.0541874,47.4930582],[19.054171,47.493117],[19.0541567,47.4931282],[19.0539134,47.4930903],[19.0535701,47.4930394],[19.0532394,47.4930023],[19.0531654,47.4930264]]]}},
{"type":"Feature","properties":{"id":"way/1468068039","area":"yes","highway":"pedestrian"},"geometry":{"type":"Polygon","coordinates":[[[19.0722675,47.493731],[19.0723486,47.4935194],[19.0724421,47.4932757],[19.0725123,47.4932953],[19.0725501,47.4933059],[19.0724422,47.4935863],[19.0723903,47.4937349],[19.0723849,47.4937483],[19.0723395,47.4937409],[19.0722675,47.493731]]]}},
{"type":"Feature","properties":{"id":"way/1468068044","landuse":"grass"},"geometry":{"type":"Polygon","coordinates":[[[19.0715264,47.4929526],[19.0715314,47.4929165],[19.0722014,47.4929973],[19.0722553,47.4930034],[19.0724264,47.4930228],[19.0723862,47.4931091],[19.0715264,47.4929526]]]}},
{"type":"Feature","properties":{"id":"way/1468068046","landuse":"grass"},"geometry":{"type":"Polygon","coordinates":[[[19.0713895,47.4928484],[19.0713731,47.4926562],[19.0714324,47.4926324],[19.07155,47.4926959],[19.0715216,47.4928215],[19.0713895,47.4928484]]]}},
{"type":"Feature","properties":{"id":"way/1468068047","landuse":"grass"},"geometry":{"type":"Polygon","coordinates":[[[19.0718887,47.4926504],[19.0719168,47.492531],[19.072623,47.4925761],[19.0725893,47.4926577],[19.0725468,47.4927607],[19.0722575,47.4927122],[19.0720625,47.4926795],[19.0718887,47.4926504]]]}},
{"type":"Feature","properties":{"id":"way/1468068048","landuse":"grass"},"geometry":{"type":"Polygon","coordinates":[[[19.0716065,47.4924796],[19.0716084,47.4924456],[19.0717315,47.4924487],[19.0717296,47.4924828],[19.0716065,47.4924796]]]}},
{"type":"Feature","properties":{"id":"way/1468068049","landuse":"grass"},"geometry":{"type":"Polygon","coordinates":[[[19.0718393,47.4924859],[19.0718406,47.4924524],[19.0718926,47.4924537],[19.0719312,47.4924905],[19.0718393,47.4924859]]]}},
{"type":"Feature","properties":{"id":"way/1468068050","leisure":"playground"},"geometry":{"type":"Polygon","coordinates":[[[19.0720625,47.4926795],[19.0720682,47.4926397],[19.0721023,47.492632],[19.0720913,47.4925962],[19.0721127,47.4925852],[19.0721559,47.4925869],[19.0722148,47.4926152],[19.0722666,47.4926171],[19.0723259,47.4926101],[19.0723343,47.4925867],[19.0723692,47.4925748],[19.0724049,47.4925844],[19.0724459,47.4925948],[19.0724932,47.4925877],[19.0725432,47.4926006],[19.0725379,47.4926585],[19.0724898,47.4926592],[19.072359,47.4926742],[19.0722575,47.4927122],[19.0720625,47.4926795]]]}},
{"type":"Feature","properties":{"id":"way/1468416631","area":"yes","highway":"pedestrian"},"geometry":{"type":"Polygon","coordinates":[[[19.051163,47.4955844],[19.0508073,47.4954473],[19.0508402,47.4954088],[19.0508645,47.4953802],[19.0513008,47.4955364],[19.0513793,47.4955269],[19.0513396,47.495587],[19.051163,47.4955844]]]}},
{"type":"Feature","properties":{"id":"way/1468669725","area":"yes","highway":"pedestrian"},"geometry":{"type":"Polygon","coordinates":[[[19.0775318,47.4908606],[19.07757,47.4908157],[19.0776009,47.4907793],[19.0777293,47.4908306],[19.0779497,47.4908526],[19.0779651,47.4907662],[19.078037,47.4907692],[19.0781164,47.4907723],[19.0781038,47.4908769],[19.0782426,47.491059],[19.0782899,47.4910448],[19.0786918,47.491224],[19.078933,47.4913216],[19.0789975,47.4913524],[19.0790438,47.4913718],[19.0790068,47.4914124],[19.078952,47.4914726],[19.0786479,47.4913363],[19.0784965,47.491276],[19.0784907,47.491285],[19.0783046,47.4912052],[19.0779095,47.4910619],[19.0779296,47.4910385],[19.0778045,47.4909861],[19.0775318,47.4908606]]]}},
{"type":"Feature","properties":{"id":"way/1468685134","area":"yes","highway":"pedestrian"},"geometry":{"type":"Polygon","coordinates":[[[19.0667846,47.4901594],[19.0667944,47.4901149],[19.0668031,47.4900754],[19.0669657,47.4900943],[19.0670394,47.4901028],[19.0671673,47.4901162],[19.0672967,47.4901298],[19.0674192,47.4901426],[19.0675346,47.4901547],[19.0676579,47.4901676],[19.0677739,47.4901798],[19.0677616,47.4902278],[19.0677474,47.4902834],[19.0675694,47.4902605],[19.0675334,47.4902559],[19.0674122,47.4902403],[19.0672864,47.4902241],[19.0671683,47.4902089],[19.0670351,47.4901918],[19.066911,47.4901757],[19.0667846,47.4901594]]]}},
{"type":"Feature","properties":{"id":"way/1468686049","leisure":"playground","name":"Cifra palota játszótér"},"geometry":{"type":"Polygon","coordinates":[[[19.0734738,47.4916016],[19.073764,47.4916576],[19.0737726,47.4916409],[19.0738893,47.491664],[19.0738164,47.4918189],[19.0737087,47.4917968],[19.0736257,47.4917831],[19.0733984,47.4917346],[19.0734391,47.4916629],[19.0734738,47.4916016]]]}},
{"type":"Feature","properties":{"id":"way/1468770810","area":"yes","highway":"pedestrian"},"geometry":{"type":"Polygon","coordinates":[[[19.0695523,47.4962276],[19.0695707,47.4958129],[19.0696691,47.495815],[19.0697382,47.4958164],[19.0697369,47.4958423],[19.0697356,47.4958674],[19.0697339,47.4958995],[19.0697315,47.4959454],[19.069724,47.4960905],[19.0697178,47.4962104],[19.0695523,47.4962276]]]}},
{"type":"Feature","properties":{"id":"way/1469718077","area":"yes","highway":"pedestrian","surface":"paving_stones"},"geometry":{"type":"Polygon","coordinates":[[[19.0472163,47.4978359],[19.0473132,47.497856],[19.0473096,47.4978939],[19.0473186,47.4979348],[19.0473341,47.4979654],[19.0473607,47.4979917],[19.0474015,47.4980163],[19.0475896,47.4980775],[19.047624,47.4980886],[19.0475092,47.4982459],[19.0474742,47.4982343],[19.0472259,47.4981589],[19.0472163,47.4978359]]]}},
{"type":"Feature","properties":{"id":"way/1469952113","leisure":"pitch","surface":"tartan"},"geometry":{"type":"Polygon","coordinates":[[[19.0337642,47.5376912],[19.0333043,47.5376354],[19.033344,47.5374863],[19.0338039,47.5375422],[19.0337642,47.5376912]]]}},
{"type":"Feature","properties":{"id":"way/1469952151","leisure":"pitch","surface":"asphalt"},"geometry":{"type":"Polygon","coordinates":[[[19.0362372,47.5392161],[19.0365421,47.5392484],[19.0365174,47.5393545],[19.0362126,47.5393222],[19.0362372,47.5392161]]]}},
{"type":"Feature","properties":{"id":"way/1472651688","area":"yes","highway":"pedestrian"},"geometry":{"type":"Polygon","coordinates":[[[19.0526911,47.5045041],[19.0534268,47.5045712],[19.0537054,47.504597],[19.0537053,47.5046288],[19.0536964,47.5046834],[19.0532815,47.5046489],[19.0530893,47.5046348],[19.052677,47.5045979],[19.0526851,47.5045382],[19.0526911,47.5045041]]]}},
{"type":"Feature","properties":{"id":"way/1474357957","leisure":"garden"},"geometry":{"type":"Polygon","coordinates":[[[19.0344027,47.4760736],[19.0344064,47.4760785],[19.0342745,47.4761111],[19.0341548,47.4758788],[19.0341959,47.4758679],[19.0342415,47.4759535],[19.0342497,47.4759644],[19.0342377,47.4759673],[19.0342561,47.4760018],[19.0342893,47.4759937],[19.0343144,47.4760408],[19.0343764,47.4760258],[19.0344027,47.4760736]]]}},
{"type":"Feature","properties":{"id":"way/1474357960","leisure":"garden"},"geometry":{"type":"Polygon","coordinates":[[[19.0351273,47.4762478],[19.0351018,47.4761987],[19.0351104,47.4761873],[19.0351041,47.4761728],[19.0350856,47.4761677],[19.0350605,47.4761196],[19.0350703,47.4761173],[19.0350801,47.4761116],[19.0353102,47.4760538],[19.0355824,47.4759856],[19.0355936,47.4759878],[19.0356352,47.4759766],[19.0357091,47.4761025],[19.0357538,47.4760906],[19.035795,47.4761679],[19.0354771,47.4762433],[19.0354634,47.4762277],[19.0355068,47.4762093],[19.0354783,47.4761823],[19.0354133,47.4762099],[19.0353917,47.4762111],[19.0353949,47.4762623],[19.0351046,47.4763334],[19.0350671,47.4762621],[19.0351273,47.4762478]]]}},
{"type":"Feature","properties":{"id":"way/1474357962","landuse":"grass"},"geometry":{"type":"Polygon","coordinates":[[[19.032693,47.4770302],[19.0335751,47.4768306],[19.0335882,47.4768486],[19.0326069,47.4770837],[19.0326028,47.4770801],[19.032693,47.4770302]]]}},
{"type":"Feature","properties":{"id":"way/1474357965","landuse":"grass"},"geometry":{"type":"Polygon","coordinates":[[[19.0336069,47.4768236],[19.0342681,47.4766677],[19.0343032,47.4766713],[19.034303,47.4766773],[19.0336192,47.4768411],[19.0336069,47.4768236]]]}},
{"type":"Feature","properties":{"id":"way/1474357967","landuse":"grass"},"geometry":{"type":"Polygon","coordinates":[[[19.0326675,47.4770187],[19.0325864,47.4770658],[19.0325719,47.4770532],[19.0329435,47.4762323],[19.0329911,47.4762445],[19.0327393,47.4767903],[19.0327195,47.476832],[19.0326357,47.4769972],[19.0326675,47.4770187]]]}},
{"type":"Feature","properties":{"id":"way/1474357968","landuse":"grass"},"geometry":{"type":"Polygon","coordinates":[[[19.0332632,47.4766683],[19.0330712,47.476781],[19.0330504,47.4767574],[19.0330269,47.4767162],[19.0330135,47.4766495],[19.0330262,47.4765915],[19.0330309,47.4765526],[19.0330537,47.4764959],[19.0330712,47.4764664],[19.0331429,47.4764161],[19.033209,47.4764675],[19.0332701,47.4765183],[19.0332605,47.4765257],[19.033241,47.4765618],[19.0332347,47.4766073],[19.033249,47.4766495],[19.0332632,47.4766683]]]}},
{"type":"Feature","properties":{"id":"way/1474357970","landuse":"grass"},"geometry":{"type":"Polygon","coordinates":[[[19.0332737,47.4766885],[19.0332854,47.4766928],[19.0333026,47.4766992],[19.0333213,47.4767002],[19.0333533,47.4766978],[19.0334004,47.4766895],[19.0334634,47.4766804],[19.0335386,47.476781],[19.0332864,47.4768263],[19.0332428,47.4768209],[19.0331241,47.4768091],[19.0330786,47.4767991],[19.0332737,47.4766885]]]}},
{"type":"Feature","properties":{"id":"way/1474357972","landuse":"grass"},"geometry":{"type":"Polygon","coordinates":[[[19.0335795,47.4766251],[19.0338209,47.4766409],[19.0338175,47.4766523],[19.0338021,47.4766672],[19.0337685,47.4766931],[19.0337089,47.4767153],[19.0336304,47.4767397],[19.0335587,47.476757],[19.0334956,47.4766695],[19.0335198,47.4766627],[19.0335486,47.47665],[19.03356,47.4766446],[19.0335701,47.4766364],[19.0335795,47.4766251]]]}},
{"type":"Feature","properties":{"id":"way/1475201921","leisure":"garden"},"geometry":{"type":"Polygon","coordinates":[[[19.0447604,47.47745],[19.0444068,47.4774999],[19.0442654,47.4775187],[19.0442416,47.4774369],[19.04415,47.4774497],[19.0441531,47.4774583],[19.0440965,47.4774659],[19.0441037,47.4774854],[19.0439889,47.4775036],[19.0439856,47.4774916],[19.0440102,47.4774812],[19.0440223,47.4774667],[19.0440233,47.4774495],[19.0440111,47.4774327],[19.0439885,47.4774223],[19.0439649,47.4774203],[19.0439583,47.4774011],[19.0440218,47.4773927],[19.0440041,47.4773411],[19.0440754,47.477331],[19.0440594,47.4772825],[19.044048,47.4772478],[19.0442534,47.4772179],[19.0443503,47.4772718],[19.044376,47.4772476],[19.044401,47.4772566],[19.0445131,47.4772974],[19.0445598,47.4772382],[19.0446526,47.4772328],[19.0446778,47.4772398],[19.0447636,47.4772644],[19.0447394,47.4772985],[19.0447186,47.4772913],[19.0446707,47.4773536],[19.0447785,47.4773936],[19.044742,47.4774435],[19.0447604,47.47745]]]}},
{"type":"Feature","properties":{"id":"way/1475201922","leisure":"garden"},"geometry":{"type":"Polygon","coordinates":[[[19.0454664,47.4776936],[19.0454487,47.4776348],[19.0453762,47.4776435],[19.0453863,47.4776789],[19.0453523,47.4776836],[19.0453599,47.4777087],[19.0452712,47.4777211],[19.0452466,47.4776267],[19.0451582,47.477637],[19.0451493,47.4776126],[19.0451215,47.4776158],[19.0450881,47.4775079],[19.0451303,47.477454],[19.0452343,47.4774902],[19.0453106,47.477394],[19.045445,47.4774426],[19.0454357,47.4774544],[19.0454877,47.4774732],[19.0454953,47.4774636],[19.0456334,47.4775136],[19.0455716,47.4775884],[19.0455464,47.4775853],[19.0455587,47.4776426],[19.0455741,47.4776418],[19.0455863,47.4776779],[19.0454664,47.4776936]]]}},
{"type":"Feature","properties":{"id":"way/1475201924","leisure":"garden"},"geometry":{"type":"Polygon","coordinates":[[[19.0447103,47.4765199],[19.044611,47.4764829],[19.0445935,47.4765052],[19.044472,47.4764637],[19.0444873,47.476443],[19.0443931,47.4764101],[19.0444076,47.4763919],[19.0443703,47.4763792],[19.0443981,47.4763425],[19.0445697,47.4762992],[19.0445858,47.4763254],[19.044643,47.4763121],[19.04463,47.4762836],[19.0447661,47.4762489],[19.0447527,47.4762235],[19.0448031,47.4762133],[19.0448288,47.4762064],[19.0448498,47.4762442],[19.0451376,47.476172],[19.0451572,47.4762075],[19.0452145,47.4761935],[19.0451951,47.4761589],[19.0452928,47.4761347],[19.0454622,47.4760914],[19.045485,47.4761339],[19.0456291,47.4760986],[19.0455491,47.4759495],[19.0456389,47.4759269],[19.0456741,47.475996],[19.0456852,47.475994],[19.0456887,47.4760003],[19.0457019,47.4760074],[19.0457152,47.4760095],[19.0457369,47.4760053],[19.045753,47.4759984],[19.0457607,47.4759867],[19.0457564,47.4759734],[19.0457732,47.4759688],[19.0457918,47.4759987],[19.0460066,47.4759406],[19.0460254,47.4759775],[19.0461108,47.4759537],[19.0460788,47.4758924],[19.0461013,47.4758871],[19.0461098,47.4758974],[19.0461297,47.4759047],[19.046156,47.4759026],[19.0461763,47.4758893],[19.0461807,47.4758778],[19.0461805,47.4758682],[19.0461472,47.4757991],[19.0462167,47.4757819],[19.046249,47.4758437],[19.0463109,47.4758278],[19.0464054,47.4758075],[19.0464539,47.4757964],[19.0464752,47.475794],[19.0465448,47.4757802],[19.0465793,47.475874],[19.0462727,47.4759402],[19.0462951,47.4759904],[19.0457034,47.4761373],[19.0457293,47.4761809],[19.0457868,47.4761662],[19.0458813,47.4763405],[19.0458918,47.4763605],[19.0450826,47.4765587],[19.0449916,47.4763895],[19.0449629,47.476394],[19.0449636,47.4763675],[19.0448657,47.4763638],[19.0448175,47.4764205],[19.0447935,47.4764123],[19.0447103,47.4765199]]]}},
{"type":"Feature","properties":{"id":"way/1475201925","leisure":"garden"},"geometry":{"type":"Polygon","coordinates":[[[19.0464171,47.4752522],[19.0463579,47.4752602],[19.0463772,47.4753229],[19.0462906,47.4753451],[19.0462986,47.4753647],[19.0460517,47.475426],[19.0461068,47.4755223],[19.0463473,47.4754609],[19.046605,47.475406],[19.0466187,47.4754466],[19.0438163,47.4761411],[19.043793,47.4760946],[19.0457852,47.475608],[19.0457324,47.4755092],[19.0452382,47.4756299],[19.0452271,47.4756093],[19.044031,47.4759014],[19.0439447,47.4759225],[19.0439364,47.4759069],[19.0438092,47.4759379],[19.043817,47.4759526],[19.0437286,47.4759742],[19.043742,47.4759992],[19.0434318,47.476077],[19.0433775,47.4759217],[19.0434227,47.4759143],[19.0434025,47.4758477],[19.0438271,47.4757549],[19.0438153,47.4757327],[19.0438804,47.4757165],[19.0438588,47.4756695],[19.0439829,47.4756404],[19.0440149,47.475704],[19.0441593,47.475671],[19.0441745,47.4757014],[19.0442832,47.4756765],[19.0442698,47.4756498],[19.0444758,47.4756026],[19.0444604,47.4755718],[19.044491,47.4755648],[19.0444603,47.4755036],[19.0445474,47.4754832],[19.0445846,47.475551],[19.0446137,47.4755438],[19.0446358,47.4755854],[19.0450832,47.4754878],[19.045068,47.4754593],[19.0450813,47.4754553],[19.0450603,47.4754099],[19.0451146,47.4753986],[19.0451813,47.4753838],[19.0451969,47.4754163],[19.0452661,47.4754011],[19.0452508,47.4753694],[19.0453523,47.475347],[19.0453827,47.4754098],[19.045521,47.4753793],[19.0455017,47.4753393],[19.0456565,47.4753006],[19.0456744,47.4753377],[19.0457437,47.4753225],[19.045749,47.4753336],[19.0458276,47.4753163],[19.0458036,47.4752666],[19.0458461,47.4752571],[19.0458385,47.4752433],[19.0460235,47.4752025],[19.0460036,47.4751613],[19.0463568,47.4750871],[19.0464171,47.4752522]]]}},
{"type":"Feature","properties":{"id":"way/1478671916","natural":"grassland"},"geometry":{"type":"Polygon","coordinates":[[[19.0303796,47.4845864],[19.0301202,47.4842095],[19.0295008,47.4834616],[19.0294924,47.4834157],[19.0294928,47.4833747],[19.0295604,47.4833324],[19.0296045,47.4833878],[19.030289,47.4843869],[19.0304022,47.4845604],[19.0303796,47.4845864]]]}},
{"type":"Feature","properties":{"id":"way/1478671925","landuse":"grass"},"geometry":{"type":"Polygon","coordinates":[[[19.0269558,47.4841847],[19.0269694,47.4842025],[19.0270063,47.4842508],[19.0269661,47.4842637],[19.0269501,47.4842689],[19.0268099,47.4843162],[19.0265841,47.4843967],[19.0264923,47.4844328],[19.0264846,47.4844349],[19.026474,47.4844284],[19.0264755,47.4844229],[19.0267214,47.4842894],[19.026772,47.4842656],[19.0268613,47.4842235],[19.0269558,47.4841847]]]}},
{"type":"Feature","properties":{"id":"way/1478671926","landuse":"grass"},"geometry":{"type":"Polygon","coordinates":[[[19.0280523,47.4838514],[19.0282073,47.4838017],[19.028244,47.4837827],[19.0285357,47.4836892],[19.0285673,47.4837315],[19.0280851,47.4838946],[19.0280523,47.4838514]]]}},
{"type":"Feature","properties":{"id":"way/1478671929","landuse":"grass"},"geometry":{"type":"Polygon","coordinates":[[[19.0273729,47.4841281],[19.0273184,47.4840445],[19.0273724,47.4840173],[19.0274031,47.4840659],[19.0277457,47.4839542],[19.0277657,47.4839479],[19.0279163,47.4839009],[19.0279135,47.483895],[19.0279722,47.4838736],[19.0279708,47.4838482],[19.0279982,47.4838371],[19.0280472,47.4839077],[19.0277959,47.4839898],[19.0273729,47.4841281]]]}},
{"type":"Feature","properties":{"id":"way/1478888045","landuse":"grass"},"geometry":{"type":"Polygon","coordinates":[[[19.0643008,47.5241047],[19.0641174,47.5241149],[19.0643219,47.5239372],[19.0643008,47.5241047]]]}},
{"type":"Feature","properties":{"id":"way/1478888046","landuse":"grass"},"geometry":{"type":"Polygon","coordinates":[[[19.0643772,47.5240051],[19.0643581,47.5239077],[19.0645394,47.5237899],[19.0645429,47.5237988],[19.0643772,47.5240051]]]}},
{"type":"Feature","properties":{"id":"way/1479127512","leisure":"garden"},"geometry":{"type":"Polygon","coordinates":[[[19.0544756,47.5033361],[19.0544614,47.5030502],[19.0545578,47.503048],[19.054572,47.5033339],[19.0544756,47.5033361]]]}},
{"type":"Feature","properties":{"id":"way/1483018642","landuse":"grass"},"geometry":{"type":"Polygon","coordinates":[[[19.0254531,47.4899866],[19.0255595,47.490087],[19.0255076,47.4901018],[19.0253905,47.4901034],[19.025338,47.4900942],[19.0253072,47.4900006],[19.0254531,47.4899866]]]}},
{"type":"Feature","properties":{"id":"way/1483018643","landuse":"grass"},"geometry":{"type":"Polygon","coordinates":[[[19.0250389,47.4900269],[19.0253072,47.4900006],[19.025338,47.4900942],[19.0252259,47.490133],[19.0250557,47.4901196],[19.0250389,47.4900269]]]}},
{"type":"Feature","properties":{"id":"way/1483467072","leisure":"park"},"geometry":{"type":"Polygon","coordinates":[[[19.0546661,47.4818239],[19.0545981,47.4818815],[19.0543899,47.4817719],[19.0543609,47.4817962],[19.0542075,47.4819246],[19.0547041,47.4821815],[19.0551658,47.4824242],[19.0553488,47.4822715],[19.0551717,47.4821813],[19.0555804,47.4818141],[19.0556943,47.481874],[19.0556782,47.4818882],[19.0556687,47.4819082],[19.0556679,47.4819277],[19.0556762,47.4819491],[19.0556908,47.4819654],[19.055727,47.4819852],[19.0549975,47.4826228],[19.054848,47.4827505],[19.0547967,47.48259],[19.0547379,47.4825522],[19.0547353,47.4825709],[19.0547293,47.4825872],[19.0547245,47.4826022],[19.0547142,47.4825892],[19.0546991,47.4825776],[19.0546803,47.4825686],[19.0546592,47.4825635],[19.0546243,47.4825622],[19.0546193,47.4825663],[19.05461,47.482558],[19.0546336,47.4825061],[19.0546115,47.4824975],[19.0546526,47.4824503],[19.0546184,47.4824334],[19.0545837,47.4824168],[19.0545374,47.4824543],[19.0544589,47.4824475],[19.0544321,47.4824448],[19.0543718,47.4824394],[19.0543342,47.4824416],[19.0543161,47.4824824],[19.0543037,47.4824902],[19.0542932,47.4824903],[19.054291,47.4824362],[19.0541621,47.482435],[19.0541584,47.482486],[19.0540847,47.4824852],[19.0540849,47.4825171],[19.0539859,47.4825166],[19.0539531,47.4824557],[19.0539426,47.4819983],[19.0539603,47.481996],[19.0539676,47.4819893],[19.0539674,47.4819739],[19.0540336,47.4819735],[19.0540324,47.4818608],[19.0540324,47.4818578],[19.0539678,47.4818581],[19.0539678,47.4818497],[19.0539601,47.4818433],[19.0539523,47.4818409],[19.0539428,47.48184],[19.0539451,47.4812993],[19.0539479,47.4808892],[19.0539439,47.4805729],[19.0539431,47.480553],[19.0548218,47.4804244],[19.0548157,47.4802037],[19.054809,47.4799642],[19.0548074,47.479906],[19.0554823,47.4798853],[19.0555384,47.4798914],[19.0559721,47.4799387],[19.0558488,47.4800496],[19.0559167,47.4800841],[19.0561991,47.4802277],[19.0561945,47.4802318],[19.0562884,47.4802796],[19.0564005,47.4803188],[19.0568243,47.4805375],[19.0568156,47.4805452],[19.0571243,47.4807045],[19.0571536,47.4807248],[19.057098,47.4807744],[19.0570807,47.4807633],[19.0570625,47.4807616],[19.0570413,47.4807627],[19.0570249,47.4807678],[19.0570115,47.4807747],[19.0569989,47.4807869],[19.0569921,47.4807985],[19.0569917,47.4808108],[19.0569977,47.4808207],[19.0570052,47.4808286],[19.0570234,47.4808396],[19.0568512,47.4809899],[19.056334,47.4814457],[19.0562983,47.4814309],[19.0562775,47.4814272],[19.0562545,47.4814267],[19.0562284,47.4814296],[19.056205,47.4814358],[19.0561754,47.4814612],[19.0560548,47.4813978],[19.056049,47.4813942],[19.0564764,47.4810368],[19.0566521,47.4811266],[19.0568268,47.4809777],[19.0563176,47.4807107],[19.055897,47.4804901],[19.0558418,47.4804612],[19.0556638,47.4806135],[19.0559147,47.4807377],[19.0554647,47.4811352],[19.0551938,47.4809983],[19.0552251,47.4809729],[19.0549311,47.4808196],[19.0547681,47.4807361],[19.0548091,47.4807006],[19.0548069,47.4806835],[19.0546391,47.4805967],[19.0546025,47.4806058],[19.0544542,47.4807394],[19.0544277,47.4807248],[19.0543719,47.4807711],[19.0543253,47.4807485],[19.0543394,47.480736],[19.0541857,47.4806594],[19.0541562,47.4806497],[19.054129,47.4806466],[19.0541034,47.4806481],[19.0540789,47.4806538],[19.0540585,47.4806627],[19.0540416,47.4806744],[19.0540289,47.4806886],[19.0540216,47.4807042],[19.0540196,47.4807195],[19.0540232,47.4807365],[19.0540326,47.4807523],[19.0542111,47.4808467],[19.0542613,47.4808729],[19.0542177,47.480911],[19.0542431,47.4809243],[19.0540992,47.48105],[19.05407,47.4810956],[19.0540902,47.4811482],[19.054153,47.4811793],[19.0542287,47.4811794],[19.0542939,47.481157],[19.0544433,47.4810271],[19.0544665,47.481039],[19.054516,47.4809961],[19.0545556,47.4810163],[19.0546573,47.4810644],[19.0545536,47.4811552],[19.0545177,47.4811872],[19.0544569,47.4812429],[19.0544942,47.4812616],[19.0547702,47.4814005],[19.0549863,47.4815127],[19.0550051,47.4815233],[19.0546884,47.4818042],[19.0546661,47.4818239]]]}},
{"type":"Feature","properties":{"id":"way/1486266299","leisure":"park"},"geometry":{"type":"Polygon","coordinates":[[[19.0747842,47.5168167],[19.0748499,47.5167505],[19.0749264,47.5166908],[19.0749975,47.5166409],[19.0751155,47.5166192],[19.0751275,47.5166573],[19.0751557,47.5167995],[19.0750551,47.5168117],[19.0748989,47.5168321],[19.074805,47.5168284],[19.0747842,47.5168167]]]}},
{"type":"Feature","properties":{"id":"way/1486266301","leisure":"park"},"geometry":{"type":"Polygon","coordinates":[[[19.0741727,47.5173248],[19.0741405,47.5172768],[19.0741982,47.5172478],[19.0742692,47.5172152],[19.0743296,47.5172089],[19.0744208,47.5172768],[19.0745066,47.5173402],[19.0746059,47.5173755],[19.0745415,47.5173828],[19.0743537,47.5174009],[19.0742142,47.517438],[19.0741727,47.5173248]]]}},
{"type":"Feature","properties":{"id":"way/1486508475","leisure":"park","name":"Sziklakert","name:en":"Rock garden"},"geometry":{"type":"Polygon","coordinates":[[[19.0756184,47.518697],[19.0754092,47.5186082],[19.0752429,47.5184597],[19.0753287,47.5183691],[19.0753663,47.5183419],[19.0754628,47.5183908],[19.0756988,47.5186154],[19.0756184,47.518697]]]}},
{"type":"Feature","properties":{"id":"way/1488361399","landuse":"grass"},"geometry":{"type":"Polygon","coordinates":[[[19.0353024,47.498659],[19.035344,47.498642],[19.0353802,47.4986918],[19.0354194,47.4986784],[19.0354599,47.4986795],[19.0354675,47.4986907],[19.0354362,47.4987113],[19.0353436,47.4987513],[19.0353179,47.4986757],[19.0353024,47.498659]]]}},
{"type":"Feature","properties":{"id":"way/1490530981","landuse":"grass"},"geometry":{"type":"Polygon","coordinates":[[[19.0448545,47.4902496],[19.0448645,47.4902267],[19.0449678,47.4902403],[19.0450791,47.4902503],[19.0452451,47.4902451],[19.0452494,47.4902544],[19.0451415,47.4903298],[19.0451096,47.4903364],[19.0450737,47.4903284],[19.0450281,47.4903572],[19.0449876,47.490313],[19.0449456,47.4902824],[19.0448545,47.4902496]]]}},
{"type":"Feature","properties":{"id":"way/1490673347","landuse":"grass"},"geometry":{"type":"Polygon","coordinates":[[[19.0456686,47.5409812],[19.0460312,47.5409699],[19.0460375,47.5410732],[19.0460351,47.5410827],[19.0460314,47.5410903],[19.0460176,47.5410936],[19.0456773,47.5411046],[19.0456686,47.5409812]]]}},
{"type":"Feature","properties":{"id":"way/1490673349","landuse":"grass"},"geometry":{"type":"Polygon","coordinates":[[[19.044554,47.5429655],[19.0447208,47.5429461],[19.0446832,47.5431362],[19.0445993,47.5431474],[19.044554,47.5429655]]]}},
{"type":"Feature","properties":{"id":"way/1491511276","landuse":"forest","name":"Tabáni Miyawaki-erdő"},"geometry":{"type":"Polygon","coordinates":[[[19.0405541,47.4922834],[19.0405314,47.4922867],[19.0405084,47.4922828],[19.0404978,47.4922748],[19.0404885,47.4922581],[19.0404921,47.4922372],[19.0405049,47.4922232],[19.0405371,47.4922166],[19.0405587,47.492222],[19.0405715,47.4922324],[19.0405808,47.4922494],[19.0405817,47.4922619],[19.0405751,47.4922739],[19.0405541,47.4922834]]]}},
{"type":"Feature","properties":{"id":"way/1491526968","landuse":"forest","name":"Boráros téri Miyawaki-erdő","natural":"scrub"},"geometry":{"type":"Polygon","coordinates":[[[19.0670621,47.480896],[19.0671185,47.4809572],[19.0670477,47.4810136],[19.0669508,47.4809826],[19.0670621,47.480896]]]}},
{"type":"Feature","properties":{"id":"way/1491554931","landuse":"forest","name":"Zsigmond-téri Miyawaki-erdő"},"geometry":{"type":"Polygon","coordinates":[[[19.0366857,47.5243031],[19.0366747,47.5243092],[19.0366608,47.5243114],[19.0366468,47.5243094],[19.0366356,47.5243035],[19.0366292,47.5242948],[19.0366291,47.5242852],[19.0366351,47.5242765],[19.0366461,47.5242704],[19.03666,47.5242681],[19.036674,47.5242701],[19.0366853,47.5242761],[19.0366916,47.5242847],[19.0366918,47.5242943],[19.0366857,47.5243031]]]}},
{"type":"Feature","properties":{"id":"way/1492271893","landuse":"grass"},"geometry":{"type":"Polygon","coordinates":[[[19.0275547,47.5067364],[19.0275395,47.506697],[19.0276162,47.5066775],[19.0276136,47.5066845],[19.0275547,47.5067364]]]}},
{"type":"Feature","properties":{"id":"way/1494755305","landuse":"grass"},"geometry":{"type":"Polygon","coordinates":[[[19.0267845,47.4898969],[19.0269685,47.4898835],[19.0269747,47.4899219],[19.0267906,47.4899353],[19.0267845,47.4898969]]]}},
{"type":"Feature","properties":{"id":"way/1494755306","landuse":"grass"},"geometry":{"type":"Polygon","coordinates":[[[19.0267066,47.4899025],[19.0267127,47.4899409],[19.0265216,47.4899548],[19.0265155,47.4899164],[19.0267066,47.4899025]]]}},
{"type":"Feature","properties":{"id":"way/1497327778","leisure":"pitch"},"geometry":{"type":"Polygon","coordinates":[[[19.0284536,47.4790202],[19.0283718,47.4788655],[19.0288248,47.478756],[19.0289067,47.4789107],[19.0284536,47.4790202]]]}},
{"type":"Feature","properties":{"id":"way/1497471336","landuse":"grass"},"geometry":{"type":"Polygon","coordinates":[[[19.0483468,47.4866189],[19.0483923,47.4866949],[19.0483379,47.4867058],[19.0482945,47.4866332],[19.0483468,47.4866189]]]}},
{"type":"Feature","properties":{"id":"way/1497471337","landuse":"grass"},"geometry":{"type":"Polygon","coordinates":[[[19.0481998,47.4867334],[19.0481603,47.4866672],[19.0482197,47.486651],[19.0482616,47.486721],[19.0481998,47.4867334]]]}},
{"type":"Feature","properties":{"id":"way/1498073283","leisure":"park","name":"Citadella park"},"geometry":{"type":"Polygon","coordinates":[[[19.0474726,47.4868533],[19.0474835,47.4868764],[19.0474944,47.4868995],[19.0479187,47.4868413],[19.047913,47.4868783],[19.0478976,47.486914],[19.047873,47.4869473],[19.04784,47.4869771],[19.0477998,47.4870024],[19.0477161,47.486931],[19.0474361,47.4870723],[19.0470108,47.487149],[19.0470524,47.4872646],[19.0469313,47.4873258],[19.0467838,47.4873031],[19.0467646,47.4871844],[19.0462602,47.4872215],[19.0462498,47.4871512],[19.0460824,47.4871264],[19.045964,47.4871091],[19.045929,47.4871045],[19.0459195,47.4870067],[19.0459108,47.4869175],[19.0461188,47.4868724],[19.0461265,47.4868098],[19.0464846,47.4868299],[19.0464982,47.4867136],[19.0466399,47.4866837],[19.0467902,47.4866889],[19.0468455,47.486809],[19.0472835,47.4867071],[19.047616,47.4867198],[19.047621,47.4866308],[19.0476757,47.4866352],[19.0477283,47.4866463],[19.0477772,47.4866634],[19.0478207,47.4866862],[19.0478575,47.4867139],[19.0474726,47.4868533]]]}},
{"type":"Feature","properties":{"id":"way/1499982888","landuse":"grass"},"geometry":{"type":"Polygon","coordinates":[[[19.0563403,47.4968169],[19.0564879,47.4967483],[19.0566793,47.4969315],[19.0565315,47.4970017],[19.0563403,47.4968169]]]}},
{"type":"Feature","properties":{"id":"way/15004290","leisure":"park","name":"Vérmező"},"geometry":{"type":"Polygon","coordinates":[[[19.0244382,47.5043232],[19.0244056,47.5043027],[19.0243687,47.5041401],[19.0243345,47.5039023],[19.0242683,47.5034981],[19.0244767,47.5024206],[19.0245344,47.5019685],[19.0246104,47.5017902],[19.0248786,47.5014291],[19.0256085,47.5009274],[19.02547,47.5008112],[19.0260953,47.5003226],[19.0279608,47.4990366],[19.0293584,47.4983259],[19.0295048,47.4983751],[19.0296358,47.498275],[19.030891,47.4990768],[19.0267863,47.5022109],[19.0261733,47.5028633],[19.026021,47.5030257],[19.0258869,47.5031617],[19.0258171,47.5031834],[19.0255511,47.5034395],[19.0253109,47.503722],[19.025329,47.5037701],[19.0250359,47.5041025],[19.0249962,47.5041088],[19.0247648,47.5043539],[19.0246899,47.5043612],[19.0246189,47.5043603],[19.0244382,47.5043232]]]}},
{"type":"Feature","properties":{"id":"way/1504443849","leisure":"pitch"},"geometry":{"type":"Polygon","coordinates":[[[19.0379495,47.5017481],[19.0380658,47.5015524],[19.0381926,47.5015868],[19.0380762,47.5017825],[19.0379495,47.5017481]]]}},
{"type":"Feature","properties":{"id":"way/1508984780","landuse":"grass"},"geometry":{"type":"Polygon","coordinates":[[[19.0322084,47.5078989],[19.032201,47.507819],[19.0324665,47.5078038],[19.0324819,47.5078184],[19.0324895,47.507883],[19.0322084,47.5078989]]]}},
{"type":"Feature","properties":{"id":"way/1509488478","landuse":"grass"},"geometry":{"type":"Polygon","coordinates":[[[19.0313589,47.4847457],[19.0313663,47.4847308],[19.0313848,47.4847238],[19.0313996,47.484725],[19.0314536,47.4847292],[19.0314773,47.4847332],[19.0314916,47.4847415],[19.031495,47.4847507],[19.031467,47.4848164],[19.0314508,47.4848545],[19.0314377,47.4848571],[19.0314282,47.4848534],[19.0313597,47.4847547],[19.0313589,47.4847457]]]}},
{"type":"Feature","properties":{"id":"way/1509853844","leisure":"playground"},"geometry":{"type":"Polygon","coordinates":[[[19.0305127,47.508379],[19.0305402,47.5084906],[19.0304449,47.5085013],[19.0304174,47.5083897],[19.0305127,47.508379]]]}},
{"type":"Feature","properties":{"id":"way/1524368077","area":"yes","highway":"pedestrian","name":"Kármán utca"},"geometry":{"type":"Polygon","coordinates":[[[19.0594105,47.5089039],[19.0592899,47.5089965],[19.0591654,47.509092],[19.0590404,47.5091879],[19.05892,47.5092803],[19.0589061,47.5092713],[19.0588766,47.5092524],[19.058844,47.5092304],[19.0588292,47.5092203],[19.0589553,47.5091243],[19.0590858,47.509025],[19.0592115,47.5089293],[19.0593208,47.5088464],[19.0593362,47.5088562],[19.0593677,47.5088765],[19.0593981,47.5088959],[19.0594105,47.5089039]]]}},
{"type":"Feature","properties":{"id":"way/155220700","leisure":"park","name":"Déli kertek"},"geometry":{"type":"Polygon","coordinates":[[[19.0426916,47.4934137],[19.042597,47.4934124],[19.042506,47.4934646],[19.0424742,47.4938851],[19.0423917,47.4938585],[19.0423711,47.493899],[19.0424367,47.4939243],[19.0424179,47.4940256],[19.0423729,47.4941637],[19.0422399,47.4944246],[19.0420299,47.4947994],[19.0418276,47.4951739],[19.0416762,47.4951204],[19.0417025,47.4943281],[19.0416466,47.494291],[19.041567,47.4940549],[19.0414818,47.4940061],[19.0413544,47.4939878],[19.0412078,47.4939986],[19.0410934,47.4940563],[19.0410227,47.4941726],[19.0410457,47.4942664],[19.040805,47.4944872],[19.0404539,47.4942845],[19.0397941,47.494742],[19.0392227,47.4944267],[19.0400597,47.4939606],[19.0416391,47.4932076],[19.0419928,47.4931556],[19.0421865,47.493249],[19.0428521,47.4927952],[19.0428806,47.4927623],[19.0429104,47.4927189],[19.0430107,47.4927102],[19.0430197,47.4927594],[19.0430389,47.4927885],[19.0430513,47.4928227],[19.0429896,47.492829],[19.042995,47.4928771],[19.0430577,47.4928814],[19.043061,47.4929021],[19.0428129,47.4929505],[19.0428183,47.4929908],[19.0428236,47.4930302],[19.0430543,47.4930592],[19.0431082,47.4930944],[19.042782,47.4930928],[19.0428006,47.4934209],[19.0426916,47.4934137]]]}},
{"type":"Feature","properties":{"id":"way/155603213","leisure":"playground","surface":"sand"},"geometry":{"type":"Polygon","coordinates":[[[19.0609944,47.5255397],[19.0610868,47.5255545],[19.0611061,47.5256154],[19.0610793,47.5256395],[19.0610086,47.5256335],[19.0609822,47.525648],[19.0609402,47.5256642],[19.0608985,47.5256731],[19.0608595,47.5256745],[19.0608535,47.5256913],[19.0608265,47.525685],[19.0607512,47.5256544],[19.0607164,47.5256397],[19.0607829,47.5255839],[19.0608113,47.5255948],[19.0608299,47.5255996],[19.0608473,47.5256025],[19.0608649,47.5256032],[19.0608809,47.5256031],[19.0609013,47.5256008],[19.0609161,47.5255967],[19.0609277,47.5255923],[19.0609409,47.5255854],[19.0609538,47.525579],[19.060964,47.5255698],[19.0609761,47.525562],[19.0609844,47.5255507],[19.0609944,47.5255397]]]}},
{"type":"Feature","properties":{"id":"way/155603739","leisure":"playground"},"geometry":{"type":"Polygon","coordinates":[[[19.0607024,47.5257213],[19.0607347,47.525667],[19.0607512,47.5256544],[19.0607164,47.5256397],[19.0607829,47.5255839],[19.0608113,47.5255948],[19.0608299,47.5255996],[19.0608473,47.5256025],[19.0608649,47.5256032],[19.0608809,47.5256031],[19.0609013,47.5256008],[19.0609161,47.5255967],[19.0609277,47.5255923],[19.0609409,47.5255854],[19.0609538,47.525579],[19.060964,47.5255698],[19.0609761,47.525562],[19.0609844,47.5255507],[19.0609944,47.5255397],[19.0610868,47.5255545],[19.0611119,47.525558],[19.061207,47.5255749],[19.061181,47.5256117],[19.0611571,47.5256369],[19.061127,47.5256622],[19.0610963,47.5256825],[19.0610257,47.5256454],[19.0610086,47.5256335],[19.0609822,47.525648],[19.0609402,47.5256642],[19.0608985,47.5256731],[19.0608595,47.5256745],[19.060834,47.525694],[19.0608017,47.5257482],[19.0607024,47.5257213]]]}},
{"type":"Feature","properties":{"id":"way/155605366","leisure":"park"},"geometry":{"type":"Polygon","coordinates":[[[19.0534969,47.5229642],[19.0537497,47.5230137],[19.0537764,47.5230867],[19.0539033,47.5231112],[19.0540617,47.5231417],[19.054085,47.5231835],[19.0541733,47.5233565],[19.054209,47.5234238],[19.0540621,47.5234591],[19.0541172,47.5235638],[19.0542078,47.5235421],[19.0542569,47.5235303],[19.0545425,47.5240725],[19.0546891,47.5240373],[19.0552677,47.5239053],[19.0554083,47.5241748],[19.054648,47.5243559],[19.0545466,47.5243797],[19.0546014,47.5244846],[19.0547489,47.5244496],[19.0550323,47.524993],[19.0551777,47.5249584],[19.0552566,47.5249407],[19.0557264,47.5248351],[19.0558663,47.5251062],[19.0559218,47.5252138],[19.0558699,47.525187],[19.0553024,47.5249976],[19.0550243,47.5253775],[19.0554096,47.5255061],[19.0553966,47.5255237],[19.0553235,47.5255405],[19.0553449,47.525583],[19.0553245,47.5255876],[19.0553655,47.525669],[19.0554061,47.5257496],[19.0554237,47.5257455],[19.0554419,47.5257817],[19.0555155,47.5257648],[19.0555342,47.525771],[19.0553477,47.5260257],[19.0557727,47.5261674],[19.0557928,47.5262098],[19.0555246,47.5262686],[19.0551753,47.5263556],[19.055076,47.5263846],[19.0549718,47.5263554],[19.0542868,47.5252179],[19.0533938,47.5236039],[19.0529671,47.5228876],[19.0530033,47.5228762],[19.0530611,47.5228579],[19.0531874,47.5229105],[19.0532947,47.5229353],[19.0534166,47.5229571],[19.0534969,47.5229642]]]}},
{"type":"Feature","properties":{"id":"way/155739241","landuse":"recreation_ground","leisure":"park","name":"Vizafogó park","surface":"grass"},"geometry":{"type":"Polygon","coordinates":[[[19.0625185,47.5312279],[19.0628644,47.532041],[19.0625793,47.5320957],[19.0627579,47.5325199],[19.0620596,47.5326539],[19.0618927,47.5322575],[19.0620143,47.5322341],[19.0616611,47.5313951],[19.0625185,47.5312279]]]}},
{"type":"Feature","properties":{"id":"way/158114067","leisure":"pitch","surface":"artificial_turf"},"geometry":{"type":"Polygon","coordinates":[[[19.0686184,47.5221619],[19.069006,47.5218808],[19.069215,47.5220122],[19.0688274,47.5222933],[19.0686184,47.5221619]]]}},
{"type":"Feature","properties":{"id":"way/159548294","leisure":"park"},"geometry":{"type":"Polygon","coordinates":[[[19.0570206,47.5287451],[19.058361,47.5284305],[19.0584355,47.528413],[19.058559,47.528662],[19.0584243,47.5286937],[19.0571404,47.5289827],[19.0570206,47.5287451]]]}},
{"type":"Feature","properties":{"id":"way/159555874","leisure":"stadium"},"geometry":{"type":"Polygon","coordinates":[[[19.0582137,47.5339941],[19.0588411,47.5336351],[19.0590129,47.5337717],[19.059056,47.5337573],[19.0591129,47.533822],[19.0590566,47.5338542],[19.059119,47.5339038],[19.0585262,47.5342431],[19.0582137,47.5339941]]]}},
{"type":"Feature","properties":{"id":"way/159555886","leisure":"park"},"geometry":{"type":"Polygon","coordinates":[[[19.0577216,47.5363398],[19.0571695,47.5339829],[19.0570464,47.5335585],[19.0571343,47.5335428],[19.0571689,47.5335351],[19.0576512,47.5349201],[19.0577562,47.5352217],[19.057774,47.5352729],[19.0584535,47.5351301],[19.058512,47.535132],[19.0586548,47.5351382],[19.0587043,47.535969],[19.058613,47.5359812],[19.0584231,47.5361464],[19.058291,47.5361927],[19.0582942,47.5362566],[19.0578853,47.536316],[19.0577216,47.5363398]]]}},
{"type":"Feature","properties":{"id":"way/159555897","leisure":"pitch"},"geometry":{"type":"Polygon","coordinates":[[[19.0575637,47.5327893],[19.0575254,47.5327094],[19.0577352,47.5326636],[19.0577741,47.5327434],[19.0575637,47.5327893]]]}},
{"type":"Feature","properties":{"id":"way/159555899","leisure":"pitch","surface":"clay"},"geometry":{"type":"Polygon","coordinates":[[[19.0576512,47.5349201],[19.0580117,47.5348104],[19.0581418,47.5351372],[19.0577562,47.5352217],[19.0576512,47.5349201]]]}},
{"type":"Feature","properties":{"id":"way/159555903","leisure":"park"},"geometry":{"type":"Polygon","coordinates":[[[19.05679,47.5252798],[19.0574015,47.5251351],[19.0580573,47.5249785],[19.0581179,47.5250847],[19.0574595,47.5252392],[19.056864,47.525415],[19.05679,47.5252798]]]}},
{"type":"Feature","properties":{"id":"way/159555909","leisure":"pitch","surface":"grass"},"geometry":{"type":"Polygon","coordinates":[[[19.0580027,47.5336998],[19.0575718,47.5328142],[19.0584252,47.532625],[19.058856,47.5335105],[19.0580027,47.5336998]]]}},
{"type":"Feature","properties":{"id":"way/159555913","leisure":"pitch","surface":"clay"},"geometry":{"type":"Polygon","coordinates":[[[19.0571535,47.5329335],[19.0570205,47.5326196],[19.0572942,47.5325668],[19.0574272,47.5328806],[19.0571535,47.5329335]]]}},
{"type":"Feature","properties":{"id":"way/159555917","leisure":"pitch"},"geometry":{"type":"Polygon","coordinates":[[[19.0577741,47.5327434],[19.0577352,47.5326636],[19.0576231,47.5324337],[19.0576685,47.5324236],[19.0581616,47.5323139],[19.0583127,47.5326236],[19.0577741,47.5327434]]]}},
{"type":"Feature","properties":{"id":"way/159555919","leisure":"pitch","surface":"clay"},"geometry":{"type":"Polygon","coordinates":[[[19.0570205,47.5326196],[19.0569035,47.5323157],[19.0571136,47.5322796],[19.0571444,47.5322891],[19.0573086,47.5322609],[19.057412,47.5325052],[19.0573916,47.5325456],[19.0572942,47.5325668],[19.0570205,47.5326196]]]}},
{"type":"Feature","properties":{"id":"way/159576075","leisure":"park"},"geometry":{"type":"Polygon","coordinates":[[[19.0571689,47.5335351],[19.0571343,47.5335428],[19.0570464,47.5335585],[19.0569781,47.533327],[19.0559731,47.52992],[19.0561617,47.5298928],[19.0572131,47.5297179],[19.0573884,47.5300968],[19.056327,47.5302787],[19.0564948,47.530983],[19.0567253,47.5309435],[19.0570084,47.5316968],[19.0572005,47.5316639],[19.057277,47.5318325],[19.0568546,47.5319107],[19.0567774,47.5319234],[19.0568681,47.5323129],[19.0569035,47.5323157],[19.0570205,47.5326196],[19.0571535,47.5329335],[19.0570533,47.5329869],[19.0573065,47.5335071],[19.0571689,47.5335351]]]}},
{"type":"Feature","properties":{"id":"way/159576081","landuse":"grass"},"geometry":{"type":"Polygon","coordinates":[[[19.0552004,47.5267488],[19.0558237,47.5271403],[19.055921,47.5272681],[19.0561992,47.5279734],[19.0562676,47.5280947],[19.0563012,47.528144],[19.0557521,47.5282788],[19.0559802,47.5288109],[19.056748,47.5286254],[19.0569617,47.5291365],[19.0559483,47.5293526],[19.0556149,47.5285861],[19.0555099,47.5283166],[19.0555206,47.5282794],[19.0555675,47.5282319],[19.0556084,47.5281912],[19.0556312,47.5281577],[19.0556319,47.5281164],[19.0555072,47.5278403],[19.0554663,47.5278054],[19.0554477,47.5276351],[19.0553979,47.5276406],[19.055416,47.5277923],[19.0553154,47.5277601],[19.0552658,47.5277343],[19.0552463,47.527694],[19.0552725,47.5276111],[19.0553235,47.527545],[19.0553838,47.5274717],[19.0553918,47.5274201],[19.0551625,47.5267771],[19.0552004,47.5267488]]]}},
{"type":"Feature","properties":{"id":"way/159576085","leisure":"park"},"geometry":{"type":"Polygon","coordinates":[[[19.0580812,47.5315131],[19.0572005,47.5316639],[19.0570084,47.5316968],[19.0569676,47.5315884],[19.0567253,47.5309435],[19.0564948,47.530983],[19.056327,47.5302787],[19.0573884,47.5300968],[19.0578841,47.5311124],[19.0580812,47.5315131]]]}},
{"type":"Feature","properties":{"id":"way/159577473","leisure":"pitch","surface":"tartan"},"geometry":{"type":"Polygon","coordinates":[[[19.061454,47.5361174],[19.0614045,47.5360106],[19.0617172,47.5359444],[19.0617671,47.5360517],[19.0617561,47.536054],[19.0617475,47.5360558],[19.061454,47.5361174]]]}},
{"type":"Feature","properties":{"id":"way/159584068","leisure":"park"},"geometry":{"type":"Polygon","coordinates":[[[19.0600415,47.5262314],[19.0600704,47.5262252],[19.0601445,47.5264001],[19.0601777,47.5263939],[19.0603046,47.526647],[19.0604563,47.5266154],[19.0604849,47.5266757],[19.0603206,47.5267112],[19.0603685,47.5268125],[19.060381,47.5268098],[19.060395,47.5268395],[19.060406,47.5268371],[19.0604217,47.5268703],[19.0602644,47.5269043],[19.0602551,47.5268848],[19.06012,47.5269139],[19.0601283,47.5269316],[19.0600611,47.5269474],[19.0599777,47.526967],[19.0598778,47.5267736],[19.0599099,47.526766],[19.0598206,47.526593],[19.0597955,47.5265989],[19.059691,47.5263964],[19.0597422,47.5263844],[19.0596999,47.5263025],[19.0600415,47.5262314]]]}},
{"type":"Feature","properties":{"id":"way/159584069","leisure":"park"},"geometry":{"type":"Polygon","coordinates":[[[19.0602488,47.5272661],[19.0602904,47.5273718],[19.0606294,47.527311],[19.0606461,47.5273533],[19.0606154,47.5273588],[19.0606544,47.5274582],[19.0606833,47.527453],[19.0606975,47.5274892],[19.0606743,47.5274934],[19.0607087,47.5275809],[19.0607367,47.5275759],[19.0607538,47.5276193],[19.0607336,47.5276229],[19.0607702,47.5277159],[19.0608084,47.5277091],[19.0608245,47.5277501],[19.0607928,47.5277557],[19.0608285,47.5278464],[19.0608734,47.5278384],[19.0608928,47.5278879],[19.0607994,47.5279047],[19.0607909,47.527883],[19.0606105,47.5279154],[19.0606198,47.5279391],[19.0605559,47.5279506],[19.0605964,47.5280538],[19.0604559,47.5280936],[19.0604138,47.5279918],[19.0603679,47.5280005],[19.060345,47.5279449],[19.0603735,47.5279396],[19.0603417,47.5278626],[19.0603016,47.5278702],[19.0602814,47.5278212],[19.0603187,47.5278142],[19.0602848,47.5277323],[19.060254,47.5277381],[19.0602318,47.5276843],[19.060269,47.5276773],[19.060236,47.5275977],[19.0601998,47.5276045],[19.0601761,47.5275471],[19.0602004,47.5275425],[19.0601675,47.5274629],[19.0601377,47.5274685],[19.0601203,47.5274264],[19.0601638,47.5274182],[19.0601171,47.5273053],[19.0602488,47.5272661]]]}},
{"type":"Feature","properties":{"id":"way/159589207","leisure":"park"},"geometry":{"type":"Polygon","coordinates":[[[19.0611811,47.5360766],[19.061139,47.5359987],[19.0616126,47.5358822],[19.0620732,47.5357468],[19.0624339,47.5356394],[19.0628811,47.5354703],[19.0633121,47.5352739],[19.0637121,47.5350429],[19.0638729,47.5351987],[19.0639303,47.535252],[19.0638227,47.535301],[19.0642376,47.5358393],[19.0641586,47.5358601],[19.0639646,47.5358474],[19.0637976,47.5358619],[19.0635332,47.5359202],[19.0613239,47.5363985],[19.0611811,47.5360766]]]}},
{"type":"Feature","properties":{"id":"way/159589208","leisure":"playground"},"geometry":{"type":"Polygon","coordinates":[[[19.0604656,47.5309351],[19.0605437,47.5311301],[19.0597972,47.5312785],[19.0597137,47.5310809],[19.0600885,47.5310082],[19.0604656,47.5309351]]]}},
{"type":"Feature","properties":{"id":"way/165633898","leisure":"pitch","surface":"paving_stones"},"geometry":{"type":"Polygon","coordinates":[[[19.0655767,47.4862632],[19.0655143,47.4861702],[19.0656884,47.4861168],[19.0657509,47.4862097],[19.0655767,47.4862632]]]}},
{"type":"Feature","properties":{"id":"way/165633899","leisure":"playground","name":"Cica park"},"geometry":{"type":"Polygon","coordinates":[[[19.0658292,47.4860667],[19.0656581,47.4858211],[19.0657649,47.485722],[19.0660819,47.4858758],[19.0658957,47.4860482],[19.0658292,47.4860667]]]}},
{"type":"Feature","properties":{"id":"way/165633900","leisure":"playground","name":"Cica játszótér"},"geometry":{"type":"Polygon","coordinates":[[[19.0658827,47.486261],[19.0661065,47.4865824],[19.0659921,47.4866141],[19.0657394,47.4864911],[19.0657358,47.486353],[19.0658128,47.4862816],[19.0658827,47.486261]]]}},
{"type":"Feature","properties":{"id":"way/165691543","area":"yes","highway":"pedestrian","name":"Ferenciek tere","surface":"paving_stones"},"geometry":{"type":"Polygon","coordinates":[[[19.0558508,47.4931722],[19.0557901,47.4931332],[19.0556292,47.4930834],[19.0551384,47.4928834],[19.0544991,47.4926842],[19.0544393,47.4926856],[19.0544535,47.4926716],[19.0544665,47.4926587],[19.0544777,47.4926476],[19.054577,47.4925494],[19.0546306,47.4924964],[19.0547652,47.492485],[19.0548803,47.4925319],[19.0552667,47.492769],[19.0553371,47.4928122],[19.0556393,47.4929977],[19.055752,47.4929868],[19.0557887,47.4929533],[19.0558376,47.4929087],[19.0558837,47.4929217],[19.0559946,47.4929518],[19.0560879,47.4929818],[19.0561626,47.4930058],[19.0561908,47.4930148],[19.056219,47.4930239],[19.0562697,47.4930402],[19.0562123,47.4931325],[19.0561709,47.4932031],[19.0561608,47.4932203],[19.0561453,47.4932384],[19.0561377,47.4932488],[19.0558508,47.4931722]]]}},
{"type":"Feature","properties":{"id":"way/167580849","area":"yes","highway":"pedestrian","surface":"paving_stones"},"geometry":{"type":"Polygon","coordinates":[[[19.0580406,47.5115297],[19.0579936,47.511566],[19.0579449,47.5116035],[19.057863,47.5116665],[19.057817,47.511702],[19.0577312,47.511768],[19.0576874,47.5118017],[19.0576287,47.5118469],[19.0574509,47.5117433],[19.0573886,47.511707],[19.0573444,47.5116813],[19.0573826,47.5116508],[19.05732,47.5116146],[19.0572494,47.5115738],[19.0573255,47.5115143],[19.0574402,47.5114245],[19.0575705,47.5115004],[19.057668,47.5114217],[19.0576051,47.5113859],[19.0575385,47.5113475],[19.0576311,47.511275],[19.057732,47.5113338],[19.0577203,47.5113429],[19.057785,47.5113806],[19.0578567,47.5114232],[19.058027,47.5112867],[19.0581407,47.5113528],[19.0582184,47.5113929],[19.0581357,47.5114565],[19.0580898,47.5114919],[19.0580406,47.5115297]]]}},
{"type":"Feature","properties":{"id":"way/174302005","leisure":"pitch","surface":"clay"},"geometry":{"type":"Polygon","coordinates":[[[19.0626158,47.5447825],[19.0629845,47.5446742],[19.0631456,47.5449242],[19.0629649,47.5449773],[19.062777,47.5450325],[19.0626158,47.5447825]]]}},
{"type":"Feature","properties":{"id":"way/179916630","area":"yes","highway":"pedestrian","name":"Blaha Lujza téri aluljáró","surface":"asphalt"},"geometry":{"type":"Polygon","coordinates":[[[19.0703968,47.4968093],[19.0704118,47.4967891],[19.0704974,47.4967975],[19.0704906,47.4968698],[19.0705255,47.4968861],[19.0706542,47.4969616],[19.0708356,47.4970763],[19.0707631,47.4971262],[19.070718,47.4972711],[19.0708005,47.4973841],[19.0708903,47.4974179],[19.0708828,47.4974321],[19.0708742,47.4974478],[19.0707572,47.4974217],[19.0707341,47.4974192],[19.0706684,47.49732],[19.0703945,47.4972263],[19.0704257,47.4970009],[19.070444,47.496867],[19.0703755,47.4968409],[19.0703968,47.4968093]]]}},
{"type":"Feature","properties":{"id":"way/179919094","area":"yes","highway":"pedestrian","surface":"paving_stones"},"geometry":{"type":"Polygon","coordinates":[[[19.0566445,47.4868765],[19.0567226,47.4868039],[19.0567545,47.4867773],[19.0568326,47.4867122],[19.0569916,47.4866018],[19.0570387,47.4866276],[19.0570957,47.4866588],[19.0571105,47.4866669],[19.0571284,47.4866767],[19.0571531,47.4866902],[19.0571849,47.4867076],[19.0570454,47.4868261],[19.0569049,47.4869604],[19.0568661,47.4869976],[19.0568278,47.4869785],[19.0568035,47.486965],[19.0566445,47.4868765]]]}},
{"type":"Feature","properties":{"id":"way/180750285","leisure":"park"},"geometry":{"type":"Polygon","coordinates":[[[19.0433433,47.5344974],[19.0433594,47.534463],[19.044097,47.5341842],[19.0442122,47.5341533],[19.0442551,47.5341523],[19.0443321,47.5342128],[19.0443576,47.5342417],[19.0444398,47.5342074],[19.0445261,47.5342748],[19.0449529,47.534693],[19.0452603,47.5350033],[19.0455121,47.5352793],[19.0456743,47.5355086],[19.0459391,47.5358998],[19.0460662,47.5361083],[19.0463797,47.536583],[19.0464096,47.5366562],[19.0463262,47.5366947],[19.0462963,47.5366993],[19.0457841,47.5368099],[19.0455157,47.5368695],[19.0454594,47.536875],[19.0454488,47.5368533],[19.0455025,47.5368316],[19.045076,47.5361507],[19.0449177,47.5361888],[19.0447836,47.5359624],[19.0446281,47.5359914],[19.0444671,47.5357632],[19.0443062,47.535488],[19.0442579,47.5354083],[19.043945,47.5349016],[19.0437917,47.5349352],[19.0436582,47.5347185],[19.0436337,47.5347015],[19.0435721,47.5347156],[19.0434894,47.5347385],[19.0433502,47.5345105],[19.0433433,47.5344974]]]}},
{"type":"Feature","properties":{"id":"way/180751460","leisure":"park"},"geometry":{"type":"Polygon","coordinates":[[[19.0430628,47.5335158],[19.0429591,47.5333582],[19.042943,47.533316],[19.0429568,47.5332897],[19.0430875,47.5332483],[19.0430778,47.5332335],[19.0430676,47.5332093],[19.0430421,47.5331811],[19.0430476,47.5331457],[19.0432583,47.5330659],[19.0432966,47.5330912],[19.0433514,47.5331484],[19.0435153,47.533309],[19.0435363,47.5333317],[19.0434805,47.5333603],[19.0433928,47.5334086],[19.0433186,47.5334367],[19.0431102,47.5334994],[19.0430628,47.5335158]]]}},
{"type":"Feature","properties":{"id":"way/180751462","leisure":"park"},"geometry":{"type":"Polygon","coordinates":[[[19.043542,47.5333848],[19.0441511,47.5340015],[19.0441346,47.5340339],[19.0439797,47.5340919],[19.0437725,47.5341643],[19.0437436,47.534177],[19.0437269,47.5341625],[19.0437081,47.5341209],[19.0436893,47.5341136],[19.0436665,47.5340987],[19.0436313,47.5340992],[19.0434727,47.533845],[19.0432503,47.5339082],[19.0434463,47.5342223],[19.0434647,47.5342712],[19.0433111,47.5343309],[19.0432421,47.5343581],[19.042949,47.5338836],[19.0429242,47.5338435],[19.0427725,47.5338858],[19.0426609,47.5337038],[19.0427425,47.5336808],[19.0427859,47.5336683],[19.0427727,47.5336479],[19.0429152,47.533606],[19.0430695,47.5335574],[19.0433309,47.5334696],[19.0434725,47.5334162],[19.043542,47.5333848]]]}},
{"type":"Feature","properties":{"id":"way/184824823","leisure":"park","name":"Millenáris Széllkapu park"},"geometry":{"type":"Polygon","coordinates":[[[19.0261583,47.5103797],[19.0264617,47.5105179],[19.0264884,47.5105297],[19.0265742,47.5104405],[19.0262289,47.5102859],[19.0262453,47.5102394],[19.0262263,47.510197],[19.0262594,47.5101755],[19.0262369,47.5101597],[19.0272259,47.5095179],[19.0272458,47.5095319],[19.027282,47.5095084],[19.0272621,47.5094944],[19.0276836,47.509221],[19.0277061,47.5092368],[19.0281154,47.5095344],[19.0280782,47.5095797],[19.0281891,47.5096602],[19.0289278,47.5100287],[19.0289748,47.5100585],[19.0289963,47.5100889],[19.0289989,47.510121],[19.0289742,47.5101517],[19.0268136,47.5112474],[19.0262877,47.5107542],[19.0259847,47.5104798],[19.0260902,47.5104321],[19.0261316,47.5104135],[19.0261583,47.5103797]]]}},
{"type":"Feature","properties":{"id":"way/186028962","leisure":"pitch"},"geometry":{"type":"Polygon","coordinates":[[[19.0449864,47.525047],[19.0453118,47.5249788],[19.045461,47.5253033],[19.0451356,47.5253715],[19.0449864,47.525047]]]}},
{"type":"Feature","properties":{"id":"way/186028963","leisure":"pitch"},"geometry":{"type":"Polygon","coordinates":[[[19.0442027,47.5252117],[19.0445081,47.5251477],[19.0446572,47.525472],[19.0443518,47.525536],[19.0442027,47.5252117]]]}},
{"type":"Feature","properties":{"id":"way/186028964","leisure":"pitch"},"geometry":{"type":"Polygon","coordinates":[[[19.0445749,47.5251362],[19.0449221,47.5250665],[19.045065,47.525391],[19.0447178,47.5254607],[19.0445749,47.5251362]]]}},
{"type":"Feature","properties":{"id":"way/186028965","leisure":"pitch"},"geometry":{"type":"Polygon","coordinates":[[[19.0439715,47.525615],[19.0438276,47.5252793],[19.0441457,47.5252171],[19.0442896,47.5255529],[19.0439715,47.525615]]]}},
{"type":"Feature","properties":{"id":"way/186823725","leisure":"park"},"geometry":{"type":"Polygon","coordinates":[[[19.0385705,47.5329298],[19.0385571,47.5328773],[19.0385517,47.5327994],[19.0385732,47.5326962],[19.0386483,47.5325839],[19.0387422,47.5325223],[19.0388334,47.5324933],[19.0389138,47.5324933],[19.0390694,47.5325223],[19.0392169,47.5325839],[19.0392974,47.5326509],[19.0393779,47.5327251],[19.0394395,47.532841],[19.0394395,47.5329406],[19.0394342,47.5330203],[19.0393698,47.5331236],[19.0392625,47.5332195],[19.0392008,47.5332576],[19.0391472,47.5332666],[19.0390453,47.5332576],[19.0389138,47.5332232],[19.0387824,47.533158],[19.0386483,47.5330511],[19.0385705,47.5329298]]]}},
{"type":"Feature","properties":{"id":"way/187869188","area":"yes","highway":"pedestrian","surface":"paving_stones"},"geometry":{"type":"Polygon","coordinates":[[[19.0580346,47.5099625],[19.0578733,47.5098702],[19.0578373,47.5098494],[19.0578752,47.5098195],[19.0579374,47.5097698],[19.0581484,47.5098909],[19.0585024,47.510094],[19.0584436,47.5101408],[19.0583904,47.5101831],[19.0582805,47.5102705],[19.0579255,47.5100673],[19.0579124,47.51006],[19.0580346,47.5099625]]]}},
{"type":"Feature","properties":{"id":"way/187869197","area":"yes","highway":"pedestrian","surface":"sett"},"geometry":{"type":"Polygon","coordinates":[[[19.0578064,47.5098553],[19.0576635,47.5100375],[19.057676,47.5100816],[19.0576973,47.5101188],[19.0577901,47.5101733],[19.0578095,47.5101838],[19.0577739,47.5102117],[19.0581569,47.5104335],[19.0582269,47.5103783],[19.0583918,47.5104738],[19.0586063,47.5103048],[19.0586297,47.5102863],[19.0586674,47.5103081],[19.0588923,47.5104382],[19.0588201,47.5104926],[19.058673,47.5104106],[19.058622,47.5104397],[19.0583598,47.5106451],[19.0580671,47.510475],[19.058057,47.5104691],[19.0580618,47.5104636],[19.0580637,47.5104577],[19.058063,47.5104518],[19.058057,47.5104463],[19.0576388,47.5102047],[19.05763,47.5102006],[19.0576213,47.5102004],[19.057612,47.5102028],[19.0576042,47.5102071],[19.0573046,47.5100319],[19.0575682,47.5098253],[19.0573969,47.5097259],[19.0574746,47.5096651],[19.0578064,47.5098553]]]}},
{"type":"Feature","properties":{"id":"way/188083735","leisure":"pitch","surface":"concrete"},"geometry":{"type":"Polygon","coordinates":[[[19.0644015,47.4808758],[19.0647478,47.4805585],[19.0650312,47.4806998],[19.0646849,47.4810171],[19.0644015,47.4808758]]]}},
{"type":"Feature","properties":{"id":"way/191472761","leisure":"pitch","surface":"asphalt"},"geometry":{"type":"Polygon","coordinates":[[[19.0461986,47.5427516],[19.0462345,47.5428994],[19.0458616,47.5429408],[19.0458257,47.542793],[19.0461986,47.5427516]]]}},
{"type":"Feature","properties":{"id":"way/191472762","leisure":"pitch","surface":"asphalt"},"geometry":{"type":"Polygon","coordinates":[[[19.0459994,47.5433406],[19.0459237,47.5429895],[19.046212,47.5429611],[19.0462877,47.5433123],[19.0459994,47.5433406]]]}},
{"type":"Feature","properties":{"id":"way/191472764","leisure":"pitch","surface":"artificial_turf"},"geometry":{"type":"Polygon","coordinates":[[[19.0452432,47.5428385],[19.0452202,47.5427234],[19.0455303,47.542695],[19.0455534,47.5428101],[19.0452432,47.5428385]]]}},
{"type":"Feature","properties":{"id":"way/192159250","area":"yes","highway":"pedestrian","surface":"paving_stones"},"geometry":{"type":"Polygon","coordinates":[[[19.0342397,47.5337052],[19.0343336,47.5336511],[19.034505,47.5335549],[19.0345195,47.5335464],[19.0345523,47.5334941],[19.0345587,47.5334839],[19.0345358,47.5334741],[19.0346677,47.5332995],[19.0347344,47.5333224],[19.0347667,47.5333316],[19.0348024,47.5333417],[19.0346172,47.5336057],[19.0345774,47.5336568],[19.0346986,47.5337002],[19.0346952,47.5337046],[19.0346482,47.5337647],[19.0345951,47.5338326],[19.0345292,47.533809],[19.034277,47.5337185],[19.0342397,47.5337052]]]}},
{"type":"Feature","properties":{"id":"way/192159251","landuse":"grass"},"geometry":{"type":"Polygon","coordinates":[[[19.034108,47.5336189],[19.0341095,47.5336201],[19.0340663,47.533644],[19.0340537,47.5336508],[19.0340513,47.5336486],[19.0340474,47.5336504],[19.0339745,47.5336845],[19.0338887,47.5337245],[19.033804,47.533764],[19.0334338,47.5339367],[19.033522,47.5340225],[19.0335562,47.5340065],[19.0335952,47.5340445],[19.0336737,47.5340079],[19.0336888,47.5340225],[19.0338706,47.5339384],[19.0340105,47.5338736],[19.0341,47.5339058],[19.0340219,47.5340025],[19.0339268,47.5339853],[19.0337708,47.5341828],[19.0336365,47.5342058],[19.0334791,47.5342193],[19.033341,47.534224],[19.0332222,47.5342044],[19.0331365,47.534182],[19.0329984,47.5341344],[19.0329017,47.5340906],[19.0328823,47.5340757],[19.0328906,47.5340598],[19.0328906,47.5340346],[19.0328948,47.5340225],[19.0329514,47.534057],[19.0330384,47.5341102],[19.0331186,47.5341428],[19.0332014,47.534168],[19.033276,47.5341792],[19.033341,47.5341801],[19.0333921,47.5341764],[19.0334321,47.5341689],[19.0333852,47.5341391],[19.0333216,47.5341428],[19.033247,47.5341363],[19.0331614,47.5341167],[19.0330744,47.534085],[19.0330191,47.5340458],[19.0330011,47.53403],[19.0332802,47.5338938],[19.0336628,47.5337306],[19.0339734,47.5335999],[19.0339978,47.5335843],[19.0340295,47.5335639],[19.034243,47.5334667],[19.0343397,47.533421],[19.034645,47.5332867],[19.0347458,47.5332559],[19.0347886,47.5332484],[19.0347886,47.5332578],[19.0347734,47.5332811],[19.0347344,47.5333224],[19.0346677,47.5332995],[19.0345358,47.5334741],[19.0345587,47.5334839],[19.0345523,47.5334941],[19.0345197,47.5335442],[19.0343999,47.5334508],[19.034108,47.5336189]]]}},
{"type":"Feature","properties":{"id":"way/192165136","landuse":"grass"},"geometry":{"type":"Polygon","coordinates":[[[19.0350086,47.5332809],[19.0349487,47.5333603],[19.0348222,47.5333187],[19.0348642,47.5332699],[19.0348886,47.5332442],[19.0349033,47.533235],[19.0349228,47.5332257],[19.034954,47.5332158],[19.0350068,47.5332099],[19.0354743,47.533168],[19.0354002,47.5332728],[19.0353241,47.5333665],[19.0351387,47.5333075],[19.0351269,47.5333247],[19.0351173,47.5333183],[19.0350086,47.5332809]]]}},
{"type":"Feature","properties":{"id":"way/194282168","leisure":"park"},"geometry":{"type":"Polygon","coordinates":[[[19.0453549,47.5385246],[19.0453567,47.538543],[19.0453321,47.5385526],[19.0453166,47.5385592],[19.0452987,47.538579],[19.0450552,47.5385894],[19.0450463,47.5385779],[19.0450316,47.5385696],[19.0450129,47.5385647],[19.0450121,47.5385427],[19.0453549,47.5385246]]]}},
{"type":"Feature","properties":{"id":"way/194282169","leisure":"park"},"geometry":{"type":"Polygon","coordinates":[[[19.0453597,47.5386949],[19.0450308,47.5387103],[19.0450276,47.5386883],[19.0450593,47.5386823],[19.045074,47.5386735],[19.045078,47.5386603],[19.0453011,47.5386482],[19.045315,47.5386576],[19.045337,47.5386675],[19.0453581,47.5386713],[19.0453597,47.5386949]]]}},
{"type":"Feature","properties":{"id":"way/194282170","leisure":"park"},"geometry":{"type":"Polygon","coordinates":[[[19.0455836,47.5385399],[19.0455641,47.5385471],[19.0455584,47.5385542],[19.0455495,47.5385636],[19.0454648,47.538568],[19.045455,47.5385603],[19.0454444,47.5385531],[19.0454298,47.538546],[19.0454265,47.5385235],[19.0455771,47.5385158],[19.0455836,47.5385399]]]}},
{"type":"Feature","properties":{"id":"way/194282171","leisure":"park"},"geometry":{"type":"Polygon","coordinates":[[[19.0455747,47.5386581],[19.0455796,47.538684],[19.0454143,47.5386938],[19.045411,47.5386708],[19.0454347,47.5386625],[19.0454477,47.5386537],[19.0454607,47.5386405],[19.0455364,47.5386367],[19.0455454,47.5386482],[19.0455584,47.5386532],[19.0455747,47.5386581]]]}},
{"type":"Feature","properties":{"id":"way/194282172","landuse":"grass"},"geometry":{"type":"Polygon","coordinates":[[[19.0450177,47.5388323],[19.0450237,47.5387995],[19.0456309,47.5387708],[19.0456413,47.5389441],[19.0456439,47.5389878],[19.0456121,47.539002],[19.0454745,47.5390411],[19.0453117,47.5390806],[19.0437946,47.5394319],[19.0435492,47.5394917],[19.0435881,47.5393242],[19.0436203,47.5390996],[19.0436718,47.5391083],[19.043775,47.5390987],[19.0438599,47.5390889],[19.0438537,47.5390151],[19.0445611,47.5389436],[19.044553,47.5388579],[19.0450177,47.5388323]]]}},
{"type":"Feature","properties":{"id":"way/194837187","leisure":"park","name":"Ruttkai Éva park"},"geometry":{"type":"Polygon","coordinates":[[[19.0526121,47.5195018],[19.0526415,47.5194098],[19.0526808,47.5193377],[19.0527617,47.5192708],[19.0528757,47.5192249],[19.0529397,47.5191887],[19.0530872,47.519472],[19.053045,47.5194815],[19.0531868,47.5197534],[19.053049,47.5197857],[19.0527885,47.5198469],[19.0526121,47.5195018]]]}},
{"type":"Feature","properties":{"id":"way/196718615","landuse":"grass","name":"Nagyrét"},"geometry":{"type":"Polygon","coordinates":[[[19.0514405,47.5333132],[19.0511742,47.5331685],[19.0508214,47.5324475],[19.0502871,47.5319878],[19.0500736,47.5316497],[19.0498229,47.5314497],[19.0496885,47.5308652],[19.0499302,47.5307795],[19.0501918,47.5308025],[19.0503998,47.530901],[19.050415,47.5309437],[19.0506207,47.5315197],[19.0507216,47.5315891],[19.0510203,47.5316932],[19.051127,47.5316733],[19.0513023,47.5315188],[19.0514414,47.531527],[19.0515511,47.5316559],[19.0515993,47.5318751],[19.0517913,47.532194],[19.0518718,47.5325536],[19.0522335,47.5331184],[19.0514405,47.5333132]]]}},
{"type":"Feature","properties":{"id":"way/196719020","landuse":"meadow"},"geometry":{"type":"Polygon","coordinates":[[[19.0484365,47.5256141],[19.048351,47.5255709],[19.0482531,47.5254731],[19.0481392,47.5254568],[19.0481405,47.5253309],[19.048048,47.525196],[19.0478294,47.5250918],[19.0476832,47.5251081],[19.0474914,47.5249098],[19.047525,47.5248084],[19.0474023,47.5246187],[19.0474588,47.5245251],[19.0476282,47.5244922],[19.0476682,47.5243895],[19.0474614,47.524175],[19.0473977,47.5238547],[19.0476537,47.5236926],[19.048332,47.5236854],[19.0484722,47.523732],[19.048744,47.5240335],[19.0490617,47.5240972],[19.0491016,47.5241854],[19.0487858,47.5242786],[19.048784,47.5243852],[19.0490356,47.524758],[19.0491253,47.5251783],[19.0489446,47.5252897],[19.0488016,47.5255622],[19.0484365,47.5256141]]]}},
{"type":"Feature","properties":{"id":"way/196719329","landuse":"grass","leisure":"garden","name":"Fénykert","name:en":"Light Garden"},"geometry":{"type":"Polygon","coordinates":[[[19.0487588,47.5275758],[19.0481448,47.526231],[19.0485118,47.5258037],[19.0484365,47.5256141],[19.0488016,47.5255622],[19.0488966,47.5257725],[19.0494766,47.5259092],[19.0496008,47.5260034],[19.0501428,47.5272716],[19.0487588,47.5275758]]]}},
{"type":"Feature","properties":{"id":"way/196721539","landuse":"grass"},"geometry":{"type":"Polygon","coordinates":[[[19.0467042,47.522019],[19.0464789,47.5217401],[19.0462321,47.5214539],[19.0461302,47.5212365],[19.0461839,47.5211423],[19.0463126,47.5211604],[19.0465379,47.5213307],[19.046745,47.521505],[19.0468383,47.5217727],[19.0467847,47.5220118],[19.0467042,47.522019]]]}},
{"type":"Feature","properties":{"id":"way/196721540","landuse":"meadow","natural":"grassland"},"geometry":{"type":"Polygon","coordinates":[[[19.0437677,47.5248028],[19.0436433,47.524697],[19.0436331,47.5244872],[19.0437591,47.5242976],[19.0439287,47.5242654],[19.0439844,47.5241237],[19.0439898,47.5239462],[19.0441701,47.5238814],[19.0442956,47.523747],[19.0446443,47.5236419],[19.0449264,47.5236423],[19.0450734,47.5237542],[19.0451914,47.5239571],[19.0451056,47.5241201],[19.0449339,47.5242722],[19.0448715,47.5244211],[19.0446657,47.5244244],[19.0445531,47.5243592],[19.0444351,47.5243845],[19.0443975,47.5244896],[19.0444082,47.5246345],[19.0443063,47.5247069],[19.0440703,47.5247069],[19.0439254,47.524783],[19.0437677,47.5248028]]]}},
{"type":"Feature","properties":{"id":"way/197166894","leisure":"playground","name":"Nehru játszótér"},"geometry":{"type":"Polygon","coordinates":[[[19.0642781,47.4813332],[19.0641432,47.4813814],[19.0640309,47.4815215],[19.0639013,47.4815277],[19.0638459,47.4814432],[19.0640117,47.4812919],[19.0639977,47.4811896],[19.0642237,47.4809886],[19.0643938,47.4809554],[19.0645431,47.4810308],[19.0645663,47.4810944],[19.0645444,47.4811807],[19.0642781,47.4813332]]]}},
{"type":"Feature","properties":{"id":"way/198651952","leisure":"park"},"geometry":{"type":"Polygon","coordinates":[[[19.072035,47.5013481],[19.0719929,47.5022962],[19.0719528,47.5023221],[19.0717687,47.5022045],[19.0717533,47.5021691],[19.0717647,47.502146],[19.0717439,47.5021334],[19.0717218,47.5021139],[19.0716789,47.5021157],[19.0716387,47.5021066],[19.0715822,47.502086],[19.0717346,47.5019849],[19.0717644,47.5017986],[19.0717059,47.5017471],[19.0717095,47.5015198],[19.0717563,47.5014837],[19.0717558,47.5014344],[19.0717548,47.5013329],[19.071639,47.5012596],[19.0717574,47.5011597],[19.0719449,47.5012103],[19.0720262,47.5012279],[19.072035,47.5013481]]]}},
{"type":"Feature","properties":{"id":"way/198651957","leisure":"playground"},"geometry":{"type":"Polygon","coordinates":[[[19.0715822,47.502086],[19.0713657,47.5019277],[19.071123,47.5018489],[19.0710881,47.5018262],[19.0710861,47.5017791],[19.0710814,47.50173],[19.07116,47.5016637],[19.0712159,47.5016921],[19.0713128,47.5016086],[19.0712594,47.5015799],[19.0712963,47.5015487],[19.0717059,47.5017471],[19.0717644,47.5017986],[19.0717346,47.5019849],[19.0715822,47.502086]]]}},
{"type":"Feature","properties":{"id":"way/198807768","leisure":"pitch","surface":"asphalt"},"geometry":{"type":"Polygon","coordinates":[[[19.0372926,47.5330829],[19.0373064,47.5328368],[19.037935,47.5328528],[19.0379212,47.533099],[19.0372926,47.5330829]]]}},
{"type":"Feature","properties":{"id":"way/198812636","leisure":"pitch","surface":"asphalt"},"geometry":{"type":"Polygon","coordinates":[[[19.027976,47.5408136],[19.0281142,47.540466],[19.0283629,47.5405111],[19.0282248,47.5408586],[19.027976,47.5408136]]]}},
{"type":"Feature","properties":{"id":"way/198812637","leisure":"park","name":"Kiss Mihály park"},"geometry":{"type":"Polygon","coordinates":[[[19.0300006,47.5412996],[19.030444,47.5401545],[19.0308358,47.5401966],[19.0303946,47.5413556],[19.0300006,47.5412996]]]}},
{"type":"Feature","properties":{"id":"way/198816201","leisure":"pitch","surface":"artificial_turf"},"geometry":{"type":"Polygon","coordinates":[[[19.0342204,47.54227],[19.0342745,47.5420319],[19.034444,47.5420495],[19.0343899,47.5422876],[19.0342204,47.54227]]]}},
{"type":"Feature","properties":{"id":"way/199003721","leisure":"park"},"geometry":{"type":"Polygon","coordinates":[[[19.0415208,47.532721],[19.0413898,47.5325016],[19.042386,47.5322742],[19.0424304,47.5323706],[19.0415208,47.532721]]]}},
{"type":"Feature","properties":{"id":"way/199075067","landuse":"meadow"},"geometry":{"type":"Polygon","coordinates":[[[19.0458778,47.4853471],[19.0458725,47.4852565],[19.046028,47.4850788],[19.0462219,47.4850721],[19.0464482,47.4851078],[19.0466397,47.4851612],[19.0467318,47.4851999],[19.0468583,47.4852681],[19.0469008,47.4853005],[19.0469276,47.485336],[19.046948,47.4853725],[19.0469801,47.4854535],[19.0469633,47.4854571],[19.0469907,47.4855043],[19.0469809,47.4855073],[19.0470011,47.485541],[19.0470163,47.4855701],[19.0468607,47.4856129],[19.0467937,47.4856872],[19.0469262,47.4858539],[19.0470301,47.4859728],[19.0467853,47.486005],[19.046641,47.4860149],[19.0464078,47.4859995],[19.0461898,47.4859671],[19.0462607,47.4858382],[19.0460985,47.4857134],[19.0461535,47.4855728],[19.0459815,47.4855038],[19.0458778,47.4853471]]]}},
{"type":"Feature","properties":{"id":"way/199075068","landuse":"grass"},"geometry":{"type":"Polygon","coordinates":[[[19.0434944,47.4866656],[19.0435763,47.4866561],[19.0436168,47.4866601],[19.0442082,47.4866973],[19.0444847,47.4867144],[19.0449782,47.4867471],[19.0449356,47.4867678],[19.0448823,47.4868147],[19.0448323,47.4868741],[19.0448005,47.4869312],[19.0447857,47.4869779],[19.0447847,47.4870075],[19.0447894,47.4870902],[19.0448276,47.4871709],[19.0448672,47.4872235],[19.0449208,47.4872722],[19.0449862,47.487317],[19.0443757,47.4873671],[19.0442597,47.4873644],[19.0441246,47.4873435],[19.0436444,47.487199],[19.0435606,47.4871767],[19.0435103,47.4871325],[19.0434751,47.4870646],[19.0434078,47.4867645],[19.0434248,47.4867042],[19.0434419,47.4866947],[19.0434944,47.4866656]]]}},
{"type":"Feature","properties":{"id":"way/199525199","leisure":"playground","name":"Zöld Péter játszótér","surface":"gravel"},"geometry":{"type":"Polygon","coordinates":[[[19.0246187,47.5106855],[19.0246268,47.5104099],[19.0250105,47.510415],[19.0250051,47.5105997],[19.0250024,47.5106907],[19.0246187,47.5106855]]]}},
{"type":"Feature","properties":{"id":"way/199525626","leisure":"playground","name":"Manó játszótér"},"geometry":{"type":"Polygon","coordinates":[[[19.0259492,47.5110695],[19.025985,47.5110524],[19.0262965,47.5108951],[19.0261795,47.5111039],[19.0259492,47.5110695]]]}},
{"type":"Feature","properties":{"id":"way/204319264","leisure":"pitch","surface":"acrylic"},"geometry":{"type":"Polygon","coordinates":[[[19.0427919,47.5187071],[19.0427792,47.5185741],[19.0431763,47.5185568],[19.043189,47.5186898],[19.0427919,47.5187071]]]}},
{"type":"Feature","properties":{"id":"way/204784512","leisure":"playground"},"geometry":{"type":"Polygon","coordinates":[[[19.0600093,47.4865721],[19.0599417,47.4866315],[19.0598466,47.486582],[19.0599012,47.486534],[19.0599527,47.4865608],[19.0599656,47.4865494],[19.0599874,47.4865608],[19.0600093,47.4865721]]]}},
{"type":"Feature","properties":{"id":"way/211192672","leisure":"park","name":"Bulcsú park"},"geometry":{"type":"Polygon","coordinates":[[[19.0629664,47.5183425],[19.0623679,47.5187468],[19.0623016,47.5187893],[19.0621675,47.5186912],[19.0620015,47.5185575],[19.0618611,47.5183807],[19.0617462,47.5182837],[19.0616695,47.5181716],[19.0616121,47.518176],[19.0613121,47.5178526],[19.0611989,47.5177139],[19.0610462,47.5175778],[19.0610598,47.5175718],[19.061326,47.5174295],[19.0629664,47.5183425]]]}},
{"type":"Feature","properties":{"id":"way/216235017","leisure":"playground","name":"Szitakötő játszótér"},"geometry":{"type":"Polygon","coordinates":[[[19.0296488,47.4994099],[19.029543,47.4993431],[19.0294831,47.4993053],[19.0295744,47.4992393],[19.0294391,47.4991539],[19.0296176,47.4990247],[19.0295181,47.4989619],[19.0297231,47.4988137],[19.0295279,47.4986831],[19.029615,47.4986234],[19.0297939,47.4985006],[19.0299605,47.4985681],[19.030196,47.4987137],[19.0300891,47.498802],[19.0303029,47.498937],[19.0301713,47.4990322],[19.0296488,47.4994099]]]}},
{"type":"Feature","properties":{"id":"way/217362663","leisure":"playground","name":"Bulcsú park - játszótér"},"geometry":{"type":"Polygon","coordinates":[[[19.0621178,47.5184485],[19.0619515,47.5182908],[19.0622812,47.5182004],[19.0623831,47.5182776],[19.0627055,47.5184787],[19.0623877,47.518667],[19.0622704,47.5185694],[19.0621178,47.5184485]]]}},
{"type":"Feature","properties":{"id":"way/217538666","area":"yes","highway":"pedestrian","name":"Hevesi Sándor tér","surface":"asphalt"},"geometry":{"type":"Polygon","coordinates":[[[19.0722871,47.5039439],[19.0724603,47.5036062],[19.0726044,47.5036697],[19.0722871,47.5039439]]]}},
{"type":"Feature","properties":{"id":"way/219444991","area":"yes","highway":"pedestrian","surface":"paving_stones"},"geometry":{"type":"Polygon","coordinates":[[[19.054026,47.4985293],[19.0540971,47.4982033],[19.054292,47.4982227],[19.0543711,47.4982306],[19.0543,47.4985566],[19.0542758,47.4985542],[19.0542141,47.498548],[19.054026,47.4985293]]]}},
{"type":"Feature","properties":{"id":"way/221263661","landuse":"grass"},"geometry":{"type":"Polygon","coordinates":[[[19.0395536,47.532021],[19.0394416,47.5320065],[19.0392868,47.5320003],[19.0393655,47.5319708],[19.0394729,47.5319178],[19.039515,47.5318877],[19.0395536,47.532021]]]}},
{"type":"Feature","properties":{"id":"way/221377988","landuse":"grass"},"geometry":{"type":"Polygon","coordinates":[[[19.0383124,47.5164788],[19.0383357,47.5164756],[19.0384164,47.5165168],[19.0388656,47.5167444],[19.0388516,47.51679],[19.0388016,47.516772],[19.0386115,47.5166756],[19.0385389,47.5166484],[19.0384678,47.5166308],[19.0383605,47.516619],[19.0382194,47.516605],[19.03821,47.5165991],[19.0382089,47.5165886],[19.0382421,47.5165608],[19.038268,47.5165311],[19.0382916,47.5164933],[19.0383124,47.5164788]]]}},
{"type":"Feature","properties":{"id":"way/221552542","landuse":"grass"},"geometry":{"type":"Polygon","coordinates":[[[19.0429537,47.5392838],[19.0429848,47.539281],[19.0430239,47.539455],[19.0432938,47.5394201],[19.0434553,47.5393975],[19.0434547,47.5395016],[19.0433916,47.5395292],[19.0431013,47.5395935],[19.0430544,47.5396003],[19.0430054,47.539575],[19.0429537,47.5392838]]]}},
{"type":"Feature","properties":{"id":"way/221552543","landuse":"grass"},"geometry":{"type":"Polygon","coordinates":[[[19.0421625,47.5395406],[19.0424852,47.539487],[19.0426435,47.5394735],[19.0427835,47.53945],[19.0428311,47.5396238],[19.0428049,47.5396551],[19.0427265,47.5396754],[19.0425434,47.5397216],[19.0424515,47.5397434],[19.0423181,47.5397868],[19.0421867,47.5398253],[19.0421793,47.5397198],[19.0421706,47.5396175],[19.0421625,47.5395406]]]}},
{"type":"Feature","properties":{"id":"way/221552545","landuse":"grass"},"geometry":{"type":"Polygon","coordinates":[[[19.0409772,47.5394219],[19.0409653,47.5393904],[19.0409653,47.5393581],[19.0409998,47.5393285],[19.041065,47.5393213],[19.0411369,47.5393231],[19.0411622,47.5393428],[19.0411941,47.5394282],[19.0412446,47.5396123],[19.0412712,47.5396482],[19.041363,47.5396832],[19.0414535,47.539667],[19.041524,47.5396877],[19.0416411,47.5396994],[19.0420368,47.5396861],[19.0420608,47.5398083],[19.0420692,47.539877],[19.0420335,47.5399113],[19.0419997,47.5399361],[19.0419336,47.539966],[19.0418925,47.5399697],[19.0416916,47.539914],[19.0415054,47.5398826],[19.041383,47.5398673],[19.0412885,47.5398673],[19.04121,47.5398601],[19.0411781,47.5398503],[19.0411182,47.5398134],[19.0410943,47.539782],[19.0410877,47.5397569],[19.0409772,47.5394219]]]}},
{"type":"Feature","properties":{"id":"way/221658057","leisure":"park","name":"Tarasz Sevcsenko tér"},"geometry":{"type":"Polygon","coordinates":[[[19.0382099,47.5113949],[19.0379212,47.5113822],[19.0377916,47.5113765],[19.0376621,47.5113708],[19.0376045,47.5110738],[19.0376137,47.5110123],[19.0374997,47.5110147],[19.0374921,47.5109238],[19.0374911,47.5109033],[19.0379265,47.5109055],[19.0381426,47.5109064],[19.0381443,47.510734],[19.0382543,47.5107347],[19.0382099,47.5113949]]]}},
{"type":"Feature","properties":{"id":"way/223964730","leisure":"pitch","surface":"tartan"},"geometry":{"type":"Polygon","coordinates":[[[19.0378629,47.5451356],[19.0378086,47.5449043],[19.0380178,47.544882],[19.0380669,47.5451139],[19.0378629,47.5451356]]]}},
{"type":"Feature","properties":{"id":"way/225953128","leisure":"park"},"geometry":{"type":"Polygon","coordinates":[[[19.0385594,47.5061413],[19.0385624,47.5060582],[19.0388287,47.5060626],[19.0388257,47.5061456],[19.0385594,47.5061413]]]}},
{"type":"Feature","properties":{"id":"way/225953130","leisure":"park"},"geometry":{"type":"Polygon","coordinates":[[[19.0384985,47.506575],[19.038498,47.5062881],[19.0388119,47.5062878],[19.0388124,47.5065748],[19.0384985,47.506575]]]}},
{"type":"Feature","properties":{"id":"way/225953131","landuse":"flowerbed","leisure":"park"},"geometry":{"type":"Polygon","coordinates":[[[19.0389113,47.5065582],[19.0389102,47.5064511],[19.039012,47.5064499],[19.039014,47.5065576],[19.0389113,47.5065582]]]}},
{"type":"Feature","properties":{"id":"way/226144351","leisure":"playground","name":"Aranyhíd játszótér"},"geometry":{"type":"Polygon","coordinates":[[[19.0538997,47.4770455],[19.0539017,47.4769556],[19.0538708,47.4769566],[19.0538558,47.4769081],[19.0539467,47.4769064],[19.053991,47.4768337],[19.0542753,47.4768264],[19.0542705,47.4768677],[19.054246,47.4770742],[19.0541665,47.4770666],[19.0540774,47.4770602],[19.0538997,47.4770455]]]}},
{"type":"Feature","properties":{"id":"way/226237953","area":"yes","highway":"pedestrian","surface":"asphalt"},"geometry":{"type":"Polygon","coordinates":[[[19.0407111,47.5413935],[19.0405889,47.5414497],[19.0405012,47.541512],[19.0405737,47.5415656],[19.040363,47.541688],[19.0402911,47.5416974],[19.0402523,47.5417026],[19.0401626,47.541738],[19.0401142,47.5417376],[19.0400702,47.5417461],[19.0400286,47.5417542],[19.0399639,47.5417787],[19.0399478,47.5417651],[19.040197,47.5416323],[19.0404085,47.5415113],[19.0406464,47.5413456],[19.0407111,47.5413935]]]}},
{"type":"Feature","properties":{"id":"way/226237968","area":"yes","highway":"pedestrian","surface":"asphalt"},"geometry":{"type":"Polygon","coordinates":[[[19.0410198,47.541771],[19.0410764,47.5417601],[19.0410949,47.541757],[19.0412099,47.5420431],[19.0413032,47.5422466],[19.0413858,47.5424],[19.0414921,47.5425722],[19.0415733,47.5427121],[19.041621,47.5428081],[19.041732,47.5430695],[19.0417356,47.5431197],[19.0417262,47.5431798],[19.0418553,47.5434488],[19.0419038,47.5435234],[19.0419613,47.5436133],[19.0420522,47.5438821],[19.0419882,47.5438877],[19.0419053,47.5436378],[19.0418644,47.5435734],[19.0417736,47.5435826],[19.0416833,47.5432898],[19.0415783,47.542949],[19.0415283,47.5428033],[19.0415116,47.5427548],[19.0413996,47.5427691],[19.0413817,47.5427167],[19.0412944,47.5424616],[19.0411475,47.5420322],[19.0411248,47.5419954],[19.0410834,47.5419755],[19.0410355,47.5419637],[19.0410215,47.5419377],[19.0410123,47.5418888],[19.0410138,47.5418724],[19.0410138,47.5418622],[19.0409912,47.5417751],[19.0410198,47.541771]]]}},
{"type":"Feature","properties":{"id":"way/226239916","landuse":"grass"},"geometry":{"type":"Polygon","coordinates":[[[19.0405952,47.5418474],[19.0406946,47.5417914],[19.0407328,47.5418393],[19.0409157,47.5418129],[19.0409354,47.5418313],[19.040946,47.5418497],[19.0409869,47.5418456],[19.0409959,47.541864],[19.0410138,47.5418622],[19.0410138,47.5418724],[19.0410123,47.5418888],[19.0407694,47.5419178],[19.0407205,47.5419154],[19.0406762,47.5419016],[19.0406497,47.5418847],[19.0406285,47.5418714],[19.0405952,47.5418474]]]}},
{"type":"Feature","properties":{"id":"way/226239918","landuse":"grass"},"geometry":{"type":"Polygon","coordinates":[[[19.0406849,47.5415493],[19.0407434,47.5415849],[19.0407669,47.5416196],[19.0407712,47.5416601],[19.0407391,47.5417064],[19.0406684,47.5417584],[19.0405555,47.5418203],[19.0404118,47.5417237],[19.0406849,47.5415493]]]}},
{"type":"Feature","properties":{"id":"way/227388597","landuse":"grass"},"geometry":{"type":"Polygon","coordinates":[[[19.0457873,47.5399585],[19.0458047,47.5399407],[19.045975,47.5399202],[19.0459834,47.5399308],[19.0460223,47.539923],[19.0460539,47.539923],[19.0460741,47.5399722],[19.0460094,47.5399825],[19.0460401,47.5400698],[19.0459871,47.5400763],[19.0459034,47.5400891],[19.0458387,47.540097],[19.0458063,47.5400864],[19.0457939,47.5400411],[19.0457873,47.5399585]]]}},
{"type":"Feature","properties":{"id":"way/227388598","landuse":"grass"},"geometry":{"type":"Polygon","coordinates":[[[19.0463433,47.5399862],[19.0463129,47.5398892],[19.0463152,47.539876],[19.0463361,47.5398619],[19.0463536,47.5398553],[19.046366,47.5398528],[19.0464934,47.5398229],[19.0465899,47.539799],[19.0466173,47.5398002],[19.0466306,47.539808],[19.0466266,47.5398682],[19.0466084,47.5399031],[19.0465652,47.5399328],[19.0464336,47.5399923],[19.0463915,47.5400094],[19.0463609,47.5400068],[19.0463433,47.5399862]]]}},
{"type":"Feature","properties":{"id":"way/227388599","landuse":"grass"},"geometry":{"type":"Polygon","coordinates":[[[19.0461575,47.5400323],[19.0461271,47.5399188],[19.0461336,47.5399094],[19.0461463,47.5399014],[19.046209,47.53989],[19.0462305,47.5398915],[19.0462395,47.5399018],[19.0462752,47.5400168],[19.0462668,47.5400267],[19.0462522,47.5400352],[19.0461938,47.5400432],[19.0461735,47.5400398],[19.0461575,47.5400323]]]}},
{"type":"Feature","properties":{"id":"way/229366925","leisure":"pitch","surface":"sand"},"geometry":{"type":"Polygon","coordinates":[[[19.0430475,47.5164267],[19.0431002,47.5162613],[19.043509,47.5163207],[19.0434563,47.5164861],[19.0430475,47.5164267]]]}},
{"type":"Feature","properties":{"id":"way/229366926","leisure":"pitch","surface":"sand"},"geometry":{"type":"Polygon","coordinates":[[[19.0430475,47.5164267],[19.0434563,47.5164861],[19.0434031,47.5166533],[19.0429942,47.5165939],[19.0430475,47.5164267]]]}},
{"type":"Feature","properties":{"id":"way/229366927","leisure":"pitch","surface":"sand"},"geometry":{"type":"Polygon","coordinates":[[[19.0431507,47.5161029],[19.043202,47.5159416],[19.0436108,47.516001],[19.0435595,47.5161623],[19.0431507,47.5161029]]]}},
{"type":"Feature","properties":{"id":"way/229366928","leisure":"pitch","surface":"sand"},"geometry":{"type":"Polygon","coordinates":[[[19.0431507,47.5161029],[19.0435595,47.5161623],[19.043509,47.5163207],[19.0431002,47.5162613],[19.0431507,47.5161029]]]}},
{"type":"Feature","properties":{"id":"way/23226758","leisure":"park","name":"Széchenyi István tér","place":"square"},"geometry":{"type":"Polygon","coordinates":[[[19.0467898,47.5004605],[19.0467109,47.5004305],[19.0466637,47.5003862],[19.0466472,47.5003403],[19.0466507,47.5002934],[19.0466805,47.5001804],[19.0472813,47.4987644],[19.0473477,47.4986864],[19.0474136,47.498641],[19.0474993,47.4986119],[19.0476174,47.4985976],[19.0477143,47.4986057],[19.0479062,47.4986691],[19.0479702,47.4987158],[19.0480217,47.4987782],[19.0480411,47.4988377],[19.0480274,47.498912],[19.0479446,47.4990609],[19.0477666,47.4992887],[19.0476049,47.4995025],[19.0474472,47.4997936],[19.0473313,47.5001403],[19.0472755,47.5003496],[19.0472547,47.5003902],[19.0472178,47.5004282],[19.0471648,47.5004591],[19.0471029,47.5004857],[19.0470366,47.5004948],[19.0469097,47.5004821],[19.0467898,47.5004605]]]}},
{"type":"Feature","properties":{"id":"way/232581530","leisure":"pitch","surface":"asphalt"},"geometry":{"type":"Polygon","coordinates":[[[19.0653726,47.5212685],[19.0655299,47.5214184],[19.0653687,47.5214955],[19.0652114,47.5213456],[19.0653726,47.5212685]]]}},
{"type":"Feature","properties":{"id":"way/232581531","leisure":"pitch","surface":"asphalt"},"geometry":{"type":"Polygon","coordinates":[[[19.0655299,47.5214184],[19.0653726,47.5212685],[19.0657914,47.5210681],[19.0659486,47.521218],[19.0655299,47.5214184]]]}},
{"type":"Feature","properties":{"id":"way/235997639","leisure":"park","name":"Függetlenségi park"},"geometry":{"type":"Polygon","coordinates":[[[19.0325719,47.4770532],[19.0329435,47.4762323],[19.0329911,47.4762445],[19.0330335,47.4762554],[19.0331349,47.4762814],[19.0336013,47.4764116],[19.0343042,47.4766387],[19.0343032,47.4766713],[19.034303,47.4766773],[19.0336192,47.4768411],[19.0335882,47.4768486],[19.0326069,47.4770837],[19.0326028,47.4770801],[19.0325932,47.4770717],[19.0325864,47.4770658],[19.0325719,47.4770532]]]}},
{"type":"Feature","properties":{"id":"way/235997680","landuse":"grass"},"geometry":{"type":"Polygon","coordinates":[[[19.0353716,47.476554],[19.0354219,47.4766444],[19.0352595,47.4766696],[19.0351242,47.4766811],[19.0349887,47.4766777],[19.0349352,47.476676],[19.0348772,47.4766682],[19.0349792,47.4766462],[19.0353716,47.476554]]]}},
{"type":"Feature","properties":{"id":"way/235997681","landuse":"grass"},"geometry":{"type":"Polygon","coordinates":[[[19.0335342,47.4769789],[19.0335638,47.4769776],[19.0335925,47.4769827],[19.0336173,47.4769937],[19.0336354,47.4770096],[19.0336451,47.4770286],[19.0336452,47.4770486],[19.0336358,47.4770676],[19.0336179,47.4770836],[19.0335933,47.4770948],[19.0324534,47.4773653],[19.0324413,47.4773321],[19.0324887,47.4772297],[19.0335342,47.4769789]]]}},
{"type":"Feature","properties":{"id":"way/235997682","landuse":"grass"},"geometry":{"type":"Polygon","coordinates":[[[19.0344039,47.4768921],[19.0338392,47.477031],[19.0338033,47.4770332],[19.0337794,47.4770315],[19.0337562,47.4770233],[19.0337375,47.4770128],[19.0337234,47.4769941],[19.0337176,47.4769762],[19.0337209,47.4769564],[19.0337361,47.4769395],[19.0337601,47.4769279],[19.0337875,47.4769202],[19.0343463,47.4767875],[19.0344039,47.4768921]]]}},
{"type":"Feature","properties":{"id":"way/235997685","landuse":"grass"},"geometry":{"type":"Polygon","coordinates":[[[19.0345442,47.4766147],[19.0343151,47.4765469],[19.0337772,47.4763752],[19.0333979,47.4762605],[19.0329978,47.4761556],[19.0330148,47.4761206],[19.0347673,47.476546],[19.0345442,47.4766147]]]}},
{"type":"Feature","properties":{"id":"way/235997687","landuse":"grass"},"geometry":{"type":"Polygon","coordinates":[[[19.0327097,47.4762016],[19.0327828,47.4762165],[19.0323871,47.477086],[19.0323154,47.477069],[19.0327097,47.4762016]]]}},
{"type":"Feature","properties":{"id":"way/235997689","landuse":"grass"},"geometry":{"type":"Polygon","coordinates":[[[19.0374891,47.476055],[19.0375136,47.4760627],[19.0376261,47.4760982],[19.0382183,47.4759559],[19.0381524,47.4759279],[19.0381378,47.475913],[19.0381501,47.4758976],[19.0382845,47.4758655],[19.0383102,47.4758689],[19.0383321,47.475877],[19.0383541,47.4758939],[19.0383635,47.4759104],[19.0383636,47.4759341],[19.0383441,47.4759547],[19.0374577,47.4761611],[19.0374141,47.476085],[19.0374076,47.4760737],[19.0374891,47.476055]]]}},
{"type":"Feature","properties":{"id":"way/235997710","leisure":"pitch"},"geometry":{"type":"Polygon","coordinates":[[[19.042685,47.478082],[19.0425851,47.4777722],[19.0428312,47.477736],[19.0429311,47.4780457],[19.042889,47.4780519],[19.042685,47.478082]]]}},
{"type":"Feature","properties":{"id":"way/236155894","leisure":"park"},"geometry":{"type":"Polygon","coordinates":[[[19.0676015,47.479932],[19.0675614,47.4799243],[19.0675313,47.479905],[19.0675178,47.4798784],[19.0675242,47.4798506],[19.0675489,47.4798281],[19.0675864,47.4798158],[19.0676279,47.4798168],[19.0676641,47.4798306],[19.0676866,47.4798543],[19.0676902,47.4798823],[19.0676742,47.4799082],[19.0676422,47.4799261],[19.0676015,47.479932]]]}},
{"type":"Feature","properties":{"id":"way/237142398","leisure":"pitch","surface":"asphalt"},"geometry":{"type":"Polygon","coordinates":[[[19.0720895,47.5264531],[19.0723673,47.5262667],[19.0727301,47.5265132],[19.0724523,47.5266997],[19.0720895,47.5264531]]]}},
{"type":"Feature","properties":{"id":"way/24000054","landuse":"grass"},"geometry":{"type":"Polygon","coordinates":[[[19.0543507,47.5028975],[19.0543633,47.5026944],[19.0546213,47.5027017],[19.0546088,47.5029048],[19.0543507,47.5028975]]]}},
{"type":"Feature","properties":{"id":"way/24000863","leisure":"park"},"geometry":{"type":"Polygon","coordinates":[[[19.0468016,47.5007197],[19.0466385,47.5005782],[19.0468001,47.5006199],[19.0469804,47.5006353],[19.0470508,47.5006352],[19.0471102,47.5006282],[19.0471662,47.500618],[19.0471743,47.5006265],[19.0470421,47.5008939],[19.0470237,47.5008905],[19.0468016,47.5007197]]]}},
{"type":"Feature","properties":{"id":"way/24006043","leisure":"playground","name":"Kufli játszótér"},"geometry":{"type":"Polygon","coordinates":[[[19.0507346,47.4995853],[19.0508042,47.4992714],[19.0508511,47.4990646],[19.0511166,47.4990873],[19.0511948,47.499094],[19.051181,47.499154],[19.0511607,47.4992419],[19.0511382,47.4993394],[19.0511051,47.4994827],[19.0510879,47.4995573],[19.0510859,47.499566],[19.0510803,47.4995904],[19.0510728,47.499623],[19.0509501,47.4996101],[19.0507346,47.4995853]]]}},
{"type":"Feature","properties":{"id":"way/24037552","landuse":"grass"},"geometry":{"type":"Polygon","coordinates":[[[19.0506738,47.4966744],[19.050652,47.4967016],[19.0505731,47.4966706],[19.0505575,47.4966886],[19.0506361,47.4967195],[19.0506162,47.4967388],[19.0505967,47.4967569],[19.0505797,47.4967694],[19.0505565,47.4967533],[19.0505384,47.4967333],[19.0505142,47.4966962],[19.0504955,47.4966608],[19.0504888,47.4966382],[19.0504847,47.4966128],[19.0504807,47.496572],[19.0504834,47.4965313],[19.0504861,47.4964668],[19.0505082,47.4964629],[19.0505357,47.4964606],[19.0505652,47.496461],[19.0505955,47.4964626],[19.050594,47.4964819],[19.0505954,47.4964977],[19.0506008,47.4965163],[19.0506142,47.4965331],[19.0506316,47.4965476],[19.0506544,47.4965598],[19.0506826,47.4965666],[19.0507145,47.4965681],[19.0507134,47.496596],[19.050706,47.496621],[19.0506899,47.4966495],[19.0506738,47.4966744]]]}},
{"type":"Feature","properties":{"id":"way/24051160","leisure":"park","name":"Vigadó tér"},"geometry":{"type":"Polygon","coordinates":[[[19.0484724,47.4958115],[19.0484826,47.4957572],[19.0485523,47.4956392],[19.0486447,47.495493],[19.0487172,47.4954377],[19.0487796,47.4954137],[19.0488671,47.4954],[19.0489484,47.4954045],[19.0490247,47.4954249],[19.0490943,47.4954635],[19.0491319,47.4955007],[19.0491574,47.4955487],[19.0491629,47.4955993],[19.0491432,47.4956579],[19.0490403,47.4958001],[19.0489483,47.4959181],[19.0488892,47.4959554],[19.0488081,47.4959806],[19.0487352,47.4959868],[19.0486548,47.4959776],[19.0485724,47.4959474],[19.0485125,47.4959018],[19.048484,47.4958594],[19.0484724,47.4958115]]]}},
{"type":"Feature","properties":{"id":"way/24054253","leisure":"park"},"geometry":{"type":"Polygon","coordinates":[[[19.048057,47.5098735],[19.048273,47.509836],[19.0483642,47.5101265],[19.0484894,47.5105096],[19.0486161,47.5104891],[19.0486641,47.5106097],[19.0487719,47.5109482],[19.0486477,47.5109663],[19.0486869,47.5110892],[19.0488409,47.5110668],[19.0486261,47.5113642],[19.0485648,47.5113737],[19.048057,47.5098735]]]}},
{"type":"Feature","properties":{"id":"way/24054276","leisure":"pitch","surface":"tartan"},"geometry":{"type":"Polygon","coordinates":[[[19.0530891,47.5096781],[19.0530451,47.5095284],[19.053472,47.5094713],[19.0535159,47.509621],[19.0530891,47.5096781]]]}},
{"type":"Feature","properties":{"id":"way/24157786","leisure":"park"},"geometry":{"type":"Polygon","coordinates":[[[19.0505619,47.5046917],[19.050512,47.5047316],[19.0504474,47.5047604],[19.0503734,47.5047757],[19.0502961,47.5047764],[19.0502216,47.5047623],[19.050156,47.5047346],[19.0501046,47.5046955],[19.0500715,47.5046483],[19.0500596,47.5045966],[19.0500696,47.5045448],[19.0501009,47.504497],[19.0501508,47.5044571],[19.0502154,47.5044283],[19.0502893,47.5044129],[19.0503667,47.5044122],[19.0504412,47.5044263],[19.0505068,47.504454],[19.0505582,47.5044931],[19.0505912,47.5045404],[19.0506032,47.504592],[19.0505931,47.5046438],[19.0505619,47.5046917]]]}},
{"type":"Feature","properties":{"id":"way/242381800","leisure":"pitch","surface":"clay"},"geometry":{"type":"Polygon","coordinates":[[[19.0406143,47.4797944],[19.0402068,47.4799099],[19.0401214,47.4797776],[19.0405277,47.4796603],[19.0406143,47.4797944]]]}},
{"type":"Feature","properties":{"id":"way/242381801","leisure":"pitch","surface":"clay"},"geometry":{"type":"Polygon","coordinates":[[[19.0402143,47.4799216],[19.0396852,47.4800774],[19.0396524,47.4800266],[19.0395746,47.479906],[19.0401037,47.4797501],[19.0401214,47.4797776],[19.0402068,47.4799099],[19.0402143,47.4799216]]]}},
{"type":"Feature","properties":{"id":"way/242383453","leisure":"pitch","surface":"asphalt"},"geometry":{"type":"Polygon","coordinates":[[[19.0413955,47.4822169],[19.0414948,47.4823132],[19.0411965,47.4824536],[19.0410972,47.4823573],[19.0413955,47.4822169]]]}},
{"type":"Feature","properties":{"id":"way/243107450","leisure":"playground","name":"Csörsz park játszótér"},"geometry":{"type":"Polygon","coordinates":[[[19.0293175,47.4890212],[19.0292562,47.4890084],[19.0292023,47.4889848],[19.0291599,47.4889523],[19.029132,47.4889133],[19.0291208,47.4888706],[19.0291271,47.4888274],[19.0291505,47.488787],[19.0291892,47.4887524],[19.0292402,47.4887261],[19.0292999,47.4887102],[19.0293637,47.4887058],[19.029427,47.4887131],[19.0294849,47.4887318],[19.0294379,47.4887719],[19.0293969,47.4888171],[19.029364,47.4888652],[19.0293396,47.4889155],[19.0293242,47.4889674],[19.0293175,47.4890212]]]}},
{"type":"Feature","properties":{"id":"way/24314356","area":"yes","highway":"pedestrian","name":"Fővám tér","surface":"paving_stones"},"geometry":{"type":"Polygon","coordinates":[[[19.0575789,47.4877684],[19.0575198,47.4877401],[19.0571775,47.4875762],[19.0572032,47.487554],[19.0572578,47.4875003],[19.0574107,47.4873497],[19.0574287,47.4873351],[19.0574814,47.4873589],[19.0575762,47.4872782],[19.0575988,47.487259],[19.0577218,47.4872962],[19.0578804,47.4873694],[19.0579742,47.4874123],[19.0579732,47.4874546],[19.0579532,47.4874733],[19.0577467,47.4876658],[19.057618,47.4877859],[19.0575789,47.4877684]]]}},
{"type":"Feature","properties":{"id":"way/24314571","leisure":"park","name":"Károlyi kert"},"geometry":{"type":"Polygon","coordinates":[[[19.0587356,47.4921183],[19.0588384,47.4920201],[19.058966,47.4918884],[19.058986,47.4918687],[19.0589977,47.4918572],[19.0591584,47.4916992],[19.0591798,47.4916947],[19.0593005,47.4915688],[19.0594406,47.491624],[19.0602815,47.4919553],[19.0602774,47.4919844],[19.0603175,47.4920027],[19.0600287,47.4925992],[19.0599284,47.492595],[19.0598354,47.4926322],[19.0588487,47.4921711],[19.0587356,47.4921183]]]}},
{"type":"Feature","properties":{"id":"way/24320938","leisure":"park","name":"Városháza pop-up park","surface":"asphalt"},"geometry":{"type":"Polygon","coordinates":[[[19.0559279,47.4965734],[19.0558086,47.4964696],[19.0557016,47.4963564],[19.0552162,47.4965023],[19.0548338,47.4965908],[19.0546053,47.4963172],[19.0561337,47.4956914],[19.0563397,47.4959129],[19.0559618,47.496071],[19.0560141,47.496129],[19.0559842,47.4961434],[19.0561701,47.4963494],[19.0565452,47.4961906],[19.056623,47.496273],[19.0561852,47.4964747],[19.0561455,47.4965313],[19.0559279,47.4965734]]]}},
{"type":"Feature","properties":{"id":"way/24322706","area":"yes","highway":"pedestrian","name":"Szomory Dezső tér","surface":"paving_stones"},"geometry":{"type":"Polygon","coordinates":[[[19.0539399,47.4961331],[19.0541887,47.4964159],[19.0541766,47.4964436],[19.054,47.4964911],[19.0539499,47.4964942],[19.0538998,47.4964973],[19.0538683,47.496418],[19.0538602,47.4964126],[19.0538045,47.4963756],[19.053619,47.4963037],[19.0535073,47.4962556],[19.0535274,47.4962322],[19.0535693,47.4961891],[19.0536585,47.4961898],[19.0538074,47.49616],[19.0539399,47.4961331]]]}},
{"type":"Feature","properties":{"id":"way/243687882","leisure":"pitch","surface":"artificial_turf"},"geometry":{"type":"Polygon","coordinates":[[[19.0359481,47.5047886],[19.036051,47.5045523],[19.0361998,47.5045819],[19.0360968,47.5048182],[19.0359481,47.5047886]]]}},
{"type":"Feature","properties":{"id":"way/243688047","leisure":"pitch","surface":"tartan"},"geometry":{"type":"Polygon","coordinates":[[[19.0348875,47.5045463],[19.0349533,47.5044118],[19.035283,47.5044855],[19.0352173,47.5046199],[19.0348875,47.5045463]]]}},
{"type":"Feature","properties":{"id":"way/243688835","leisure":"pitch"},"geometry":{"type":"Polygon","coordinates":[[[19.0339685,47.5045231],[19.0339498,47.5043049],[19.0341296,47.5042979],[19.0341483,47.504516],[19.0339685,47.5045231]]]}},
{"type":"Feature","properties":{"id":"way/243689411","leisure":"playground","name":"Franklin utcai játszótér"},"geometry":{"type":"Polygon","coordinates":[[[19.0367723,47.5051953],[19.0366749,47.5055467],[19.0365712,47.5057013],[19.036156,47.5056532],[19.0363285,47.5053956],[19.0364043,47.5051632],[19.0367723,47.5051953]]]}},
{"type":"Feature","properties":{"id":"way/243698505","leisure":"garden","name":"Újvilág-kert"},"geometry":{"type":"Polygon","coordinates":[[[19.0401526,47.4949978],[19.0398511,47.494815],[19.0403657,47.4944502],[19.0406009,47.494463],[19.0407939,47.4945845],[19.0401526,47.4949978]]]}},
{"type":"Feature","properties":{"id":"way/243704017","area":"yes","highway":"pedestrian","name":"Ferencziek Bazára","surface":"asphalt"},"geometry":{"type":"Polygon","coordinates":[[[19.0569344,47.4931999],[19.0570353,47.4930082],[19.0570097,47.4929767],[19.0566138,47.4928886],[19.0566308,47.4928519],[19.056651,47.4928084],[19.0570539,47.4929028],[19.0571075,47.4928807],[19.0571424,47.4928178],[19.0571949,47.4928299],[19.0572519,47.492843],[19.0570416,47.4932289],[19.056989,47.4932147],[19.0569344,47.4931999]]]}},
{"type":"Feature","properties":{"id":"way/24543244","leisure":"park","name":"Városháza park"},"geometry":{"type":"Polygon","coordinates":[[[19.0546122,47.4967359],[19.0546566,47.4967059],[19.0549494,47.4966848],[19.0550882,47.4966202],[19.0556792,47.4964843],[19.0556923,47.4965036],[19.0558086,47.4964696],[19.0559279,47.4965734],[19.0561455,47.4965313],[19.0566079,47.4963333],[19.0567514,47.496324],[19.0567682,47.4963174],[19.0570474,47.4962019],[19.0571325,47.4963008],[19.0564527,47.4965657],[19.0550817,47.4971471],[19.0549227,47.4969743],[19.0546122,47.4967359]]]}},
{"type":"Feature","properties":{"id":"way/246995060","area":"yes","highway":"pedestrian","name":"Petőfi tér","surface":"paving_stones"},"geometry":{"type":"Polygon","coordinates":[[[19.0503621,47.4927552],[19.050524,47.4925632],[19.0505448,47.4925679],[19.0505723,47.4925741],[19.0507626,47.4926184],[19.050737,47.492683],[19.0507137,47.4927405],[19.0506713,47.4928336],[19.0505315,47.4927978],[19.050456,47.4927804],[19.0503621,47.4927552]]]}},
{"type":"Feature","properties":{"id":"way/247008982","area":"yes","highway":"pedestrian","name":"Kálvin tér","name:en":"Calvin Square","surface":"paving_stones"},"geometry":{"type":"Polygon","coordinates":[[[19.0610029,47.4887982],[19.0610328,47.4887734],[19.0610828,47.4887319],[19.0612182,47.488731],[19.0613535,47.48873],[19.061407,47.4887464],[19.0614069,47.4887646],[19.0614067,47.4887854],[19.0615345,47.4888308],[19.0616743,47.4888796],[19.0617748,47.4889283],[19.0618623,47.4889693],[19.0619357,47.4890147],[19.0620277,47.4891312],[19.0619948,47.4891847],[19.0621174,47.4893414],[19.0620915,47.489356],[19.061831,47.4894869],[19.0617979,47.4894849],[19.0617673,47.4894801],[19.0617239,47.48946],[19.0614997,47.4891953],[19.0613942,47.4891052],[19.0610761,47.4888359],[19.0610029,47.4887982]]]}},
{"type":"Feature","properties":{"id":"way/24727208","area":"yes","highway":"pedestrian","name":"Goldmann György tér","surface":"paving_stones"},"geometry":{"type":"Polygon","coordinates":[[[19.0583581,47.4771278],[19.0583731,47.4771146],[19.0583992,47.477091],[19.0583338,47.4770579],[19.0583316,47.477011],[19.0583777,47.4769742],[19.0584464,47.4769704],[19.0585991,47.4770445],[19.0586203,47.4771228],[19.0586675,47.4771146],[19.0587042,47.4771083],[19.0589418,47.4772226],[19.0589658,47.4772993],[19.0589294,47.4773381],[19.0589176,47.4773508],[19.0589029,47.4773666],[19.058835,47.4773826],[19.0588213,47.4773857],[19.0587892,47.4773931],[19.0586574,47.4773291],[19.0586508,47.4772993],[19.0586265,47.4772602],[19.058577,47.4772343],[19.0585449,47.4772182],[19.0585192,47.4772052],[19.0583581,47.4771278]]]}},
{"type":"Feature","properties":{"id":"way/248356389","leisure":"garden"},"geometry":{"type":"Polygon","coordinates":[[[19.0673548,47.478787],[19.0673933,47.4787186],[19.0674573,47.4786603],[19.0674425,47.4786576],[19.0674751,47.4786251],[19.0674624,47.4786192],[19.0675116,47.4785603],[19.0674763,47.4785453],[19.0675371,47.4784763],[19.0675153,47.478464],[19.0675892,47.4783947],[19.0677341,47.4784567],[19.067719,47.4784719],[19.0677419,47.4785317],[19.0677409,47.4785814],[19.0677225,47.4786302],[19.0676911,47.4786652],[19.0676507,47.4787007],[19.067591,47.47874],[19.0675124,47.4787666],[19.0674417,47.4787798],[19.0673548,47.478787]]]}},
{"type":"Feature","properties":{"id":"way/248826383","leisure":"pitch","surface":"clay"},"geometry":{"type":"Polygon","coordinates":[[[19.0304397,47.5341365],[19.0308502,47.5342716],[19.0306868,47.5344977],[19.0302765,47.5343625],[19.0304397,47.5341365]]]}},
{"type":"Feature","properties":{"id":"way/249591180","leisure":"pitch"},"geometry":{"type":"Polygon","coordinates":[[[19.0709993,47.4790833],[19.0711972,47.4788505],[19.0714146,47.478935],[19.0712167,47.4791677],[19.0709993,47.4790833]]]}},
{"type":"Feature","properties":{"id":"way/249591191","leisure":"park"},"geometry":{"type":"Polygon","coordinates":[[[19.0697437,47.4780308],[19.0697704,47.4780403],[19.0698763,47.4780807],[19.0695722,47.4784301],[19.0702896,47.4787062],[19.0702172,47.4787913],[19.0690745,47.4783471],[19.0688753,47.4785812],[19.0688236,47.4786462],[19.0686157,47.4785666],[19.0687049,47.478306],[19.0688023,47.4783364],[19.0689677,47.4781164],[19.0690109,47.4781334],[19.0690461,47.4780866],[19.0691566,47.4781288],[19.0691763,47.4781162],[19.0691959,47.4781099],[19.0692279,47.4781141],[19.0692486,47.4781281],[19.0692548,47.4781428],[19.0692496,47.4781612],[19.0693376,47.4781948],[19.0692977,47.47824],[19.0694916,47.4783155],[19.0697437,47.4780308]]]}},
{"type":"Feature","properties":{"id":"way/249799299","leisure":"park","name":"Zwack Péter tér"},"geometry":{"type":"Polygon","coordinates":[[[19.0719846,47.4773298],[19.0722384,47.4770221],[19.0727568,47.4772064],[19.0725101,47.4775161],[19.0719846,47.4773298]]]}},
{"type":"Feature","properties":{"id":"way/250172348","leisure":"pitch","surface":"artificial_turf"},"geometry":{"type":"Polygon","coordinates":[[[19.0371266,47.4908293],[19.0372253,47.490441],[19.0375191,47.4904752],[19.0374203,47.4908634],[19.0371266,47.4908293]]]}},
{"type":"Feature","properties":{"id":"way/25038772","leisure":"park","name":"Olimpia park","name:en":"Olympic Park"},"geometry":{"type":"Polygon","coordinates":[[[19.0463986,47.5109335],[19.046379,47.5108564],[19.0463544,47.5107529],[19.0462794,47.5104368],[19.0462601,47.5103554],[19.0462206,47.5101889],[19.0462149,47.5101599],[19.0466191,47.5101005],[19.0466303,47.5101308],[19.0466787,47.5101505],[19.0467271,47.5101703],[19.0468015,47.5103969],[19.0468256,47.5104818],[19.0468379,47.5105213],[19.0468551,47.5105788],[19.0468674,47.5106183],[19.0468952,47.5107022],[19.0469108,47.5107473],[19.046933,47.5108113],[19.046949,47.5108574],[19.0469587,47.5108734],[19.0469742,47.5109297],[19.0469791,47.5109476],[19.0469853,47.5109701],[19.0469953,47.5110064],[19.0469987,47.511019],[19.0470049,47.5110415],[19.0470507,47.5111539],[19.0471519,47.5114577],[19.0471052,47.5114635],[19.0470659,47.5114684],[19.0465535,47.5115426],[19.0465434,47.5115028],[19.0463986,47.5109335]]]}},
{"type":"Feature","properties":{"id":"way/25041722","name":"Szervita tér","place":"square"},"geometry":{"type":"Polygon","coordinates":[[[19.0534869,47.4955696],[19.0533295,47.4955662],[19.0533051,47.4955595],[19.0532809,47.4955608],[19.0529934,47.4956496],[19.0528015,47.4957335],[19.0527754,47.4957629],[19.0526658,47.4958579],[19.0526373,47.4958826],[19.0524497,47.4958025],[19.052315,47.4957589],[19.0522503,47.4957352],[19.0522895,47.4956846],[19.0523265,47.4956367],[19.0525143,47.4955421],[19.052537,47.495523],[19.0526601,47.4954168],[19.0527653,47.4953265],[19.0529326,47.4951828],[19.0530647,47.4950693],[19.0530859,47.4950833],[19.0531042,47.4950955],[19.0531521,47.4951273],[19.0531603,47.4951327],[19.0533065,47.4952726],[19.0533172,47.4952831],[19.0533264,47.4952921],[19.0534631,47.4954293],[19.0535001,47.4954678],[19.0535371,47.4955458],[19.0534869,47.4955696]]]}},
{"type":"Feature","properties":{"id":"way/250482345","leisure":"pitch"},"geometry":{"type":"Polygon","coordinates":[[[19.0257576,47.4935621],[19.025811,47.4932658],[19.0260444,47.493285],[19.0259909,47.4935813],[19.0257576,47.4935621]]]}},
{"type":"Feature","properties":{"id":"way/250482347","leisure":"pitch"},"geometry":{"type":"Polygon","coordinates":[[[19.0258287,47.4932023],[19.0258803,47.4929169],[19.0261102,47.4929359],[19.0260586,47.4932213],[19.0258287,47.4932023]]]}},
{"type":"Feature","properties":{"id":"way/250494179","leisure":"pitch","surface":"artificial_turf"},"geometry":{"type":"Polygon","coordinates":[[[19.0227317,47.4891669],[19.0226971,47.4889572],[19.0232634,47.4889146],[19.0232979,47.4891244],[19.0227317,47.4891669]]]}},
{"type":"Feature","properties":{"id":"way/25050255","leisure":"park"},"geometry":{"type":"Polygon","coordinates":[[[19.0509455,47.4926328],[19.0510305,47.4923673],[19.0510517,47.4921294],[19.051096,47.4920218],[19.0512453,47.4918076],[19.0513779,47.4918546],[19.0513592,47.4918802],[19.0517454,47.492023],[19.051773,47.4919978],[19.0518156,47.492015],[19.0517784,47.4920541],[19.0516135,47.4922277],[19.0515854,47.4922357],[19.0515694,47.4922531],[19.0515677,47.4922709],[19.051476,47.4923659],[19.0514548,47.4923716],[19.0514379,47.4923902],[19.0514348,47.4924061],[19.0513479,47.4924967],[19.0513188,47.4925061],[19.0513026,47.4925217],[19.0513014,47.4925442],[19.051254,47.4925941],[19.0511969,47.4925752],[19.0511165,47.4926687],[19.0509455,47.4926328]]]}},
{"type":"Feature","properties":{"id":"way/25050257","leisure":"park"},"geometry":{"type":"Polygon","coordinates":[[[19.0499895,47.4935591],[19.0505315,47.4927978],[19.0506713,47.4928336],[19.0503701,47.4936742],[19.0499895,47.4935591]]]}},
{"type":"Feature","properties":{"id":"way/25054042","leisure":"park"},"geometry":{"type":"Polygon","coordinates":[[[19.0566231,47.4872756],[19.0569092,47.4870272],[19.0573297,47.4872398],[19.0572915,47.4872695],[19.0573051,47.4872979],[19.0574107,47.4873497],[19.0572578,47.4875003],[19.0572032,47.487554],[19.0566231,47.4872756]]]}},
{"type":"Feature","properties":{"id":"way/25081125","leisure":"park","name":"Lehel tér"},"geometry":{"type":"Polygon","coordinates":[[[19.0602765,47.5171331],[19.0600958,47.5167324],[19.0601289,47.5167249],[19.0603181,47.5166751],[19.0604241,47.5166355],[19.0606284,47.51654],[19.0607317,47.5164302],[19.0612529,47.5167294],[19.061311,47.5168199],[19.0612562,47.516906],[19.0608288,47.5171125],[19.0604702,47.5172105],[19.0604022,47.5171064],[19.0602765,47.5171331]]]}},
{"type":"Feature","properties":{"id":"way/25094958","leisure":"park","name":"Jókai tér"},"geometry":{"type":"Polygon","coordinates":[[[19.0612723,47.5051792],[19.0620833,47.5046018],[19.0622792,47.5047387],[19.0615171,47.5053328],[19.0612723,47.5051792]]]}},
{"type":"Feature","properties":{"id":"way/25094959","name":"Liszt Ferenc tér","place":"square"},"geometry":{"type":"Polygon","coordinates":[[[19.0623031,47.504324],[19.0623394,47.5042987],[19.0623679,47.5042788],[19.0626354,47.5040845],[19.0626597,47.5040661],[19.0628307,47.5039435],[19.0629418,47.5038649],[19.0631784,47.5036959],[19.0634341,47.503511],[19.0636665,47.5033463],[19.0637687,47.5032747],[19.0638881,47.5031903],[19.0643093,47.502891],[19.0646259,47.5029758],[19.0644767,47.5030969],[19.0644591,47.5030862],[19.0643505,47.5031744],[19.0642394,47.5032642],[19.0642568,47.503274],[19.0641067,47.5033946],[19.064009,47.5034692],[19.0636524,47.503752],[19.0630844,47.5042151],[19.0628893,47.5043724],[19.0626772,47.5045451],[19.0626573,47.5045608],[19.0624606,47.5044237],[19.0623031,47.504324]]]}},
{"type":"Feature","properties":{"id":"way/251117328","leisure":"garden","name":"Gül Baba kertje"},"geometry":{"type":"Polygon","coordinates":[[[19.0351915,47.5153464],[19.0351773,47.5156105],[19.0351978,47.5156242],[19.0351953,47.5156574],[19.0351645,47.5156753],[19.0347227,47.5156685],[19.0346738,47.5156818],[19.0346349,47.515703],[19.0346,47.5157361],[19.0345833,47.5157683],[19.0345377,47.5157687],[19.0345582,47.5153873],[19.0346322,47.5153906],[19.0346559,47.5153531],[19.0347141,47.5153728],[19.0350736,47.5153769],[19.0351176,47.5153454],[19.0351915,47.5153464]]]}},
{"type":"Feature","properties":{"id":"way/251118908","leisure":"playground"},"geometry":{"type":"Polygon","coordinates":[[[19.0342596,47.5240945],[19.0343795,47.5239341],[19.0348388,47.5240677],[19.0347041,47.5242399],[19.0342596,47.5240945]]]}},
{"type":"Feature","properties":{"id":"way/251119472","leisure":"pitch"},"geometry":{"type":"Polygon","coordinates":[[[19.0407135,47.5278208],[19.0405766,47.527545],[19.0407852,47.5274978],[19.040922,47.5277737],[19.0407135,47.5278208]]]}},
{"type":"Feature","properties":{"id":"way/251439199","leisure":"pitch","surface":"clay"},"geometry":{"type":"Polygon","coordinates":[[[19.0448211,47.5335481],[19.0445967,47.5332883],[19.0447883,47.5332139],[19.04486,47.5332961],[19.04499,47.5334468],[19.0450113,47.5334711],[19.0448211,47.5335481]]]}},
{"type":"Feature","properties":{"id":"way/251476149","leisure":"pitch","surface":"asphalt"},"geometry":{"type":"Polygon","coordinates":[[[19.042778,47.5375411],[19.0427028,47.5372984],[19.042936,47.5372655],[19.0430112,47.5375082],[19.042778,47.5375411]]]}},
{"type":"Feature","properties":{"id":"way/251476150","leisure":"pitch","surface":"asphalt"},"geometry":{"type":"Polygon","coordinates":[[[19.0424892,47.5375913],[19.042414,47.5373486],[19.0426471,47.5373157],[19.0427224,47.5375584],[19.0424892,47.5375913]]]}},
{"type":"Feature","properties":{"id":"way/251576995","landuse":"grass"},"geometry":{"type":"Polygon","coordinates":[[[19.0380735,47.5393326],[19.0380498,47.539327],[19.0380304,47.5393163],[19.0380176,47.5393018],[19.0380128,47.5392852],[19.0380167,47.5392685],[19.0380287,47.5392537],[19.0380475,47.5392426],[19.0380708,47.5392364],[19.0380936,47.5392357],[19.0381155,47.5392398],[19.0381345,47.5392484],[19.0381486,47.5392605],[19.0381565,47.539275],[19.0381572,47.5392904],[19.0381509,47.5393051],[19.0381381,47.5393179],[19.03812,47.5393273],[19.0380985,47.5393324],[19.0380735,47.5393326]]]}},
{"type":"Feature","properties":{"id":"way/251816302","leisure":"playground","name":"Bajvívó utcai játszótér"},"geometry":{"type":"Polygon","coordinates":[[[19.0309953,47.5099478],[19.0310347,47.5097873],[19.0313196,47.5098191],[19.0312803,47.5099797],[19.0309953,47.5099478]]]}},
{"type":"Feature","properties":{"id":"way/251873117","leisure":"pitch"},"geometry":{"type":"Polygon","coordinates":[[[19.0364651,47.5381248],[19.0365435,47.5377454],[19.0368258,47.537772],[19.0367474,47.5381515],[19.0364651,47.5381248]]]}},
{"type":"Feature","properties":{"id":"way/251920934","leisure":"pitch"},"geometry":{"type":"Polygon","coordinates":[[[19.0319806,47.5395819],[19.0320195,47.5394348],[19.0325436,47.5394979],[19.0325047,47.539645],[19.0319806,47.5395819]]]}},
{"type":"Feature","properties":{"id":"way/251920935","leisure":"pitch"},"geometry":{"type":"Polygon","coordinates":[[[19.0325414,47.5396489],[19.0326079,47.5393978],[19.0328424,47.5394261],[19.032776,47.5396772],[19.0325414,47.5396489]]]}},
{"type":"Feature","properties":{"id":"way/251921110","leisure":"playground"},"geometry":{"type":"Polygon","coordinates":[[[19.0342474,47.5410575],[19.0343161,47.5407494],[19.0346336,47.5407817],[19.0345649,47.5410898],[19.0342474,47.5410575]]]}},
{"type":"Feature","properties":{"id":"way/251934850","leisure":"pitch"},"geometry":{"type":"Polygon","coordinates":[[[19.0307085,47.5446436],[19.0308053,47.5442472],[19.0310941,47.5442794],[19.0309973,47.5446757],[19.0307085,47.5446436]]]}},
{"type":"Feature","properties":{"id":"way/251941867","landuse":"forest"},"geometry":{"type":"Polygon","coordinates":[[[19.0293853,47.5411626],[19.0282332,47.5409739],[19.0283218,47.5409317],[19.0288,47.5408347],[19.0290541,47.5407533],[19.0292008,47.5408822],[19.0291874,47.5409464],[19.0294436,47.5409978],[19.0293853,47.5411626]]]}},
{"type":"Feature","properties":{"id":"way/251980460","leisure":"pitch"},"geometry":{"type":"Polygon","coordinates":[[[19.0461423,47.4803361],[19.0461395,47.4801889],[19.0465928,47.4801849],[19.0465956,47.4803322],[19.0461423,47.4803361]]]}},
{"type":"Feature","properties":{"id":"way/252001912","leisure":"pitch","surface":"tartan"},"geometry":{"type":"Polygon","coordinates":[[[19.0342747,47.4831828],[19.03414,47.483031],[19.0345629,47.4828596],[19.0346976,47.4830113],[19.0342747,47.4831828]]]}},
{"type":"Feature","properties":{"id":"way/252112738","leisure":"pitch"},"geometry":{"type":"Polygon","coordinates":[[[19.0287396,47.4856461],[19.0286921,47.4856268],[19.0282198,47.4854348],[19.0282128,47.4854319],[19.0282723,47.485279],[19.0289244,47.485314],[19.0289514,47.4853889],[19.0287396,47.4856461]]]}},
{"type":"Feature","properties":{"id":"way/25215356","area":"yes","highway":"pedestrian","name":"Nagymező utca","surface":"paving_stones"},"geometry":{"type":"Polygon","coordinates":[[[19.0594784,47.5040642],[19.0594,47.5039929],[19.0595441,47.5038845],[19.0596665,47.5037931],[19.0598771,47.5036305],[19.060004,47.5035388],[19.0601562,47.5034255],[19.060232,47.5033692],[19.0603262,47.5034387],[19.0604404,47.5035055],[19.0605044,47.5035456],[19.0602338,47.5037503],[19.0600134,47.5039153],[19.0596966,47.5041492],[19.0596406,47.5041718],[19.0594784,47.5040642]]]}},
{"type":"Feature","properties":{"id":"way/252225244","leisure":"pitch","surface":"tartan"},"geometry":{"type":"Polygon","coordinates":[[[19.0352196,47.4777971],[19.0350298,47.4774417],[19.0352848,47.4773769],[19.0354708,47.4777358],[19.0352196,47.4777971]]]}},
{"type":"Feature","properties":{"id":"way/252235454","leisure":"pitch","surface":"tartan"},"geometry":{"type":"Polygon","coordinates":[[[19.0296332,47.4774655],[19.0295111,47.4772523],[19.029695,47.4772042],[19.0298172,47.4774174],[19.0296332,47.4774655]]]}},
{"type":"Feature","properties":{"id":"way/25225152","name":"Madagaszkár-ház","name:en":"Madagascar House","natural":"wood"},"geometry":{"type":"Polygon","coordinates":[[[19.0773222,47.5191266],[19.0773356,47.5190442],[19.077472,47.5190561],[19.0775961,47.5190668],[19.0776086,47.5190466],[19.0776475,47.5190294],[19.077677,47.5190348],[19.0776958,47.5190511],[19.0776985,47.5190757],[19.0778225,47.5190865],[19.077972,47.5190994],[19.0779501,47.5191811],[19.0777498,47.5191658],[19.0777271,47.5192758],[19.0776653,47.5193128],[19.0775521,47.519304],[19.077495,47.519254],[19.0775084,47.5191428],[19.0773222,47.5191266]]]}},
{"type":"Feature","properties":{"id":"way/252393741","leisure":"pitch"},"geometry":{"type":"Polygon","coordinates":[[[19.0269532,47.4768461],[19.0267235,47.4765685],[19.0269129,47.4764969],[19.0271427,47.4767744],[19.0269532,47.4768461]]]}},
{"type":"Feature","properties":{"id":"way/252393742","leisure":"pitch"},"geometry":{"type":"Polygon","coordinates":[[[19.0267367,47.4769631],[19.0265175,47.4766667],[19.026716,47.4765997],[19.0269352,47.476896],[19.0267367,47.4769631]]]}},
{"type":"Feature","properties":{"id":"way/252393743","leisure":"pitch"},"geometry":{"type":"Polygon","coordinates":[[[19.0263772,47.477114],[19.0260862,47.4768368],[19.0262836,47.4767421],[19.0265746,47.4770194],[19.0263772,47.477114]]]}},
{"type":"Feature","properties":{"id":"way/252393744","leisure":"pitch"},"geometry":{"type":"Polygon","coordinates":[[[19.0274018,47.4768698],[19.0272468,47.4764754],[19.027598,47.4764123],[19.0277531,47.4768067],[19.0274018,47.4768698]]]}},
{"type":"Feature","properties":{"id":"way/25274721","leisure":"playground"},"geometry":{"type":"Polygon","coordinates":[[[19.0717435,47.5073662],[19.0718609,47.5072818],[19.0719548,47.5073413],[19.0720111,47.5073008],[19.0721187,47.5073673],[19.0724156,47.5075576],[19.0722418,47.5076825],[19.0721375,47.5076163],[19.0718371,47.5074257],[19.0717435,47.5073662]]]}},
{"type":"Feature","properties":{"id":"way/25274724","leisure":"park"},"geometry":{"type":"Polygon","coordinates":[[[19.072121,47.5071051],[19.0722667,47.506995],[19.0728479,47.5073483],[19.0727176,47.5074539],[19.072121,47.5071051]]]}},
{"type":"Feature","properties":{"id":"way/25277229","leisure":"park","name":"Rózsák tere"},"geometry":{"type":"Polygon","coordinates":[[[19.0752397,47.501574],[19.0755864,47.5012353],[19.0758572,47.5009703],[19.0763133,47.500524],[19.0765185,47.5006185],[19.0766977,47.500701],[19.0768882,47.5007891],[19.0770359,47.5008573],[19.0765998,47.5012694],[19.0763257,47.5015283],[19.075869,47.5019607],[19.0756675,47.5018367],[19.0754092,47.5016786],[19.0752397,47.501574]]]}},
{"type":"Feature","properties":{"id":"way/25281025","leisure":"park","name":"Klauzál tér"},"geometry":{"type":"Polygon","coordinates":[[[19.0632138,47.4997098],[19.0631979,47.4997037],[19.0631211,47.4996746],[19.0631616,47.4996303],[19.0631896,47.4996434],[19.0632356,47.4995985],[19.0632499,47.4995833],[19.0632642,47.4995682],[19.0632288,47.4995488],[19.0636567,47.499088],[19.0642309,47.499346],[19.0641871,47.4994938],[19.0642085,47.4995033],[19.0642982,47.4995429],[19.064436,47.4996039],[19.0641856,47.4998573],[19.0641215,47.4998269],[19.0640899,47.4998561],[19.0640565,47.4998873],[19.0641263,47.4999174],[19.0638858,47.5001619],[19.063712,47.500095],[19.0636144,47.5000574],[19.063578,47.5000434],[19.0635667,47.4999457],[19.0634743,47.4998688],[19.0632045,47.4997214],[19.0632138,47.4997098]]]}},
{"type":"Feature","properties":{"id":"way/25281026","leisure":"park","name":"Kéthly Anna tér"},"geometry":{"type":"Polygon","coordinates":[[[19.0652664,47.4983054],[19.0653115,47.4982624],[19.0654281,47.498151],[19.0657194,47.49829],[19.0659478,47.4983989],[19.0658277,47.4985109],[19.0657827,47.4985529],[19.0655582,47.4984453],[19.0652664,47.4983054]]]}},
{"type":"Feature","properties":{"id":"way/25288544","area":"yes","highway":"pedestrian","name":"Herzl Tivadar tér","surface":"paving_stones"},"geometry":{"type":"Polygon","coordinates":[[[19.0600014,47.4959171],[19.059924,47.4959578],[19.0598731,47.4959736],[19.0597136,47.4958344],[19.0596882,47.495808],[19.0596733,47.4957715],[19.0596904,47.4957375],[19.0597313,47.4957201],[19.0599366,47.4956854],[19.0602176,47.4956378],[19.0602641,47.4956112],[19.060733,47.4955209],[19.0607428,47.4955543],[19.060678,47.4955639],[19.0606133,47.4956048],[19.0605353,47.4956617],[19.0603431,47.4957425],[19.0600014,47.4959171]]]}},
{"type":"Feature","properties":{"id":"way/25291140","leisure":"garden","name":"Epreskert"},"geometry":{"type":"Polygon","coordinates":[[[19.069639,47.5134034],[19.0704621,47.5127625],[19.0704876,47.512762],[19.0705131,47.5127615],[19.0719242,47.5135954],[19.0713637,47.5140255],[19.0711526,47.514187],[19.0705379,47.5138686],[19.069639,47.5134034]]]}},
{"type":"Feature","properties":{"id":"way/253988953","leisure":"park","name":"Kessler Hubert park"},"geometry":{"type":"Polygon","coordinates":[[[19.0253147,47.5287138],[19.0246278,47.5287138],[19.0245876,47.5281637],[19.024788,47.5279419],[19.0247811,47.5278858],[19.0246878,47.5278472],[19.024688,47.5278168],[19.0246872,47.5277881],[19.0247157,47.5277602],[19.0248074,47.5277506],[19.0248986,47.5277284],[19.0249535,47.5277625],[19.0250219,47.5277546],[19.0251589,47.5277965],[19.0257897,47.5280921],[19.0255814,47.5282648],[19.0255303,47.5285337],[19.0253147,47.5287138]]]}},
{"type":"Feature","properties":{"id":"way/255286871","area":"yes","highway":"pedestrian","surface":"sett"},"geometry":{"type":"Polygon","coordinates":[[[19.0622743,47.49127],[19.0620679,47.4912456],[19.061803,47.4912142],[19.0617845,47.4912121],[19.0618662,47.4908966],[19.0618912,47.4908996],[19.0621513,47.4909304],[19.0623561,47.4909546],[19.0623181,47.491101],[19.0622743,47.49127]]]}},
{"type":"Feature","properties":{"id":"way/255974871","leisure":"park","name":"Csarnok tér"},"geometry":{"type":"Polygon","coordinates":[[[19.0596927,47.4864906],[19.0598504,47.4863447],[19.0598718,47.4863077],[19.0598691,47.4862859],[19.0599094,47.4862832],[19.059902,47.4862275],[19.0599704,47.4862225],[19.059952,47.4861187],[19.0602728,47.4862236],[19.0600316,47.4865611],[19.0598858,47.486779],[19.0597739,47.4866326],[19.0597343,47.4865972],[19.0596715,47.4865685],[19.0596122,47.4865586],[19.0596927,47.4864906]]]}},
{"type":"Feature","properties":{"id":"way/25696819","leisure":"park"},"geometry":{"type":"Polygon","coordinates":[[[19.0705683,47.4904633],[19.070331,47.4904382],[19.0704008,47.490043],[19.0704242,47.4899212],[19.0704561,47.4898984],[19.0705501,47.4898953],[19.0705683,47.4904633]]]}},
{"type":"Feature","properties":{"id":"way/257725833","leisure":"pitch"},"geometry":{"type":"Polygon","coordinates":[[[19.076281,47.5085176],[19.0760165,47.5084044],[19.07637,47.5080328],[19.0766399,47.5081513],[19.076281,47.5085176]]]}},
{"type":"Feature","properties":{"id":"way/257878001","leisure":"pitch"},"geometry":{"type":"Polygon","coordinates":[[[19.0751901,47.5099192],[19.0753367,47.509777],[19.0755418,47.5098734],[19.0753952,47.5100157],[19.0751901,47.5099192]]]}},
{"type":"Feature","properties":{"id":"way/257878002","leisure":"pitch"},"geometry":{"type":"Polygon","coordinates":[[[19.0749285,47.5101731],[19.0751901,47.5099192],[19.0753952,47.5100157],[19.0751336,47.5102695],[19.0749285,47.5101731]]]}},
{"type":"Feature","properties":{"id":"way/257919514","leisure":"pitch"},"geometry":{"type":"Polygon","coordinates":[[[19.0732449,47.5093503],[19.0733673,47.5092155],[19.0734716,47.5092588],[19.0733492,47.5093935],[19.0732449,47.5093503]]]}},
{"type":"Feature","properties":{"id":"way/258360801","leisure":"garden","name":"Szerecsen udvar"},"geometry":{"type":"Polygon","coordinates":[[[19.030358,47.5025654],[19.0304457,47.5026329],[19.0304062,47.5026563],[19.0303828,47.5026386],[19.0303154,47.5025876],[19.030358,47.5025654]]]}},
{"type":"Feature","properties":{"id":"way/258532515","leisure":"park","name":"Dísz tér"},"geometry":{"type":"Polygon","coordinates":[[[19.0355801,47.4994477],[19.0353076,47.4996212],[19.0351263,47.4997367],[19.0348838,47.4995855],[19.0352223,47.4994889],[19.0355616,47.499392],[19.0355842,47.4993904],[19.0356056,47.4994005],[19.035611,47.4994145],[19.0356054,47.4994307],[19.0355801,47.4994477]]]}},
{"type":"Feature","properties":{"id":"way/259212165","leisure":"pitch","surface":"tartan"},"geometry":{"type":"Polygon","coordinates":[[[19.038006,47.5170555],[19.0380319,47.5168097],[19.0382314,47.5168193],[19.0382054,47.5170651],[19.038006,47.5170555]]]}},
{"type":"Feature","properties":{"id":"way/259212959","leisure":"park","name":"Zsigmond tér"},"geometry":{"type":"Polygon","coordinates":[[[19.037019,47.5237241],[19.037038,47.5227881],[19.0379164,47.5227722],[19.0378978,47.5229606],[19.0374809,47.5234281],[19.0370898,47.5237216],[19.037019,47.5237241]]]}},
{"type":"Feature","properties":{"id":"way/259212961","leisure":"park"},"geometry":{"type":"Polygon","coordinates":[[[19.0365873,47.5247954],[19.0366412,47.5246891],[19.036698,47.5245857],[19.0367261,47.5245833],[19.0367418,47.5246081],[19.0367866,47.524826],[19.0365873,47.5247954]]]}},
{"type":"Feature","properties":{"id":"way/259213550","leisure":"pitch","surface":"clay"},"geometry":{"type":"Polygon","coordinates":[[[19.0219576,47.513352],[19.021487,47.5130204],[19.0218294,47.5127987],[19.0223,47.5131304],[19.0219576,47.513352]]]}},
{"type":"Feature","properties":{"id":"way/259213551","leisure":"pitch","surface":"clay"},"geometry":{"type":"Polygon","coordinates":[[[19.0216976,47.5128449],[19.0214007,47.5126373],[19.0217337,47.5124202],[19.0220305,47.5126278],[19.0216976,47.5128449]]]}},
{"type":"Feature","properties":{"id":"way/259213552","leisure":"pitch","surface":"artificial_turf"},"geometry":{"type":"Polygon","coordinates":[[[19.0223521,47.5131079],[19.0219331,47.5128108],[19.0222375,47.512615],[19.0226564,47.5129122],[19.0223521,47.5131079]]]}},
{"type":"Feature","properties":{"id":"way/259213553","leisure":"pitch","surface":"artificial_turf"},"geometry":{"type":"Polygon","coordinates":[[[19.0226742,47.5128983],[19.022265,47.5126015],[19.0225439,47.5124262],[19.0228178,47.5126249],[19.022953,47.512723],[19.0226742,47.5128983]]]}},
{"type":"Feature","properties":{"id":"way/259730079","natural":"scrub"},"geometry":{"type":"Polygon","coordinates":[[[19.0203317,47.5235529],[19.0203474,47.5235174],[19.0205895,47.5235609],[19.0211625,47.5236988],[19.0215243,47.5238149],[19.0218793,47.523953],[19.0222361,47.5241181],[19.0226575,47.524354],[19.0226283,47.5243796],[19.0222119,47.5241421],[19.0218569,47.5239738],[19.0214951,47.5238351],[19.0210787,47.5237078],[19.0206472,47.523605],[19.0203317,47.5235529]]]}},
{"type":"Feature","properties":{"id":"way/259730080","natural":"scrub"},"geometry":{"type":"Polygon","coordinates":[[[19.0230205,47.5245763],[19.0238125,47.5250897],[19.023777,47.5251126],[19.0229845,47.5246055],[19.0230205,47.5245763]]]}},
{"type":"Feature","properties":{"id":"way/259730081","natural":"scrub"},"geometry":{"type":"Polygon","coordinates":[[[19.0239979,47.5252548],[19.0240261,47.5252322],[19.0241602,47.5253119],[19.0242874,47.5253919],[19.0242596,47.525412],[19.0239979,47.5252548]]]}},
{"type":"Feature","properties":{"id":"way/259730082","natural":"scrub"},"geometry":{"type":"Polygon","coordinates":[[[19.0243995,47.5255099],[19.0244372,47.5254759],[19.0251938,47.5259568],[19.0251429,47.5259945],[19.0243995,47.5255099]]]}},
{"type":"Feature","properties":{"id":"way/259730083","natural":"scrub"},"geometry":{"type":"Polygon","coordinates":[[[19.0254972,47.5262144],[19.0255373,47.5261828],[19.0259485,47.5264467],[19.0260361,47.5265158],[19.0261442,47.5266306],[19.0262293,47.5267494],[19.0263048,47.5268857],[19.026339,47.5269834],[19.0263616,47.5270997],[19.0263732,47.5271742],[19.0263483,47.5273621],[19.0263013,47.5273572],[19.0263174,47.5271719],[19.0262902,47.5270183],[19.0262208,47.5268533],[19.0261297,47.5267019],[19.0260166,47.5265754],[19.0258942,47.526468],[19.0257201,47.5263541],[19.0254972,47.5262144]]]}},
{"type":"Feature","properties":{"id":"way/259730188","landuse":"meadow"},"geometry":{"type":"Polygon","coordinates":[[[19.0256939,47.5287233],[19.0256863,47.52872],[19.0256878,47.5287146],[19.0258171,47.5286339],[19.0258486,47.5285967],[19.0258624,47.5285623],[19.0258789,47.5285496],[19.0258901,47.5285549],[19.0258982,47.5286022],[19.0259011,47.5286442],[19.0258729,47.5286799],[19.0258227,47.5286993],[19.0257663,47.5287164],[19.0256939,47.5287233]]]}},
{"type":"Feature","properties":{"id":"way/259730189","natural":"scrub"},"geometry":{"type":"Polygon","coordinates":[[[19.0271829,47.5284744],[19.027185,47.5284243],[19.027181,47.5279845],[19.0271798,47.527955],[19.0271846,47.5279347],[19.0272416,47.527941],[19.0272369,47.5279913],[19.0272449,47.5284502],[19.0272409,47.528473],[19.0271829,47.5284744]]]}},
{"type":"Feature","properties":{"id":"way/259730190","natural":"scrub"},"geometry":{"type":"Polygon","coordinates":[[[19.0279398,47.5277956],[19.02794,47.5277464],[19.0281844,47.5277431],[19.0283041,47.5277286],[19.0283066,47.5277815],[19.0282014,47.5277938],[19.0279398,47.5277956]]]}},
{"type":"Feature","properties":{"id":"way/259730191","natural":"scrub"},"geometry":{"type":"Polygon","coordinates":[[[19.0285702,47.5276123],[19.0285039,47.5275976],[19.0286717,47.5272308],[19.0289392,47.5266626],[19.0290057,47.5266782],[19.0287301,47.5272415],[19.0285702,47.5276123]]]}},
{"type":"Feature","properties":{"id":"way/259730193","landuse":"grass","natural":"scrub"},"geometry":{"type":"Polygon","coordinates":[[[19.0312109,47.5271374],[19.0312703,47.5271398],[19.0311977,47.5279447],[19.0311939,47.5280136],[19.0312072,47.5280667],[19.0312303,47.5281151],[19.031212,47.5281221],[19.0311733,47.5280738],[19.0311494,47.5280097],[19.0311411,47.5279427],[19.0312109,47.5271374]]]}},
{"type":"Feature","properties":{"id":"way/260868346","landuse":"grass"},"geometry":{"type":"Polygon","coordinates":[[[19.0746427,47.4897682],[19.0749478,47.4897165],[19.0750337,47.4897152],[19.0750122,47.4898475],[19.074809,47.4898307],[19.0746783,47.4898076],[19.0746427,47.4897682]]]}},
{"type":"Feature","properties":{"id":"way/261801441","leisure":"pitch"},"geometry":{"type":"Polygon","coordinates":[[[19.0690237,47.4948558],[19.0691504,47.4945647],[19.0693606,47.4946065],[19.0692338,47.4948976],[19.0690237,47.4948558]]]}},
{"type":"Feature","properties":{"id":"way/262124150","leisure":"park","name":"Bibó István park"},"geometry":{"type":"Polygon","coordinates":[[[19.0241689,47.5148773],[19.0243278,47.514987],[19.0236975,47.5153548],[19.0237703,47.5154313],[19.0236912,47.5154773],[19.023606,47.5154053],[19.0235782,47.5153715],[19.0235614,47.5153342],[19.023553,47.515292],[19.0235484,47.5152431],[19.0235502,47.5152275],[19.0235564,47.5152085],[19.0235762,47.5151526],[19.0235936,47.5151218],[19.0236205,47.515095],[19.0238831,47.5149135],[19.0239244,47.5148867],[19.024061,47.5147994],[19.0241689,47.5148773]]]}},
{"type":"Feature","properties":{"id":"way/262239722","landuse":"forest"},"geometry":{"type":"Polygon","coordinates":[[[19.0205683,47.5320296],[19.0210722,47.5318375],[19.0221859,47.5316865],[19.0226669,47.5319009],[19.0231386,47.5318252],[19.023503,47.5315232],[19.023671,47.5315761],[19.0237598,47.531387],[19.0241079,47.5313628],[19.0245894,47.5312912],[19.0261397,47.5309788],[19.0264736,47.5308883],[19.026844,47.5307707],[19.0272208,47.5306062],[19.027281,47.5306293],[19.0272139,47.5306809],[19.0271462,47.5307366],[19.0263797,47.5310033],[19.0255496,47.5312387],[19.0248978,47.5313872],[19.0248295,47.5314654],[19.0248787,47.5317384],[19.0246114,47.5317199],[19.024559,47.5319285],[19.0236485,47.531792],[19.023487,47.5323932],[19.0227319,47.5324213],[19.0218227,47.5325281],[19.0206867,47.5327228],[19.0205683,47.5320296]]]}},
{"type":"Feature","properties":{"id":"way/262386838","leisure":"pitch","surface":"paving_stones"},"geometry":{"type":"Polygon","coordinates":[[[19.0275484,47.5175681],[19.0273672,47.5176076],[19.0274264,47.5177314],[19.0272093,47.5177787],[19.0271951,47.5177489],[19.0271044,47.5177687],[19.0270823,47.5177225],[19.027178,47.5176932],[19.0271156,47.5176004],[19.0275001,47.5174657],[19.0275484,47.5175681]]]}},
{"type":"Feature","properties":{"id":"way/262387122","leisure":"playground","name":"Donáti utcai játszótér"},"geometry":{"type":"Polygon","coordinates":[[[19.0364331,47.5027031],[19.0368823,47.5027797],[19.0370053,47.5028868],[19.0369642,47.5029109],[19.036936,47.5029274],[19.0368775,47.5029638],[19.0368065,47.5030057],[19.0365961,47.5029732],[19.0365111,47.5031018],[19.0363598,47.5030816],[19.0363882,47.5030225],[19.0362889,47.5030065],[19.0364331,47.5027031]]]}},
{"type":"Feature","properties":{"id":"way/26246559","landuse":"grass"},"geometry":{"type":"Polygon","coordinates":[[[19.0292581,47.4753626],[19.0292729,47.4753232],[19.0299426,47.4754645],[19.0299626,47.4754971],[19.031493,47.4758152],[19.0315337,47.4757968],[19.0326008,47.4760241],[19.0325861,47.47606],[19.0292581,47.4753626]]]}},
{"type":"Feature","properties":{"id":"way/262838976","landuse":"grass"},"geometry":{"type":"Polygon","coordinates":[[[19.0246043,47.506073],[19.0245456,47.5059896],[19.0244967,47.5058743],[19.0244498,47.5057624],[19.0244115,47.5056361],[19.0243781,47.5054913],[19.0243489,47.5053538],[19.0243433,47.505231],[19.0243448,47.5051784],[19.0243672,47.505156],[19.0243868,47.5051496],[19.0244025,47.5051651],[19.0244686,47.5054619],[19.0245466,47.5056684],[19.0246264,47.5058464],[19.0247158,47.5060254],[19.0246043,47.506073]]]}},
{"type":"Feature","properties":{"id":"way/262838977","landuse":"grass"},"geometry":{"type":"Polygon","coordinates":[[[19.0243686,47.5062193],[19.0242262,47.50611],[19.0241399,47.5059527],[19.0241134,47.5059043],[19.0240867,47.5057254],[19.0240569,47.5054576],[19.0241493,47.5053608],[19.0242435,47.5057908],[19.0243405,47.5060292],[19.0244357,47.5061754],[19.0243686,47.5062193]]]}},
{"type":"Feature","properties":{"id":"way/262838979","landuse":"grass"},"geometry":{"type":"Polygon","coordinates":[[[19.0254665,47.5068712],[19.0254363,47.5067293],[19.0263612,47.5075796],[19.0263658,47.5075936],[19.0263644,47.5076084],[19.0263537,47.5076171],[19.0263328,47.5076176],[19.0263126,47.5076126],[19.0262924,47.507601],[19.0260161,47.5073498],[19.0257507,47.507121],[19.0254665,47.5068712]]]}},
{"type":"Feature","properties":{"id":"way/264357750","landuse":"grass","name":"Mária tér"},"geometry":{"type":"Polygon","coordinates":[[[19.0345412,47.5067934],[19.0345293,47.506791],[19.0345253,47.5067821],[19.0347014,47.50664],[19.0349748,47.5067069],[19.0349647,47.5067406],[19.0348149,47.5067536],[19.034702,47.5067643],[19.0345412,47.5067934]]]}},
{"type":"Feature","properties":{"id":"way/264357751","leisure":"playground","name":"Rumini játszótér"},"geometry":{"type":"Polygon","coordinates":[[[19.0351607,47.5061891],[19.0353737,47.5062908],[19.0352774,47.5065035],[19.0352003,47.506711],[19.0350846,47.5066999],[19.0350479,47.5066938],[19.0350149,47.5066885],[19.0347777,47.5066336],[19.0347312,47.5066198],[19.0351607,47.5061891]]]}},
{"type":"Feature","properties":{"id":"way/264650344","leisure":"playground","name":"Bástya Óvoda játszókertje"},"geometry":{"type":"Polygon","coordinates":[[[19.0593661,47.488534],[19.059125,47.4887519],[19.0590108,47.4886819],[19.0589551,47.4886478],[19.0589951,47.4886184],[19.0590052,47.4886182],[19.0590158,47.4886179],[19.0590138,47.4885314],[19.0590519,47.4885176],[19.0592351,47.4885174],[19.0592713,47.4885174],[19.0592828,47.4885108],[19.0592951,47.4885038],[19.0593661,47.488534]]]}},
{"type":"Feature","properties":{"id":"way/264897675","leisure":"park"},"geometry":{"type":"Polygon","coordinates":[[[19.056991,47.4892009],[19.0570958,47.4891341],[19.057264,47.4892733],[19.0573926,47.4893797],[19.0573955,47.4893998],[19.0573263,47.4894863],[19.0573098,47.4894494],[19.0570374,47.4893467],[19.0569417,47.4893116],[19.0569649,47.4892816],[19.0568805,47.4892517],[19.0569764,47.48919],[19.056991,47.4892009]]]}},
{"type":"Feature","properties":{"id":"way/265323793","area":"yes","highway":"pedestrian","surface":"fine_gravel"},"geometry":{"type":"Polygon","coordinates":[[[19.0520326,47.5353799],[19.0519783,47.5353523],[19.0519439,47.5353126],[19.0519348,47.5352671],[19.0519524,47.5352227],[19.0519795,47.5351959],[19.0520165,47.5351752],[19.0520689,47.5351607],[19.0521476,47.5351609],[19.052218,47.5351847],[19.0522656,47.535227],[19.0522804,47.5352792],[19.0522644,47.5353239],[19.0522242,47.5353609],[19.0521659,47.5353846],[19.0520986,47.5353913],[19.0520326,47.5353799]]]}},
{"type":"Feature","properties":{"id":"way/266553280","leisure":"pitch"},"geometry":{"type":"Polygon","coordinates":[[[19.024832,47.5136592],[19.0247934,47.5134609],[19.0254904,47.5133989],[19.025529,47.5135973],[19.024832,47.5136592]]]}},
{"type":"Feature","properties":{"id":"way/266553494","landuse":"grass"},"geometry":{"type":"Polygon","coordinates":[[[19.025331,47.5141946],[19.0253143,47.5141793],[19.0253148,47.5141653],[19.0253385,47.5141525],[19.0260037,47.5141615],[19.0260344,47.5141835],[19.0260211,47.5141985],[19.025331,47.5141946]]]}},
{"type":"Feature","properties":{"id":"way/266554465","landuse":"grass"},"geometry":{"type":"Polygon","coordinates":[[[19.0243284,47.5166815],[19.0243542,47.5166802],[19.0243667,47.5166954],[19.0243619,47.5167132],[19.0238697,47.5170355],[19.0238191,47.5170516],[19.023838,47.5170139],[19.0243284,47.5166815]]]}},
{"type":"Feature","properties":{"id":"way/266557015","leisure":"park"},"geometry":{"type":"Polygon","coordinates":[[[19.032495,47.515095],[19.0325613,47.5151223],[19.0326797,47.5156341],[19.0326937,47.5157161],[19.0326919,47.5157431],[19.0326859,47.5157625],[19.032672,47.5157785],[19.032651,47.5157843],[19.0326228,47.5157859],[19.0325857,47.5157822],[19.0325644,47.5157787],[19.032542,47.5157677],[19.0325192,47.5157409],[19.0325042,47.5157185],[19.0324721,47.5156524],[19.032434,47.5155268],[19.032402,47.5154243],[19.0323665,47.5153543],[19.0323359,47.5153186],[19.032229,47.5152516],[19.0324174,47.5151289],[19.032495,47.515095]]]}},
{"type":"Feature","properties":{"id":"way/266806686","leisure":"park"},"geometry":{"type":"Polygon","coordinates":[[[19.045518,47.5053566],[19.0452397,47.505235],[19.0452161,47.504907],[19.0456549,47.5049398],[19.0457602,47.5049661],[19.0458415,47.5050051],[19.0459077,47.5050639],[19.0459498,47.5053208],[19.045518,47.5053566]]]}},
{"type":"Feature","properties":{"id":"way/266809377","landuse":"grass"},"geometry":{"type":"Polygon","coordinates":[[[19.0466995,47.5065026],[19.0465694,47.5058306],[19.0474847,47.505922],[19.0474831,47.5062681],[19.04751,47.5062692],[19.0475082,47.5062978],[19.0474794,47.5062977],[19.047477,47.5064302],[19.0466995,47.5065026]]]}},
{"type":"Feature","properties":{"id":"way/26829538","leisure":"park","name":"II. János Pál pápa tér","place":"square"},"geometry":{"type":"Polygon","coordinates":[[[19.0773023,47.4950439],[19.080443,47.4958358],[19.0792624,47.4979559],[19.07923,47.497971],[19.0779004,47.4976245],[19.0778315,47.4976387],[19.0772264,47.497491],[19.0777434,47.4965765],[19.0777214,47.4965228],[19.077521,47.4964614],[19.0773755,47.4964259],[19.0768939,47.4963083],[19.0767278,47.4962678],[19.0766828,47.4962514],[19.0773023,47.4950439]]]}},
{"type":"Feature","properties":{"id":"way/268343692","leisure":"park","name":"Mansfeld Péter park"},"geometry":{"type":"Polygon","coordinates":[[[19.0327901,47.5158868],[19.0328048,47.5158701],[19.0328224,47.5158501],[19.0328921,47.5158557],[19.0331163,47.5167852],[19.0329719,47.5168312],[19.0329123,47.5168552],[19.0324372,47.5170255],[19.0323919,47.5170408],[19.0322873,47.5169009],[19.032296,47.5167039],[19.0324147,47.5165223],[19.0327901,47.5158868]]]}},
{"type":"Feature","properties":{"id":"way/268560301","leisure":"park"},"geometry":{"type":"Polygon","coordinates":[[[19.0546661,47.4818239],[19.0545981,47.4818815],[19.0543899,47.4817719],[19.0543609,47.4817962],[19.0542075,47.4819246],[19.0547041,47.4821815],[19.0551658,47.4824242],[19.0553488,47.4822715],[19.0551717,47.4821813],[19.0555804,47.4818141],[19.0556943,47.481874],[19.0556782,47.4818882],[19.0556687,47.4819082],[19.0556679,47.4819277],[19.0556762,47.4819491],[19.0556908,47.4819654],[19.055727,47.4819852],[19.0549975,47.4826228],[19.054848,47.4827505],[19.0547967,47.48259],[19.0547379,47.4825522],[19.0547353,47.4825709],[19.0547293,47.4825872],[19.0547245,47.4826022],[19.0547142,47.4825892],[19.0546991,47.4825776],[19.0546803,47.4825686],[19.0546592,47.4825635],[19.0546243,47.4825622],[19.0546193,47.4825663],[19.05461,47.482558],[19.0546336,47.4825061],[19.0546115,47.4824975],[19.0546526,47.4824503],[19.0546184,47.4824334],[19.0545837,47.4824168],[19.0545374,47.4824543],[19.0544589,47.4824475],[19.0544321,47.4824448],[19.0543718,47.4824394],[19.0543342,47.4824416],[19.0543161,47.4824824],[19.0543037,47.4824902],[19.0542932,47.4824903],[19.054291,47.4824362],[19.0541621,47.482435],[19.0541584,47.482486],[19.0540847,47.4824852],[19.0540849,47.4825171],[19.0539859,47.4825166],[19.0539531,47.4824557],[19.0539426,47.4819983],[19.0539603,47.481996],[19.0539676,47.4819893],[19.0539674,47.4819739],[19.0540336,47.4819735],[19.0540324,47.4818608],[19.0540324,47.4818578],[19.0539678,47.4818581],[19.0539678,47.4818497],[19.0539601,47.4818433],[19.0539523,47.4818409],[19.0539428,47.48184],[19.0539451,47.4812993],[19.0539479,47.4808892],[19.0539439,47.4805729],[19.0539431,47.480553],[19.0548218,47.4804244],[19.0548157,47.4802037],[19.054809,47.4799642],[19.0548074,47.479906],[19.0554823,47.4798853],[19.0555384,47.4798914],[19.0559721,47.4799387],[19.0558488,47.4800496],[19.0559167,47.4800841],[19.0561991,47.4802277],[19.0561945,47.4802318],[19.0562884,47.4802796],[19.0564005,47.4803188],[19.0568243,47.4805375],[19.0568156,47.4805452],[19.0571243,47.4807045],[19.0571536,47.4807248],[19.057098,47.4807744],[19.0570807,47.4807633],[19.0570625,47.4807616],[19.0570413,47.4807627],[19.0570249,47.4807678],[19.0570115,47.4807747],[19.0569989,47.4807869],[19.0569921,47.4807985],[19.0569917,47.4808108],[19.0569977,47.4808207],[19.0570052,47.4808286],[19.0570234,47.4808396],[19.0568512,47.4809899],[19.056334,47.4814457],[19.0562983,47.4814309],[19.0562775,47.4814272],[19.0562545,47.4814267],[19.0562284,47.4814296],[19.056205,47.4814358],[19.0561754,47.4814612],[19.0560548,47.4813978],[19.056049,47.4813942],[19.0564764,47.4810368],[19.0566521,47.4811266],[19.0568268,47.4809777],[19.0563176,47.4807107],[19.055897,47.4804901],[19.0558418,47.4804612],[19.0556638,47.4806135],[19.0559147,47.4807377],[19.0554647,47.4811352],[19.0551938,47.4809983],[19.0552251,47.4809729],[19.0549311,47.4808196],[19.0547681,47.4807361],[19.0548091,47.4807006],[19.0548069,47.4806835],[19.0546391,47.4805967],[19.0546025,47.4806058],[19.0544542,47.4807394],[19.0544277,47.4807248],[19.0543719,47.4807711],[19.0543253,47.4807485],[19.0543394,47.480736],[19.0541857,47.4806594],[19.0541562,47.4806497],[19.054129,47.4806466],[19.0541034,47.4806481],[19.0540789,47.4806538],[19.0540585,47.4806627],[19.0540416,47.4806744],[19.0540289,47.4806886],[19.0540216,47.4807042],[19.0540196,47.4807195],[19.0540232,47.4807365],[19.0540326,47.4807523],[19.0542111,47.4808467],[19.0542613,47.4808729],[19.0542177,47.480911],[19.0542431,47.4809243],[19.0540992,47.48105],[19.05407,47.4810956],[19.0540902,47.4811482],[19.054153,47.4811793],[19.0542287,47.4811794],[19.0542939,47.481157],[19.0544433,47.4810271],[19.0544665,47.481039],[19.054516,47.4809961],[19.0545556,47.4810163],[19.0546573,47.4810644],[19.0545536,47.4811552],[19.0545177,47.4811872],[19.0544569,47.4812429],[19.0544942,47.4812616],[19.0547702,47.4814005],[19.0549863,47.4815127],[19.0550051,47.4815233],[19.0546884,47.4818042],[19.0546661,47.4818239]]]}},
{"type":"Feature","properties":{"id":"way/269777943","landuse":"grass"},"geometry":{"type":"Polygon","coordinates":[[[19.0734509,47.5430564],[19.0731415,47.5423584],[19.0736702,47.5423085],[19.0736784,47.542324],[19.0736832,47.5423718],[19.0745298,47.5423142],[19.0754681,47.5421175],[19.0754488,47.542061],[19.0754454,47.5420455],[19.0760276,47.5419311],[19.076062,47.5419886],[19.0765974,47.5418305],[19.0771659,47.5416178],[19.0777312,47.541384],[19.0777744,47.5413683],[19.0779077,47.5414061],[19.0779618,47.5414324],[19.0781257,47.5418048],[19.0781382,47.5421394],[19.0781685,47.5423024],[19.0781377,47.5423525],[19.0758503,47.5427667],[19.0756672,47.5427519],[19.0754011,47.5427022],[19.0752619,47.5427056],[19.0750702,47.5427362],[19.0734509,47.5430564]]]}},
{"type":"Feature","properties":{"id":"way/269777944","landuse":"grass"},"geometry":{"type":"Polygon","coordinates":[[[19.0806663,47.5401176],[19.0810399,47.5399391],[19.080936,47.5398262],[19.0811515,47.5397775],[19.0811925,47.5397154],[19.0834112,47.5388018],[19.0832315,47.5384878],[19.0837921,47.5383304],[19.0843791,47.5382969],[19.0846003,47.5385085],[19.0846529,47.5386047],[19.0847532,47.5387814],[19.0847104,47.5392664],[19.0841709,47.5393861],[19.0840148,47.5394284],[19.0838558,47.5394713],[19.0832423,47.5396373],[19.0830322,47.5397041],[19.0822838,47.5402531],[19.0816346,47.5407378],[19.0809173,47.5412458],[19.0803596,47.5415676],[19.0799022,47.5418039],[19.0797651,47.5418747],[19.0797038,47.5419064],[19.0794827,47.5420057],[19.0789668,47.5422143],[19.078411,47.542371],[19.0782575,47.5420237],[19.078312,47.5419074],[19.0781489,47.5415703],[19.0780477,47.5413587],[19.0779937,47.5412561],[19.0779798,47.54121],[19.0787358,47.5408944],[19.0786854,47.5407329],[19.0803255,47.540004],[19.0805402,47.539917],[19.0806663,47.5401176]]]}},
{"type":"Feature","properties":{"id":"way/270035635","leisure":"pitch"},"geometry":{"type":"Polygon","coordinates":[[[19.0664891,47.5408802],[19.0663805,47.5406091],[19.0665546,47.5405773],[19.0666632,47.5408485],[19.0664891,47.5408802]]]}},
{"type":"Feature","properties":{"id":"way/271221645","leisure":"playground","surface":"tartan"},"geometry":{"type":"Polygon","coordinates":[[[19.0463738,47.5107401],[19.0463188,47.5104701],[19.0462853,47.5103571],[19.046399,47.5103401],[19.046422,47.5104277],[19.0466805,47.5103955],[19.0467285,47.5104964],[19.0467446,47.5105445],[19.0467539,47.5105934],[19.0467748,47.510684],[19.0467177,47.5107152],[19.0466782,47.5107328],[19.0465931,47.5107528],[19.0465307,47.510741],[19.0463738,47.5107401]]]}},
{"type":"Feature","properties":{"id":"way/272149422","area":"yes","highway":"pedestrian","surface":"pebblestone"},"geometry":{"type":"Polygon","coordinates":[[[19.0246522,47.5040976],[19.0246374,47.5040656],[19.0246481,47.5040346],[19.0246802,47.5040111],[19.024697,47.5040076],[19.0247251,47.5040016],[19.0247749,47.5040096],[19.0248066,47.5040297],[19.0248213,47.50406],[19.0248119,47.5040914],[19.0247802,47.5041156],[19.0247349,47.5041258],[19.0247097,47.5041223],[19.024688,47.5041193],[19.0246522,47.5040976]]]}},
{"type":"Feature","properties":{"id":"way/274263892","landuse":"forest"},"geometry":{"type":"Polygon","coordinates":[[[19.0289016,47.5016797],[19.0290272,47.5017611],[19.0290392,47.5018446],[19.0283834,47.5023102],[19.0283263,47.5022608],[19.0282436,47.5022136],[19.0282997,47.5021505],[19.0286322,47.501915],[19.0286123,47.501902],[19.0289016,47.5016797]]]}},
{"type":"Feature","properties":{"id":"way/274263893","landuse":"forest"},"geometry":{"type":"Polygon","coordinates":[[[19.0264115,47.5037878],[19.0261879,47.5036932],[19.0267502,47.5030513],[19.0269959,47.5031641],[19.0264115,47.5037878]]]}},
{"type":"Feature","properties":{"id":"way/274263894","natural":"grassland"},"geometry":{"type":"Polygon","coordinates":[[[19.0272444,47.5028407],[19.027071,47.5027602],[19.0273367,47.5024946],[19.0275337,47.5025958],[19.0273855,47.502721],[19.0272444,47.5028407]]]}},
{"type":"Feature","properties":{"id":"way/28005349","leisure":"playground","name":"Cerka-firka (Kőcsikós) játszótér","surface":"pebblestone"},"geometry":{"type":"Polygon","coordinates":[[[19.0430152,47.4849075],[19.0430169,47.4848739],[19.0430784,47.4848505],[19.043153,47.4848421],[19.0431629,47.4847639],[19.0432706,47.484757],[19.0433474,47.4847524],[19.0434631,47.4847481],[19.0435224,47.484746],[19.043526,47.4847578],[19.0435132,47.4847696],[19.0435004,47.4847814],[19.0434894,47.4847804],[19.0434761,47.4847845],[19.0434719,47.4847992],[19.043475,47.4848103],[19.0435102,47.4849779],[19.0435772,47.4851147],[19.0435761,47.485191],[19.0435713,47.4852467],[19.0435507,47.4852983],[19.0434865,47.4852985],[19.0433713,47.4853002],[19.0432414,47.4852481],[19.0432628,47.4851814],[19.0432058,47.4851677],[19.0432562,47.4850969],[19.043116,47.4849715],[19.0430071,47.4849367],[19.0430152,47.4849075]]]}},
{"type":"Feature","properties":{"id":"way/280879159","leisure":"pitch","surface":"tartan"},"geometry":{"type":"Polygon","coordinates":[[[19.0534696,47.5232012],[19.0536039,47.5231667],[19.05372,47.5233727],[19.0535857,47.5234072],[19.0535626,47.5233663],[19.0534696,47.5232012]]]}},
{"type":"Feature","properties":{"id":"way/281925949","leisure":"playground","name":"Margitszigeti Öko-játszótér"},"geometry":{"type":"Polygon","coordinates":[[[19.0538198,47.5368655],[19.0537467,47.5367401],[19.0535691,47.5364095],[19.053768,47.5363685],[19.0541384,47.5362881],[19.0541938,47.5365353],[19.0542321,47.5367724],[19.0540873,47.5368658],[19.0538198,47.5368655]]]}},
{"type":"Feature","properties":{"id":"way/282497752","leisure":"pitch","surface":"tartan"},"geometry":{"type":"Polygon","coordinates":[[[19.0670538,47.506076],[19.0672542,47.5059273],[19.067377,47.5060029],[19.0671767,47.5061515],[19.0670538,47.506076]]]}},
{"type":"Feature","properties":{"id":"way/283609209","leisure":"pitch","surface":"asphalt"},"geometry":{"type":"Polygon","coordinates":[[[19.0251129,47.5022616],[19.0249326,47.502189],[19.0250987,47.5020007],[19.025279,47.5020733],[19.0251129,47.5022616]]]}},
{"type":"Feature","properties":{"id":"way/289480182","leisure":"playground"},"geometry":{"type":"Polygon","coordinates":[[[19.0433984,47.5238534],[19.0431925,47.5238797],[19.0430979,47.5238049],[19.0430135,47.5237361],[19.0430577,47.5237108],[19.0430403,47.5236759],[19.0430021,47.5236605],[19.0429176,47.5235803],[19.0429275,47.5235505],[19.0431463,47.5234954],[19.043275,47.5234649],[19.043326,47.5234223],[19.0434211,47.5234101],[19.0434982,47.5234309],[19.0435235,47.5233794],[19.0438482,47.5232915],[19.0439426,47.5233684],[19.0439596,47.5234794],[19.043808,47.5235844],[19.0437323,47.5236654],[19.0437081,47.5237035],[19.0437819,47.5238144],[19.0435596,47.5238826],[19.0433984,47.5238534]]]}},
{"type":"Feature","properties":{"id":"way/289885171","leisure":"park","name":"Mindszenty József tér"},"geometry":{"type":"Polygon","coordinates":[[[19.0753086,47.4917682],[19.075447,47.4914918],[19.0757708,47.4915617],[19.075625,47.4918416],[19.0753086,47.4917682]]]}},
{"type":"Feature","properties":{"id":"way/291758491","leisure":"pitch","surface":"asphalt"},"geometry":{"type":"Polygon","coordinates":[[[19.0633342,47.4996584],[19.0635665,47.4997893],[19.0634839,47.4998562],[19.0632516,47.4997253],[19.0633342,47.4996584]]]}},
{"type":"Feature","properties":{"id":"way/291973979","leisure":"playground"},"geometry":{"type":"Polygon","coordinates":[[[19.0603069,47.4998778],[19.0604846,47.4999658],[19.0605667,47.499894],[19.0606936,47.499965],[19.0604538,47.5002138],[19.0604314,47.5002033],[19.0603595,47.5002687],[19.060269,47.5002131],[19.0600672,47.500089],[19.0602069,47.4999659],[19.0603069,47.4998778]]]}},
{"type":"Feature","properties":{"id":"way/292491961","area":"yes","highway":"pedestrian","name":"A udvar","surface":"paving_stones"},"geometry":{"type":"Polygon","coordinates":[[[19.0583097,47.4988977],[19.0584412,47.4988017],[19.0584581,47.4987922],[19.0586189,47.4988922],[19.0587466,47.4989689],[19.0587098,47.4989963],[19.0585813,47.499091],[19.0584526,47.4990002],[19.0583097,47.4988977]]]}},
{"type":"Feature","properties":{"id":"way/292491962","area":"yes","highway":"pedestrian","name":"B udvar","surface":"paving_stones"},"geometry":{"type":"Polygon","coordinates":[[[19.0586257,47.4986902],[19.0587932,47.4985833],[19.0589445,47.4986908],[19.0590616,47.4987739],[19.0589132,47.4988693],[19.0588849,47.4988868],[19.0587722,47.4987993],[19.0586257,47.4986902]]]}},
{"type":"Feature","properties":{"id":"way/292491963","area":"yes","highway":"pedestrian","name":"C udvar","surface":"paving_stones"},"geometry":{"type":"Polygon","coordinates":[[[19.0592166,47.4986743],[19.0591002,47.4985916],[19.0589488,47.4984841],[19.059029,47.4984263],[19.059101,47.4983743],[19.0592719,47.4984926],[19.0593921,47.4985759],[19.0593051,47.4986247],[19.0592166,47.4986743]]]}},
{"type":"Feature","properties":{"id":"way/292491964","area":"yes","highway":"pedestrian","name":"D udvar","surface":"paving_stones"},"geometry":{"type":"Polygon","coordinates":[[[19.0594961,47.4984786],[19.0594137,47.4984215],[19.0593508,47.498378],[19.0594695,47.4982998],[19.0594799,47.4982767],[19.0595252,47.4982537],[19.0596035,47.498308],[19.0596742,47.498357],[19.0594961,47.4984786]]]}},
{"type":"Feature","properties":{"id":"way/292491965","area":"yes","highway":"pedestrian","name":"F udvar","surface":"paving_stones"},"geometry":{"type":"Polygon","coordinates":[[[19.0603271,47.4980057],[19.0602673,47.497952],[19.0602045,47.4978956],[19.0603139,47.4978399],[19.0603774,47.4978969],[19.0604366,47.49795],[19.0603271,47.4980057]]]}},
{"type":"Feature","properties":{"id":"way/292491966","area":"yes","highway":"pedestrian","name":"E udvar","surface":"paving_stones"},"geometry":{"type":"Polygon","coordinates":[[[19.0598263,47.4981013],[19.0598855,47.4980578],[19.0599069,47.4980469],[19.0599758,47.4981087],[19.0600296,47.498157],[19.0599393,47.4982028],[19.0598878,47.4981565],[19.0598263,47.4981013]]]}},
{"type":"Feature","properties":{"id":"way/293231074","leisure":"park"},"geometry":{"type":"Polygon","coordinates":[[[19.0627406,47.5025641],[19.0624946,47.5024143],[19.0623653,47.5023345],[19.0622298,47.5022522],[19.0623027,47.5022028],[19.0623673,47.502159],[19.0625042,47.5022408],[19.0624876,47.5022534],[19.0626963,47.502378],[19.0626727,47.502396],[19.0626854,47.5024036],[19.0628357,47.5024934],[19.0627406,47.5025641]]]}},
{"type":"Feature","properties":{"id":"way/293332845","area":"yes","highway":"pedestrian","name":"Pollack Mihály tér","surface":"paving_stones"},"geometry":{"type":"Polygon","coordinates":[[[19.0641922,47.4904129],[19.064329,47.4904271],[19.0642511,47.4906763],[19.0643296,47.4907745],[19.0643191,47.4908066],[19.0641594,47.4912945],[19.0641442,47.491341],[19.0640613,47.4915941],[19.0639685,47.4918778],[19.0639625,47.4918949],[19.0639074,47.4920626],[19.0638488,47.4922411],[19.0638313,47.4922958],[19.0636031,47.4922534],[19.0636477,47.49213],[19.0637189,47.4920519],[19.0637972,47.4918101],[19.0637736,47.491781],[19.0640436,47.490978],[19.0640712,47.4909657],[19.0641252,47.4908029],[19.0641036,47.4907298],[19.0641922,47.4904129]]]}},
{"type":"Feature","properties":{"id":"way/293397317","leisure":"garden","natural":"scrub"},"geometry":{"type":"Polygon","coordinates":[[[19.0666637,47.4899748],[19.0666969,47.489955],[19.066711,47.489919],[19.0667,47.4898809],[19.0666556,47.4898557],[19.0666153,47.4898475],[19.0665619,47.4898563],[19.0665206,47.4898148],[19.0665297,47.4897821],[19.0668017,47.4898169],[19.0667584,47.4900197],[19.066704,47.4900156],[19.0666637,47.4899748]]]}},
{"type":"Feature","properties":{"id":"way/293397318","leisure":"garden"},"geometry":{"type":"Polygon","coordinates":[[[19.0685911,47.4902322],[19.068604,47.490138],[19.0686151,47.4901387],[19.0686439,47.4901405],[19.0686311,47.4902347],[19.0685911,47.4902322]]]}},
{"type":"Feature","properties":{"id":"way/293397320","leisure":"garden"},"geometry":{"type":"Polygon","coordinates":[[[19.0685047,47.4902794],[19.068346,47.490264],[19.0683516,47.4902376],[19.0685103,47.4902531],[19.0685047,47.4902794]]]}},
{"type":"Feature","properties":{"id":"way/293514518","leisure":"garden"},"geometry":{"type":"Polygon","coordinates":[[[19.0703858,47.4902787],[19.070411,47.4902722],[19.0705055,47.4902721],[19.0705225,47.4902815],[19.0705426,47.4904001],[19.0705322,47.4904273],[19.0705101,47.4904344],[19.0703912,47.4904206],[19.0703713,47.4904025],[19.0703858,47.4902787]]]}},
{"type":"Feature","properties":{"id":"way/293514519","leisure":"garden"},"geometry":{"type":"Polygon","coordinates":[[[19.0704062,47.4901875],[19.0704239,47.4900809],[19.0704402,47.4900699],[19.0704669,47.490069],[19.0704933,47.4900801],[19.0705082,47.4901875],[19.0704948,47.4901942],[19.0704178,47.4901939],[19.0704062,47.4901875]]]}},
{"type":"Feature","properties":{"id":"way/293666636","leisure":"playground","name":"Gutenberg téri játszótér"},"geometry":{"type":"Polygon","coordinates":[[[19.0693728,47.4930586],[19.0697335,47.4929713],[19.0697167,47.4932379],[19.0697053,47.4932452],[19.0696951,47.4932518],[19.0695909,47.4932626],[19.0695843,47.4932205],[19.0694082,47.493243],[19.0693776,47.493082],[19.0693728,47.4930586]]]}},
{"type":"Feature","properties":{"id":"way/293797039","leisure":"playground","name":"Jakab József utcai kis játszótér"},"geometry":{"type":"Polygon","coordinates":[[[19.0636574,47.5364697],[19.0635937,47.5363252],[19.0637282,47.5362982],[19.0638687,47.5362699],[19.06392,47.536382],[19.0639603,47.5364639],[19.0637305,47.5364667],[19.0636574,47.5364697]]]}},
{"type":"Feature","properties":{"id":"way/293797041","leisure":"playground","name":"Jakab József utcai nagy játszótér"},"geometry":{"type":"Polygon","coordinates":[[[19.0627368,47.5366523],[19.0628093,47.5366226],[19.0630769,47.5365133],[19.0631388,47.5365133],[19.063204,47.5365298],[19.0634988,47.536835],[19.0636474,47.5369888],[19.0629763,47.5371119],[19.0629448,47.5371102],[19.0629101,47.5371083],[19.0629884,47.5370373],[19.0627368,47.5366523]]]}},
{"type":"Feature","properties":{"id":"way/293797074","leisure":"pitch","surface":"rubber"},"geometry":{"type":"Polygon","coordinates":[[[19.0632561,47.5370326],[19.0632146,47.5369296],[19.0634566,47.5368852],[19.0634981,47.5369882],[19.0632561,47.5370326]]]}},
{"type":"Feature","properties":{"id":"way/293797076","leisure":"park"},"geometry":{"type":"Polygon","coordinates":[[[19.0621747,47.5378163],[19.0619839,47.5373969],[19.0620087,47.5373918],[19.0627156,47.5372452],[19.0629064,47.5376646],[19.0621747,47.5378163]]]}},
{"type":"Feature","properties":{"id":"way/294763450","landuse":"recreation_ground"},"geometry":{"type":"Polygon","coordinates":[[[19.0520408,47.5183151],[19.05198,47.5182254],[19.052342,47.5181135],[19.0524028,47.5182032],[19.0520408,47.5183151]]]}},
{"type":"Feature","properties":{"id":"way/294763452","leisure":"playground"},"geometry":{"type":"Polygon","coordinates":[[[19.0522455,47.5179891],[19.0518456,47.5181129],[19.0517659,47.5179953],[19.0521657,47.5178715],[19.0522455,47.5179891]]]}},
{"type":"Feature","properties":{"id":"way/295638954","leisure":"garden"},"geometry":{"type":"Polygon","coordinates":[[[19.0673569,47.4956089],[19.0672418,47.4955881],[19.0672539,47.4955595],[19.0672277,47.4955322],[19.0670504,47.4954955],[19.0671746,47.4952313],[19.0673748,47.4952736],[19.0674467,47.4951162],[19.0677128,47.4951703],[19.0676855,47.4952341],[19.0675,47.4951978],[19.0674542,47.4953033],[19.0674967,47.49531],[19.0674711,47.4953648],[19.0674303,47.4953583],[19.0673771,47.4954808],[19.0674138,47.4954872],[19.0673569,47.4956089]]]}},
{"type":"Feature","properties":{"id":"way/295638957","leisure":"park"},"geometry":{"type":"Polygon","coordinates":[[[19.0671746,47.4952313],[19.0671893,47.4952001],[19.067247,47.4950756],[19.0674467,47.4951162],[19.0673748,47.4952736],[19.0671746,47.4952313]]]}},
{"type":"Feature","properties":{"id":"way/296144152","area":"yes","highway":"pedestrian","name":"Ferenciek tere, aluljáró","surface":"paving_stones"},"geometry":{"type":"Polygon","coordinates":[[[19.0555047,47.4932871],[19.0555252,47.4932644],[19.0557392,47.4930789],[19.0558868,47.4929452],[19.0559482,47.4928886],[19.0559744,47.4928991],[19.0560005,47.4929097],[19.0557443,47.4931471],[19.0559492,47.4932091],[19.055987,47.4932206],[19.0558597,47.493383],[19.0558514,47.4933935],[19.0554949,47.4933009],[19.0555047,47.4932871]]]}},
{"type":"Feature","properties":{"id":"way/296170926","leisure":"pitch"},"geometry":{"type":"Polygon","coordinates":[[[19.0360657,47.5044853],[19.0360777,47.5044578],[19.0360964,47.5044616],[19.0360843,47.504489],[19.0360657,47.5044853]]]}},
{"type":"Feature","properties":{"id":"way/296896068","landuse":"grass"},"geometry":{"type":"Polygon","coordinates":[[[19.0565931,47.4967041],[19.0575195,47.4962689],[19.0576637,47.4962214],[19.0580848,47.4960451],[19.0585052,47.4958535],[19.0586299,47.4958489],[19.0586883,47.495853],[19.0586937,47.4958879],[19.0586796,47.4959575],[19.0586313,47.4959871],[19.0583678,47.4961054],[19.0582028,47.4962156],[19.0581347,47.4962554],[19.0577022,47.4964554],[19.0567797,47.4968838],[19.0565931,47.4967041]]]}},
{"type":"Feature","properties":{"id":"way/296896071","area":"yes","highway":"pedestrian","name":"Madách Imre tér","surface":"paving_stones"},"geometry":{"type":"Polygon","coordinates":[[[19.0570525,47.4976024],[19.0570593,47.497609],[19.0570263,47.4976246],[19.0569862,47.4975861],[19.0566633,47.4972758],[19.0565207,47.4971388],[19.056507,47.4971256],[19.0565565,47.4971022],[19.0567083,47.4970302],[19.0568077,47.4969828],[19.0568582,47.4969618],[19.056869,47.4969724],[19.0570085,47.4971092],[19.0570996,47.4971978],[19.0572956,47.4973887],[19.0573308,47.4974226],[19.057371,47.4974612],[19.0573345,47.4974785],[19.0573275,47.4974718],[19.0571912,47.4975366],[19.0570525,47.4976024]]]}},
{"type":"Feature","properties":{"id":"way/302363615","leisure":"playground","name":"Pompom játszótér","surface":"tartan"},"geometry":{"type":"Polygon","coordinates":[[[19.0324837,47.4930112],[19.0325271,47.4929692],[19.0325962,47.4929337],[19.0326786,47.4929152],[19.0327655,47.4929159],[19.0328472,47.4929356],[19.0329151,47.4929722],[19.0329565,47.493014],[19.0329789,47.4930619],[19.0329807,47.4931121],[19.0329623,47.4931594],[19.0329257,47.4932015],[19.0328735,47.4932353],[19.0328037,47.4932596],[19.0327264,47.493269],[19.0326484,47.4932625],[19.0325768,47.4932408],[19.0325177,47.4932058],[19.0324766,47.4931606],[19.0324574,47.493111],[19.0324598,47.4930598],[19.0324837,47.4930112]]]}},
{"type":"Feature","properties":{"id":"way/303003928","area":"yes","highway":"pedestrian","name":"Egyetem tér","surface":"paving_stones"},"geometry":{"type":"Polygon","coordinates":[[[19.0583977,47.4911707],[19.0583232,47.4911557],[19.0581676,47.4911319],[19.0581162,47.4911227],[19.0579239,47.4910882],[19.0578704,47.4910786],[19.0577776,47.4910637],[19.057799,47.4910025],[19.0578153,47.4909546],[19.0578284,47.4909121],[19.0580458,47.4909404],[19.058161,47.4909557],[19.0581735,47.490912],[19.0582771,47.4909136],[19.0584544,47.490801],[19.0585065,47.4908297],[19.058624,47.4907602],[19.0587297,47.4906978],[19.0586768,47.4906528],[19.0588142,47.4905578],[19.0588891,47.4905648],[19.0589468,47.4905701],[19.0590415,47.4906655],[19.0591522,47.4907278],[19.0592219,47.4908024],[19.0591831,47.4908189],[19.0590677,47.4908678],[19.0588993,47.4909448],[19.0586517,47.4910579],[19.0586502,47.4911087],[19.0586487,47.4911595],[19.0586123,47.4912101],[19.058564,47.4912486],[19.0585006,47.4912218],[19.0584459,47.4911946],[19.0583977,47.4911707]]]}},
{"type":"Feature","properties":{"id":"way/303003933","area":"yes","highway":"pedestrian","name":"Kamermayer Károly tér","place":"square","surface":"paving_stones"},"geometry":{"type":"Polygon","coordinates":[[[19.0557062,47.4946633],[19.0557907,47.494639],[19.0559373,47.4946018],[19.0559636,47.4946097],[19.0563652,47.4947304],[19.0562917,47.4948249],[19.0562505,47.4948678],[19.056196,47.4948907],[19.05605,47.4949482],[19.0560231,47.4949518],[19.0559863,47.4949659],[19.0557062,47.4946633]]]}},
{"type":"Feature","properties":{"id":"way/304203275","leisure":"pitch","surface":"artificial_turf"},"geometry":{"type":"Polygon","coordinates":[[[19.073196,47.5326713],[19.0731198,47.5325063],[19.0734959,47.5324337],[19.0735665,47.5326005],[19.073196,47.5326713]]]}},
{"type":"Feature","properties":{"id":"way/304203276","leisure":"pitch","name":"Országbíró labdapálya","surface":"asphalt"},"geometry":{"type":"Polygon","coordinates":[[[19.0735665,47.5326005],[19.0736026,47.5327521],[19.0734424,47.532773],[19.0732362,47.5327623],[19.0732015,47.532683],[19.073196,47.5326713],[19.0735665,47.5326005]]]}},
{"type":"Feature","properties":{"id":"way/305400993","leisure":"garden","name":"Japánkert","name:en":"Japanese Garden"},"geometry":{"type":"Polygon","coordinates":[[[19.0507862,47.5336962],[19.0508415,47.5336744],[19.0509351,47.5336629],[19.0510346,47.5335966],[19.051129,47.5335746],[19.0512854,47.5335386],[19.0515357,47.5339878],[19.0516743,47.5341308],[19.0517709,47.5342254],[19.0518232,47.5342997],[19.0518685,47.534382],[19.051909,47.5344735],[19.0519331,47.5345523],[19.0513269,47.5348157],[19.0507613,47.5343044],[19.0507141,47.5342403],[19.0506805,47.5341661],[19.0506702,47.5340832],[19.0506822,47.5340112],[19.0507862,47.5336962]]]}},
{"type":"Feature","properties":{"id":"way/305999648","leisure":"pitch","surface":"asphalt"},"geometry":{"type":"Polygon","coordinates":[[[19.0451001,47.5404121],[19.0449434,47.540433],[19.0449135,47.5403308],[19.045068,47.5403077],[19.0451001,47.5404121]]]}},
{"type":"Feature","properties":{"id":"way/306003693","leisure":"park"},"geometry":{"type":"Polygon","coordinates":[[[19.0339786,47.5014678],[19.0339576,47.5014517],[19.0339518,47.5014241],[19.0339225,47.5014032],[19.0340587,47.5011131],[19.0341918,47.5011328],[19.0342164,47.5011944],[19.034483,47.5012579],[19.0345699,47.5011336],[19.0347918,47.5012083],[19.034826,47.5011669],[19.0349996,47.5011991],[19.0350633,47.5012111],[19.0349807,47.5015408],[19.0348852,47.5016702],[19.0348439,47.5016467],[19.0348184,47.5016397],[19.0347843,47.5016304],[19.0347714,47.5016536],[19.0345035,47.501585],[19.0344967,47.501597],[19.0344245,47.5015785],[19.0344186,47.5015891],[19.0343314,47.5015633],[19.0343337,47.5015594],[19.0343032,47.5015522],[19.0342007,47.501528],[19.0341374,47.501511],[19.0340797,47.5014955],[19.0339786,47.5014678]]]}},
{"type":"Feature","properties":{"id":"way/306015321","leisure":"pitch","surface":"asphalt"},"geometry":{"type":"Polygon","coordinates":[[[19.0458032,47.5435341],[19.0458079,47.5434663],[19.045906,47.5433985],[19.0463076,47.5433528],[19.0463169,47.5434175],[19.0462142,47.5434821],[19.0458032,47.5435341]]]}},
{"type":"Feature","properties":{"id":"way/306274663","leisure":"pitch","surface":"asphalt"},"geometry":{"type":"Polygon","coordinates":[[[19.0347215,47.5009394],[19.0348334,47.5009892],[19.0346902,47.5011359],[19.0345783,47.5010861],[19.0347215,47.5009394]]]}},
{"type":"Feature","properties":{"id":"way/306378368","leisure":"park","name":"Hess András tér"},"geometry":{"type":"Polygon","coordinates":[[[19.0326319,47.5030184],[19.0328392,47.5028446],[19.0328492,47.50285],[19.03287,47.5028359],[19.0329543,47.5028715],[19.0329431,47.5028876],[19.0329532,47.5028926],[19.0328229,47.5030692],[19.0326319,47.5030184]]]}},
{"type":"Feature","properties":{"id":"way/30661773","leisure":"park","name":"Csörsz park"},"geometry":{"type":"Polygon","coordinates":[[[19.0295866,47.4895865],[19.0294634,47.4895914],[19.0283125,47.489662],[19.0281691,47.4884145],[19.0287501,47.4884405],[19.0292771,47.4884718],[19.0294155,47.4884681],[19.0298109,47.4884341],[19.0301821,47.4884288],[19.0295866,47.4895865]]]}},
{"type":"Feature","properties":{"id":"way/307034292","leisure":"park","name":"Angyal István park"},"geometry":{"type":"Polygon","coordinates":[[[19.0692383,47.4859498],[19.0691111,47.4858654],[19.0694132,47.4856873],[19.0694836,47.4857518],[19.0692383,47.4859498]]]}},
{"type":"Feature","properties":{"id":"way/307591330","leisure":"playground","name":"Mátyás király játszópark"},"geometry":{"type":"Polygon","coordinates":[[[19.034826,47.5011669],[19.0349385,47.5008396],[19.0349548,47.500799],[19.0352758,47.5008534],[19.0352709,47.5008655],[19.0352365,47.5009577],[19.0351504,47.5012023],[19.0351416,47.5012269],[19.0350633,47.5012111],[19.0349996,47.5011991],[19.034826,47.5011669]]]}},
{"type":"Feature","properties":{"id":"way/307850941","leisure":"park"},"geometry":{"type":"Polygon","coordinates":[[[19.0348649,47.5132858],[19.0347322,47.5133692],[19.0347054,47.5133183],[19.0346474,47.5132083],[19.034629,47.5131733],[19.0346498,47.5131641],[19.0346965,47.5131435],[19.0348076,47.5130945],[19.0348744,47.5132491],[19.0348649,47.5132858]]]}},
{"type":"Feature","properties":{"id":"way/310111461","leisure":"park","name":"Gyarmati Dezső park"},"geometry":{"type":"Polygon","coordinates":[[[19.0457366,47.5436077],[19.0457125,47.5435063],[19.0457102,47.543401],[19.0457093,47.5433618],[19.0456734,47.5431953],[19.0456682,47.5431587],[19.0456682,47.5429867],[19.0456666,47.5429773],[19.0456226,47.5427151],[19.0456494,47.5426373],[19.0465436,47.5426975],[19.0465936,47.5427006],[19.0465801,47.543242],[19.0465319,47.5433796],[19.0464729,47.5434357],[19.0463683,47.5434937],[19.046202,47.543548],[19.0457366,47.5436077]]]}},
{"type":"Feature","properties":{"id":"way/310824703","landuse":"grass"},"geometry":{"type":"Polygon","coordinates":[[[19.049678,47.5048208],[19.0496389,47.5047654],[19.0496157,47.5047181],[19.049601,47.5046688],[19.0495928,47.5046024],[19.0498101,47.5046251],[19.0498497,47.5046379],[19.0498725,47.5046545],[19.0498839,47.5046808],[19.0498752,47.5047039],[19.0498517,47.5047244],[19.049678,47.5048208]]]}},
{"type":"Feature","properties":{"id":"way/310824705","landuse":"grass"},"geometry":{"type":"Polygon","coordinates":[[[19.0498494,47.5049644],[19.0500244,47.504872],[19.0500549,47.504864],[19.0500846,47.5048626],[19.0501087,47.5048681],[19.0501296,47.50488],[19.0501397,47.504895],[19.0501444,47.5049195],[19.0501176,47.5050664],[19.0500482,47.5050473],[19.0499792,47.5050243],[19.0499071,47.5049944],[19.0498494,47.5049644]]]}},
{"type":"Feature","properties":{"id":"way/310824707","landuse":"grass"},"geometry":{"type":"Polygon","coordinates":[[[19.050356,47.5049466],[19.0503717,47.5049273],[19.0503889,47.5049135],[19.050412,47.5049034],[19.0504391,47.5048992],[19.0504682,47.5049005],[19.0504978,47.5049093],[19.0505226,47.5049208],[19.0506637,47.5050316],[19.0505809,47.505055],[19.0505263,47.5050678],[19.0504706,47.5050771],[19.050415,47.5050828],[19.0503412,47.5050853],[19.050356,47.5049466]]]}},
{"type":"Feature","properties":{"id":"way/310824708","landuse":"grass"},"geometry":{"type":"Polygon","coordinates":[[[19.0507301,47.5047597],[19.0507362,47.5047457],[19.0507536,47.5047344],[19.0507721,47.5047289],[19.0508025,47.504726],[19.0508642,47.5047323],[19.0510215,47.5047484],[19.0509996,47.5047865],[19.0509669,47.5048333],[19.0509427,47.5048603],[19.0508834,47.5049165],[19.0507422,47.5047909],[19.0507322,47.5047744],[19.0507301,47.5047597]]]}},
{"type":"Feature","properties":{"id":"way/310824709","leisure":"park"},"geometry":{"type":"Polygon","coordinates":[[[19.0495873,47.5044101],[19.0496743,47.5040093],[19.0496868,47.5039906],[19.049719,47.5039743],[19.0497558,47.5039694],[19.049801,47.5039336],[19.0498775,47.5035654],[19.0498235,47.5035611],[19.0497974,47.5035494],[19.0497813,47.5035331],[19.0497774,47.503511],[19.0498599,47.5031268],[19.0504204,47.5031866],[19.0504251,47.5031598],[19.0504966,47.5031657],[19.0505347,47.5031769],[19.0505585,47.5031952],[19.0505706,47.503222],[19.0505488,47.5033345],[19.0506522,47.5033447],[19.0506804,47.5032309],[19.0506987,47.5032106],[19.0507272,47.5031968],[19.0507772,47.5031932],[19.0508435,47.5032011],[19.0508361,47.503231],[19.0513475,47.5032861],[19.0510738,47.5045616],[19.0509001,47.5045443],[19.0508911,47.5045434],[19.0508717,47.5045379],[19.0508574,47.5045284],[19.0508261,47.5044794],[19.0507836,47.5044222],[19.0507275,47.5043757],[19.0506935,47.504349],[19.0506176,47.5043225],[19.0505559,47.504301],[19.0502326,47.5042705],[19.0501658,47.5042775],[19.0500873,47.5042858],[19.0500486,47.5043001],[19.049981,47.5043422],[19.0499215,47.5043834],[19.0498713,47.5044182],[19.0498407,47.5044322],[19.0498179,47.5044341],[19.0495873,47.5044101]]]}},
{"type":"Feature","properties":{"id":"way/310830371","leisure":"playground","name":"szabadság téri játszótér"},"geometry":{"type":"Polygon","coordinates":[[[19.0500443,47.5033795],[19.0500595,47.5032783],[19.0500708,47.5032598],[19.0500911,47.5032482],[19.0501119,47.5032421],[19.0501451,47.5032441],[19.0501726,47.5032568],[19.0502129,47.5032852],[19.0502197,47.5032951],[19.0501998,47.5033872],[19.0501871,47.5034055],[19.0501654,47.5034208],[19.0501401,47.5034287],[19.050112,47.5034293],[19.0500884,47.5034242],[19.050066,47.5034124],[19.0500482,47.5033967],[19.0500443,47.5033795]]]}},
{"type":"Feature","properties":{"id":"way/310830433","leisure":"park"},"geometry":{"type":"Polygon","coordinates":[[[19.0511026,47.5031074],[19.0511136,47.503054],[19.0511533,47.5030459],[19.0511807,47.503028],[19.0512018,47.5030009],[19.0512022,47.5029705],[19.0511736,47.5029309],[19.0511412,47.5029197],[19.0511498,47.5028778],[19.0514391,47.502905],[19.0513918,47.5031346],[19.0511026,47.5031074]]]}},
{"type":"Feature","properties":{"id":"way/310830447","area":"yes","highway":"pedestrian","surface":"paving_stones"},"geometry":{"type":"Polygon","coordinates":[[[19.0504667,47.5027294],[19.0505498,47.5027375],[19.0506054,47.5027404],[19.050645,47.5025728],[19.0506908,47.5025731],[19.050803,47.5025835],[19.0507619,47.502787],[19.0511577,47.5028234],[19.0511572,47.5028501],[19.0511498,47.5028778],[19.0511412,47.5029197],[19.0511736,47.5029309],[19.0512022,47.5029705],[19.0512018,47.5030009],[19.0511807,47.503028],[19.0511533,47.5030459],[19.0511136,47.503054],[19.0511026,47.5031074],[19.051099,47.5031262],[19.0509597,47.5031138],[19.0504019,47.5030534],[19.050436,47.5028825],[19.05045,47.5028127],[19.0504603,47.5027615],[19.0504667,47.5027294]]]}},
{"type":"Feature","properties":{"id":"way/310830448","landuse":"grass"},"geometry":{"type":"Polygon","coordinates":[[[19.0489935,47.5028969],[19.0490199,47.5027823],[19.0490444,47.5027685],[19.0495314,47.5028191],[19.0495413,47.5028201],[19.0495453,47.5028042],[19.0495782,47.5027839],[19.0498129,47.502807],[19.049837,47.502831],[19.049833,47.5028514],[19.0498458,47.5028527],[19.0501045,47.5028794],[19.0501125,47.5028492],[19.0503609,47.5028766],[19.0503506,47.5029216],[19.0501801,47.5029039],[19.0501672,47.5029606],[19.0503377,47.5029783],[19.0503285,47.5030187],[19.0502905,47.5030329],[19.0489935,47.5028969]]]}},
{"type":"Feature","properties":{"id":"way/312663297","area":"yes","highway":"pedestrian","name":"Clark Ádám tér","surface":"sett"},"geometry":{"type":"Polygon","coordinates":[[[19.0402816,47.4979088],[19.0402628,47.4979198],[19.0402261,47.4979304],[19.0401955,47.4979315],[19.0401415,47.4979228],[19.0401062,47.497966],[19.0400784,47.4979533],[19.0400587,47.4979401],[19.0400287,47.4979078],[19.0400165,47.4978805],[19.0400151,47.4978406],[19.0400221,47.4978276],[19.0400572,47.4978374],[19.0401119,47.4978485],[19.0402197,47.497839],[19.040258,47.4978409],[19.0402873,47.4978562],[19.0403009,47.497872],[19.0403071,47.4978926],[19.0402816,47.4979088]]]}},
{"type":"Feature","properties":{"id":"way/312772988","leisure":"park"},"geometry":{"type":"Polygon","coordinates":[[[19.0700121,47.4984466],[19.0697811,47.4983435],[19.0700046,47.4981474],[19.070155,47.4978879],[19.0702005,47.4977792],[19.0702818,47.4977386],[19.0700787,47.4984225],[19.0700121,47.4984466]]]}},
{"type":"Feature","properties":{"id":"way/314896074","leisure":"garden"},"geometry":{"type":"Polygon","coordinates":[[[19.0448526,47.5407181],[19.0448673,47.5406626],[19.0448098,47.5404519],[19.0449434,47.540433],[19.0449857,47.5406371],[19.0449708,47.5407016],[19.0448526,47.5407181]]]}},
{"type":"Feature","properties":{"id":"way/315000297","leisure":"garden"},"geometry":{"type":"Polygon","coordinates":[[[19.032745,47.5009545],[19.032788,47.5009255],[19.0328602,47.500877],[19.0328933,47.5008783],[19.0329233,47.5009006],[19.0329205,47.5009209],[19.032857,47.5009695],[19.0328175,47.5009995],[19.0328048,47.500994],[19.0327949,47.5009944],[19.0327843,47.5009993],[19.0327651,47.5009867],[19.0327486,47.5009765],[19.032753,47.5009698],[19.0327512,47.5009593],[19.032745,47.5009545]]]}},
{"type":"Feature","properties":{"id":"way/315314215","leisure":"park","name":"Millenáris park"},"geometry":{"type":"Polygon","coordinates":[[[19.0260406,47.5116582],[19.0253968,47.5119533],[19.025301,47.5119988],[19.0252198,47.5120374],[19.0251641,47.5120632],[19.023741,47.5127228],[19.0229938,47.5120169],[19.0227554,47.5118145],[19.0229411,47.5117198],[19.0229787,47.5116328],[19.0229039,47.5116109],[19.0235411,47.5111403],[19.0237657,47.5112659],[19.024164,47.5110002],[19.0243792,47.5108769],[19.0241433,47.5106641],[19.0250152,47.5100188],[19.0252747,47.510246],[19.0252277,47.5102885],[19.0253559,47.510375],[19.0254156,47.5103414],[19.0255691,47.5102531],[19.0256973,47.5101793],[19.0259847,47.5104798],[19.0262877,47.5107542],[19.0268136,47.5112474],[19.0268198,47.5112802],[19.0263955,47.5114969],[19.0260406,47.5116582]]]}},
{"type":"Feature","properties":{"id":"way/317946708","leisure":"park"},"geometry":{"type":"Polygon","coordinates":[[[19.0450519,47.4910097],[19.0449755,47.4910042],[19.0449004,47.4910033],[19.0448628,47.4908434],[19.0448977,47.4907899],[19.0449634,47.4907056],[19.0451351,47.4905788],[19.0453114,47.4904503],[19.0455056,47.4905703],[19.0459321,47.4902436],[19.046041,47.4901694],[19.0461065,47.4901332],[19.0461383,47.4901611],[19.0461889,47.4901417],[19.0462298,47.49013],[19.0462725,47.4901217],[19.0463164,47.4901171],[19.0463646,47.4901162],[19.0464099,47.4901193],[19.0464748,47.4901363],[19.0465475,47.4901622],[19.0466791,47.4902084],[19.0467112,47.4901921],[19.0468304,47.4902336],[19.0465506,47.4904852],[19.0462723,47.4906803],[19.0460088,47.490871],[19.0458821,47.4909268],[19.0457781,47.4909503],[19.0458029,47.4910754],[19.0457131,47.4910903],[19.0456185,47.4910944],[19.0455233,47.4910845],[19.0450519,47.4910097]]]}},
{"type":"Feature","properties":{"id":"way/321329776","landuse":"grass"},"geometry":{"type":"Polygon","coordinates":[[[19.0240159,47.4874147],[19.0239285,47.4873777],[19.023888,47.4873599],[19.0237923,47.4873181],[19.0237364,47.4872932],[19.0237339,47.4872908],[19.0237329,47.4872878],[19.0237339,47.4872843],[19.0237371,47.4872818],[19.0237443,47.4872799],[19.0237643,47.4872729],[19.0237862,47.4872655],[19.023807,47.4872556],[19.0238341,47.4872394],[19.0238573,47.4872189],[19.0238722,47.4872017],[19.0238827,47.4871814],[19.0238871,47.4871762],[19.0238935,47.4871729],[19.0239014,47.4871702],[19.0239101,47.4871688],[19.0239184,47.487169],[19.0239277,47.4871704],[19.0239349,47.487174],[19.0241235,47.4872953],[19.0240159,47.4874147]]]}},
{"type":"Feature","properties":{"id":"way/321329779","landuse":"grass"},"geometry":{"type":"Polygon","coordinates":[[[19.0236009,47.4872211],[19.0235596,47.4871987],[19.023505,47.4871635],[19.0234457,47.4871228],[19.0233923,47.4870802],[19.0233578,47.4870514],[19.0233427,47.487036],[19.0233305,47.4870197],[19.0233251,47.4870029],[19.0233238,47.4869854],[19.0233267,47.4869691],[19.0233361,47.4869572],[19.0233489,47.4869463],[19.0233661,47.486934],[19.0233871,47.4869228],[19.0234116,47.4869146],[19.0234353,47.4869101],[19.0234574,47.4869087],[19.0234808,47.4869093],[19.0235013,47.4869137],[19.0235341,47.4869261],[19.0235669,47.4869433],[19.0236886,47.4870199],[19.0237876,47.4870832],[19.0237999,47.4870954],[19.0238084,47.4871097],[19.0238135,47.4871269],[19.0238146,47.4871445],[19.0238097,47.4871634],[19.0237999,47.4871821],[19.0237845,47.4871989],[19.0237664,47.4872117],[19.023743,47.4872224],[19.0237186,47.48723],[19.0236927,47.487234],[19.0236698,47.4872348],[19.0236444,47.4872321],[19.0236199,47.4872276],[19.0236009,47.4872211]]]}},
{"type":"Feature","properties":{"id":"way/321329786","leisure":"pitch"},"geometry":{"type":"Polygon","coordinates":[[[19.0226136,47.4846131],[19.0227091,47.4844455],[19.0228964,47.4844946],[19.0228009,47.4846621],[19.0226136,47.4846131]]]}},
{"type":"Feature","properties":{"id":"way/321329788","landuse":"grass"},"geometry":{"type":"Polygon","coordinates":[[[19.0228807,47.4871539],[19.0228867,47.4871489],[19.0231318,47.4870225],[19.0231742,47.4870514],[19.0232525,47.4871302],[19.0232454,47.4871946],[19.0231182,47.4871683],[19.0230689,47.4871658],[19.0229793,47.4871634],[19.022901,47.4871682],[19.022895,47.4871685],[19.0228891,47.4871668],[19.0228823,47.4871631],[19.0228794,47.4871585],[19.0228807,47.4871539]]]}},
{"type":"Feature","properties":{"id":"way/321469219","leisure":"garden"},"geometry":{"type":"Polygon","coordinates":[[[19.037589,47.4975548],[19.037777,47.4976323],[19.0376299,47.4978342],[19.0376206,47.4978165],[19.0376183,47.497802],[19.0376245,47.4977811],[19.0376368,47.4977619],[19.0376553,47.4977286],[19.0376861,47.4976885],[19.0377238,47.4976495],[19.0377254,47.4976365],[19.0377115,47.4976297],[19.0376722,47.4976224],[19.037626,47.4976026],[19.037596,47.4975751],[19.037589,47.4975548]]]}},
{"type":"Feature","properties":{"id":"way/325837630","area":"yes","highway":"pedestrian","name":"Astoria aluljáró","surface":"paving_stones"},"geometry":{"type":"Polygon","coordinates":[[[19.0602728,47.4941976],[19.0602817,47.4941813],[19.0603067,47.4941881],[19.0603323,47.4941951],[19.0603437,47.4942121],[19.0603349,47.4942306],[19.0603262,47.4942492],[19.0603063,47.4942447],[19.060185,47.4942741],[19.0601597,47.4943184],[19.0601422,47.4943487],[19.0601005,47.4944258],[19.0601511,47.4944857],[19.0601622,47.4944882],[19.0601545,47.494505],[19.0601462,47.4945233],[19.0601204,47.4945327],[19.0600939,47.494523],[19.0600702,47.4945145],[19.060079,47.4945029],[19.0599873,47.4943749],[19.0599184,47.4943561],[19.059889,47.4943629],[19.0598726,47.4943899],[19.0598487,47.4943832],[19.0598209,47.4943755],[19.0598382,47.4943471],[19.0597985,47.4943368],[19.0596891,47.4943564],[19.059681,47.494369],[19.0596574,47.4943629],[19.0595789,47.4943425],[19.0595897,47.4943244],[19.0595996,47.4943077],[19.0596173,47.4943121],[19.059733,47.4942656],[19.0597588,47.4942245],[19.0597394,47.4941438],[19.0597477,47.4941253],[19.0597557,47.4941075],[19.0598193,47.4941238],[19.059845,47.4941302],[19.0598845,47.4941856],[19.0600471,47.4942289],[19.0600584,47.4942077],[19.0600841,47.4942141],[19.0601098,47.4942205],[19.0600989,47.4942423],[19.0601041,47.4942436],[19.0602728,47.4941976]]]}},
{"type":"Feature","properties":{"id":"way/325954981","leisure":"pitch","surface":"tartan"},"geometry":{"type":"Polygon","coordinates":[[[19.0410627,47.4920362],[19.0409575,47.4918728],[19.0414528,47.4917272],[19.041558,47.4918907],[19.0415247,47.4919004],[19.0410627,47.4920362]]]}},
{"type":"Feature","properties":{"id":"way/325994761","leisure":"pitch","surface":"acrylic"},"geometry":{"type":"Polygon","coordinates":[[[19.0610489,47.5338707],[19.0609517,47.5336442],[19.0612976,47.5335766],[19.0613949,47.533803],[19.0610489,47.5338707]]]}},
{"type":"Feature","properties":{"id":"way/327036555","leisure":"pitch"},"geometry":{"type":"Polygon","coordinates":[[[19.0584305,47.4892705],[19.0585895,47.4893358],[19.0584582,47.489482],[19.0583799,47.4894499],[19.0582992,47.4894168],[19.0584305,47.4892705]]]}},
{"type":"Feature","properties":{"id":"way/32801240","leisure":"park"},"geometry":{"type":"Polygon","coordinates":[[[19.0537321,47.4763884],[19.0539397,47.4763277],[19.0539666,47.4763697],[19.0545314,47.4762148],[19.054574,47.4760925],[19.0547203,47.4760459],[19.05491,47.4761962],[19.0548624,47.4762409],[19.0544677,47.476611],[19.0544475,47.4766316],[19.0544385,47.4766459],[19.0544353,47.4766602],[19.0544404,47.4766744],[19.0544558,47.4766989],[19.0544636,47.4767098],[19.0544732,47.4767202],[19.0544776,47.4767897],[19.0543475,47.4767802],[19.0542753,47.4768264],[19.0542705,47.4768677],[19.054246,47.4770742],[19.0541665,47.4770666],[19.0540774,47.4770602],[19.0538997,47.4770455],[19.0537732,47.477035],[19.0537667,47.4770261],[19.0536742,47.4766825],[19.0536642,47.4766457],[19.0536769,47.4766434],[19.0536704,47.4766181],[19.0536896,47.4766176],[19.0536768,47.4765678],[19.053648,47.4765694],[19.0536424,47.4765389],[19.0537588,47.476516],[19.0537321,47.4763884]]]}},
{"type":"Feature","properties":{"id":"way/32804316","leisure":"park"},"geometry":{"type":"Polygon","coordinates":[[[19.0285548,47.4775978],[19.0285921,47.4776658],[19.0286035,47.477663],[19.0287128,47.4778858],[19.0280671,47.4780445],[19.0280392,47.4780514],[19.0280265,47.4780277],[19.0279439,47.478048],[19.0279565,47.4780715],[19.0274396,47.4781986],[19.0273904,47.4781071],[19.0273321,47.4779987],[19.0272852,47.4779117],[19.0277992,47.4777853],[19.027814,47.4778129],[19.027905,47.4777905],[19.0278893,47.4777613],[19.027909,47.4777565],[19.0285548,47.4775978]]]}},
{"type":"Feature","properties":{"id":"way/32823379","leisure":"park","name":"Ferenc tér"},"geometry":{"type":"Polygon","coordinates":[[[19.073523,47.4817828],[19.0732994,47.4813699],[19.0729794,47.480798],[19.0737297,47.4806331],[19.0738535,47.4805994],[19.0741277,47.4810173],[19.0744353,47.4814853],[19.0744733,47.4815453],[19.073523,47.4817828]]]}},
{"type":"Feature","properties":{"id":"way/329054742","area":"yes","highway":"pedestrian","surface":"paving_stones"},"geometry":{"type":"Polygon","coordinates":[[[19.0610338,47.5341857],[19.0609616,47.5340176],[19.0610694,47.5339974],[19.0612347,47.5339663],[19.0613032,47.5341277],[19.0610338,47.5341857]]]}},
{"type":"Feature","properties":{"id":"way/329839047","leisure":"pitch"},"geometry":{"type":"Polygon","coordinates":[[[19.0277646,47.5171751],[19.027698,47.517066],[19.0279361,47.5169998],[19.0280026,47.5171089],[19.0277646,47.5171751]]]}},
{"type":"Feature","properties":{"id":"way/329936745","leisure":"pitch"},"geometry":{"type":"Polygon","coordinates":[[[19.0328744,47.5251497],[19.0327735,47.5249618],[19.0332656,47.5248414],[19.0333664,47.5250293],[19.0328744,47.5251497]]]}},
{"type":"Feature","properties":{"id":"way/329936747","leisure":"pitch"},"geometry":{"type":"Polygon","coordinates":[[[19.0335543,47.5252924],[19.0332606,47.5247438],[19.0344041,47.5244646],[19.0346978,47.5250132],[19.0335543,47.5252924]]]}},
{"type":"Feature","properties":{"id":"way/331029859","leisure":"pitch"},"geometry":{"type":"Polygon","coordinates":[[[19.0329841,47.525361],[19.0328832,47.5251731],[19.0333753,47.5250527],[19.0334761,47.5252406],[19.0329841,47.525361]]]}},
{"type":"Feature","properties":{"id":"way/332578311","leisure":"pitch","surface":"tartan"},"geometry":{"type":"Polygon","coordinates":[[[19.0480904,47.4810592],[19.0479006,47.4808721],[19.0480733,47.480792],[19.0482632,47.4809792],[19.0480904,47.4810592]]]}},
{"type":"Feature","properties":{"id":"way/332578851","landuse":"grass"},"geometry":{"type":"Polygon","coordinates":[[[19.0399456,47.5420493],[19.0397961,47.541924],[19.0397905,47.541915],[19.0397951,47.541905],[19.0398686,47.5418616],[19.0400007,47.5417893],[19.0400278,47.5417789],[19.0400979,47.5417692],[19.0401332,47.5418686],[19.0401852,47.5418613],[19.0401498,47.5417707],[19.0401498,47.5417653],[19.0401744,47.54176],[19.0402458,47.5417497],[19.040266,47.5417458],[19.0402754,47.5417551],[19.0403324,47.5418929],[19.0403281,47.5419022],[19.0402942,47.541911],[19.040235,47.5419261],[19.0402119,47.5419334],[19.0401549,47.5419538],[19.0399849,47.5420386],[19.0399817,47.5420362],[19.0399773,47.5420349],[19.0399644,47.5420369],[19.0399514,47.542042],[19.0399456,47.5420493]]]}},
{"type":"Feature","properties":{"id":"way/332676486","leisure":"playground"},"geometry":{"type":"Polygon","coordinates":[[[19.0349379,47.5315691],[19.0351615,47.5311766],[19.0356023,47.531291],[19.0355661,47.5313545],[19.0358559,47.5314298],[19.0357987,47.5315303],[19.0355137,47.5314563],[19.0353835,47.5316848],[19.0349379,47.5315691]]]}},
{"type":"Feature","properties":{"id":"way/341477798","leisure":"park"},"geometry":{"type":"Polygon","coordinates":[[[19.0453651,47.540223],[19.0453498,47.5400106],[19.0453498,47.540001],[19.0453535,47.5399943],[19.0453675,47.5399908],[19.0453927,47.539986],[19.0454206,47.5399848],[19.0454577,47.5399887],[19.045502,47.5399944],[19.0455387,47.5400025],[19.0455626,47.5400141],[19.0455714,47.5400225],[19.0455776,47.5400374],[19.0455798,47.5400694],[19.0455871,47.5401422],[19.0455954,47.5402245],[19.0455895,47.5402284],[19.045582,47.5402312],[19.0455751,47.5402317],[19.0455474,47.5402325],[19.045542,47.5402151],[19.0454127,47.5402185],[19.0454066,47.540237],[19.0453862,47.5402388],[19.0453671,47.5402375],[19.0453651,47.540223]]]}},
{"type":"Feature","properties":{"id":"way/342751374","leisure":"park"},"geometry":{"type":"Polygon","coordinates":[[[19.0705574,47.5098765],[19.0702352,47.5096635],[19.070535,47.5094335],[19.0705779,47.5094794],[19.0706122,47.5095285],[19.0706373,47.50958],[19.0706529,47.5096332],[19.0706587,47.5096873],[19.0706547,47.5097415],[19.0706409,47.5097949],[19.070611,47.5098596],[19.0705574,47.5098765]]]}},
{"type":"Feature","properties":{"id":"way/342751377","leisure":"park"},"geometry":{"type":"Polygon","coordinates":[[[19.0697079,47.5093185],[19.0697781,47.5092859],[19.069855,47.5092613],[19.0699368,47.5092454],[19.0700213,47.5092385],[19.0701063,47.5092408],[19.0701897,47.5092523],[19.0702694,47.5092726],[19.0703431,47.5093013],[19.0700383,47.5095378],[19.0697079,47.5093185]]]}},
{"type":"Feature","properties":{"id":"way/342751379","leisure":"park"},"geometry":{"type":"Polygon","coordinates":[[[19.0695268,47.5099746],[19.0694746,47.5099299],[19.0694325,47.5098807],[19.0694014,47.5098278],[19.069382,47.5097725],[19.0693746,47.5097158],[19.0693794,47.5096591],[19.0693963,47.5096034],[19.0694249,47.5095499],[19.0694648,47.5094998],[19.0697552,47.5096867],[19.0698116,47.5097548],[19.0695268,47.5099746]]]}},
{"type":"Feature","properties":{"id":"way/342751381","leisure":"park"},"geometry":{"type":"Polygon","coordinates":[[[19.0697278,47.5100723],[19.0700105,47.5098607],[19.0702549,47.5100185],[19.0703131,47.5100698],[19.0702656,47.5100898],[19.0702021,47.5101119],[19.0701344,47.5101273],[19.0700641,47.5101358],[19.0699927,47.5101371],[19.0699218,47.5101312],[19.069853,47.5101182],[19.0697878,47.5100985],[19.0697278,47.5100723]]]}},
{"type":"Feature","properties":{"id":"way/344739394","leisure":"park"},"geometry":{"type":"Polygon","coordinates":[[[19.0454562,47.5408834],[19.0455211,47.5408466],[19.0456266,47.5407868],[19.0457566,47.5406584],[19.0457597,47.5406215],[19.0457818,47.5405882],[19.0458021,47.5405575],[19.0458549,47.5405029],[19.0458577,47.5405843],[19.0458619,47.540661],[19.0458832,47.5408668],[19.0454562,47.5408834]]]}},
{"type":"Feature","properties":{"id":"way/346927660","leisure":"garden"},"geometry":{"type":"Polygon","coordinates":[[[19.0448857,47.540978],[19.0448961,47.5409082],[19.0452359,47.5408597],[19.0452319,47.540871],[19.0452201,47.5409045],[19.0451758,47.5409145],[19.0448857,47.540978]]]}},
{"type":"Feature","properties":{"id":"way/347994066","leisure":"pitch"},"geometry":{"type":"Polygon","coordinates":[[[19.0743668,47.5222066],[19.074182,47.5220815],[19.0745274,47.5218556],[19.0747051,47.5219828],[19.0743668,47.5222066]]]}},
{"type":"Feature","properties":{"id":"way/348018108","landuse":"military","leisure":"park"},"geometry":{"type":"Polygon","coordinates":[[[19.0724623,47.5212954],[19.0717752,47.5217702],[19.071742,47.5217932],[19.0714968,47.5219843],[19.0712198,47.5218222],[19.0708636,47.5216253],[19.0706286,47.521498],[19.0706201,47.5215052],[19.07053,47.5214564],[19.0704399,47.5214076],[19.0704484,47.5214005],[19.0702119,47.5212748],[19.0698389,47.5210812],[19.0695805,47.5209379],[19.0695616,47.5209274],[19.0695187,47.5208985],[19.0695115,47.5208306],[19.0699189,47.520559],[19.0700727,47.5204565],[19.0703049,47.5202959],[19.0707108,47.5200273],[19.0708456,47.5201202],[19.0709914,47.5201913],[19.0712646,47.5203456],[19.0715998,47.5203936],[19.0718331,47.5205207],[19.0721312,47.5206806],[19.0720538,47.5207455],[19.0722061,47.5208388],[19.0723053,47.5211933],[19.0724623,47.5212954]]]}},
{"type":"Feature","properties":{"id":"way/349890947","leisure":"park"},"geometry":{"type":"Polygon","coordinates":[[[19.0763511,47.5038516],[19.0765564,47.5035826],[19.0766955,47.5034004],[19.076999,47.5032727],[19.0771039,47.5033179],[19.0772009,47.5033537],[19.0774506,47.5034828],[19.07713,47.5038638],[19.0768039,47.5042671],[19.0766694,47.5041336],[19.0765894,47.5040628],[19.0764729,47.5039595],[19.0763847,47.5038814],[19.0763511,47.5038516]]]}},
{"type":"Feature","properties":{"id":"way/350984199","leisure":"playground"},"geometry":{"type":"Polygon","coordinates":[[[19.0599523,47.5330026],[19.0599232,47.532937],[19.0598182,47.5329582],[19.0597693,47.5328476],[19.0601475,47.5327712],[19.0602255,47.5329474],[19.0599523,47.5330026]]]}},
{"type":"Feature","properties":{"id":"way/350984201","leisure":"park","name":"Vizafogó Pihenőkert"},"geometry":{"type":"Polygon","coordinates":[[[19.0602746,47.5322237],[19.0609326,47.5320915],[19.0610235,47.532298],[19.0603656,47.5324301],[19.0602746,47.5322237]]]}},
{"type":"Feature","properties":{"id":"way/352844201","leisure":"park","name":"Lotharingiai Károly park"},"geometry":{"type":"Polygon","coordinates":[[[19.0291245,47.5055194],[19.0299482,47.5054557],[19.0299975,47.5054682],[19.0300283,47.5055005],[19.0300252,47.5055432],[19.0299697,47.5055796],[19.0296724,47.5056909],[19.0293427,47.5057929],[19.0291689,47.5058357],[19.0291245,47.5055194]]]}},
{"type":"Feature","properties":{"id":"way/352844202","leisure":"park","name":"1686-os emlékpark"},"geometry":{"type":"Polygon","coordinates":[[[19.0269406,47.5048114],[19.0270085,47.5047457],[19.0271082,47.5046517],[19.0275439,47.5048708],[19.0280216,47.5050634],[19.0279583,47.5051232],[19.0282918,47.5052429],[19.0283303,47.5051854],[19.0283642,47.5051933],[19.0284243,47.5052073],[19.0283605,47.5054931],[19.0282477,47.5054938],[19.0281989,47.5054883],[19.0281328,47.5054767],[19.0280688,47.5054554],[19.0280139,47.5054238],[19.0269406,47.5048114]]]}},
{"type":"Feature","properties":{"id":"way/352844211","landuse":"grass"},"geometry":{"type":"Polygon","coordinates":[[[19.0268117,47.50453],[19.026776,47.5045104],[19.0267468,47.5044863],[19.0267255,47.5044588],[19.0267127,47.504429],[19.0267092,47.504398],[19.0267149,47.5043671],[19.0267298,47.5043377],[19.026753,47.504311],[19.0267839,47.5042879],[19.026821,47.5042695],[19.0268628,47.5042566],[19.0269076,47.5042495],[19.0269535,47.5042488],[19.0269988,47.5042544],[19.0270416,47.5042659],[19.0270799,47.504283],[19.0268882,47.5044572],[19.0268117,47.50453]]]}},
{"type":"Feature","properties":{"id":"way/35289833","area":"yes","highway":"pedestrian","surface":"paving_stones"},"geometry":{"type":"Polygon","coordinates":[[[19.0370097,47.4897616],[19.0370167,47.4897491],[19.0372915,47.4896782],[19.0373168,47.4896717],[19.0374076,47.4898742],[19.0373866,47.4898867],[19.0373781,47.4899005],[19.0370026,47.4897736],[19.0370097,47.4897616]]]}},
{"type":"Feature","properties":{"id":"way/356911130","landuse":"grass"},"geometry":{"type":"Polygon","coordinates":[[[19.0381264,47.5323996],[19.0381298,47.5322757],[19.038135,47.5322705],[19.0382031,47.5322664],[19.0382152,47.5322687],[19.0382169,47.5322757],[19.0382065,47.5322856],[19.0381833,47.5323176],[19.0381669,47.5323607],[19.0381557,47.5323927],[19.0381445,47.5324025],[19.0381359,47.5324031],[19.0381264,47.5323996]]]}},
{"type":"Feature","properties":{"id":"way/356911131","landuse":"grass"},"geometry":{"type":"Polygon","coordinates":[[[19.0381945,47.5324171],[19.0381833,47.5324066],[19.0382005,47.5323723],[19.0382143,47.5323263],[19.0382255,47.5323071],[19.0382427,47.5322932],[19.0382686,47.5322786],[19.0382979,47.5322728],[19.0383712,47.5322652],[19.0385763,47.5322489],[19.0385737,47.5322623],[19.0385366,47.5322868],[19.0382134,47.5324124],[19.0381945,47.5324171]]]}},
{"type":"Feature","properties":{"id":"way/356911132","landuse":"grass"},"geometry":{"type":"Polygon","coordinates":[[[19.040011,47.5320842],[19.0400675,47.5316561],[19.0401066,47.5316568],[19.0401423,47.5317307],[19.040083,47.5317489],[19.0402918,47.5321649],[19.0402535,47.5321663],[19.0402165,47.5321553],[19.0401942,47.5321235],[19.0401542,47.5321019],[19.040011,47.5320842]]]}},
{"type":"Feature","properties":{"id":"way/356911133","landuse":"grass"},"geometry":{"type":"Polygon","coordinates":[[[19.0399165,47.5314664],[19.0399346,47.5314866],[19.0398368,47.532041],[19.0398262,47.5320497],[19.0397951,47.5320387],[19.0397295,47.5319799],[19.0397125,47.5319583],[19.0396732,47.5318214],[19.0396749,47.5317941],[19.0396917,47.5317508],[19.0398916,47.5314713],[19.0399165,47.5314664]]]}},
{"type":"Feature","properties":{"id":"way/356911134","landuse":"grass"},"geometry":{"type":"Polygon","coordinates":[[[19.0386314,47.5321902],[19.038678,47.5321814],[19.038862,47.5321522],[19.0390162,47.5321259],[19.0391387,47.532102],[19.0391838,47.5320954],[19.039288,47.5320851],[19.0393715,47.5320831],[19.0394452,47.5320864],[19.0395342,47.5320966],[19.0396013,47.5321115],[19.0396276,47.5321334],[19.039642,47.5321605],[19.0396243,47.532172],[19.0396071,47.5321732],[19.039604,47.5321644],[19.0395955,47.532156],[19.0395803,47.5321506],[19.0395629,47.5321518],[19.0395495,47.53216],[19.03954,47.5321726],[19.0393611,47.5321724],[19.0393282,47.5321678],[19.0392417,47.53219],[19.0389937,47.5321991],[19.0388761,47.532202],[19.0386518,47.5322012],[19.0386353,47.532197],[19.0386314,47.5321902]]]}},
{"type":"Feature","properties":{"id":"way/356911135","landuse":"grass"},"geometry":{"type":"Polygon","coordinates":[[[19.0382083,47.5322385],[19.0385323,47.5322082],[19.0385668,47.532207],[19.0385745,47.5322123],[19.0385737,47.5322227],[19.0382927,47.5322483],[19.0382669,47.5322513],[19.0382091,47.5322431],[19.0382083,47.5322385]]]}},
{"type":"Feature","properties":{"id":"way/356987398","landuse":"grass"},"geometry":{"type":"Polygon","coordinates":[[[19.0372208,47.5323073],[19.0372325,47.5323119],[19.037248,47.5324277],[19.0370873,47.5324647],[19.0370782,47.5324501],[19.0370588,47.5324563],[19.0370498,47.5324554],[19.0370295,47.5324379],[19.0370218,47.5324237],[19.0370213,47.5324074],[19.0370373,47.5323922],[19.0371377,47.5323466],[19.0372049,47.5323134],[19.0372208,47.5323073]]]}},
{"type":"Feature","properties":{"id":"way/356987399","landuse":"grass"},"geometry":{"type":"Polygon","coordinates":[[[19.0369044,47.5325398],[19.0368551,47.5325258],[19.0369258,47.5325065],[19.0369044,47.5325398]]]}},
{"type":"Feature","properties":{"id":"way/356987400","landuse":"grass"},"geometry":{"type":"Polygon","coordinates":[[[19.0372514,47.5324484],[19.0372588,47.5324947],[19.0371958,47.5324621],[19.0372514,47.5324484]]]}},
{"type":"Feature","properties":{"id":"way/356987401","landuse":"grass"},"geometry":{"type":"Polygon","coordinates":[[[19.0377052,47.5323486],[19.0377965,47.5325319],[19.037432,47.5325203],[19.0375776,47.5323754],[19.0377052,47.5323486]]]}},
{"type":"Feature","properties":{"id":"way/356987402","landuse":"grass"},"geometry":{"type":"Polygon","coordinates":[[[19.0371607,47.5324704],[19.0371622,47.5325104],[19.0371463,47.5325104],[19.0371215,47.5324794],[19.0371607,47.5324704]]]}},
{"type":"Feature","properties":{"id":"way/356987403","landuse":"grass"},"geometry":{"type":"Polygon","coordinates":[[[19.037207,47.5324763],[19.0372596,47.5325031],[19.0372609,47.5325127],[19.0372226,47.5325118],[19.037207,47.5324763]]]}},
{"type":"Feature","properties":{"id":"way/356987404","landuse":"grass"},"geometry":{"type":"Polygon","coordinates":[[[19.0370957,47.5324856],[19.0371163,47.532481],[19.037139,47.5325102],[19.037115,47.5325096],[19.0371071,47.5325063],[19.0370957,47.5324856]]]}},
{"type":"Feature","properties":{"id":"way/356987405","landuse":"grass"},"geometry":{"type":"Polygon","coordinates":[[[19.0371696,47.5324682],[19.0371846,47.5324647],[19.0371995,47.5324727],[19.0372161,47.5325117],[19.0371696,47.5325105],[19.0371696,47.5324682]]]}},
{"type":"Feature","properties":{"id":"way/356987406","landuse":"grass"},"geometry":{"type":"Polygon","coordinates":[[[19.039273,47.532206],[19.0393178,47.5321892],[19.0393333,47.5321874],[19.0393558,47.5321915],[19.0393928,47.5322025],[19.039273,47.532206]]]}},
{"type":"Feature","properties":{"id":"way/356987407","landuse":"grass"},"geometry":{"type":"Polygon","coordinates":[[[19.0395066,47.5321985],[19.0395173,47.5321895],[19.0395277,47.532188],[19.0395393,47.5321903],[19.0395479,47.5321973],[19.0395066,47.5321985]]]}},
{"type":"Feature","properties":{"id":"way/356987408","landuse":"grass"},"geometry":{"type":"Polygon","coordinates":[[[19.0378638,47.5325336],[19.0378,47.5323259],[19.0379448,47.5322933],[19.0379491,47.532536],[19.0379405,47.5325366],[19.0378638,47.5325336]]]}},
{"type":"Feature","properties":{"id":"way/356987409","landuse":"grass"},"geometry":{"type":"Polygon","coordinates":[[[19.0368112,47.5325118],[19.0369166,47.532427],[19.0369739,47.5324349],[19.0369355,47.5324933],[19.0368362,47.53252],[19.0368112,47.5325118]]]}},
{"type":"Feature","properties":{"id":"way/356987410","landuse":"grass"},"geometry":{"type":"Polygon","coordinates":[[[19.0385202,47.5323201],[19.0387055,47.5322749],[19.0388262,47.5322692],[19.0388555,47.5322461],[19.0390322,47.5322428],[19.0395977,47.5322214],[19.0396294,47.5322264],[19.0396538,47.5322395],[19.0396812,47.5326158],[19.0396942,47.5326405],[19.0397239,47.5327541],[19.0397309,47.532793],[19.0397332,47.5329608],[19.0397328,47.5331362],[19.0397224,47.533217],[19.0397095,47.5332461],[19.0396836,47.5332764],[19.0396725,47.5332867],[19.0396635,47.5334143],[19.0395382,47.5334135],[19.0394535,47.5334533],[19.039407,47.5334673],[19.0393363,47.5334818],[19.0392898,47.5334859],[19.0392652,47.5334855],[19.0392363,47.5334859],[19.0389924,47.5334865],[19.0389176,47.5334821],[19.0388006,47.5334599],[19.0387482,47.5334385],[19.0386178,47.5333974],[19.038502,47.5333439],[19.0384094,47.5332846],[19.0383033,47.5331884],[19.0382473,47.5331184],[19.0382083,47.5330476],[19.0381888,47.5329579],[19.0381778,47.5328641],[19.0381778,47.5327761],[19.0381802,47.5326913],[19.03819,47.5326074],[19.0382046,47.5325827],[19.0382168,47.5325778],[19.0382278,47.5325531],[19.0382168,47.5325374],[19.0382326,47.5325062],[19.038278,47.5324469],[19.0383271,47.5323969],[19.0383668,47.5323759],[19.0385202,47.5323201]]]}},
{"type":"Feature","properties":{"id":"way/356987411","landuse":"grass"},"geometry":{"type":"Polygon","coordinates":[[[19.0387736,47.5322444],[19.0385322,47.5323108],[19.0385615,47.5322916],[19.0385874,47.532277],[19.038602,47.5322642],[19.0386098,47.5322555],[19.0386133,47.5322456],[19.0387736,47.5322444]]]}},
{"type":"Feature","properties":{"id":"way/356987412","landuse":"grass"},"geometry":{"type":"Polygon","coordinates":[[[19.0373217,47.5324097],[19.0373217,47.5322887],[19.0373268,47.5322834],[19.0373854,47.5322764],[19.0374639,47.5322712],[19.0375018,47.5322759],[19.0375466,47.5322834],[19.0376061,47.5322881],[19.0375337,47.532362],[19.0373217,47.5324097]]]}},
{"type":"Feature","properties":{"id":"way/356990170","landuse":"grass"},"geometry":{"type":"Polygon","coordinates":[[[19.037326,47.5325159],[19.0373234,47.5324345],[19.0375139,47.5323902],[19.0374053,47.53252],[19.037326,47.5325159]]]}},
{"type":"Feature","properties":{"id":"way/35740687","leisure":"park","name":"Tűzliliom park"},"geometry":{"type":"Polygon","coordinates":[[[19.0717338,47.4838798],[19.0719495,47.4838009],[19.0719733,47.4838217],[19.0720041,47.4838344],[19.072041,47.4838403],[19.0720873,47.4838389],[19.0722666,47.4841381],[19.0720425,47.4842182],[19.0719889,47.4842374],[19.0718755,47.4840861],[19.0717338,47.4838798]]]}},
{"type":"Feature","properties":{"id":"way/358362282","leisure":"park","name":"Szentágothai János tér"},"geometry":{"type":"Polygon","coordinates":[[[19.0769281,47.4807682],[19.0772862,47.4812125],[19.0770167,47.4812967],[19.0769953,47.4813034],[19.0768898,47.4811493],[19.0767708,47.4809985],[19.0767165,47.4809189],[19.0766696,47.4808504],[19.0767686,47.4808194],[19.0767922,47.4808091],[19.0769281,47.4807682]]]}},
{"type":"Feature","properties":{"id":"way/35923817","area":"yes","highway":"pedestrian","name":"Almássy tér","surface":"paving_stones"},"geometry":{"type":"Polygon","coordinates":[[[19.0717215,47.5011301],[19.0717902,47.5010652],[19.0718009,47.501028],[19.0717889,47.5010054],[19.0720953,47.5008135],[19.0720884,47.5013479],[19.072035,47.5013481],[19.0720262,47.5012279],[19.0719449,47.5012103],[19.0717574,47.5011597],[19.0717215,47.5011301]]]}},
{"type":"Feature","properties":{"id":"way/360176614","leisure":"garden"},"geometry":{"type":"Polygon","coordinates":[[[19.0339199,47.5031491],[19.0339532,47.503152],[19.0339834,47.5031619],[19.0340074,47.5031778],[19.0340231,47.5031989],[19.0340275,47.5032224],[19.0340203,47.5032455],[19.0340021,47.5032657],[19.033975,47.5032807],[19.0339421,47.5032888],[19.0339072,47.5032891],[19.033874,47.5032816],[19.0338464,47.503267],[19.0338274,47.5032472],[19.0338194,47.5032251],[19.0338222,47.5032025],[19.0338354,47.5031817],[19.0338578,47.5031648],[19.0338869,47.5031535],[19.0339199,47.5031491]]]}},
{"type":"Feature","properties":{"id":"way/361817398","leisure":"park"},"geometry":{"type":"Polygon","coordinates":[[[19.0751742,47.5428559],[19.0751829,47.5428337],[19.0752107,47.5428233],[19.0753354,47.5427988],[19.0753931,47.542797],[19.0754615,47.5428079],[19.0757391,47.5428631],[19.0757442,47.5428893],[19.0752932,47.5429849],[19.0752526,47.5429869],[19.0752264,47.5429735],[19.0751742,47.5428559]]]}},
{"type":"Feature","properties":{"id":"way/365878937","leisure":"playground"},"geometry":{"type":"Polygon","coordinates":[[[19.056913,47.4872294],[19.0569091,47.4872795],[19.0568585,47.4873162],[19.0567849,47.4873223],[19.0567226,47.487295],[19.056701,47.487247],[19.0567299,47.4872009],[19.056796,47.4871781],[19.0568683,47.4871894],[19.056913,47.4872294]]]}},
{"type":"Feature","properties":{"id":"way/369289395","leisure":"park"},"geometry":{"type":"Polygon","coordinates":[[[19.0301975,47.511928],[19.0300689,47.5118561],[19.0300481,47.5118386],[19.0300456,47.5118244],[19.03005,47.5118127],[19.0300696,47.511799],[19.0303092,47.5117499],[19.030318,47.5117529],[19.0303221,47.511759],[19.030319,47.5117687],[19.0302756,47.5118275],[19.0302167,47.511925],[19.0301975,47.511928]]]}},
{"type":"Feature","properties":{"id":"way/370093595","landuse":"grass","leisure":"garden"},"geometry":{"type":"Polygon","coordinates":[[[19.0283184,47.5131622],[19.0283167,47.5131594],[19.0282132,47.512992],[19.028787,47.512825],[19.0288765,47.5129694],[19.0288556,47.5129752],[19.0288607,47.5129834],[19.0288395,47.5129893],[19.0287638,47.5128682],[19.0287149,47.5128792],[19.0286743,47.5128746],[19.0286135,47.5128909],[19.0285854,47.5129069],[19.0285061,47.512931],[19.0285788,47.5130376],[19.0285834,47.5130452],[19.0286536,47.5130238],[19.0286585,47.513031],[19.0286757,47.513026],[19.028694,47.513053],[19.0283184,47.5131622]]]}},
{"type":"Feature","properties":{"id":"way/370159388","leisure":"park"},"geometry":{"type":"Polygon","coordinates":[[[19.0292546,47.5142732],[19.0295111,47.5139846],[19.0295903,47.513896],[19.0297257,47.5139419],[19.0298303,47.5140261],[19.029295,47.5142924],[19.0292546,47.5142732]]]}},
{"type":"Feature","properties":{"id":"way/370159391","leisure":"park","name":"Pap-kert"},"geometry":{"type":"Polygon","coordinates":[[[19.0322463,47.5129997],[19.032441,47.5129114],[19.0327017,47.5128059],[19.0326735,47.5127742],[19.033078,47.5125862],[19.0329327,47.5124399],[19.033299,47.5122897],[19.0334203,47.5124015],[19.0333734,47.5125915],[19.0333706,47.5127293],[19.0332852,47.5128876],[19.0330894,47.5129435],[19.0330417,47.5129852],[19.0330425,47.513031],[19.0332497,47.5132383],[19.0327585,47.5134669],[19.0325283,47.5133],[19.0324241,47.5133113],[19.0321881,47.5131066],[19.0322463,47.5129997]]]}},
{"type":"Feature","properties":{"id":"way/370326167","leisure":"park"},"geometry":{"type":"Polygon","coordinates":[[[19.0260809,47.5137964],[19.0258662,47.5137045],[19.0258203,47.513675],[19.0257898,47.5135837],[19.025686,47.5132942],[19.025678,47.5132661],[19.0255763,47.5128475],[19.0258319,47.5128303],[19.025878,47.5129642],[19.0262562,47.5129105],[19.0263049,47.5129807],[19.0263984,47.5131406],[19.0264877,47.513176],[19.0267301,47.5130917],[19.0268368,47.5130607],[19.0267639,47.5129259],[19.0265964,47.5129588],[19.0265007,47.512872],[19.0268369,47.5128074],[19.0268136,47.5127175],[19.0270144,47.5126804],[19.0271522,47.5129288],[19.027385,47.5133202],[19.0282506,47.5130714],[19.028313,47.5131707],[19.0288945,47.5130013],[19.0290019,47.5131883],[19.0288381,47.5132296],[19.0287346,47.5132124],[19.0286765,47.5131559],[19.0285078,47.5131808],[19.0283674,47.5132603],[19.0282937,47.5132545],[19.0281109,47.5132995],[19.0281024,47.5133388],[19.0279379,47.5133761],[19.0278089,47.5133455],[19.0277763,47.5133014],[19.0276105,47.5133455],[19.0275679,47.5134058],[19.0273879,47.5135006],[19.0270651,47.513444],[19.0269159,47.5134735],[19.0268798,47.5135585],[19.0268421,47.5135274],[19.0265997,47.5135705],[19.0264717,47.5136302],[19.0264424,47.5136959],[19.0260809,47.5137964]]]}},
{"type":"Feature","properties":{"id":"way/370329897","leisure":"park"},"geometry":{"type":"Polygon","coordinates":[[[19.025972,47.5127689],[19.0259609,47.5127649],[19.0259385,47.5126963],[19.0260122,47.5126857],[19.0260999,47.5126731],[19.026122,47.5127425],[19.0261141,47.5127493],[19.025972,47.5127689]]]}},
{"type":"Feature","properties":{"id":"way/370334614","leisure":"park"},"geometry":{"type":"Polygon","coordinates":[[[19.0266932,47.5086064],[19.0266078,47.5085505],[19.0267669,47.5084437],[19.0269269,47.5085593],[19.0268447,47.5086077],[19.0268277,47.5086151],[19.0268091,47.5086211],[19.0267892,47.5086247],[19.0267686,47.5086259],[19.0267481,47.5086246],[19.0267283,47.5086208],[19.0267098,47.5086147],[19.0266932,47.5086064]]]}},
{"type":"Feature","properties":{"id":"way/37126174","landuse":"forest"},"geometry":{"type":"Polygon","coordinates":[[[19.0346792,47.5170635],[19.0347308,47.5169217],[19.0346342,47.516785],[19.0348135,47.5166759],[19.0349548,47.5166319],[19.035176,47.5166263],[19.0353278,47.5165611],[19.0358014,47.516605],[19.0356179,47.5172674],[19.0356772,47.5179878],[19.0357362,47.5180833],[19.0357546,47.5181457],[19.0357392,47.5182201],[19.0357353,47.5182577],[19.0357015,47.5185992],[19.0355986,47.518578],[19.0355975,47.5189763],[19.0357308,47.519042],[19.035878,47.5190212],[19.0359402,47.519177],[19.0359949,47.5193954],[19.0358627,47.5197415],[19.0362453,47.5198248],[19.0363998,47.5197854],[19.0364817,47.5200906],[19.0359644,47.5201403],[19.0358932,47.5200648],[19.0358983,47.5200168],[19.0359288,47.519979],[19.0359949,47.5199447],[19.0360661,47.5199103],[19.0361118,47.5198829],[19.0360966,47.519852],[19.0360392,47.5198515],[19.0359713,47.5198434],[19.0359073,47.5198245],[19.0358633,47.5197975],[19.0358247,47.5197894],[19.035794,47.5197993],[19.0357767,47.5198227],[19.0357834,47.5198461],[19.0358087,47.5198812],[19.0358327,47.5199055],[19.0358433,47.5199271],[19.0358407,47.5199451],[19.0358314,47.5199694],[19.0358154,47.5199838],[19.0354784,47.5201829],[19.0354327,47.5201961],[19.0354029,47.5201943],[19.0353611,47.5201857],[19.0350247,47.5200036],[19.0349519,47.5199745],[19.0348921,47.5199569],[19.0348244,47.5199463],[19.0347463,47.5199481],[19.0346709,47.5199621],[19.0342883,47.5201502],[19.0340377,47.5201377],[19.0340441,47.5202578],[19.0334722,47.5205282],[19.0333686,47.5202646],[19.033002,47.5202707],[19.0332679,47.5200459],[19.0332557,47.5199524],[19.033426,47.5197489],[19.0334055,47.5195306],[19.033516,47.5193634],[19.0339012,47.5194493],[19.0339102,47.5195204],[19.0336615,47.5195921],[19.0335256,47.519846],[19.0337062,47.5200686],[19.0337683,47.5201077],[19.0340038,47.5197396],[19.0347567,47.5195849],[19.0350937,47.51938],[19.0350426,47.5188793],[19.0350544,47.5184882],[19.0350724,47.5181704],[19.0350422,47.5180097],[19.0349203,47.5179157],[19.034645,47.5179031],[19.0346792,47.5170635]]]}},
{"type":"Feature","properties":{"id":"way/37126198","leisure":"park","name":"Germanus Gyula park"},"geometry":{"type":"Polygon","coordinates":[[[19.0383254,47.5162157],[19.0383545,47.5155869],[19.0383722,47.5153264],[19.0384344,47.5152908],[19.0384359,47.5152007],[19.0384435,47.5150185],[19.0384954,47.5149263],[19.038585,47.5148619],[19.0386637,47.5148405],[19.0388855,47.5148392],[19.0389534,47.5148842],[19.0389516,47.5149027],[19.0389511,47.5149151],[19.0389479,47.5149942],[19.0389467,47.5150228],[19.0389585,47.5151453],[19.0390498,47.5151891],[19.0391146,47.5152095],[19.0391784,47.5152451],[19.0392246,47.5152905],[19.0392429,47.5153299],[19.0392446,47.5153714],[19.0391748,47.5155659],[19.0391867,47.5155672],[19.0391193,47.5157994],[19.0391275,47.5159111],[19.0391183,47.5159953],[19.0390878,47.5161176],[19.0390355,47.5162708],[19.0390109,47.5163146],[19.0389667,47.5163505],[19.0388863,47.5163913],[19.0388447,47.5164087],[19.0387927,47.5164238],[19.0387226,47.5164334],[19.038661,47.5164353],[19.0385964,47.5164266],[19.0385326,47.5164106],[19.0384753,47.5163872],[19.0384165,47.5163475],[19.0383651,47.516294],[19.0383254,47.5162157]]]}},
{"type":"Feature","properties":{"id":"way/37126206","landuse":"forest"},"geometry":{"type":"Polygon","coordinates":[[[19.033179,47.5246308],[19.0329604,47.5246617],[19.0327571,47.5247441],[19.0326656,47.5248402],[19.0326147,47.5249672],[19.0326046,47.5251182],[19.0326249,47.5252315],[19.0326435,47.525294],[19.0323033,47.5256272],[19.0325051,47.5257441],[19.0324555,47.5258166],[19.0322589,47.5258253],[19.0320311,47.5259055],[19.0318675,47.5257339],[19.0319011,47.5257146],[19.0319748,47.5256578],[19.0322386,47.5254031],[19.0317709,47.5248059],[19.031532,47.524799],[19.0307728,47.5250744],[19.0307206,47.5249794],[19.030668,47.5249131],[19.0311457,47.5247338],[19.0312169,47.5246583],[19.0312677,47.5247201],[19.0316337,47.5246686],[19.031837,47.5246102],[19.0319183,47.5245278],[19.0319336,47.524442],[19.0319616,47.5243691],[19.0322453,47.524239],[19.0324951,47.5245589],[19.0326149,47.524522],[19.0323494,47.5241933],[19.0333592,47.5241248],[19.0334425,47.5241178],[19.0334945,47.5240896],[19.0337131,47.5239146],[19.033759,47.5239436],[19.0338962,47.5236587],[19.034893,47.5236149],[19.0349523,47.5234422],[19.0349103,47.5230417],[19.0348088,47.5226769],[19.0345134,47.5223122],[19.0345194,47.5215373],[19.0335399,47.5212075],[19.0335976,47.5210572],[19.0350969,47.5212465],[19.0362141,47.5212139],[19.0361409,47.5218588],[19.0361229,47.5220621],[19.035961,47.5220973],[19.035713,47.5220918],[19.0356886,47.5221714],[19.0356561,47.522284],[19.035652,47.5223664],[19.0356683,47.5224597],[19.0357171,47.5225504],[19.0357537,47.5226465],[19.0357445,47.523017],[19.0359729,47.5230203],[19.0359319,47.5239301],[19.0355825,47.5239327],[19.0355588,47.5244383],[19.0357556,47.5244478],[19.0356419,47.5248566],[19.0349898,47.5247585],[19.0349396,47.5243278],[19.0348462,47.5243391],[19.0348181,47.5240001],[19.0346582,47.5237898],[19.0344391,47.5237954],[19.0339379,47.5244402],[19.033179,47.5246308]]]}},
{"type":"Feature","properties":{"id":"way/37126208","leisure":"garden","name":"Hild-udvar"},"geometry":{"type":"Polygon","coordinates":[[[19.0366166,47.5188721],[19.0365912,47.5186729],[19.0372661,47.5186395],[19.0373086,47.518652],[19.0373544,47.5186729],[19.0373745,47.5186925],[19.0373855,47.5187148],[19.0373859,47.5187366],[19.0373761,47.5187629],[19.0373622,47.518789],[19.0373319,47.5188153],[19.0372909,47.5188325],[19.0366166,47.5188721]]]}},
{"type":"Feature","properties":{"id":"way/37126212","leisure":"park","name":"Szent Lukács park"},"geometry":{"type":"Polygon","coordinates":[[[19.0365161,47.5173572],[19.0366623,47.5173836],[19.0366858,47.5173242],[19.0367093,47.5172651],[19.0365631,47.5172386],[19.0365633,47.5172162],[19.0366623,47.5170117],[19.0367582,47.5170275],[19.036768,47.5169915],[19.0374524,47.5170724],[19.0374486,47.5171138],[19.0375234,47.5171146],[19.0374877,47.5172219],[19.0373398,47.5172227],[19.0373445,47.5176252],[19.0373339,47.5176253],[19.0373191,47.5176253],[19.0373135,47.5176741],[19.0372581,47.5177005],[19.0372635,47.5178013],[19.0373197,47.5178282],[19.0373481,47.5178281],[19.0373557,47.5182002],[19.037319,47.5181998],[19.0372916,47.5182006],[19.0372347,47.5181998],[19.0371922,47.5179745],[19.0370689,47.5179767],[19.0370504,47.5175963],[19.0366704,47.5175976],[19.0366607,47.5175032],[19.0364817,47.5175054],[19.036484,47.5174839],[19.0364863,47.5174747],[19.0365161,47.5173572]]]}},
{"type":"Feature","properties":{"id":"way/37126218","leisure":"park","name":"Elvis Presley park"},"geometry":{"type":"Polygon","coordinates":[[[19.0383481,47.5185065],[19.0375557,47.5185228],[19.0374934,47.5185094],[19.0375006,47.5182154],[19.0375012,47.5181997],[19.0374936,47.5178347],[19.0375546,47.5178334],[19.0375554,47.5176232],[19.0374924,47.5176235],[19.0374877,47.5172219],[19.0377161,47.517267],[19.0387103,47.5173075],[19.0385141,47.5178813],[19.0383481,47.5185065]]]}},
{"type":"Feature","properties":{"id":"way/37135050","leisure":"garden"},"geometry":{"type":"Polygon","coordinates":[[[19.0327993,47.5039937],[19.0331944,47.5040337],[19.033346,47.5040463],[19.0333872,47.5043011],[19.0335394,47.5045968],[19.0336758,47.5048618],[19.0330696,47.5049125],[19.0328348,47.5046874],[19.0327161,47.5047177],[19.032695,47.5046875],[19.0326088,47.5045531],[19.0328511,47.5044703],[19.0327993,47.5044018],[19.0326477,47.5044541],[19.0326037,47.5043958],[19.0326269,47.5043878],[19.0325487,47.5042843],[19.0326258,47.5041948],[19.0327993,47.5039937]]]}},
{"type":"Feature","properties":{"id":"way/37135055","leisure":"park","name":"Bécsi kapu tér"},"geometry":{"type":"Polygon","coordinates":[[[19.0305648,47.5046776],[19.0305425,47.5046932],[19.0302781,47.5046504],[19.0302716,47.5046375],[19.0304812,47.5044974],[19.0305016,47.5044993],[19.0305648,47.5046776]]]}},
{"type":"Feature","properties":{"id":"way/37135073","leisure":"garden"},"geometry":{"type":"Polygon","coordinates":[[[19.0277109,47.5047756],[19.027817,47.5046778],[19.027795,47.5046678],[19.0273712,47.5044471],[19.0275602,47.5042727],[19.0276924,47.5043358],[19.0278001,47.5042425],[19.02767,47.5041766],[19.0277554,47.5041038],[19.0283611,47.5044045],[19.0280135,47.5047011],[19.0280486,47.504718],[19.0279348,47.5048332],[19.0279246,47.5048432],[19.0279108,47.5048567],[19.0278224,47.5048208],[19.0277109,47.5047756]]]}},
{"type":"Feature","properties":{"id":"way/37135084","leisure":"garden","name":"Karmelita udvar"},"geometry":{"type":"Polygon","coordinates":[[[19.0374539,47.4988777],[19.0376981,47.4984135],[19.0379305,47.4984693],[19.0376863,47.4989335],[19.0374539,47.4988777]]]}},
{"type":"Feature","properties":{"id":"way/37135086","leisure":"garden"},"geometry":{"type":"Polygon","coordinates":[[[19.029455,47.5051782],[19.0295077,47.5050789],[19.0295813,47.5050893],[19.0295756,47.5051077],[19.0296966,47.5051248],[19.0297782,47.5048613],[19.0299402,47.5048842],[19.029918,47.5049562],[19.0298709,47.5049495],[19.0298473,47.5050257],[19.0301283,47.5050654],[19.0301548,47.5049797],[19.0301173,47.5049745],[19.0301351,47.504917],[19.0302817,47.5049377],[19.0302232,47.5051265],[19.0303514,47.5051446],[19.0303537,47.5051334],[19.0303918,47.505139],[19.030371,47.5051878],[19.0302889,47.5052202],[19.0302023,47.5052331],[19.03,47.5052288],[19.0298041,47.5052158],[19.029606,47.5051971],[19.029455,47.5051782]]]}},
{"type":"Feature","properties":{"id":"way/37135100","leisure":"garden"},"geometry":{"type":"Polygon","coordinates":[[[19.0377136,47.4992474],[19.0381304,47.4984816],[19.0381409,47.4984839],[19.0381879,47.4984015],[19.0382743,47.4984195],[19.0381599,47.4986664],[19.0383288,47.4986887],[19.0382737,47.4988484],[19.0381239,47.4990572],[19.0380503,47.499029],[19.0380227,47.4990731],[19.0378758,47.4992006],[19.0379002,47.4992151],[19.0378361,47.4992629],[19.0378771,47.4992834],[19.0378309,47.4993023],[19.0377982,47.499275],[19.0377136,47.4992474]]]}},
{"type":"Feature","properties":{"id":"way/373843772","leisure":"park"},"geometry":{"type":"Polygon","coordinates":[[[19.029014,47.4977713],[19.0292478,47.4979708],[19.0287562,47.4982337],[19.0285224,47.4980343],[19.029014,47.4977713]]]}},
{"type":"Feature","properties":{"id":"way/374811757","landuse":"grass"},"geometry":{"type":"Polygon","coordinates":[[[19.0756765,47.5029211],[19.0755622,47.5028561],[19.0756502,47.5027722],[19.0757392,47.5028117],[19.0757044,47.502847],[19.0757379,47.5028625],[19.0756765,47.5029211]]]}},
{"type":"Feature","properties":{"id":"way/374815881","leisure":"park"},"geometry":{"type":"Polygon","coordinates":[[[19.0740686,47.5021635],[19.074216,47.502245],[19.0740122,47.502476],[19.0739948,47.502467],[19.0740686,47.5021635]]]}},
{"type":"Feature","properties":{"id":"way/375661271","leisure":"garden"},"geometry":{"type":"Polygon","coordinates":[[[19.0593782,47.4843231],[19.0596128,47.4841693],[19.0596324,47.4841725],[19.0596273,47.4843157],[19.0595994,47.4843482],[19.0593906,47.4843517],[19.0593782,47.4843231]]]}},
{"type":"Feature","properties":{"id":"way/377674742","landuse":"grass","leisure":"park"},"geometry":{"type":"Polygon","coordinates":[[[19.0601703,47.4770423],[19.0601119,47.4769855],[19.060079,47.476928],[19.0600702,47.4768518],[19.0600898,47.476773],[19.0601353,47.4767113],[19.0601766,47.4767306],[19.0602393,47.4766701],[19.0601937,47.4766433],[19.0603078,47.47657],[19.0604047,47.4765377],[19.0605234,47.4765198],[19.0606372,47.4765204],[19.0607515,47.4765397],[19.0608572,47.4765672],[19.0609884,47.4766178],[19.0610681,47.4766589],[19.0612217,47.4767463],[19.06132,47.4768156],[19.0613836,47.4768703],[19.0614109,47.476908],[19.0614203,47.4769521],[19.0614188,47.4769803],[19.0614143,47.4770003],[19.0613983,47.4770244],[19.06131,47.4771372],[19.0611321,47.4773209],[19.0610594,47.4774193],[19.06085,47.4773205],[19.0608038,47.4773191],[19.0607722,47.4773359],[19.0602439,47.4770806],[19.0601703,47.4770423]]]}},
{"type":"Feature","properties":{"id":"way/377674743","landuse":"grass","leisure":"park"},"geometry":{"type":"Polygon","coordinates":[[[19.0599901,47.4781399],[19.0599389,47.4781235],[19.0598301,47.4780832],[19.0597536,47.4780661],[19.0596265,47.4780246],[19.0595171,47.4779741],[19.0594227,47.4779196],[19.059313,47.4778311],[19.0592498,47.4777544],[19.059231,47.4776881],[19.059233,47.4776067],[19.0592565,47.4775401],[19.0593133,47.4774689],[19.0593653,47.4774971],[19.0594412,47.4774329],[19.0593996,47.4774075],[19.0594866,47.4773512],[19.0595526,47.4773239],[19.0596417,47.4773046],[19.0597442,47.4773046],[19.0598513,47.4773231],[19.0599378,47.4773579],[19.0604744,47.4776206],[19.0604639,47.477645],[19.0604743,47.4776681],[19.0606882,47.4777702],[19.0604572,47.4779555],[19.0603472,47.4780534],[19.0603179,47.4780689],[19.0602304,47.4781067],[19.060164,47.4781324],[19.0601177,47.4781417],[19.0600684,47.4781464],[19.0600224,47.4781435],[19.0599901,47.4781399]]]}},
{"type":"Feature","properties":{"id":"way/377843930","leisure":"pitch"},"geometry":{"type":"Polygon","coordinates":[[[19.0538114,47.4903661],[19.0538767,47.4902867],[19.0540805,47.4903632],[19.0540152,47.4904426],[19.0538114,47.4903661]]]}},
{"type":"Feature","properties":{"id":"way/378166611","leisure":"park","name":"Szent XXIII. János pápa park"},"geometry":{"type":"Polygon","coordinates":[[[19.0444126,47.5334967],[19.0437309,47.5327952],[19.0436089,47.5326422],[19.0434546,47.5326828],[19.0431929,47.5323852],[19.0426838,47.5317662],[19.0426676,47.5317488],[19.0435668,47.5315015],[19.0437995,47.531444],[19.0453893,47.5330829],[19.0464925,47.5345226],[19.0471863,47.5356398],[19.0472928,47.535893],[19.047165,47.5359272],[19.0471625,47.5366413],[19.0470959,47.5364571],[19.0469588,47.5361282],[19.0467796,47.5358328],[19.0464174,47.5353846],[19.0453426,47.5345355],[19.0444126,47.5334967]]]}},
{"type":"Feature","properties":{"id":"way/378961652","leisure":"garden"},"geometry":{"type":"Polygon","coordinates":[[[19.0325393,47.5088867],[19.0325614,47.5090419],[19.0327035,47.5090323],[19.0327287,47.50917],[19.032672,47.5091724],[19.0325244,47.5091785],[19.0325244,47.5091966],[19.0323704,47.50916],[19.0320698,47.5091069],[19.0320411,47.5089238],[19.0321581,47.5089188],[19.0321644,47.509005],[19.0323278,47.5089995],[19.0323193,47.5088947],[19.0323365,47.5088949],[19.0325023,47.5088876],[19.0325393,47.5088867]]]}},
{"type":"Feature","properties":{"id":"way/379388479","landuse":"grass"},"geometry":{"type":"Polygon","coordinates":[[[19.0406651,47.5413392],[19.0407248,47.5413057],[19.0407896,47.5412967],[19.0408487,47.5413023],[19.0408938,47.5413272],[19.0409274,47.5413589],[19.0409452,47.5414043],[19.0410632,47.5417496],[19.0410345,47.5417575],[19.0409985,47.5417053],[19.0406797,47.5414695],[19.0407686,47.5414137],[19.0406651,47.5413392]]]}},
{"type":"Feature","properties":{"id":"way/383266592","leisure":"playground"},"geometry":{"type":"Polygon","coordinates":[[[19.0318464,47.5419789],[19.0314923,47.5419402],[19.0313722,47.5419271],[19.0314081,47.5417772],[19.0318823,47.541829],[19.0318464,47.5419789]]]}},
{"type":"Feature","properties":{"id":"way/384441655","leisure":"pitch","surface":"tartan"},"geometry":{"type":"Polygon","coordinates":[[[19.0464548,47.5103255],[19.0464291,47.5102388],[19.0464061,47.5101611],[19.046598,47.5101351],[19.0466693,47.510376],[19.0464774,47.510402],[19.0464737,47.5103893],[19.0464548,47.5103255]]]}},
{"type":"Feature","properties":{"id":"way/386446752","leisure":"park"},"geometry":{"type":"Polygon","coordinates":[[[19.0378589,47.5304981],[19.0379242,47.5303116],[19.0379957,47.5303092],[19.038001,47.5304998],[19.0378589,47.5304981]]]}},
{"type":"Feature","properties":{"id":"way/386446753","leisure":"park"},"geometry":{"type":"Polygon","coordinates":[[[19.0378344,47.5305497],[19.0380005,47.5305484],[19.0380009,47.5307752],[19.0379678,47.5308452],[19.0377046,47.5308466],[19.0378344,47.5305497]]]}},
{"type":"Feature","properties":{"id":"way/386446754","leisure":"garden"},"geometry":{"type":"Polygon","coordinates":[[[19.0343194,47.5292332],[19.0340484,47.5292803],[19.0340443,47.5292703],[19.0339522,47.5292846],[19.0339573,47.5292962],[19.0336777,47.5293448],[19.0335984,47.5291568],[19.034279,47.529034],[19.0342876,47.5290568],[19.0342506,47.5290623],[19.0343194,47.5292332]]]}},
{"type":"Feature","properties":{"id":"way/386446755","leisure":"garden"},"geometry":{"type":"Polygon","coordinates":[[[19.0335234,47.5290448],[19.0334382,47.5288396],[19.0334564,47.5288363],[19.0340543,47.528729],[19.034141,47.5289374],[19.0338734,47.5289839],[19.0336706,47.5290038],[19.0336768,47.5290181],[19.0335408,47.5290418],[19.0335234,47.5290448]]]}},
{"type":"Feature","properties":{"id":"way/386856004","leisure":"pitch","surface":"artificial_turf"},"geometry":{"type":"Polygon","coordinates":[[[19.0702592,47.479992],[19.070266,47.480015],[19.0702532,47.4800452],[19.0702375,47.4800548],[19.0702204,47.4800653],[19.070179,47.4800757],[19.0701396,47.4800755],[19.0698363,47.4799066],[19.0698307,47.4798799],[19.0698406,47.4798586],[19.0698497,47.4798502],[19.0698654,47.4798357],[19.0699062,47.4798224],[19.069954,47.4798217],[19.0702592,47.479992]]]}},
{"type":"Feature","properties":{"id":"way/386856033","leisure":"park","name":"Tinódi park"},"geometry":{"type":"Polygon","coordinates":[[[19.069954,47.4798217],[19.0699062,47.4798224],[19.0698654,47.4798357],[19.0698497,47.4798502],[19.0697895,47.4798176],[19.0700232,47.4795375],[19.0700609,47.479547],[19.0700897,47.4795467],[19.0701132,47.4795361],[19.0702752,47.4793554],[19.0703558,47.4793848],[19.0703782,47.479379],[19.0703961,47.4793602],[19.0710231,47.4796147],[19.0705696,47.4799052],[19.0702915,47.4800855],[19.0702375,47.4800548],[19.0702532,47.4800452],[19.070266,47.480015],[19.0702592,47.479992],[19.069954,47.4798217]]]}},
{"type":"Feature","properties":{"id":"way/389092256","leisure":"playground"},"geometry":{"type":"Polygon","coordinates":[[[19.0411188,47.5451014],[19.0410954,47.5450105],[19.0412072,47.5449974],[19.0412306,47.5450883],[19.0411188,47.5451014]]]}},
{"type":"Feature","properties":{"id":"way/389092258","leisure":"playground"},"geometry":{"type":"Polygon","coordinates":[[[19.0414717,47.5451951],[19.0414362,47.5450852],[19.0414535,47.5450011],[19.0415854,47.5449845],[19.0416336,47.5451792],[19.0414717,47.5451951]]]}},
{"type":"Feature","properties":{"id":"way/389117819","natural":"wood"},"geometry":{"type":"Polygon","coordinates":[[[19.0494254,47.5513704],[19.0494831,47.5514829],[19.0492434,47.5515881],[19.0491535,47.5516569],[19.0490426,47.5517196],[19.0489917,47.5515497],[19.0490516,47.5515052],[19.0488868,47.5513292],[19.0489617,47.5511694],[19.0489347,47.5509955],[19.0487819,47.550949],[19.0487639,47.5508094],[19.0487999,47.5505647],[19.0489048,47.5503118],[19.0488958,47.5499397],[19.0489347,47.5495109],[19.0488958,47.5491002],[19.0490246,47.5490234],[19.0489497,47.5486532],[19.0489707,47.5484186],[19.0490786,47.5483033],[19.0490126,47.548008],[19.0488868,47.5475164],[19.0487759,47.547213],[19.048629,47.5470148],[19.0484912,47.5466851],[19.0482934,47.5464221],[19.0482874,47.5462967],[19.0481526,47.5461268],[19.0481136,47.5459427],[19.0480567,47.5457384],[19.0478948,47.5455503],[19.0478918,47.5452994],[19.0479398,47.5451153],[19.047697,47.5448483],[19.047709,47.5446946],[19.047748,47.5444883],[19.0476401,47.5443305],[19.0475562,47.5440554],[19.047721,47.5438632],[19.047694,47.5436103],[19.047712,47.5433494],[19.0476431,47.5430095],[19.0476558,47.5429624],[19.0476364,47.5428687],[19.0476579,47.5427759],[19.0476972,47.5426661],[19.0476953,47.5425802],[19.047671,47.5424798],[19.0477243,47.5423378],[19.0477168,47.5422109],[19.047729,47.5420859],[19.0477767,47.5419621],[19.0477973,47.5417323],[19.0479207,47.541733],[19.0478926,47.5418804],[19.0478765,47.5419791],[19.0478832,47.5421203],[19.047902,47.542381],[19.0478738,47.5427087],[19.0478792,47.542926],[19.0478739,47.5430818],[19.0478815,47.543337],[19.0478739,47.5436625],[19.0478714,47.5440051],[19.0480055,47.5448504],[19.0480564,47.5450397],[19.0481477,47.5453144],[19.0482922,47.5457664],[19.0483431,47.5459819],[19.0485899,47.5464761],[19.0488353,47.5468455],[19.0489882,47.5470926],[19.0490754,47.547203],[19.0490888,47.5473035],[19.0490794,47.5473813],[19.0491813,47.5474619],[19.0492014,47.5475298],[19.0493114,47.5476502],[19.0494053,47.5477471],[19.0495837,47.5479525],[19.0496427,47.5480231],[19.049648,47.5481191],[19.0496909,47.5482087],[19.0497969,47.5482739],[19.0498063,47.5483608],[19.0499055,47.5485943],[19.0498197,47.5487373],[19.0498385,47.5488224],[19.0499484,47.5488659],[19.0500262,47.5490288],[19.0500355,47.5491349],[19.0501834,47.5492638],[19.0502912,47.549688],[19.0504052,47.5500104],[19.0503682,47.5502911],[19.0502419,47.5508838],[19.0501556,47.5509857],[19.0498691,47.5511915],[19.049601,47.5511832],[19.0494254,47.5513704]]]}},
{"type":"Feature","properties":{"id":"way/390793288","landuse":"grass"},"geometry":{"type":"Polygon","coordinates":[[[19.0485629,47.5293433],[19.0486878,47.5292577],[19.0489612,47.529255],[19.0491474,47.5294597],[19.0493099,47.5298048],[19.0494644,47.5303145],[19.0495575,47.5304148],[19.0498666,47.5305406],[19.0498903,47.5306369],[19.049747,47.5307329],[19.0496599,47.5307396],[19.0495311,47.5306473],[19.0491765,47.5306032],[19.0490378,47.5305068],[19.0488753,47.5301055],[19.0488,47.5298688],[19.048695,47.5297724],[19.0485524,47.5295036],[19.0485629,47.5293433]]]}},
{"type":"Feature","properties":{"id":"way/39378686","leisure":"park"},"geometry":{"type":"Polygon","coordinates":[[[19.0457489,47.5390331],[19.0457447,47.5389211],[19.0457285,47.5387923],[19.0457228,47.5386181],[19.0457137,47.5384919],[19.0457217,47.5383893],[19.0457635,47.5383161],[19.0458665,47.5382698],[19.0459561,47.5382206],[19.0461277,47.5382529],[19.0461911,47.5382614],[19.0462919,47.538245],[19.0464599,47.5381664],[19.0465092,47.5381564],[19.0465532,47.5381801],[19.0465743,47.5382729],[19.0468941,47.538252],[19.0468987,47.5383475],[19.0469088,47.538615],[19.0467742,47.5387997],[19.0466414,47.538872],[19.0465924,47.5388907],[19.046457,47.5389232],[19.0462348,47.5389706],[19.0460053,47.5390188],[19.0457489,47.5390331]]]}},
{"type":"Feature","properties":{"id":"way/396307998","leisure":"park","name":"Salkaházi Sára park"},"geometry":{"type":"Polygon","coordinates":[[[19.075633,47.4824959],[19.0760811,47.4823365],[19.0764174,47.4828328],[19.0759578,47.482975],[19.075633,47.4824959]]]}},
{"type":"Feature","properties":{"id":"way/396608519","leisure":"garden"},"geometry":{"type":"Polygon","coordinates":[[[19.0386577,47.4972133],[19.0387543,47.4971403],[19.038757,47.4971585],[19.0387663,47.4971761],[19.0387831,47.4971911],[19.0388093,47.4972001],[19.0388321,47.4972033],[19.0388669,47.4972006],[19.038771,47.4972794],[19.0386577,47.4972133]]]}},
{"type":"Feature","properties":{"id":"way/396608521","leisure":"garden"},"geometry":{"type":"Polygon","coordinates":[[[19.0388398,47.4970724],[19.0389419,47.4969922],[19.0390512,47.4970543],[19.0389558,47.4971281],[19.0389507,47.497113],[19.0389365,47.4970996],[19.0389106,47.4970851],[19.0388816,47.4970745],[19.0388593,47.4970721],[19.0388398,47.4970724]]]}},
{"type":"Feature","properties":{"id":"way/396608525","leisure":"garden"},"geometry":{"type":"Polygon","coordinates":[[[19.0401518,47.4963472],[19.0402739,47.4962459],[19.0403765,47.4963024],[19.0402544,47.4964037],[19.0401518,47.4963472]]]}},
{"type":"Feature","properties":{"id":"way/396608526","leisure":"garden"},"geometry":{"type":"Polygon","coordinates":[[[19.0398536,47.4965678],[19.0399757,47.4964665],[19.0400783,47.496523],[19.0399562,47.4966243],[19.0398536,47.4965678]]]}},
{"type":"Feature","properties":{"id":"way/396764488","leisure":"garden"},"geometry":{"type":"Polygon","coordinates":[[[19.0457461,47.5412954],[19.0457461,47.5412757],[19.0457315,47.5412695],[19.0457152,47.5412514],[19.0457066,47.5412191],[19.0457132,47.5411776],[19.0457366,47.5411532],[19.0457335,47.5411395],[19.0460039,47.5411285],[19.0460049,47.5411409],[19.0460405,47.541167],[19.0460491,47.541203],[19.0460486,47.5412304],[19.0460339,47.541261],[19.0460217,47.5412685],[19.0460196,47.5412843],[19.0457461,47.5412954]]]}},
{"type":"Feature","properties":{"id":"way/397772247","area":"yes","highway":"pedestrian","name":"Kolosy tér","surface":"sett"},"geometry":{"type":"Polygon","coordinates":[[[19.0384361,47.528045],[19.0384609,47.5280564],[19.0384755,47.528068],[19.038482,47.5280628],[19.0384921,47.5280571],[19.0385277,47.5281379],[19.0385444,47.5281759],[19.0383954,47.5281923],[19.0382556,47.5282087],[19.0382343,47.5281983],[19.0381978,47.5281806],[19.0381924,47.5281168],[19.0382585,47.5281164],[19.0382721,47.5281159],[19.0382775,47.528088],[19.0382963,47.5280654],[19.0383252,47.5280482],[19.0383609,47.5280386],[19.0383801,47.528038],[19.0383922,47.5280377],[19.0384059,47.5280377],[19.0384361,47.528045]]]}},
{"type":"Feature","properties":{"id":"way/397772249","landuse":"grass","leisure":"park"},"geometry":{"type":"Polygon","coordinates":[[[19.038184,47.527673],[19.0383281,47.5276709],[19.0383635,47.5277596],[19.038372,47.5277946],[19.0383801,47.528038],[19.0383609,47.5280386],[19.0383252,47.5280482],[19.0382963,47.5280654],[19.0382775,47.528088],[19.0382721,47.5281159],[19.0382585,47.5281164],[19.0382586,47.5280419],[19.0381898,47.5280423],[19.0381891,47.5280035],[19.0382602,47.5280032],[19.0382603,47.5279245],[19.0381883,47.5279255],[19.0381883,47.5278844],[19.0382599,47.5278842],[19.0382597,47.5278093],[19.038186,47.5278103],[19.0381864,47.5277705],[19.0382492,47.5277698],[19.0382491,47.5276969],[19.0381852,47.5276966],[19.038184,47.527673]]]}},
{"type":"Feature","properties":{"id":"way/397772250","landuse":"grass","leisure":"park"},"geometry":{"type":"Polygon","coordinates":[[[19.0384059,47.5280377],[19.0384037,47.5278782],[19.038482,47.5280628],[19.0384755,47.528068],[19.0384609,47.5280564],[19.0384361,47.528045],[19.0384059,47.5280377]]]}},
{"type":"Feature","properties":{"id":"way/398685854","landuse":"recreation_ground","leisure":"sports_centre","name":"Budapest Garden"},"geometry":{"type":"Polygon","coordinates":[[[19.0426297,47.5316994],[19.0416834,47.5304656],[19.0426317,47.5301337],[19.04355,47.5313611],[19.0435653,47.5314375],[19.0435665,47.5314899],[19.0430751,47.5316272],[19.0430208,47.5315932],[19.0426297,47.5316994]]]}},
{"type":"Feature","properties":{"id":"way/402104221","leisure":"park"},"geometry":{"type":"Polygon","coordinates":[[[19.0318379,47.5128328],[19.0313767,47.5130317],[19.0309274,47.5125719],[19.0311733,47.5124672],[19.0315068,47.5128213],[19.0317356,47.5127222],[19.0318379,47.5128328]]]}},
{"type":"Feature","properties":{"id":"way/402229692","leisure":"garden"},"geometry":{"type":"Polygon","coordinates":[[[19.045785,47.5417711],[19.0457136,47.5417063],[19.0457088,47.541701],[19.0457069,47.5416959],[19.0457108,47.541696],[19.0457169,47.5416977],[19.0457223,47.5417016],[19.045725,47.5417065],[19.0457327,47.5417115],[19.0457406,47.5417145],[19.0457477,47.5417164],[19.045756,47.5417159],[19.0457645,47.5417137],[19.0457722,47.541713],[19.0457795,47.5417145],[19.0457846,47.5417172],[19.0457899,47.5417216],[19.0457938,47.5417267],[19.0457972,47.5417301],[19.0458007,47.5417308],[19.045806,47.5417281],[19.0458192,47.5417107],[19.0458074,47.5416809],[19.0457988,47.5416813],[19.0457841,47.5416822],[19.0457763,47.5416844],[19.0457682,47.5416874],[19.0457651,47.5416907],[19.0457613,47.5416945],[19.0457572,47.5416973],[19.045754,47.5416976],[19.0457506,47.5416949],[19.0457505,47.5416903],[19.0457517,47.5416873],[19.045716,47.5416775],[19.0457203,47.5416757],[19.0457273,47.541674],[19.0458135,47.5416697],[19.0458236,47.5416693],[19.0458332,47.5416698],[19.0458417,47.5416715],[19.0458473,47.5416756],[19.045851,47.5416813],[19.0458528,47.5416888],[19.0458515,47.5416963],[19.0458286,47.5417594],[19.0458258,47.5417656],[19.045822,47.5417699],[19.0458153,47.5417732],[19.0458065,47.5417756],[19.0457984,47.5417762],[19.0457925,47.5417748],[19.045785,47.5417711]]]}},
{"type":"Feature","properties":{"id":"way/402229699","landuse":"grass"},"geometry":{"type":"Polygon","coordinates":[[[19.0420596,47.5432543],[19.0420694,47.5432463],[19.0420897,47.5432472],[19.0421309,47.5433616],[19.0422309,47.543662],[19.0422999,47.5439006],[19.0423507,47.5440983],[19.0424237,47.5444065],[19.0424751,47.5446122],[19.0426237,47.5452187],[19.0426918,47.5454923],[19.0426896,47.5455045],[19.0426794,47.5455117],[19.0426666,47.5455156],[19.0426525,47.5455165],[19.0426405,47.5455135],[19.0426303,47.5455081],[19.0426219,47.5455006],[19.042618,47.545489],[19.042525,47.5451157],[19.0423552,47.5444163],[19.0422685,47.5440645],[19.0421865,47.543731],[19.0421408,47.5435362],[19.0420996,47.5433859],[19.0420681,47.5432823],[19.0420596,47.5432543]]]}},
{"type":"Feature","properties":{"id":"way/404741529","landuse":"grass"},"geometry":{"type":"Polygon","coordinates":[[[19.0414239,47.5310342],[19.0411584,47.530476],[19.0413011,47.5304354],[19.0416623,47.5309959],[19.0414694,47.5310369],[19.0414516,47.5310402],[19.0414325,47.5310387],[19.0414239,47.5310342]]]}},
{"type":"Feature","properties":{"id":"way/40615731","leisure":"park","name":"Flórián tér"},"geometry":{"type":"Polygon","coordinates":[[[19.0402748,47.5390215],[19.0402969,47.5391235],[19.0404858,47.5398387],[19.0405077,47.5399765],[19.0406135,47.5404631],[19.0403844,47.540502],[19.0404622,47.540683],[19.0404912,47.5407638],[19.0398203,47.5411713],[19.0395938,47.541343],[19.0395825,47.5413972],[19.0395561,47.5414339],[19.0392263,47.5416457],[19.0387432,47.5419602],[19.0384507,47.5421607],[19.0378877,47.5425528],[19.0378196,47.5425972],[19.0377612,47.5426291],[19.0377035,47.5426443],[19.0376442,47.5426388],[19.0375953,47.5426202],[19.037578,47.5425787],[19.0375907,47.5424817],[19.0376163,47.5423887],[19.0376374,47.5421769],[19.037617,47.5419886],[19.037631,47.5418837],[19.0376612,47.5417617],[19.0378037,47.5418056],[19.0376974,47.542451],[19.0378252,47.5424907],[19.038524,47.5420418],[19.0386929,47.5419286],[19.038564,47.5418195],[19.0383821,47.541943],[19.0380883,47.5417264],[19.0379194,47.5416688],[19.0377023,47.5416372],[19.0377129,47.5415974],[19.038414,47.5417282],[19.0384584,47.5416254],[19.0377472,47.5414886],[19.0377737,47.5414103],[19.0379924,47.5414382],[19.0383178,47.5398319],[19.0381016,47.5398194],[19.038016,47.5398096],[19.0380992,47.539561],[19.0381238,47.5395014],[19.0381447,47.5394621],[19.0381638,47.5394271],[19.0381949,47.5394008],[19.0382249,47.5393894],[19.0382585,47.5393716],[19.0382969,47.5393424],[19.0383905,47.5393125],[19.0398897,47.5390799],[19.0402748,47.5390215]]]}},
{"type":"Feature","properties":{"id":"way/40739563","leisure":"park","name":"Göncz Árpád park"},"geometry":{"type":"Polygon","coordinates":[[[19.0354616,47.5341816],[19.0354358,47.5341773],[19.0351178,47.5341273],[19.0356132,47.5335056],[19.0356394,47.533492],[19.0357747,47.5335091],[19.0357429,47.5335754],[19.0354616,47.5341816]]]}},
{"type":"Feature","properties":{"id":"way/415579492","leisure":"pitch"},"geometry":{"type":"Polygon","coordinates":[[[19.0325292,47.5257225],[19.0323607,47.5256167],[19.0326311,47.5254203],[19.0327996,47.5255262],[19.0325292,47.5257225]]]}},
{"type":"Feature","properties":{"id":"way/415615774","landuse":"grass"},"geometry":{"type":"Polygon","coordinates":[[[19.0376732,47.5429626],[19.0376064,47.5429141],[19.038454,47.5423947],[19.0389303,47.5420969],[19.0393433,47.5418452],[19.0394176,47.5419062],[19.0390527,47.5421202],[19.0388785,47.5422216],[19.0385802,47.5424081],[19.0376732,47.5429626]]]}},
{"type":"Feature","properties":{"id":"way/418151070","area":"yes","highway":"pedestrian","surface":"paving_stones"},"geometry":{"type":"Polygon","coordinates":[[[19.0775749,47.5178971],[19.0776294,47.5179193],[19.0776861,47.517963],[19.0777189,47.5180168],[19.0777229,47.5180795],[19.0777144,47.5180683],[19.0776661,47.5180855],[19.0776709,47.5180931],[19.0776505,47.5180941],[19.0776306,47.5180903],[19.077603,47.518076],[19.0775859,47.5180634],[19.0775711,47.5180493],[19.077596,47.5180392],[19.0775709,47.5180086],[19.0775503,47.5179839],[19.07753,47.5179892],[19.0775208,47.5179785],[19.0775097,47.5179598],[19.0775056,47.5179459],[19.0775046,47.5179308],[19.0775097,47.5179212],[19.0775225,47.5179116],[19.0775343,47.5179131],[19.0775749,47.5178971]]]}},
{"type":"Feature","properties":{"id":"way/418388128","area":"yes","highway":"pedestrian","surface":"paving_stones"},"geometry":{"type":"Polygon","coordinates":[[[19.0776985,47.5181365],[19.0776486,47.518183],[19.0775763,47.5182177],[19.0774911,47.5182343],[19.0774025,47.5182308],[19.0773229,47.5182087],[19.077258,47.5181705],[19.0772147,47.5181202],[19.0771978,47.5180632],[19.0772089,47.5180055],[19.0772469,47.5179533],[19.0773077,47.5179121],[19.077385,47.5178864],[19.0774703,47.5178788],[19.0774932,47.5178816],[19.0774994,47.5178892],[19.0774772,47.5179077],[19.0774666,47.5179282],[19.0774672,47.5179482],[19.0774715,47.5179639],[19.0774891,47.5179913],[19.0774949,47.5180012],[19.0774692,47.5180138],[19.077493,47.5180408],[19.0775179,47.518069],[19.0775433,47.5180592],[19.0775587,47.5180772],[19.0775783,47.5180937],[19.0775987,47.5181056],[19.0776208,47.5181134],[19.0776499,47.5181179],[19.077679,47.5181135],[19.0776985,47.5181365]]]}},
{"type":"Feature","properties":{"id":"way/418982877","leisure":"park"},"geometry":{"type":"Polygon","coordinates":[[[19.0412868,47.4979978],[19.0412251,47.4980517],[19.0411493,47.4980943],[19.0410722,47.4981242],[19.0409656,47.4981432],[19.0408495,47.4981479],[19.0408415,47.498131],[19.0408382,47.4980775],[19.0409254,47.4980793],[19.0409381,47.4980354],[19.0408382,47.4980263],[19.0408429,47.4979801],[19.0409354,47.4976784],[19.0410165,47.497689],[19.0410344,47.4976345],[19.0414112,47.4977108],[19.0413257,47.4979371],[19.0412868,47.4979978]]]}},
{"type":"Feature","properties":{"id":"way/418982879","leisure":"park"},"geometry":{"type":"Polygon","coordinates":[[[19.0330585,47.5027906],[19.0329644,47.5027469],[19.0332246,47.5025339],[19.0332442,47.5025406],[19.0330585,47.5027906]]]}},
{"type":"Feature","properties":{"id":"way/427473347","leisure":"park","surface":"fine_gravel"},"geometry":{"type":"Polygon","coordinates":[[[19.0293591,47.4890253],[19.0293749,47.488967],[19.0293982,47.4889079],[19.0294308,47.4888508],[19.0294722,47.4887963],[19.0295144,47.4887463],[19.0295352,47.4887638],[19.029554,47.4887864],[19.0295593,47.4887996],[19.0295566,47.4888146],[19.0295359,47.488838],[19.0295211,47.4888564],[19.0295191,47.488873],[19.0295389,47.4888856],[19.0295483,47.4889],[19.0295459,47.4889195],[19.0295462,47.4889466],[19.0295618,47.4889644],[19.0295367,47.4889848],[19.0294975,47.4890043],[19.0294532,47.4890179],[19.0294058,47.4890249],[19.0293591,47.4890253]]]}},
{"type":"Feature","properties":{"id":"way/428202773","leisure":"pitch","surface":"asphalt"},"geometry":{"type":"Polygon","coordinates":[[[19.0529357,47.4980454],[19.0531159,47.4980614],[19.0531375,47.4980633],[19.0530336,47.4985135],[19.0528576,47.4984013],[19.0529357,47.4980454]]]}},
{"type":"Feature","properties":{"id":"way/429243469","landuse":"allotments","name":"Kisdiófa utcai közösségi kert"},"geometry":{"type":"Polygon","coordinates":[[[19.0624642,47.50012],[19.062074,47.499934],[19.0620413,47.4999194],[19.0620895,47.4998732],[19.0621687,47.4998041],[19.0621968,47.4997803],[19.0622873,47.4998207],[19.0623524,47.4998538],[19.0624746,47.4999072],[19.0625464,47.4999441],[19.0626086,47.4999761],[19.0624642,47.50012]]]}},
{"type":"Feature","properties":{"id":"way/429676482","leisure":"park","name":"Neoreneszánsz kert"},"geometry":{"type":"Polygon","coordinates":[[[19.0427344,47.4934625],[19.042717,47.493671],[19.0426919,47.4938941],[19.0426747,47.4939509],[19.0428877,47.4940121],[19.0422401,47.4951939],[19.0422263,47.4951886],[19.0419376,47.4950778],[19.0420663,47.4948324],[19.0420794,47.494833],[19.0420937,47.4948335],[19.0421247,47.4947743],[19.0421146,47.4947648],[19.0421038,47.494755],[19.0422925,47.4944293],[19.0424266,47.4941792],[19.0424883,47.4940397],[19.0425205,47.4938965],[19.042549,47.4934835],[19.042585,47.4934593],[19.0427344,47.4934625]]]}},
{"type":"Feature","properties":{"id":"way/429676484","area":"yes","highway":"pedestrian","name":"Öntőház udvar"},"geometry":{"type":"Polygon","coordinates":[[[19.0419445,47.4959203],[19.0418474,47.4958834],[19.0416169,47.4958098],[19.0415718,47.4957934],[19.0414666,47.4957625],[19.0414849,47.4957322],[19.0417387,47.4953092],[19.0417528,47.4952864],[19.0417712,47.4952566],[19.0418014,47.4952676],[19.0421578,47.4953908],[19.0421481,47.4954156],[19.042146,47.4954343],[19.042149,47.4954551],[19.0421631,47.4954759],[19.0421842,47.4954943],[19.0422128,47.4955108],[19.0420506,47.4957584],[19.0419445,47.4959203]]]}},
{"type":"Feature","properties":{"id":"way/431048523","area":"yes","highway":"pedestrian","name":"Corvin-negyed aluljáró","surface":"paving_stones"},"geometry":{"type":"Polygon","coordinates":[[[19.0698164,47.4857494],[19.0697095,47.485693],[19.0696894,47.4857116],[19.0696669,47.4857015],[19.0696452,47.4856917],[19.0696737,47.4856617],[19.0696686,47.4856255],[19.0696977,47.4856249],[19.0697303,47.4856241],[19.0697296,47.4856581],[19.0698358,47.4857202],[19.0698737,47.4856911],[19.0699451,47.48567],[19.0700109,47.4856652],[19.0700403,47.4856717],[19.0700763,47.4856929],[19.0701119,47.485645],[19.0701005,47.4856246],[19.0701161,47.4856208],[19.0701326,47.4856169],[19.0701427,47.4856405],[19.0702111,47.4856201],[19.0702181,47.4856318],[19.0702232,47.4856405],[19.0701487,47.4856631],[19.0701066,47.4857162],[19.0701296,47.4857378],[19.0701482,47.4857543],[19.0701761,47.4857948],[19.0701854,47.485815],[19.0701959,47.485839],[19.0702068,47.4858721],[19.0701993,47.4859278],[19.0701886,47.4859641],[19.0702748,47.4859848],[19.0702875,47.4859549],[19.0703114,47.485963],[19.0703331,47.4859703],[19.0703147,47.4860104],[19.0703197,47.4860582],[19.0702947,47.4860589],[19.0702708,47.4860596],[19.0702651,47.4860231],[19.0701594,47.4859968],[19.0701232,47.4860246],[19.0700455,47.4860376],[19.0700256,47.4860407],[19.0699513,47.4860154],[19.0699094,47.4859852],[19.0698624,47.4860491],[19.0698701,47.486079],[19.0698546,47.4860802],[19.0698356,47.4860814],[19.069831,47.486064],[19.069792,47.4860659],[19.0697895,47.4860558],[19.0697866,47.4860437],[19.0698168,47.4860428],[19.0698788,47.4859616],[19.0698621,47.4859378],[19.0698409,47.4859009],[19.0698158,47.4858658],[19.0698062,47.4858328],[19.0698043,47.4857906],[19.0698164,47.4857494]]]}},
{"type":"Feature","properties":{"id":"way/431074586","leisure":"park"},"geometry":{"type":"Polygon","coordinates":[[[19.0418242,47.495476],[19.0419075,47.4953536],[19.0419891,47.4953789],[19.0419058,47.4955014],[19.0418242,47.495476]]]}},
{"type":"Feature","properties":{"id":"way/431074587","leisure":"park"},"geometry":{"type":"Polygon","coordinates":[[[19.0416298,47.4957827],[19.0416494,47.4957543],[19.0418821,47.4958276],[19.0418625,47.495856],[19.0416298,47.4957827]]]}},
{"type":"Feature","properties":{"id":"way/431388965","leisure":"garden","name":"Japánkert","name:en":"Japanese Garden"},"geometry":{"type":"Polygon","coordinates":[[[19.076388,47.5178486],[19.0760892,47.5177051],[19.0759047,47.5175647],[19.0757996,47.5174007],[19.0757739,47.5172651],[19.0757856,47.5171847],[19.075921,47.517161],[19.0760868,47.5171437],[19.0763764,47.5172809],[19.0765351,47.5174543],[19.0766029,47.5175947],[19.0765935,47.5177272],[19.076388,47.5178486]]]}},
{"type":"Feature","properties":{"id":"way/431831366","leisure":"park","name":"Reformáció park"},"geometry":{"type":"Polygon","coordinates":[[[19.0760949,47.507906],[19.0762922,47.508003],[19.076071,47.5082329],[19.0756718,47.5086357],[19.0755364,47.5085738],[19.0755223,47.5085673],[19.0755164,47.5085074],[19.0758774,47.5081392],[19.0760949,47.507906]]]}},
{"type":"Feature","properties":{"id":"way/436352070","leisure":"playground"},"geometry":{"type":"Polygon","coordinates":[[[19.0705344,47.5276578],[19.0703953,47.527558],[19.0707295,47.5273455],[19.0708686,47.5274452],[19.0705344,47.5276578]]]}},
{"type":"Feature","properties":{"id":"way/438220340","landuse":"grass"},"geometry":{"type":"Polygon","coordinates":[[[19.075835,47.4894672],[19.0752403,47.4894691],[19.0752403,47.4894423],[19.0752849,47.4894423],[19.0752849,47.4894513],[19.075302,47.4894513],[19.075302,47.4894423],[19.0753829,47.4894423],[19.0753829,47.4894513],[19.0754034,47.4894513],[19.0754034,47.4894423],[19.0754821,47.4894423],[19.0754821,47.4894511],[19.0755017,47.4894511],[19.0755017,47.4894423],[19.0755832,47.4894423],[19.0755832,47.4894509],[19.0756022,47.4894509],[19.0756022,47.4894423],[19.0756815,47.4894422],[19.0756815,47.4894513],[19.0757014,47.4894513],[19.0757014,47.4894422],[19.0757814,47.4894422],[19.0757814,47.4894508],[19.0758025,47.4894508],[19.0758025,47.4894422],[19.0758349,47.4894422],[19.0758349,47.4894518],[19.075835,47.4894672]]]}},
{"type":"Feature","properties":{"id":"way/438654870","landuse":"grass"},"geometry":{"type":"Polygon","coordinates":[[[19.0757291,47.4892086],[19.0758323,47.4892086],[19.0758242,47.4892188],[19.075818,47.4892144],[19.0757285,47.4892145],[19.0757291,47.4892086]]]}},
{"type":"Feature","properties":{"id":"way/438654871","landuse":"grass"},"geometry":{"type":"Polygon","coordinates":[[[19.0751088,47.4894955],[19.074844,47.489555],[19.0748338,47.4895345],[19.0747943,47.4894614],[19.0748268,47.4894601],[19.0748601,47.4894589],[19.0750113,47.489453],[19.0750537,47.4894514],[19.0751605,47.4894473],[19.0751315,47.4894735],[19.0751088,47.4894955]]]}},
{"type":"Feature","properties":{"id":"way/438712013","leisure":"park"},"geometry":{"type":"Polygon","coordinates":[[[19.0758066,47.4889597],[19.0759743,47.489015],[19.0761011,47.4894294],[19.0760974,47.4894701],[19.0759302,47.4894722],[19.0759197,47.4895224],[19.0752411,47.4895167],[19.0751714,47.4895194],[19.0750413,47.4895303],[19.0748588,47.4895728],[19.0745699,47.4896314],[19.0744456,47.4896518],[19.0743841,47.4896363],[19.0743613,47.4896296],[19.0743506,47.4896264],[19.0743531,47.4896073],[19.0744054,47.4893916],[19.0744308,47.4892611],[19.0744489,47.4892172],[19.0744579,47.4891986],[19.0744698,47.4891983],[19.0751963,47.4891807],[19.0752411,47.4891796],[19.0755576,47.4891714],[19.0756045,47.4891606],[19.0756381,47.4891424],[19.0756595,47.4891189],[19.0756717,47.4891057],[19.0758066,47.4889597]]]}},
{"type":"Feature","properties":{"id":"way/438712014","landuse":"grass"},"geometry":{"type":"Polygon","coordinates":[[[19.0747888,47.4895665],[19.074489,47.4896343],[19.0744806,47.4896348],[19.0744729,47.4896335],[19.0744664,47.489631],[19.0744609,47.489628],[19.0744569,47.4896241],[19.074454,47.4896184],[19.0744536,47.4896135],[19.0744544,47.4896077],[19.0744559,47.4895503],[19.074492,47.4895395],[19.0745179,47.4895319],[19.0745436,47.4895244],[19.0745655,47.4894702],[19.0746773,47.4894659],[19.0747037,47.4894649],[19.0747339,47.4894637],[19.0747775,47.4895454],[19.0747888,47.4895665]]]}},
{"type":"Feature","properties":{"id":"way/438712015","landuse":"grass"},"geometry":{"type":"Polygon","coordinates":[[[19.0758631,47.4893532],[19.0758382,47.4893541],[19.075812,47.4893514],[19.0757852,47.4893391],[19.0757691,47.4893273],[19.0757631,47.4893065],[19.0757718,47.4892906],[19.0757933,47.4892766],[19.075812,47.4892657],[19.0758288,47.489258],[19.0758496,47.489249],[19.0758636,47.4892463],[19.0758631,47.4893532]]]}},
{"type":"Feature","properties":{"id":"way/438712016","landuse":"grass"},"geometry":{"type":"Polygon","coordinates":[[[19.0753386,47.4894169],[19.075344,47.4894066],[19.0753534,47.4894021],[19.0753654,47.489398],[19.0753916,47.4893935],[19.0754412,47.4893899],[19.0754922,47.4893876],[19.0755465,47.4893881],[19.0756095,47.489389],[19.0756558,47.4893867],[19.0756853,47.4893844],[19.0757161,47.4893799],[19.0757557,47.4893736],[19.0757792,47.4893763],[19.0758073,47.4893908],[19.0758248,47.4894026],[19.0758354,47.4894169],[19.0753386,47.4894169]]]}},
{"type":"Feature","properties":{"id":"way/438712017","landuse":"grass"},"geometry":{"type":"Polygon","coordinates":[[[19.0754155,47.4893539],[19.0754015,47.4893314],[19.0754036,47.489309],[19.0754193,47.4892937],[19.0754331,47.4892915],[19.075446,47.4892896],[19.0754623,47.4892873],[19.0754799,47.4892851],[19.0755144,47.4892849],[19.0755454,47.4892859],[19.0755706,47.4892865],[19.0756127,47.4892887],[19.0756479,47.4892935],[19.0756953,47.4892995],[19.0757072,47.4893058],[19.0757155,47.4893215],[19.0757106,47.4893377],[19.0756939,47.4893516],[19.0756735,47.4893624],[19.075639,47.4893682],[19.0756186,47.4893688],[19.0755788,47.4893715],[19.075546,47.4893714],[19.0755138,47.4893721],[19.0754781,47.4893721],[19.0754667,47.4893707],[19.0754459,47.4893682],[19.0754335,47.4893624],[19.0754155,47.4893539]]]}},
{"type":"Feature","properties":{"id":"way/438712018","landuse":"grass"},"geometry":{"type":"Polygon","coordinates":[[[19.0752566,47.4893807],[19.0752567,47.4892465],[19.0757133,47.4892468],[19.0757285,47.489237],[19.0757285,47.4892145],[19.075818,47.4892144],[19.0758242,47.4892188],[19.0758167,47.4892277],[19.0757979,47.4892467],[19.0757792,47.4892589],[19.075757,47.4892689],[19.0757329,47.489277],[19.0757034,47.489278],[19.0756672,47.4892739],[19.0756404,47.4892671],[19.0755907,47.4892639],[19.0755512,47.489263],[19.0754933,47.4892629],[19.0754593,47.4892635],[19.0754379,47.4892635],[19.0753998,47.4892659],[19.0753645,47.4892736],[19.0753458,47.4892807],[19.0753337,47.4892949],[19.0753271,47.4893156],[19.0753206,47.489334],[19.0753125,47.4893504],[19.0752998,47.4893608],[19.0752831,47.489371],[19.0752566,47.4893807]]]}},
{"type":"Feature","properties":{"id":"way/440085382","leisure":"playground"},"geometry":{"type":"Polygon","coordinates":[[[19.0435023,47.5422175],[19.0437522,47.5421881],[19.0438319,47.5424963],[19.043582,47.5425258],[19.0435023,47.5422175]]]}},
{"type":"Feature","properties":{"id":"way/442024439","area":"yes","highway":"pedestrian","surface":"paved"},"geometry":{"type":"Polygon","coordinates":[[[19.0569309,47.4796488],[19.0569,47.4796317],[19.0568559,47.479608],[19.0568043,47.4795789],[19.0570345,47.4793707],[19.0570541,47.4792969],[19.0570299,47.479284],[19.0570091,47.4792728],[19.0569936,47.4792645],[19.0571109,47.4791609],[19.0570733,47.4791415],[19.0570916,47.4791267],[19.0570467,47.4791061],[19.0570751,47.4790817],[19.0567053,47.4788848],[19.0567845,47.4788183],[19.056852,47.4787581],[19.0568918,47.4787227],[19.0570397,47.4785931],[19.0570553,47.4785808],[19.0570847,47.4785554],[19.0573681,47.4783067],[19.0574568,47.4782269],[19.0573207,47.4781578],[19.0573574,47.4781239],[19.0573678,47.4781142],[19.0574068,47.4780781],[19.0574597,47.4781054],[19.0574722,47.4780944],[19.0575498,47.4781073],[19.0577068,47.4779728],[19.0578059,47.4778832],[19.0578627,47.4778318],[19.0579535,47.4777496],[19.0580306,47.4777887],[19.058076,47.4778117],[19.0580961,47.477794],[19.0581072,47.4777998],[19.0581162,47.4778045],[19.0577065,47.478172],[19.0578889,47.4782675],[19.0584664,47.4785701],[19.0585308,47.4786038],[19.0587438,47.4787154],[19.0588666,47.4787797],[19.0588398,47.478803],[19.0587735,47.4788606],[19.0587599,47.4788735],[19.0586824,47.4788334],[19.0583384,47.4786556],[19.058304,47.4786378],[19.0579451,47.4784522],[19.0575819,47.4782681],[19.0574764,47.4783635],[19.0574645,47.4783743],[19.0569503,47.478817],[19.0572699,47.478988],[19.0572344,47.479016],[19.0572741,47.4790362],[19.05746,47.4791308],[19.0574942,47.4791482],[19.0574294,47.4792129],[19.0569309,47.4796488]]]}},
{"type":"Feature","properties":{"id":"way/442024440","landuse":"grass"},"geometry":{"type":"Polygon","coordinates":[[[19.0568043,47.4795789],[19.0567322,47.4795433],[19.0570299,47.479284],[19.0570541,47.4792969],[19.0570345,47.4793707],[19.0568043,47.4795789]]]}},
{"type":"Feature","properties":{"id":"way/442026252","landuse":"grass"},"geometry":{"type":"Polygon","coordinates":[[[19.0567053,47.4788848],[19.0566616,47.4789223],[19.0565871,47.47898],[19.0565507,47.4789614],[19.0567484,47.4787811],[19.0567052,47.4787564],[19.0567367,47.4787286],[19.0567846,47.478755],[19.0567927,47.4787714],[19.0567936,47.478787],[19.0567889,47.4788014],[19.0567845,47.4788183],[19.0567053,47.4788848]]]}},
{"type":"Feature","properties":{"id":"way/442026993","landuse":"grass"},"geometry":{"type":"Polygon","coordinates":[[[19.0568918,47.4787227],[19.0567862,47.4786676],[19.0569341,47.478538],[19.0570397,47.4785931],[19.0568918,47.4787227]]]}},
{"type":"Feature","properties":{"id":"way/442026994","landuse":"grass"},"geometry":{"type":"Polygon","coordinates":[[[19.0570847,47.4785554],[19.0569521,47.4784894],[19.0573207,47.4781578],[19.0574568,47.4782269],[19.0573681,47.4783067],[19.0570847,47.4785554]]]}},
{"type":"Feature","properties":{"id":"way/442028448","landuse":"grass"},"geometry":{"type":"Polygon","coordinates":[[[19.0574722,47.4780944],[19.057623,47.4779598],[19.0576327,47.4779536],[19.0576475,47.4779405],[19.0577068,47.4779728],[19.0575498,47.4781073],[19.0574722,47.4780944]]]}},
{"type":"Feature","properties":{"id":"way/442030428","landuse":"grass"},"geometry":{"type":"Polygon","coordinates":[[[19.0568454,47.4779798],[19.0569023,47.477926],[19.0569355,47.4779432],[19.0568781,47.4779947],[19.0568678,47.4779906],[19.0568454,47.4779798]]]}},
{"type":"Feature","properties":{"id":"way/442032230","landuse":"grass"},"geometry":{"type":"Polygon","coordinates":[[[19.0571309,47.4780593],[19.0570691,47.4780291],[19.0569212,47.4781656],[19.0568114,47.4781179],[19.0568594,47.4780755],[19.0568711,47.4781125],[19.056899,47.4781124],[19.056959,47.4780617],[19.0569432,47.477991],[19.0569603,47.4779763],[19.0569729,47.4779726],[19.0569843,47.4779719],[19.056997,47.4779743],[19.0571418,47.4780498],[19.0571309,47.4780593]]]}},
{"type":"Feature","properties":{"id":"way/442032234","landuse":"grass"},"geometry":{"type":"Polygon","coordinates":[[[19.0568964,47.4781917],[19.0566803,47.4783919],[19.0564543,47.4782815],[19.0564408,47.4782746],[19.0564971,47.4782675],[19.0565199,47.4782646],[19.0565542,47.4782735],[19.056576,47.478275],[19.0566028,47.4782742],[19.0566307,47.4782716],[19.0566553,47.4782642],[19.0566838,47.4782424],[19.0566873,47.4782445],[19.0566804,47.478284],[19.0567137,47.4782878],[19.0567219,47.478248],[19.056773,47.4782475],[19.0567697,47.4782269],[19.0568041,47.4782164],[19.0567689,47.478157],[19.0567866,47.478144],[19.0568285,47.4781622],[19.0568964,47.4781917]]]}},
{"type":"Feature","properties":{"id":"way/443350214","area":"yes","highway":"pedestrian","name":"Edison tér"},"geometry":{"type":"Polygon","coordinates":[[[19.0728691,47.5448603],[19.0728557,47.5448282],[19.0727817,47.5446507],[19.0727211,47.5445055],[19.0730291,47.5444469],[19.0731234,47.544673],[19.0731771,47.5448018],[19.0728691,47.5448603]]]}},
{"type":"Feature","properties":{"id":"way/444124408","landuse":"grass"},"geometry":{"type":"Polygon","coordinates":[[[19.0368795,47.5433907],[19.0369725,47.5434521],[19.0361005,47.5440459],[19.0360843,47.5440369],[19.0357416,47.5442722],[19.0352532,47.5446265],[19.0351927,47.5445887],[19.0351026,47.5446489],[19.0350515,47.5446161],[19.0368795,47.5433907]]]}},
{"type":"Feature","properties":{"id":"way/444468280","leisure":"pitch","surface":"paving_stones"},"geometry":{"type":"Polygon","coordinates":[[[19.0657307,47.4801593],[19.0653307,47.4799724],[19.0655794,47.4797293],[19.0659794,47.4799162],[19.0657307,47.4801593]]]}},
{"type":"Feature","properties":{"id":"way/446103312","leisure":"park"},"geometry":{"type":"Polygon","coordinates":[[[19.0507626,47.4926184],[19.0505723,47.4925741],[19.0507835,47.4922835],[19.0507996,47.4923053],[19.0508063,47.4923352],[19.050762,47.4925037],[19.0507626,47.4926184]]]}},
{"type":"Feature","properties":{"id":"way/450091297","landuse":"meadow"},"geometry":{"type":"Polygon","coordinates":[[[19.0340787,47.5013716],[19.0340647,47.5013519],[19.0341009,47.5012912],[19.0340577,47.5012699],[19.0340811,47.5011847],[19.0341254,47.5012036],[19.0341161,47.5012407],[19.0341464,47.5012778],[19.0342083,47.5012849],[19.0342562,47.5012439],[19.0342959,47.5012715],[19.0343029,47.5012944],[19.0343484,47.5013149],[19.0344103,47.5013196],[19.0343904,47.5013772],[19.0342865,47.5013953],[19.0342655,47.5013567],[19.0341406,47.5013259],[19.0340787,47.5013716]]]}},
{"type":"Feature","properties":{"id":"way/450416352","natural":"scrub"},"geometry":{"type":"Polygon","coordinates":[[[19.0248288,47.5281501],[19.0249106,47.5280713],[19.0249361,47.5279952],[19.0249455,47.5279454],[19.024912,47.5278757],[19.0249254,47.5278621],[19.0249938,47.5278938],[19.0250233,47.5279454],[19.0250286,47.5280088],[19.0249696,47.5280921],[19.0248878,47.5281609],[19.0248288,47.5281501]]]}},
{"type":"Feature","properties":{"id":"way/450416354","natural":"scrub"},"geometry":{"type":"Polygon","coordinates":[[[19.0248114,47.5278395],[19.024865,47.5278549],[19.0248932,47.5279083],[19.0248959,47.5279472],[19.0248825,47.5279907],[19.0248315,47.5280305],[19.0247913,47.5280849],[19.0247323,47.5280785],[19.0247269,47.5280414],[19.0248033,47.5279527],[19.0248087,47.5278875],[19.0247658,47.527854],[19.0248114,47.5278395]]]}},
{"type":"Feature","properties":{"id":"way/450416372","landuse":"grass"},"geometry":{"type":"Polygon","coordinates":[[[19.0249475,47.5278481],[19.0249475,47.5278291],[19.024971,47.5278168],[19.0250038,47.527801],[19.0250347,47.5278019],[19.0250447,47.5278155],[19.0250521,47.5278295],[19.0250494,47.5278449],[19.025032,47.527863],[19.0250186,47.5278698],[19.0249817,47.5278594],[19.0249475,47.5278481]]]}},
{"type":"Feature","properties":{"id":"way/450416374","landuse":"forest"},"geometry":{"type":"Polygon","coordinates":[[[19.025266,47.5278268],[19.025262,47.5278041],[19.0253237,47.5277743],[19.0255208,47.5278703],[19.0257059,47.5279708],[19.0258655,47.5279862],[19.0259406,47.5280179],[19.0258588,47.5281908],[19.0257689,47.5281564],[19.0256952,47.5280704],[19.0255222,47.527949],[19.02538,47.5278721],[19.025266,47.5278268]]]}},
{"type":"Feature","properties":{"id":"way/450416376","landuse":"forest"},"geometry":{"type":"Polygon","coordinates":[[[19.025085,47.5279671],[19.0250662,47.5279228],[19.025038,47.5278784],[19.0250716,47.5278449],[19.0250702,47.5278159],[19.0250501,47.5277897],[19.0249737,47.5277752],[19.0249106,47.5277543],[19.0248597,47.5277562],[19.0247497,47.5277679],[19.0247175,47.5277226],[19.0248033,47.5276692],[19.0248918,47.5276339],[19.0249763,47.5276756],[19.0250689,47.5277299],[19.0251641,47.5277788],[19.0252204,47.5278096],[19.0251373,47.5278458],[19.0251279,47.5279264],[19.0251239,47.527969],[19.025085,47.5279671]]]}},
{"type":"Feature","properties":{"id":"way/450416718","natural":"scrub"},"geometry":{"type":"Polygon","coordinates":[[[19.0252928,47.5286318],[19.0252271,47.5285956],[19.0252191,47.5285567],[19.0253787,47.5285295],[19.0254618,47.5284969],[19.0254632,47.5284498],[19.02549,47.5283439],[19.0254779,47.5282868],[19.0255208,47.5282379],[19.0255892,47.5282035],[19.0256871,47.5282116],[19.0257207,47.5282696],[19.0256818,47.5282931],[19.0256201,47.5283574],[19.0255973,47.528458],[19.0255798,47.5285232],[19.0255141,47.5285775],[19.0254645,47.5286065],[19.0253773,47.5286327],[19.0252928,47.5286318]]]}},
{"type":"Feature","properties":{"id":"way/450416720","natural":"scrub"},"geometry":{"type":"Polygon","coordinates":[[[19.025258,47.5286662],[19.0251909,47.5286934],[19.025085,47.5286898],[19.0248986,47.5286943],[19.0246719,47.5286943],[19.0246598,47.5286499],[19.0246397,47.5285893],[19.0246277,47.5283194],[19.0246437,47.5281727],[19.024739,47.5281401],[19.0247484,47.5281727],[19.0247519,47.5282362],[19.0247506,47.5283037],[19.0247859,47.5283991],[19.0247349,47.5284272],[19.0247068,47.5284951],[19.024751,47.5285956],[19.0248007,47.5286427],[19.02492,47.5286454],[19.0250863,47.5286264],[19.025258,47.5286662]]]}},
{"type":"Feature","properties":{"id":"way/450421683","natural":"scrub"},"geometry":{"type":"Polygon","coordinates":[[[19.0274814,47.5235421],[19.0275484,47.5234832],[19.0276195,47.5233927],[19.0276356,47.5232523],[19.0276369,47.5231137],[19.0276517,47.5230449],[19.0276917,47.5230232],[19.0276909,47.5230749],[19.0278186,47.5233143],[19.027712,47.5232958],[19.027708,47.5233945],[19.0276275,47.5234832],[19.0275484,47.5235493],[19.0274814,47.5235421]]]}},
{"type":"Feature","properties":{"id":"way/450421689","leisure":"park"},"geometry":{"type":"Polygon","coordinates":[[[19.0262563,47.5240549],[19.0267119,47.5242643],[19.0268313,47.5242804],[19.0270028,47.5242715],[19.0270524,47.5242988],[19.0271404,47.5243759],[19.0270462,47.5244389],[19.0270569,47.5245204],[19.0270851,47.52463],[19.0269751,47.5246888],[19.0268611,47.5247441],[19.0266975,47.5246725],[19.0266921,47.5245611],[19.0262348,47.5244289],[19.0257949,47.5242768],[19.0259599,47.5241808],[19.0262563,47.5240549]]]}},
{"type":"Feature","properties":{"id":"way/450421697","landuse":"forest"},"geometry":{"type":"Polygon","coordinates":[[[19.0269241,47.5242568],[19.0268061,47.5242587],[19.0266532,47.5242152],[19.0266243,47.5241364],[19.0266304,47.5240685],[19.0266331,47.523996],[19.0266707,47.5239335],[19.02692,47.5238191],[19.0270932,47.5240683],[19.0271622,47.5241797],[19.0271994,47.5242671],[19.0271105,47.5243302],[19.0270757,47.5242369],[19.0270193,47.5242252],[19.0269241,47.5242568]]]}},
{"type":"Feature","properties":{"id":"way/450751790","leisure":"pitch","surface":"grass"},"geometry":{"type":"Polygon","coordinates":[[[19.0364613,47.4902697],[19.0370669,47.4903445],[19.036961,47.4907362],[19.036855,47.4911279],[19.0362494,47.4910531],[19.0363554,47.4906614],[19.0364613,47.4902697]]]}},
{"type":"Feature","properties":{"id":"way/453691246","leisure":"pitch","surface":"sand"},"geometry":{"type":"Polygon","coordinates":[[[19.0580877,47.5346417],[19.0579032,47.5342248],[19.0582419,47.5341565],[19.0584264,47.5345734],[19.0580877,47.5346417]]]}},
{"type":"Feature","properties":{"id":"way/459004228","leisure":"park"},"geometry":{"type":"Polygon","coordinates":[[[19.0332334,47.4993224],[19.0331541,47.4993903],[19.0331329,47.499396],[19.0331148,47.499395],[19.0330924,47.4993861],[19.0330836,47.499377],[19.0330805,47.4993648],[19.0330924,47.4993453],[19.0331263,47.4993245],[19.0332006,47.4992794],[19.0335584,47.4990841],[19.033845,47.4989119],[19.0340479,47.4987894],[19.0342248,47.4986668],[19.0343469,47.4985485],[19.0344424,47.4984528],[19.0346,47.4982448],[19.0347185,47.49813],[19.034869,47.4980105],[19.0354472,47.4975867],[19.0355261,47.4975461],[19.0356016,47.4975487],[19.0356717,47.4975456],[19.035751,47.4975362],[19.0358011,47.4975154],[19.0361104,47.4976035],[19.0359019,47.4979487],[19.03582,47.498026],[19.0356921,47.4982075],[19.0356613,47.4981994],[19.0355956,47.498189],[19.0355138,47.4981786],[19.0354212,47.4981917],[19.0353618,47.4982149],[19.0353067,47.4982541],[19.035275,47.4982926],[19.0352515,47.4983334],[19.0352491,47.4983756],[19.0352779,47.4984105],[19.0353473,47.498454],[19.0353684,47.4984625],[19.0352486,47.4985302],[19.0341936,47.4989229],[19.0339614,47.4989999],[19.033518,47.4991673],[19.0333017,47.4992732],[19.0332334,47.4993224]]]}},
{"type":"Feature","properties":{"id":"way/459196859","leisure":"pitch"},"geometry":{"type":"Polygon","coordinates":[[[19.0476566,47.4762381],[19.0475965,47.4760652],[19.0481239,47.4759813],[19.0481841,47.4761542],[19.0476566,47.4762381]]]}},
{"type":"Feature","properties":{"id":"way/460320708","leisure":"playground"},"geometry":{"type":"Polygon","coordinates":[[[19.0417116,47.5318614],[19.0416389,47.5317124],[19.0417044,47.5316975],[19.0417644,47.5316838],[19.0418371,47.5318328],[19.0417706,47.531848],[19.0417116,47.5318614]]]}},
{"type":"Feature","properties":{"id":"way/461137234","leisure":"park","name":"Semiramis tetőkert"},"geometry":{"type":"Polygon","coordinates":[[[19.05987,47.5141361],[19.0594483,47.5138066],[19.0594805,47.5137866],[19.0594457,47.5137178],[19.0593598,47.5136671],[19.0592724,47.5136456],[19.0589671,47.5133461],[19.0590734,47.5133109],[19.0589403,47.5130922],[19.0587038,47.5129166],[19.0585017,47.512729],[19.0582288,47.512522],[19.0577909,47.512234],[19.0574593,47.5123494],[19.0573344,47.5121877],[19.0576573,47.5121097],[19.0578953,47.5122341],[19.0588904,47.5128156],[19.0588341,47.5128645],[19.0588636,47.5128826],[19.0587992,47.5129225],[19.0591654,47.513148],[19.059319,47.5130223],[19.05949,47.5131198],[19.0598303,47.513315],[19.0598618,47.5133332],[19.0597192,47.513446],[19.0598057,47.5135626],[19.0600229,47.5138362],[19.0600197,47.5140775],[19.0599094,47.5141248],[19.05987,47.5141361]]]}},
{"type":"Feature","properties":{"id":"way/462318827","leisure":"pitch","surface":"asphalt"},"geometry":{"type":"Polygon","coordinates":[[[19.0410972,47.4823573],[19.0409514,47.4822158],[19.0412497,47.4820754],[19.0413955,47.4822169],[19.0410972,47.4823573]]]}},
{"type":"Feature","properties":{"id":"way/463410402","leisure":"park"},"geometry":{"type":"Polygon","coordinates":[[[19.0479823,47.5067046],[19.0480949,47.5067064],[19.0480721,47.5070226],[19.0480118,47.5070181],[19.0479755,47.5067554],[19.0479823,47.5067046]]]}},
{"type":"Feature","properties":{"id":"way/463410403","leisure":"park"},"geometry":{"type":"Polygon","coordinates":[[[19.0480064,47.5062055],[19.0479823,47.5061819],[19.048052,47.5059264],[19.048107,47.5059201],[19.0481043,47.5062064],[19.0480064,47.5062055]]]}},
{"type":"Feature","properties":{"id":"way/463410408","natural":"scrub"},"geometry":{"type":"Polygon","coordinates":[[[19.0645537,47.4902034],[19.064544,47.4902052],[19.0645397,47.4901905],[19.064545,47.4901837],[19.0645544,47.4901477],[19.0645705,47.4901493],[19.0645537,47.4902034]]]}},
{"type":"Feature","properties":{"id":"way/463410409","natural":"scrub"},"geometry":{"type":"Polygon","coordinates":[[[19.0644215,47.4900416],[19.0644322,47.4900421],[19.0644386,47.4900659],[19.0644238,47.4900833],[19.0644084,47.4900783],[19.0644215,47.4900416]]]}},
{"type":"Feature","properties":{"id":"way/463410410","natural":"scrub"},"geometry":{"type":"Polygon","coordinates":[[[19.0643818,47.4901792],[19.0643921,47.4901472],[19.0644096,47.4901499],[19.064418,47.4901268],[19.0644639,47.4901336],[19.0644585,47.4901477],[19.0644404,47.4901531],[19.064431,47.4901626],[19.064431,47.490174],[19.0644384,47.4901789],[19.0644317,47.4901862],[19.0643818,47.4901792]]]}},
{"type":"Feature","properties":{"id":"way/463410411","natural":"scrub"},"geometry":{"type":"Polygon","coordinates":[[[19.0644505,47.4900439],[19.0645866,47.4900652],[19.0645779,47.4901191],[19.0645618,47.49012],[19.0645638,47.490082],[19.0645377,47.4900652],[19.0644961,47.4900661],[19.0644565,47.4900629],[19.0644505,47.4900439]]]}},
{"type":"Feature","properties":{"id":"way/463920369","natural":"bare_rock"},"geometry":{"type":"Polygon","coordinates":[[[19.0505853,47.4863826],[19.0508209,47.4863714],[19.0509246,47.4862916],[19.0508915,47.4860712],[19.0510556,47.4858961],[19.0511506,47.4858539],[19.051222,47.4857424],[19.0513999,47.4856448],[19.0514825,47.4855299],[19.0515121,47.4854407],[19.0516106,47.4853878],[19.05162,47.4854168],[19.0515798,47.4854889],[19.0516213,47.4854991],[19.0516518,47.4855636],[19.0516232,47.4856404],[19.0515201,47.4857802],[19.0513887,47.4858931],[19.0513169,47.4859134],[19.051333,47.4859705],[19.0513042,47.4860018],[19.0512351,47.4860467],[19.051213,47.4860829],[19.0510306,47.4862592],[19.0510299,47.4863435],[19.0508617,47.4865066],[19.0507791,47.486503],[19.0507321,47.4864539],[19.0505853,47.4863826]]]}},
{"type":"Feature","properties":{"id":"way/463920376","leisure":"playground","surface":"pebblestone"},"geometry":{"type":"Polygon","coordinates":[[[19.0502723,47.484385],[19.0502713,47.4842678],[19.0502867,47.4842503],[19.0504468,47.4842099],[19.0506697,47.4842671],[19.0506563,47.4844401],[19.0506161,47.4844799],[19.0505355,47.4844684],[19.0505035,47.4844638],[19.0504839,47.4844401],[19.0502723,47.484385]]]}},
{"type":"Feature","properties":{"id":"way/464999562","leisure":"park","name":"Klarissza-udvar"},"geometry":{"type":"Polygon","coordinates":[[[19.0300767,47.503165],[19.0301467,47.5031049],[19.0298461,47.5029217],[19.0300032,47.5027943],[19.0301406,47.5027156],[19.0301565,47.5027278],[19.0302768,47.50266],[19.0303366,47.502706],[19.030293,47.5027336],[19.0303051,47.5027442],[19.0302494,47.5027805],[19.0304806,47.5029466],[19.0301446,47.5032073],[19.0300767,47.503165]]]}},
{"type":"Feature","properties":{"id":"way/464999564","leisure":"park","name":"Ferences-udvar"},"geometry":{"type":"Polygon","coordinates":[[[19.0294904,47.5034039],[19.0294151,47.5033827],[19.0293182,47.5033273],[19.0295532,47.5031167],[19.029769,47.5032412],[19.0298097,47.5032877],[19.0298236,47.503341],[19.0298091,47.5033941],[19.0297679,47.5034405],[19.0297052,47.5034741],[19.029667,47.5034697],[19.0296371,47.5034499],[19.0296491,47.503428],[19.0296467,47.5034047],[19.0296302,47.5033842],[19.0296027,47.5033701],[19.029569,47.503365],[19.0295352,47.5033698],[19.0295073,47.5033836],[19.0294904,47.5034039]]]}},
{"type":"Feature","properties":{"id":"way/464999566","leisure":"park"},"geometry":{"type":"Polygon","coordinates":[[[19.0291814,47.5037199],[19.0293475,47.5035783],[19.0295083,47.5036669],[19.0294088,47.5037461],[19.029422,47.5037537],[19.0294348,47.5037755],[19.0293613,47.5038321],[19.0291814,47.5037199]]]}},
{"type":"Feature","properties":{"id":"way/464999568","leisure":"park"},"geometry":{"type":"Polygon","coordinates":[[[19.0298067,47.5040169],[19.0297395,47.5039675],[19.0298102,47.5039036],[19.0299706,47.5038273],[19.0300143,47.503862],[19.0298304,47.5039675],[19.0298542,47.5039889],[19.0298067,47.5040169]]]}},
{"type":"Feature","properties":{"id":"way/465776003","leisure":"pitch"},"geometry":{"type":"Polygon","coordinates":[[[19.0502997,47.4802053],[19.0502166,47.4800037],[19.0503253,47.4799824],[19.0503562,47.479977],[19.050384,47.4799721],[19.0504671,47.4801738],[19.0502997,47.4802053]]]}},
{"type":"Feature","properties":{"id":"way/469356785","leisure":"park","name":"Holdudvar park"},"geometry":{"type":"Polygon","coordinates":[[[19.0302798,47.5464275],[19.0302585,47.5464241],[19.0302323,47.5464209],[19.0302773,47.5462483],[19.0302841,47.5462222],[19.0301344,47.5462017],[19.030189,47.5459483],[19.0300693,47.5459296],[19.0300913,47.5458453],[19.0302382,47.5452817],[19.0304296,47.545301],[19.0304764,47.54513],[19.0304994,47.5450347],[19.03052,47.5450368],[19.0305616,47.5450393],[19.0309289,47.5450802],[19.0312604,47.5451161],[19.0313021,47.5449406],[19.031246,47.5449346],[19.0312499,47.5449185],[19.0312549,47.5448972],[19.0313413,47.5449065],[19.031347,47.5448807],[19.0314884,47.5448982],[19.0315716,47.5449075],[19.0319746,47.544953],[19.0320177,47.5448122],[19.0321679,47.5448076],[19.0322793,47.5443306],[19.0334299,47.5444673],[19.0329686,47.5448357],[19.0329082,47.5449117],[19.0328331,47.5450349],[19.033332,47.5453236],[19.033265,47.5453657],[19.0331127,47.5453789],[19.0329055,47.5453852],[19.0326534,47.5453549],[19.032758,47.5449208],[19.0323409,47.5448801],[19.0323316,47.5449181],[19.032123,47.5448977],[19.0320546,47.5451566],[19.0322591,47.5451802],[19.0322551,47.5452032],[19.0324523,47.5452236],[19.0324321,47.5453164],[19.031942,47.5452644],[19.0318797,47.545281],[19.0317302,47.5458212],[19.0314944,47.5457999],[19.0314296,47.5460515],[19.0312736,47.5460339],[19.0312692,47.5460505],[19.0312041,47.5462958],[19.0310756,47.5462799],[19.0310464,47.5462763],[19.0309707,47.5465402],[19.0308104,47.5465225],[19.0308069,47.5465361],[19.0307468,47.5467705],[19.0306667,47.5467629],[19.0305882,47.5467554],[19.0305214,47.5470135],[19.0304817,47.5470092],[19.0304449,47.5470044],[19.0303135,47.5469878],[19.0303931,47.5466921],[19.030398,47.5466739],[19.0305532,47.5466929],[19.0306089,47.546486],[19.0306136,47.5464685],[19.0302798,47.5464275]]]}},
{"type":"Feature","properties":{"id":"way/469356942","landuse":"recreation_ground","leisure":"fitness_station"},"geometry":{"type":"Polygon","coordinates":[[[19.0314961,47.5451988],[19.0315547,47.5449755],[19.0318623,47.5450123],[19.0318036,47.5452356],[19.0314961,47.5451988]]]}},
{"type":"Feature","properties":{"id":"way/469358789","leisure":"park"},"geometry":{"type":"Polygon","coordinates":[[[19.0301849,47.544721],[19.0302468,47.544433],[19.0306132,47.544466],[19.0305383,47.544754],[19.0301849,47.544721]]]}},
{"type":"Feature","properties":{"id":"way/470692909","leisure":"pitch"},"geometry":{"type":"Polygon","coordinates":[[[19.0417865,47.4872643],[19.0415928,47.4872086],[19.0417772,47.4869158],[19.0419709,47.4869715],[19.0417865,47.4872643]]]}},
{"type":"Feature","properties":{"id":"way/470798270","landuse":"grass"},"geometry":{"type":"Polygon","coordinates":[[[19.0584544,47.476916],[19.058342,47.4769171],[19.0582587,47.4769973],[19.0582582,47.4770346],[19.0582381,47.47704],[19.0581389,47.4769923],[19.0581352,47.4769622],[19.058264,47.4768368],[19.0583008,47.4768283],[19.058308,47.4768282],[19.0584533,47.4768892],[19.0584544,47.476916]]]}},
{"type":"Feature","properties":{"id":"way/471505486","leisure":"park","name":"Horváth-kert"},"geometry":{"type":"Polygon","coordinates":[[[19.0354553,47.4954053],[19.035509,47.4954082],[19.0355682,47.4954163],[19.0356319,47.4954315],[19.035678,47.4954486],[19.0357066,47.4954715],[19.0357312,47.4954986],[19.0357488,47.4955327],[19.0357588,47.4955713],[19.035748,47.495614],[19.0356993,47.4956723],[19.035624,47.4957433],[19.0354795,47.4958503],[19.0345658,47.4965003],[19.0344539,47.4965624],[19.0339351,47.4969307],[19.0338341,47.4969824],[19.0327688,47.4967723],[19.0342507,47.4959531],[19.034539,47.4957961],[19.0346758,47.4957214],[19.0351115,47.4955145],[19.0352726,47.4954514],[19.0353587,47.4954258],[19.0354553,47.4954053]]]}},
{"type":"Feature","properties":{"id":"way/475732508","leisure":"playground","surface":"pebblestone"},"geometry":{"type":"Polygon","coordinates":[[[19.0423791,47.4856381],[19.0424369,47.485318],[19.0424468,47.4852745],[19.0425749,47.4852442],[19.0426347,47.4852903],[19.0426481,47.4853243],[19.0426608,47.4853601],[19.0426736,47.4853986],[19.0426937,47.4854485],[19.0427205,47.4854752],[19.0427701,47.4855233],[19.0428278,47.4855514],[19.0428949,47.4855726],[19.0428932,47.4855893],[19.0428902,47.4856143],[19.0428714,47.4856143],[19.0428265,47.4856148],[19.0427856,47.4856139],[19.0427433,47.4856134],[19.0427078,47.485613],[19.0426986,47.4856183],[19.0426866,47.4856219],[19.0426757,47.4856229],[19.0426656,47.4856222],[19.0426565,47.48562],[19.0426479,47.4856164],[19.0426421,47.4856126],[19.0426367,47.4856071],[19.0426045,47.485608],[19.0425985,47.4856275],[19.0425711,47.4856313],[19.0425421,47.4856352],[19.0425187,47.4856202],[19.0424845,47.4856229],[19.0424503,47.4856302],[19.0424436,47.4856393],[19.0424183,47.4856391],[19.0423791,47.4856381]]]}},
{"type":"Feature","properties":{"id":"way/475920221","leisure":"playground"},"geometry":{"type":"Polygon","coordinates":[[[19.0254522,47.5281612],[19.0254307,47.5281323],[19.0254301,47.528101],[19.0252433,47.5280139],[19.0252722,47.5279829],[19.025506,47.52805],[19.0255434,47.5280834],[19.0255172,47.5281286],[19.025528,47.5281789],[19.0254904,47.5281934],[19.0254522,47.5281612]]]}},
{"type":"Feature","properties":{"id":"way/477522104","leisure":"pitch"},"geometry":{"type":"Polygon","coordinates":[[[19.056516,47.4765313],[19.0567061,47.4763535],[19.0567633,47.4763814],[19.0568184,47.4764083],[19.0568431,47.4764204],[19.05677,47.4764888],[19.056653,47.4765983],[19.0565307,47.4765385],[19.056516,47.4765313]]]}},
{"type":"Feature","properties":{"id":"way/477522107","landuse":"grass"},"geometry":{"type":"Polygon","coordinates":[[[19.0568976,47.4776891],[19.0568501,47.4776659],[19.0569372,47.4775947],[19.05717,47.477392],[19.0572227,47.4773469],[19.0572776,47.4773761],[19.0573918,47.4774337],[19.0571047,47.4776879],[19.0571614,47.4777174],[19.0571569,47.4777217],[19.0570661,47.4778035],[19.0568789,47.4777067],[19.0568976,47.4776891]]]}},
{"type":"Feature","properties":{"id":"way/477739764","leisure":"pitch"},"geometry":{"type":"Polygon","coordinates":[[[19.0547404,47.4768109],[19.0545326,47.4766957],[19.054638,47.4766089],[19.0548458,47.4767242],[19.0547404,47.4768109]]]}},
{"type":"Feature","properties":{"id":"way/477739765","leisure":"pitch"},"geometry":{"type":"Polygon","coordinates":[[[19.0548564,47.4769493],[19.0548677,47.4768128],[19.0553204,47.4768298],[19.0553091,47.4769664],[19.0548564,47.4769493]]]}},
{"type":"Feature","properties":{"id":"way/477888097","landuse":"grass"},"geometry":{"type":"Polygon","coordinates":[[[19.0487224,47.4761096],[19.0487,47.4760397],[19.0487321,47.4760286],[19.0488017,47.4760257],[19.0487938,47.4760969],[19.0487224,47.4761096]]]}},
{"type":"Feature","properties":{"id":"way/477888098","landuse":"grass"},"geometry":{"type":"Polygon","coordinates":[[[19.0488713,47.4760847],[19.0489028,47.4760204],[19.0490814,47.4760122],[19.0490947,47.4760487],[19.0488713,47.4760847]]]}},
{"type":"Feature","properties":{"id":"way/477888099","landuse":"grass"},"geometry":{"type":"Polygon","coordinates":[[[19.0491286,47.4761428],[19.0488798,47.4761837],[19.0488719,47.4761673],[19.0488229,47.4761747],[19.0488374,47.4761448],[19.0490226,47.476099],[19.0491159,47.4761067],[19.0491286,47.4761428]]]}},
{"type":"Feature","properties":{"id":"way/477892681","landuse":"grass"},"geometry":{"type":"Polygon","coordinates":[[[19.057463,47.4765002],[19.0575121,47.4764536],[19.0575583,47.4764757],[19.0575737,47.4764647],[19.0576076,47.4764815],[19.0576088,47.4764915],[19.0576007,47.4765013],[19.057553,47.4765447],[19.057463,47.4765002]]]}},
{"type":"Feature","properties":{"id":"way/478232006","landuse":"grass"},"geometry":{"type":"Polygon","coordinates":[[[19.056333,47.4772245],[19.0562138,47.4773265],[19.0562049,47.4773262],[19.0560612,47.4773209],[19.0560825,47.4768547],[19.0562016,47.4768208],[19.0565898,47.4770092],[19.0563709,47.4771967],[19.056321,47.4771701],[19.0562864,47.4771997],[19.056333,47.4772245]]]}},
{"type":"Feature","properties":{"id":"way/478232299","landuse":"grass"},"geometry":{"type":"Polygon","coordinates":[[[19.0560793,47.4768279],[19.0560837,47.4767608],[19.0561647,47.4768043],[19.0560793,47.4768279]]]}},
{"type":"Feature","properties":{"id":"way/478411546","landuse":"grass"},"geometry":{"type":"Polygon","coordinates":[[[19.0541541,47.4832388],[19.0541975,47.4831526],[19.0542136,47.4831562],[19.054221,47.4831433],[19.0543612,47.4831806],[19.0542707,47.4832606],[19.054258,47.483262],[19.0541541,47.4832388]]]}},
{"type":"Feature","properties":{"id":"way/478411549","landuse":"grass"},"geometry":{"type":"Polygon","coordinates":[[[19.0539424,47.4830772],[19.0540844,47.4831117],[19.0540797,47.4831259],[19.0540936,47.4831294],[19.0540515,47.4832156],[19.053952,47.4831912],[19.053942,47.483183],[19.0539424,47.4830772]]]}},
{"type":"Feature","properties":{"id":"way/478411942","landuse":"grass"},"geometry":{"type":"Polygon","coordinates":[[[19.0535953,47.4832666],[19.0535929,47.4832392],[19.0537172,47.4832325],[19.0537176,47.483236],[19.0537231,47.4832362],[19.0537271,47.4832377],[19.0537311,47.483241],[19.0537328,47.4832456],[19.0537316,47.4832498],[19.0537293,47.4832526],[19.0537258,47.4832544],[19.0537209,47.4832552],[19.0537216,47.4832598],[19.0535953,47.4832666]]]}},
{"type":"Feature","properties":{"id":"way/478411943","landuse":"grass"},"geometry":{"type":"Polygon","coordinates":[[[19.0534511,47.4832752],[19.0533368,47.4832809],[19.0533364,47.4832767],[19.0533306,47.4832766],[19.0533247,47.4832745],[19.0533224,47.4832713],[19.0533212,47.4832675],[19.0533222,47.4832638],[19.0533264,47.4832606],[19.0533297,47.4832588],[19.0533349,47.4832579],[19.0533343,47.4832532],[19.0534478,47.4832481],[19.0534511,47.4832752]]]}},
{"type":"Feature","properties":{"id":"way/479486004","leisure":"park"},"geometry":{"type":"Polygon","coordinates":[[[19.0773966,47.4874456],[19.0773966,47.4875652],[19.0771525,47.487567],[19.0771552,47.4875036],[19.0766241,47.4875054],[19.0766241,47.4874764],[19.0763935,47.4874764],[19.0763908,47.4874492],[19.0773966,47.4874456]]]}},
{"type":"Feature","properties":{"id":"way/481083093","leisure":"pitch"},"geometry":{"type":"Polygon","coordinates":[[[19.0296157,47.5194559],[19.0294595,47.5195054],[19.029329,47.5193176],[19.0294852,47.5192681],[19.0296157,47.5194559]]]}},
{"type":"Feature","properties":{"id":"way/481083094","leisure":"pitch"},"geometry":{"type":"Polygon","coordinates":[[[19.0298422,47.5191462],[19.0295746,47.5192489],[19.0294977,47.5191574],[19.0297653,47.5190548],[19.0298422,47.5191462]]]}},
{"type":"Feature","properties":{"id":"way/481328820","landuse":"grass"},"geometry":{"type":"Polygon","coordinates":[[[19.0233268,47.4815827],[19.0233208,47.4814893],[19.023361,47.4814902],[19.0233798,47.4814979],[19.0233952,47.4815809],[19.0233268,47.4815827]]]}},
{"type":"Feature","properties":{"id":"way/481328821","landuse":"grass"},"geometry":{"type":"Polygon","coordinates":[[[19.0233397,47.4816622],[19.0233388,47.4816438],[19.0233931,47.4816425],[19.023394,47.4816609],[19.0233397,47.4816622]]]}},
{"type":"Feature","properties":{"id":"way/481328822","landuse":"grass"},"geometry":{"type":"Polygon","coordinates":[[[19.0233421,47.481789],[19.0233377,47.4816852],[19.0233954,47.4816841],[19.0233998,47.4817878],[19.0233421,47.481789]]]}},
{"type":"Feature","properties":{"id":"way/481328823","landuse":"grass"},"geometry":{"type":"Polygon","coordinates":[[[19.0233445,47.4818748],[19.0233406,47.4818011],[19.0234006,47.4817997],[19.0234045,47.4818734],[19.0233445,47.4818748]]]}},
{"type":"Feature","properties":{"id":"way/481329767","landuse":"grass"},"geometry":{"type":"Polygon","coordinates":[[[19.0233108,47.4814643],[19.0233027,47.4813614],[19.0233302,47.4813626],[19.0233631,47.4814548],[19.0233108,47.4814643]]]}},
{"type":"Feature","properties":{"id":"way/481329768","landuse":"grass"},"geometry":{"type":"Polygon","coordinates":[[[19.0232328,47.4822022],[19.0232968,47.4820134],[19.0233629,47.4820237],[19.0232989,47.4822124],[19.0232328,47.4822022]]]}},
{"type":"Feature","properties":{"id":"way/481329769","landuse":"grass"},"geometry":{"type":"Polygon","coordinates":[[[19.0233356,47.4819082],[19.0233581,47.4819032],[19.0233862,47.4819068],[19.023398,47.4819134],[19.0233721,47.4819993],[19.0233091,47.4819909],[19.0233356,47.4819082]]]}},
{"type":"Feature","properties":{"id":"way/484938975","landuse":"grass"},"geometry":{"type":"Polygon","coordinates":[[[19.0572741,47.4790362],[19.0572344,47.479016],[19.0572699,47.478988],[19.0573351,47.4789331],[19.0573726,47.4789529],[19.0572741,47.4790362]]]}},
{"type":"Feature","properties":{"id":"way/484938976","landuse":"grass"},"geometry":{"type":"Polygon","coordinates":[[[19.0584271,47.4796518],[19.0583761,47.4796271],[19.0582178,47.4795451],[19.0582158,47.4795426],[19.0582158,47.4795407],[19.0582179,47.4795386],[19.0582224,47.4795373],[19.0582256,47.4795371],[19.0582294,47.4795371],[19.0582354,47.479538],[19.0582582,47.4795465],[19.058288,47.4795592],[19.0583592,47.4795954],[19.0584447,47.4796368],[19.0584271,47.4796518]]]}},
{"type":"Feature","properties":{"id":"way/48537998","leisure":"pitch","surface":"grass"},"geometry":{"type":"Polygon","coordinates":[[[19.0432321,47.5171425],[19.0439305,47.5172326],[19.0436896,47.5180851],[19.0429912,47.517995],[19.0432321,47.5171425]]]}},
{"type":"Feature","properties":{"id":"way/487844674","landuse":"grass"},"geometry":{"type":"Polygon","coordinates":[[[19.0520691,47.4769494],[19.0520213,47.4768453],[19.0521081,47.4768271],[19.0521559,47.4769312],[19.0520691,47.4769494]]]}},
{"type":"Feature","properties":{"id":"way/487844675","landuse":"grass"},"geometry":{"type":"Polygon","coordinates":[[[19.0521341,47.4770624],[19.052091,47.4769715],[19.0521694,47.4769545],[19.0522125,47.4770454],[19.0521341,47.4770624]]]}},
{"type":"Feature","properties":{"id":"way/487844676","landuse":"grass"},"geometry":{"type":"Polygon","coordinates":[[[19.0522118,47.4772436],[19.0521436,47.4771019],[19.0522258,47.4770838],[19.0522939,47.4772255],[19.0522118,47.4772436]]]}},
{"type":"Feature","properties":{"id":"way/487844677","landuse":"grass"},"geometry":{"type":"Polygon","coordinates":[[[19.0522592,47.4773246],[19.0522386,47.4772787],[19.0523132,47.4772634],[19.0523338,47.4773093],[19.0522592,47.4773246]]]}},
{"type":"Feature","properties":{"id":"way/495527723","landuse":"grass"},"geometry":{"type":"Polygon","coordinates":[[[19.0480678,47.4778079],[19.0478071,47.4777034],[19.0480559,47.4776322],[19.0480705,47.4776293],[19.0480801,47.4776327],[19.0480874,47.4776397],[19.0480928,47.4776473],[19.0480951,47.4776694],[19.0480947,47.4776982],[19.0480886,47.477732],[19.0480809,47.4777674],[19.0480678,47.4778079]]]}},
{"type":"Feature","properties":{"id":"way/495527724","landuse":"grass"},"geometry":{"type":"Polygon","coordinates":[[[19.0478128,47.4776125],[19.0477854,47.4776032],[19.047667,47.4775626],[19.0476393,47.4775531],[19.0476232,47.4775766],[19.0474702,47.477523],[19.0474563,47.4774731],[19.0474907,47.4774664],[19.0475054,47.4775106],[19.047567,47.4775013],[19.0476489,47.4774892],[19.0477147,47.4774914],[19.0478157,47.4775133],[19.0478939,47.4775352],[19.0479517,47.4775951],[19.0478436,47.4776233],[19.0478128,47.4776125]]]}},
{"type":"Feature","properties":{"id":"way/496284779","landuse":"grass"},"geometry":{"type":"Polygon","coordinates":[[[19.0736711,47.514934],[19.0737031,47.514908],[19.0740585,47.5151068],[19.0740265,47.5151329],[19.0736711,47.514934]]]}},
{"type":"Feature","properties":{"id":"way/496363356","natural":"wood"},"geometry":{"type":"Polygon","coordinates":[[[19.0711526,47.514187],[19.0705379,47.5138686],[19.0707663,47.5138584],[19.0707394,47.5137552],[19.0708414,47.5137298],[19.0709138,47.5138131],[19.0713637,47.5140255],[19.0711526,47.514187]]]}},
{"type":"Feature","properties":{"id":"way/496363358","natural":"wood"},"geometry":{"type":"Polygon","coordinates":[[[19.0707985,47.513603],[19.0709755,47.5134744],[19.0707475,47.5133765],[19.0705705,47.5134055],[19.070541,47.5132823],[19.0704551,47.5131899],[19.070667,47.5131827],[19.0708226,47.5131646],[19.0708682,47.5132461],[19.0709057,47.5132841],[19.0710667,47.5133892],[19.0712222,47.513382],[19.0713644,47.5134635],[19.0712222,47.5136184],[19.0713081,47.5137117],[19.0712169,47.513757],[19.0710801,47.5136428],[19.0709138,47.513737],[19.0707985,47.513603]]]}},
{"type":"Feature","properties":{"id":"way/496363361","natural":"wood"},"geometry":{"type":"Polygon","coordinates":[[[19.0697041,47.5133874],[19.0702137,47.5129707],[19.0703344,47.5130613],[19.0703398,47.5131718],[19.0700099,47.5132497],[19.070026,47.5133965],[19.0703505,47.5135541],[19.0705571,47.513487],[19.070718,47.5135867],[19.0706402,47.5137062],[19.0706643,47.5138204],[19.0706,47.513862],[19.0701292,47.5136347],[19.0698168,47.5134753],[19.0697041,47.5133874]]]}},
{"type":"Feature","properties":{"id":"way/496677116","leisure":"park","name":"Millenium Tetőkert"},"geometry":{"type":"Polygon","coordinates":[[[19.0595435,47.5129588],[19.059505,47.5129364],[19.0594399,47.5128986],[19.0594062,47.5128787],[19.0593794,47.5128629],[19.0581679,47.5121554],[19.0580231,47.5122793],[19.0576731,47.5120769],[19.0576233,47.5120223],[19.0577111,47.5119529],[19.057737,47.5119319],[19.057645,47.5118826],[19.0576641,47.5118676],[19.058072,47.5115476],[19.0599453,47.5126165],[19.059931,47.5126287],[19.0598888,47.5126646],[19.0598624,47.5126871],[19.0598221,47.5127215],[19.0597379,47.5127932],[19.0596988,47.5128265],[19.0596164,47.5128967],[19.0595435,47.5129588]]]}},
{"type":"Feature","properties":{"id":"way/496991435","landuse":"grass"},"geometry":{"type":"Polygon","coordinates":[[[19.0758867,47.4894155],[19.0758761,47.489408],[19.0758629,47.4893987],[19.0758631,47.4893532],[19.0758636,47.4892463],[19.075887,47.4892508],[19.0758867,47.4894155]]]}},
{"type":"Feature","properties":{"id":"way/499118722","leisure":"pitch","surface":"tartan"},"geometry":{"type":"Polygon","coordinates":[[[19.052091,47.4978481],[19.0521099,47.4977311],[19.0521157,47.4976952],[19.0524671,47.4977263],[19.0524436,47.4978683],[19.052091,47.4978481]]]}},
{"type":"Feature","properties":{"id":"way/499118723","leisure":"playground"},"geometry":{"type":"Polygon","coordinates":[[[19.0527955,47.4979916],[19.0524949,47.497969],[19.0524927,47.4978963],[19.0524589,47.497895],[19.0524392,47.4978948],[19.0524436,47.4978683],[19.0524519,47.4978182],[19.0524671,47.4977263],[19.0525282,47.4977326],[19.0525312,47.4977055],[19.0528345,47.4977421],[19.0527974,47.4979795],[19.0527955,47.4979916]]]}},
{"type":"Feature","properties":{"id":"way/503389078","landuse":"grass"},"geometry":{"type":"Polygon","coordinates":[[[19.0469674,47.508212],[19.0468577,47.5075313],[19.047424,47.5074851],[19.0473992,47.5081874],[19.0469674,47.508212]]]}},
{"type":"Feature","properties":{"id":"way/504131746","leisure":"playground"},"geometry":{"type":"Polygon","coordinates":[[[19.0281944,47.5171655],[19.0276451,47.5173335],[19.0275197,47.5170431],[19.028016,47.5168883],[19.0281944,47.5171655]]]}},
{"type":"Feature","properties":{"id":"way/504341813","leisure":"pitch","surface":"clay"},"geometry":{"type":"Polygon","coordinates":[[[19.04462,47.5336273],[19.0443949,47.5333666],[19.0445967,47.5332883],[19.0448211,47.5335481],[19.04462,47.5336273]]]}},
{"type":"Feature","properties":{"id":"way/504380968","leisure":"pitch","surface":"clay"},"geometry":{"type":"Polygon","coordinates":[[[19.0319969,47.5332434],[19.0316252,47.5331106],[19.0316833,47.5330346],[19.0317463,47.5329574],[19.0321175,47.5330924],[19.0319969,47.5332434]]]}},
{"type":"Feature","properties":{"id":"way/504380969","leisure":"pitch","surface":"clay"},"geometry":{"type":"Polygon","coordinates":[[[19.031746,47.5328749],[19.0313285,47.5327281],[19.0314375,47.5325868],[19.0318551,47.5327335],[19.0317925,47.5328147],[19.031746,47.5328749]]]}},
{"type":"Feature","properties":{"id":"way/504380971","leisure":"pitch","surface":"clay"},"geometry":{"type":"Polygon","coordinates":[[[19.0316271,47.5330207],[19.0312174,47.5328778],[19.0313285,47.5327281],[19.031746,47.5328749],[19.0316901,47.5329435],[19.0316271,47.5330207]]]}},
{"type":"Feature","properties":{"id":"way/504380972","leisure":"pitch","surface":"clay"},"geometry":{"type":"Polygon","coordinates":[[[19.0314965,47.5331874],[19.0310911,47.5330452],[19.0312174,47.5328778],[19.0316271,47.5330207],[19.031569,47.5330967],[19.0314965,47.5331874]]]}},
{"type":"Feature","properties":{"id":"way/504380973","leisure":"pitch","surface":"clay"},"geometry":{"type":"Polygon","coordinates":[[[19.0314018,47.5333106],[19.0309964,47.5331683],[19.0310911,47.5330452],[19.0314965,47.5331874],[19.0314018,47.5333106]]]}},
{"type":"Feature","properties":{"id":"way/504380974","leisure":"pitch","surface":"clay"},"geometry":{"type":"Polygon","coordinates":[[[19.0321175,47.5330924],[19.0317463,47.5329574],[19.0318022,47.5328888],[19.0318487,47.5328286],[19.0322202,47.5329637],[19.0321175,47.5330924]]]}},
{"type":"Feature","properties":{"id":"way/504380975","leisure":"pitch","surface":"clay"},"geometry":{"type":"Polygon","coordinates":[[[19.0310305,47.5338863],[19.0308233,47.5341593],[19.0306363,47.5340942],[19.0308411,47.533821],[19.0310305,47.5338863]]]}},
{"type":"Feature","properties":{"id":"way/504380976","leisure":"pitch","surface":"clay"},"geometry":{"type":"Polygon","coordinates":[[[19.0312382,47.5339579],[19.0310287,47.5342318],[19.0308233,47.5341593],[19.0310305,47.5338863],[19.0312382,47.5339579]]]}},
{"type":"Feature","properties":{"id":"way/504380977","leisure":"pitch","surface":"clay"},"geometry":{"type":"Polygon","coordinates":[[[19.0314426,47.5340291],[19.0312331,47.534303],[19.0310287,47.5342318],[19.0312382,47.5339579],[19.0314426,47.5340291]]]}},
{"type":"Feature","properties":{"id":"way/504380978","leisure":"pitch","surface":"clay"},"geometry":{"type":"Polygon","coordinates":[[[19.0306514,47.5337553],[19.0304472,47.5340305],[19.0302402,47.5339616],[19.0304457,47.5336845],[19.0306514,47.5337553]]]}},
{"type":"Feature","properties":{"id":"way/504380980","leisure":"pitch","surface":"clay"},"geometry":{"type":"Polygon","coordinates":[[[19.0308411,47.533821],[19.0306363,47.5340942],[19.0304472,47.5340305],[19.0306514,47.5337553],[19.0308411,47.533821]]]}},
{"type":"Feature","properties":{"id":"way/504380982","leisure":"pitch","surface":"clay"},"geometry":{"type":"Polygon","coordinates":[[[19.0309971,47.533468],[19.0307783,47.5337631],[19.0305782,47.5336954],[19.030797,47.5334003],[19.0309971,47.533468]]]}},
{"type":"Feature","properties":{"id":"way/504380983","leisure":"pitch","surface":"clay"},"geometry":{"type":"Polygon","coordinates":[[[19.0311864,47.5335353],[19.030961,47.53383],[19.0307783,47.5337631],[19.0309971,47.533468],[19.0311864,47.5335353]]]}},
{"type":"Feature","properties":{"id":"way/504380985","leisure":"pitch","surface":"clay"},"geometry":{"type":"Polygon","coordinates":[[[19.0313896,47.5336053],[19.0311605,47.5339019],[19.030961,47.53383],[19.0311864,47.5335353],[19.0313896,47.5336053]]]}},
{"type":"Feature","properties":{"id":"way/504380987","leisure":"pitch","surface":"clay"},"geometry":{"type":"Polygon","coordinates":[[[19.0316039,47.5336807],[19.0313749,47.5339773],[19.0311605,47.5339019],[19.0313896,47.5336053],[19.0316039,47.5336807]]]}},
{"type":"Feature","properties":{"id":"way/504380988","leisure":"pitch","surface":"tartan"},"geometry":{"type":"Polygon","coordinates":[[[19.0319091,47.5333768],[19.0315372,47.5332439],[19.0316274,47.5331271],[19.032001,47.5332613],[19.0319091,47.5333768]]]}},
{"type":"Feature","properties":{"id":"way/504380990","leisure":"pitch","surface":"tartan"},"geometry":{"type":"Polygon","coordinates":[[[19.0318154,47.5334957],[19.0314441,47.5333628],[19.0315372,47.5332439],[19.0319091,47.5333768],[19.0318154,47.5334957]]]}},
{"type":"Feature","properties":{"id":"way/504380992","leisure":"pitch","surface":"tartan"},"geometry":{"type":"Polygon","coordinates":[[[19.0317161,47.5336222],[19.0313447,47.5334893],[19.0314441,47.5333628],[19.0318154,47.5334957],[19.0317161,47.5336222]]]}},
{"type":"Feature","properties":{"id":"way/506050625","landuse":"grass"},"geometry":{"type":"Polygon","coordinates":[[[19.0469022,47.4768255],[19.0467963,47.4767572],[19.0468395,47.4767453],[19.0469284,47.4768235],[19.0469022,47.4768255]]]}},
{"type":"Feature","properties":{"id":"way/506050626","landuse":"grass"},"geometry":{"type":"Polygon","coordinates":[[[19.0467044,47.4768802],[19.0465705,47.4768416],[19.0467592,47.4767691],[19.0468584,47.4768337],[19.0467847,47.4768531],[19.0467044,47.4768802]]]}},
{"type":"Feature","properties":{"id":"way/506050627","landuse":"grass"},"geometry":{"type":"Polygon","coordinates":[[[19.04647,47.4769942],[19.0463672,47.476958],[19.0464925,47.4768823],[19.0465723,47.4769345],[19.0465236,47.47696],[19.04647,47.4769942]]]}},
{"type":"Feature","properties":{"id":"way/506050628","landuse":"grass"},"geometry":{"type":"Polygon","coordinates":[[[19.0463422,47.4770991],[19.0462345,47.4770606],[19.0462832,47.4770205],[19.046336,47.4769793],[19.0464378,47.4770156],[19.046383,47.4770571],[19.0463422,47.4770991]]]}},
{"type":"Feature","properties":{"id":"way/506050629","landuse":"grass"},"geometry":{"type":"Polygon","coordinates":[[[19.0461628,47.4771296],[19.0462095,47.4770843],[19.0463215,47.4771258],[19.0462923,47.4771567],[19.0462655,47.4771962],[19.0461628,47.4771296]]]}},
{"type":"Feature","properties":{"id":"way/508157566","leisure":"pitch","surface":"clay"},"geometry":{"type":"Polygon","coordinates":[[[19.0297043,47.5172098],[19.0296151,47.5170827],[19.0299825,47.516965],[19.0300718,47.517092],[19.0297043,47.5172098]]]}},
{"type":"Feature","properties":{"id":"way/50848397","leisure":"playground"},"geometry":{"type":"Polygon","coordinates":[[[19.0292993,47.5079085],[19.0286586,47.5079396],[19.0286348,47.5078748],[19.0286103,47.5078032],[19.0292711,47.5077242],[19.0292879,47.5078298],[19.0292993,47.5079085]]]}},
{"type":"Feature","properties":{"id":"way/511977472","landuse":"forest"},"geometry":{"type":"Polygon","coordinates":[[[19.0384172,47.4892948],[19.0382498,47.4890848],[19.0383733,47.4889913],[19.0385465,47.4889271],[19.0386286,47.4889705],[19.0386412,47.4890764],[19.0386307,47.4891209],[19.0385445,47.4891806],[19.0385332,47.4892312],[19.0384983,47.489287],[19.0384547,47.4893059],[19.0384172,47.4892948]]]}},
{"type":"Feature","properties":{"id":"way/511977473","landuse":"forest","natural":"scrub"},"geometry":{"type":"Polygon","coordinates":[[[19.03758,47.4898909],[19.037572,47.489862],[19.0376993,47.4898212],[19.0378951,47.4897981],[19.0380052,47.4897215],[19.0380862,47.4897143],[19.0381781,47.4897084],[19.0381908,47.4897858],[19.0382525,47.4897827],[19.0382586,47.4897156],[19.0384169,47.4896744],[19.0385121,47.4896689],[19.038547,47.4896454],[19.038492,47.4895656],[19.0384223,47.4894886],[19.0383498,47.4893771],[19.0383378,47.4893182],[19.0383364,47.4892974],[19.0383592,47.4892965],[19.0387276,47.4897722],[19.0385644,47.4898321],[19.0385363,47.4899272],[19.0384451,47.4899508],[19.0380333,47.4899136],[19.0378952,47.4899172],[19.0377866,47.4899616],[19.03758,47.4898909]]]}},
{"type":"Feature","properties":{"id":"way/511977474","landuse":"forest","natural":"tree_group"},"geometry":{"type":"Polygon","coordinates":[[[19.0393522,47.490116],[19.0393429,47.4900317],[19.0393737,47.4899984],[19.0394538,47.4899869],[19.0393984,47.4899193],[19.0394292,47.489862],[19.0394754,47.4898329],[19.0395232,47.4898152],[19.0395417,47.489782],[19.0395717,47.4898199],[19.0396726,47.489834],[19.0397036,47.4898525],[19.0396868,47.4898866],[19.0397284,47.489898],[19.0397089,47.4899422],[19.0396797,47.4899715],[19.0397381,47.490008],[19.039693,47.4900917],[19.039654,47.4901168],[19.0395275,47.4901264],[19.0394541,47.4901401],[19.0394036,47.4901377],[19.0393522,47.490116]]]}},
{"type":"Feature","properties":{"id":"way/51261096","leisure":"park","name":"Mechwart liget"},"geometry":{"type":"Polygon","coordinates":[[[19.0330645,47.5121962],[19.0331854,47.5121586],[19.0333346,47.5122549],[19.0331074,47.5123404],[19.0328506,47.5124372],[19.0326787,47.5125081],[19.0322314,47.5127063],[19.0322185,47.5126889],[19.032113,47.5127153],[19.0319956,47.5127618],[19.0318399,47.5128323],[19.0315524,47.5125219],[19.0312735,47.5122144],[19.0313602,47.5120596],[19.0311433,47.5117302],[19.0311075,47.5116666],[19.031832,47.5114734],[19.0321105,47.5114776],[19.0322497,47.5115748],[19.032233,47.5116183],[19.0322486,47.5116334],[19.0327939,47.5120096],[19.0328717,47.5120654],[19.0328706,47.5121582],[19.0329143,47.5121881],[19.0329994,47.5122125],[19.0330645,47.5121962]]]}},
{"type":"Feature","properties":{"id":"way/515321324","landuse":"grass","leisure":"garden","name":"Rózsakert","name:en":"Rose Garden"},"geometry":{"type":"Polygon","coordinates":[[[19.0486339,47.5281556],[19.0485874,47.5280564],[19.0501376,47.5277251],[19.0499713,47.5273702],[19.0503345,47.5272926],[19.0504849,47.5276135],[19.050273,47.5276587],[19.0503355,47.5277919],[19.0496769,47.5279327],[19.0486339,47.5281556]]]}},
{"type":"Feature","properties":{"id":"way/515321333","leisure":"pitch"},"geometry":{"type":"Polygon","coordinates":[[[19.0478802,47.5213407],[19.0480962,47.5216785],[19.0476832,47.5218107],[19.0474229,47.5214938],[19.0478802,47.5213407]]]}},
{"type":"Feature","properties":{"id":"way/515321334","leisure":"pitch","surface":"fine_gravel"},"geometry":{"type":"Polygon","coordinates":[[[19.0476656,47.5210484],[19.0478802,47.5213407],[19.0474229,47.5214938],[19.0472084,47.5212015],[19.0476656,47.5210484]]]}},
{"type":"Feature","properties":{"id":"way/516818987","leisure":"park","name":"Jeruzsálem park"},"geometry":{"type":"Polygon","coordinates":[[[19.0411662,47.4973486],[19.0413082,47.4971719],[19.0412452,47.4971469],[19.0414088,47.4969567],[19.0414636,47.496979],[19.0416677,47.4967655],[19.0416086,47.4967379],[19.0417012,47.4966466],[19.0417964,47.4965458],[19.041844,47.4965634],[19.0419634,47.496423],[19.0419137,47.4964021],[19.0420257,47.4962825],[19.0420713,47.4962988],[19.042092,47.4962754],[19.0421588,47.4962924],[19.0415524,47.4974209],[19.0415237,47.4974311],[19.0411662,47.4973486]]]}},
{"type":"Feature","properties":{"id":"way/516818988","landuse":"grass"},"geometry":{"type":"Polygon","coordinates":[[[19.0429702,47.4948671],[19.0428971,47.4948489],[19.043037,47.4945309],[19.0431684,47.4945635],[19.0429702,47.4948671]]]}},
{"type":"Feature","properties":{"id":"way/521505092","leisure":"park","name":"Hunyadi tér"},"geometry":{"type":"Polygon","coordinates":[[[19.0677925,47.5057592],[19.067454,47.5060162],[19.0672518,47.5058869],[19.0669875,47.5060764],[19.0672396,47.5062288],[19.0670118,47.5064052],[19.0663844,47.506021],[19.0662639,47.5059472],[19.0663069,47.5059138],[19.066983,47.505388],[19.0670616,47.5053268],[19.0677925,47.5057592]]]}},
{"type":"Feature","properties":{"id":"way/521871020","leisure":"pitch","surface":"clay"},"geometry":{"type":"Polygon","coordinates":[[[19.0324509,47.5352273],[19.0326682,47.5348941],[19.0329418,47.5349882],[19.0327245,47.5353196],[19.0324509,47.5352273]]]}},
{"type":"Feature","properties":{"id":"way/523248199","leisure":"park"},"geometry":{"type":"Polygon","coordinates":[[[19.0293047,47.5107641],[19.0292644,47.5107415],[19.0292363,47.5106753],[19.0291652,47.5106473],[19.0290861,47.5105431],[19.02918,47.5105386],[19.0292497,47.5104869],[19.02931,47.5104317],[19.029416,47.5104271],[19.0294602,47.5104924],[19.0294468,47.5107143],[19.0293047,47.5107641]]]}},
{"type":"Feature","properties":{"id":"way/523248200","leisure":"park"},"geometry":{"type":"Polygon","coordinates":[[[19.027572,47.5113946],[19.0275559,47.5114272],[19.027458,47.5114489],[19.0273923,47.5113683],[19.0273447,47.5112704],[19.0273568,47.5112419],[19.0274097,47.5112293],[19.027572,47.5113493],[19.027572,47.5113946]]]}},
{"type":"Feature","properties":{"id":"way/523248201","leisure":"park"},"geometry":{"type":"Polygon","coordinates":[[[19.0279207,47.5113475],[19.0279247,47.5113932],[19.0277718,47.5114136],[19.0277255,47.5113135],[19.0278898,47.5112804],[19.0279207,47.5113475]]]}},
{"type":"Feature","properties":{"id":"way/523248206","leisure":"park"},"geometry":{"type":"Polygon","coordinates":[[[19.0285791,47.5118493],[19.0285335,47.5118348],[19.0285067,47.5117868],[19.0285389,47.5117488],[19.0284839,47.5115848],[19.0286086,47.5115522],[19.0286502,47.5115911],[19.0287307,47.5116301],[19.0288487,47.5116229],[19.0289506,47.5115087],[19.0290593,47.511487],[19.0291424,47.5117243],[19.0286677,47.5118375],[19.0285791,47.5118493]]]}},
{"type":"Feature","properties":{"id":"way/523248211","leisure":"park"},"geometry":{"type":"Polygon","coordinates":[[[19.0302676,47.5113565],[19.0304366,47.5113493],[19.0304326,47.5110612],[19.0302475,47.5110332],[19.0302984,47.5109824],[19.0303025,47.510919],[19.0302153,47.5108185],[19.03023,47.5107886],[19.030796,47.5109362],[19.0307933,47.5111265],[19.030623,47.5111554],[19.0306082,47.5113312],[19.0304768,47.5113556],[19.0304433,47.5114236],[19.0302448,47.5114335],[19.0302341,47.5113955],[19.0302676,47.5113565]]]}},
{"type":"Feature","properties":{"id":"way/525964548","leisure":"pitch","surface":"asphalt"},"geometry":{"type":"Polygon","coordinates":[[[19.0670694,47.5309961],[19.0668731,47.5310349],[19.0667776,47.5308143],[19.066974,47.5307756],[19.0670694,47.5309961]]]}},
{"type":"Feature","properties":{"id":"way/527790812","landuse":"meadow"},"geometry":{"type":"Polygon","coordinates":[[[19.0281071,47.5373586],[19.0281513,47.537307],[19.0282305,47.5372862],[19.0284021,47.5372771],[19.0284383,47.5373079],[19.0284772,47.5373794],[19.0285751,47.5373957],[19.028614,47.5374229],[19.028618,47.5374627],[19.0285765,47.5375161],[19.0284772,47.5375098],[19.0283619,47.5374926],[19.0282184,47.5374835],[19.0281419,47.5374437],[19.0281071,47.5373586]]]}},
{"type":"Feature","properties":{"id":"way/527790821","landuse":"meadow"},"geometry":{"type":"Polygon","coordinates":[[[19.0288452,47.5359986],[19.0288286,47.5359291],[19.0288087,47.5358453],[19.0288087,47.5356667],[19.0289798,47.5355722],[19.0291037,47.5356509],[19.0291196,47.5357316],[19.0291773,47.535852],[19.0291505,47.5359534],[19.0291022,47.5360195],[19.0291156,47.5361454],[19.0290633,47.5361988],[19.0289855,47.5361788],[19.0289077,47.5361263],[19.0289453,47.5360584],[19.0290311,47.5360195],[19.0289989,47.5359815],[19.0289131,47.5359751],[19.0288452,47.5359986]]]}},
{"type":"Feature","properties":{"id":"way/530786576","natural":"scrub"},"geometry":{"type":"Polygon","coordinates":[[[19.0260847,47.5417622],[19.025905,47.5419297],[19.0257105,47.5419641],[19.0257052,47.5418229],[19.0258151,47.5416427],[19.026086,47.5414581],[19.0262657,47.5412263],[19.0264347,47.5411611],[19.026373,47.5413476],[19.026251,47.5414861],[19.0261598,47.5416029],[19.0260847,47.5417622]]]}},
{"type":"Feature","properties":{"id":"way/530786577","natural":"scrub"},"geometry":{"type":"Polygon","coordinates":[[[19.0252519,47.5409638],[19.0252063,47.5409221],[19.0252545,47.540636],[19.0257695,47.5399335],[19.0259492,47.5398864],[19.0260377,47.5399226],[19.0259626,47.5401091],[19.0258312,47.5403409],[19.0254611,47.540799],[19.0252519,47.5409638]]]}},
{"type":"Feature","properties":{"id":"way/530786593","natural":"wood"},"geometry":{"type":"Polygon","coordinates":[[[19.029062,47.5366265],[19.0291464,47.5365872],[19.0295246,47.5364351],[19.0295273,47.5365981],[19.0297258,47.5367248],[19.0297633,47.5368108],[19.0295729,47.5368498],[19.0293426,47.5368975],[19.0292756,47.5368641],[19.029062,47.5366265]]]}},
{"type":"Feature","properties":{"id":"way/530786595","natural":"wood"},"geometry":{"type":"Polygon","coordinates":[[[19.0290284,47.5363446],[19.029007,47.5363011],[19.0289855,47.5361788],[19.0290633,47.5361988],[19.0291156,47.5361454],[19.0291022,47.5360195],[19.0291505,47.5359534],[19.0291773,47.535852],[19.0291196,47.5357316],[19.0291037,47.5356509],[19.0292442,47.5357402],[19.0295086,47.5359398],[19.0297419,47.5360133],[19.0299747,47.5360995],[19.0300742,47.536168],[19.0300114,47.5362658],[19.0301536,47.5363436],[19.0301053,47.5363844],[19.0297714,47.5363274],[19.0296346,47.5362459],[19.0294147,47.5362278],[19.0292966,47.5362413],[19.0291853,47.5362549],[19.0291464,47.5363373],[19.0290284,47.5363446]]]}},
{"type":"Feature","properties":{"id":"way/530786600","landuse":"forest"},"geometry":{"type":"Polygon","coordinates":[[[19.0252411,47.5361436],[19.0255657,47.5360639],[19.0258741,47.5359896],[19.0262336,47.5358194],[19.0261075,47.5360512],[19.0260538,47.5360512],[19.0259519,47.5362269],[19.0258634,47.536225],[19.0258527,47.5361345],[19.0256113,47.5361327],[19.0254952,47.5361393],[19.0254364,47.536297],[19.0253833,47.5362866],[19.0252411,47.5361436]]]}},
{"type":"Feature","properties":{"id":"way/530786602","landuse":"grass"},"geometry":{"type":"Polygon","coordinates":[[[19.0264709,47.5359181],[19.0264374,47.53589],[19.026483,47.5358076],[19.0264213,47.535785],[19.0264857,47.5356927],[19.0265715,47.5356936],[19.0266252,47.5358602],[19.026597,47.5359009],[19.0264709,47.5359181]]]}},
{"type":"Feature","properties":{"id":"way/531493650","leisure":"park"},"geometry":{"type":"Polygon","coordinates":[[[19.0433567,47.4932759],[19.0433425,47.4927845],[19.0434352,47.4924228],[19.0434863,47.4924305],[19.0434684,47.4924715],[19.0434186,47.4926608],[19.0434271,47.4927065],[19.0439475,47.492804],[19.0437729,47.4929609],[19.0435843,47.4932805],[19.0433567,47.4932759]]]}},
{"type":"Feature","properties":{"id":"way/533057453","landuse":"grass"},"geometry":{"type":"Polygon","coordinates":[[[19.0382948,47.486193],[19.0381908,47.4861736],[19.0375485,47.4862198],[19.0373054,47.4862361],[19.0372658,47.4862325],[19.0372296,47.4862483],[19.0372232,47.4862723],[19.0372456,47.4862773],[19.0371646,47.486299],[19.0370793,47.4863241],[19.036994,47.4863589],[19.036897,47.4864091],[19.0368286,47.486449],[19.0367509,47.4865129],[19.0367604,47.4864575],[19.0367985,47.4864111],[19.0369181,47.4863258],[19.0369974,47.4862858],[19.0370954,47.4862482],[19.0371625,47.4862295],[19.0372511,47.4862148],[19.0377631,47.4861791],[19.0383828,47.4861386],[19.0384554,47.4861352],[19.0384892,47.4861352],[19.0385018,47.4861438],[19.0385086,47.4861558],[19.0384832,47.4861699],[19.0383702,47.4861742],[19.0382948,47.486193]]]}},
{"type":"Feature","properties":{"id":"way/537531961","leisure":"park"},"geometry":{"type":"Polygon","coordinates":[[[19.0237634,47.4799039],[19.0238001,47.4798747],[19.0238799,47.479854],[19.0239532,47.4798647],[19.0240085,47.4798936],[19.0241321,47.4800714],[19.0242779,47.4803081],[19.0242647,47.4803173],[19.0241663,47.4802855],[19.0240804,47.480148],[19.0238926,47.4800199],[19.0237634,47.4799039]]]}},
{"type":"Feature","properties":{"id":"way/537531998","natural":"scrub"},"geometry":{"type":"Polygon","coordinates":[[[19.0232497,47.4801489],[19.0232295,47.4801281],[19.0230833,47.4801263],[19.0230445,47.4800806],[19.0230295,47.4800464],[19.0232833,47.4800551],[19.0233284,47.4800703],[19.0233583,47.4801063],[19.0232497,47.4801489]]]}},
{"type":"Feature","properties":{"id":"way/540101294","leisure":"park"},"geometry":{"type":"Polygon","coordinates":[[[19.0385219,47.5068129],[19.0385275,47.506743],[19.0386267,47.5067467],[19.0386465,47.5067884],[19.0387521,47.5067923],[19.038783,47.5067522],[19.0388425,47.5067544],[19.0388369,47.5068244],[19.0385219,47.5068129]]]}},
{"type":"Feature","properties":{"id":"way/540186483","landuse":"grass"},"geometry":{"type":"Polygon","coordinates":[[[19.0317502,47.4969023],[19.0317269,47.496889],[19.0316097,47.4967922],[19.0315624,47.4967016],[19.0317591,47.4967517],[19.0318222,47.496786],[19.0318478,47.4968084],[19.0318623,47.4968361],[19.0318613,47.4968583],[19.0318529,47.4968797],[19.0318217,47.4968999],[19.031787,47.4969049],[19.0317502,47.4969023]]]}},
{"type":"Feature","properties":{"id":"way/540221845","leisure":"park"},"geometry":{"type":"Polygon","coordinates":[[[19.0311661,47.4966242],[19.0311534,47.4966414],[19.0311172,47.4966663],[19.0310769,47.4966872],[19.0310153,47.4966255],[19.0310126,47.496612],[19.0310186,47.4966047],[19.03103,47.4965988],[19.0310461,47.4965943],[19.0310609,47.4965947],[19.0311661,47.4966242]]]}},
{"type":"Feature","properties":{"id":"way/542439902","natural":"grassland"},"geometry":{"type":"Polygon","coordinates":[[[19.0222813,47.5340242],[19.0223454,47.534009],[19.0224332,47.5339633],[19.0225351,47.5338953],[19.0225434,47.5339808],[19.0225962,47.5340376],[19.0227109,47.5340659],[19.0228663,47.5340587],[19.0229291,47.5341008],[19.0230519,47.534075],[19.0230217,47.5341613],[19.0229727,47.5342415],[19.0229136,47.5342665],[19.0228762,47.534312],[19.0228395,47.5343456],[19.0227339,47.5343531],[19.0226747,47.5343204],[19.0226125,47.534301],[19.0225753,47.5343477],[19.0224981,47.5343504],[19.0224046,47.5343477],[19.0222968,47.5343393],[19.0222462,47.5342915],[19.0222356,47.5342089],[19.022188,47.5341646],[19.0221525,47.5341201],[19.022183,47.5340472],[19.0222813,47.5340242]]]}},
{"type":"Feature","properties":{"id":"way/54246256","leisure":"park"},"geometry":{"type":"Polygon","coordinates":[[[19.066085,47.4832953],[19.0664751,47.4827717],[19.0679491,47.4834018],[19.0675285,47.4838499],[19.066085,47.4832953]]]}},
{"type":"Feature","properties":{"id":"way/54252253","leisure":"pitch","surface":"tartan"},"geometry":{"type":"Polygon","coordinates":[[[19.0406287,47.4793949],[19.0404487,47.479077],[19.0406839,47.4790162],[19.0408639,47.4793341],[19.0406287,47.4793949]]]}},
{"type":"Feature","properties":{"id":"way/54252254","leisure":"pitch"},"geometry":{"type":"Polygon","coordinates":[[[19.041117,47.4793645],[19.0410541,47.4792516],[19.0413448,47.4791775],[19.0414078,47.4792905],[19.041117,47.4793645]]]}},
{"type":"Feature","properties":{"id":"way/543590515","landuse":"grass"},"geometry":{"type":"Polygon","coordinates":[[[19.0547218,47.4822792],[19.0547062,47.4822161],[19.0551528,47.4824512],[19.0549932,47.4825896],[19.054929,47.4825558],[19.0550083,47.482487],[19.0550001,47.4824827],[19.0547391,47.4823419],[19.0546841,47.4824005],[19.0547287,47.4823227],[19.0547218,47.4822792]]]}},
{"type":"Feature","properties":{"id":"way/543590516","landuse":"grass"},"geometry":{"type":"Polygon","coordinates":[[[19.0541084,47.4820634],[19.0542439,47.4820539],[19.0543002,47.4820081],[19.054382,47.4820526],[19.0546408,47.4821831],[19.0545262,47.4822864],[19.0544638,47.4823231],[19.0543988,47.4823394],[19.0543082,47.4823471],[19.054215,47.482339],[19.0541667,47.482309],[19.0541352,47.4822646],[19.0541118,47.4821658],[19.0541084,47.4820634]]]}},
{"type":"Feature","properties":{"id":"way/543592251","landuse":"grass"},"geometry":{"type":"Polygon","coordinates":[[[19.05438,47.4832056],[19.0544755,47.4831241],[19.054498,47.4831114],[19.0545148,47.4831109],[19.0545292,47.4831218],[19.0545235,47.4831286],[19.0544812,47.483166],[19.0544128,47.483221],[19.05438,47.4832056]]]}},
{"type":"Feature","properties":{"id":"way/543592252","landuse":"grass"},"geometry":{"type":"Polygon","coordinates":[[[19.054634,47.4830309],[19.0546532,47.4829741],[19.0547186,47.4829555],[19.054634,47.4830309]]]}},
{"type":"Feature","properties":{"id":"way/544151833","leisure":"park"},"geometry":{"type":"Polygon","coordinates":[[[19.045351,47.5344287],[19.0452987,47.5344314],[19.0448695,47.5339678],[19.0449285,47.5339443],[19.0450358,47.5340692],[19.0451767,47.5339325],[19.0454435,47.5338166],[19.0455213,47.5338963],[19.0451847,47.5341136],[19.0452276,47.5341742],[19.0453215,47.5342729],[19.045406,47.5343906],[19.045351,47.5344287]]]}},
{"type":"Feature","properties":{"id":"way/544151834","leisure":"park"},"geometry":{"type":"Polygon","coordinates":[[[19.0458083,47.5341733],[19.045807,47.5342105],[19.0457118,47.534244],[19.0456715,47.5342268],[19.0457305,47.5341625],[19.0457547,47.534081],[19.0457788,47.533985],[19.045642,47.5338329],[19.045516,47.5336735],[19.0453604,47.5334834],[19.0452504,47.5335341],[19.0451002,47.5335866],[19.0448803,47.5335993],[19.0449339,47.5334635],[19.045119,47.5333421],[19.0455642,47.5332643],[19.0460336,47.5338419],[19.046039,47.5340556],[19.0459987,47.5341154],[19.0458083,47.5341733]]]}},
{"type":"Feature","properties":{"id":"way/544527749","name":"Szabadság tér","name:en":"Liberty Square","place":"square"},"geometry":{"type":"Polygon","coordinates":[[[19.0510395,47.5050158],[19.0508114,47.5051547],[19.0507491,47.5051825],[19.0506,47.5052156],[19.0504855,47.5052291],[19.0504043,47.5052395],[19.050322,47.5052518],[19.0501228,47.505185],[19.0499188,47.5051271],[19.0497419,47.5050418],[19.0495141,47.5048821],[19.0495234,47.5048602],[19.0495141,47.5048407],[19.0494656,47.5047954],[19.0494355,47.5047415],[19.0494193,47.5046806],[19.0494251,47.5046236],[19.0494274,47.5046033],[19.0494136,47.5045822],[19.0493847,47.5045674],[19.0494246,47.5043912],[19.0495318,47.5038911],[19.0496259,47.5039003],[19.0496861,47.5036194],[19.0495924,47.5036102],[19.0497002,47.5031078],[19.0488856,47.5030281],[19.0487306,47.5028658],[19.0487944,47.5025906],[19.0489847,47.5026113],[19.0493906,47.5026527],[19.0497146,47.5026858],[19.0498946,47.5027042],[19.0499971,47.5027146],[19.0500415,47.5027192],[19.0504445,47.5027603],[19.0507619,47.502787],[19.0508544,47.5027955],[19.0511577,47.5028234],[19.0514743,47.5028527],[19.0516937,47.5028381],[19.052042,47.5028707],[19.0521235,47.5028783],[19.0524665,47.5029104],[19.0526672,47.5030359],[19.0526134,47.5032806],[19.0523314,47.5033405],[19.0515794,47.5032694],[19.0514846,47.5038507],[19.0514238,47.5040209],[19.0513776,47.5042421],[19.0513388,47.5044285],[19.0513023,47.5046032],[19.0512199,47.5047897],[19.0511993,47.5048298],[19.051155,47.5049163],[19.0510395,47.5050158]]]}},
{"type":"Feature","properties":{"id":"way/544842480","landuse":"grass"},"geometry":{"type":"Polygon","coordinates":[[[19.0558561,47.4801564],[19.0559135,47.4801037],[19.0562741,47.4802834],[19.0562167,47.480336],[19.0558561,47.4801564]]]}},
{"type":"Feature","properties":{"id":"way/544842481","landuse":"grass"},"geometry":{"type":"Polygon","coordinates":[[[19.0555327,47.4799752],[19.0556071,47.4799095],[19.0558974,47.479938],[19.0557486,47.4800821],[19.0555327,47.4799752]]]}},
{"type":"Feature","properties":{"id":"way/545479610","leisure":"playground","name":"Gesztenyés játszótér"},"geometry":{"type":"Polygon","coordinates":[[[19.0374269,47.4786436],[19.0366807,47.4788311],[19.0365419,47.4788658],[19.0364632,47.4787008],[19.0362338,47.4782179],[19.0363702,47.4781862],[19.0364452,47.4782066],[19.0366617,47.4781524],[19.0366736,47.4781723],[19.0366968,47.4781669],[19.0370798,47.4780712],[19.0371957,47.4782623],[19.0374269,47.4786436]]]}},
{"type":"Feature","properties":{"id":"way/546701090","leisure":"pitch","surface":"clay"},"geometry":{"type":"Polygon","coordinates":[[[19.0292542,47.5147497],[19.0293617,47.514695],[19.0295048,47.5148235],[19.0293973,47.5148781],[19.0292542,47.5147497]]]}},
{"type":"Feature","properties":{"id":"way/546701114","landuse":"grass"},"geometry":{"type":"Polygon","coordinates":[[[19.0263469,47.5142003],[19.0265791,47.5141457],[19.0266097,47.5142049],[19.0267019,47.5141847],[19.0266737,47.5141234],[19.0269357,47.5140618],[19.0268968,47.5140916],[19.0268558,47.5141168],[19.0268048,47.5141555],[19.0267646,47.5141773],[19.0267009,47.5142022],[19.0266325,47.5142126],[19.0264676,47.5142107],[19.0263516,47.5142126],[19.0263469,47.5142003]]]}},
{"type":"Feature","properties":{"id":"way/546701707","landuse":"forest","natural":"tree_group"},"geometry":{"type":"Polygon","coordinates":[[[19.0320821,47.5124752],[19.0319064,47.5125042],[19.0317307,47.5124412],[19.0316751,47.5124078],[19.0316168,47.512343],[19.0316605,47.5122823],[19.0317502,47.5122334],[19.0317804,47.5121928],[19.0318327,47.512184],[19.0318803,47.5121768],[19.0319279,47.5121827],[19.0319701,47.5122221],[19.0319158,47.5122782],[19.0318836,47.5123308],[19.0319024,47.5123828],[19.0319581,47.5124001],[19.0320151,47.5123969],[19.0320486,47.5123271],[19.0320801,47.5123262],[19.0321404,47.5123923],[19.0320969,47.5124354],[19.0320821,47.5124752]]]}},
{"type":"Feature","properties":{"id":"way/547401586","landuse":"forest"},"geometry":{"type":"Polygon","coordinates":[[[19.0367317,47.5281083],[19.0367907,47.5280703],[19.0371904,47.5279752],[19.0372092,47.5280386],[19.0367317,47.5281083]]]}},
{"type":"Feature","properties":{"id":"way/547401587","leisure":"park"},"geometry":{"type":"Polygon","coordinates":[[[19.0366787,47.52814],[19.0366278,47.5280843],[19.0365889,47.5277497],[19.0366238,47.5277886],[19.0366975,47.5278375],[19.0366392,47.5278946],[19.0367619,47.5279584],[19.036841,47.5278851],[19.0368993,47.5278918],[19.0369885,47.5278969],[19.0370944,47.5278814],[19.0371991,47.5278489],[19.0372373,47.5280517],[19.0366787,47.52814]]]}},
{"type":"Feature","properties":{"id":"way/547404940","landuse":"forest","natural":"tree_group"},"geometry":{"type":"Polygon","coordinates":[[[19.036316,47.5275813],[19.0363173,47.5274201],[19.0362637,47.5273603],[19.0363428,47.527248],[19.0367639,47.5273368],[19.036843,47.5273857],[19.036839,47.52743],[19.0368323,47.5274644],[19.0368444,47.5275133],[19.0368859,47.5275496],[19.036316,47.5275813]]]}},
{"type":"Feature","properties":{"id":"way/547406191","leisure":"park"},"geometry":{"type":"Polygon","coordinates":[[[19.0389019,47.5276621],[19.0388969,47.5276444],[19.0388671,47.5275557],[19.0388783,47.5275542],[19.0391467,47.5275181],[19.0391839,47.527513],[19.039705,47.5274391],[19.0397374,47.5275414],[19.0389019,47.5276621]]]}},
{"type":"Feature","properties":{"id":"way/547506397","leisure":"park","name":"Kolosy tér"},"geometry":{"type":"Polygon","coordinates":[[[19.038341,47.5276221],[19.038555,47.5281811],[19.0382296,47.528217],[19.0381855,47.5281957],[19.0381666,47.5276168],[19.0382894,47.527617],[19.038341,47.5276221]]]}},
{"type":"Feature","properties":{"id":"way/547514883","landuse":"grass"},"geometry":{"type":"Polygon","coordinates":[[[19.0402561,47.5273503],[19.0403232,47.5273322],[19.0403996,47.5273811],[19.0404506,47.5274373],[19.0404721,47.5274844],[19.040468,47.5275088],[19.0403151,47.5275324],[19.0402561,47.5273503]]]}},
{"type":"Feature","properties":{"id":"way/547518192","landuse":"forest"},"geometry":{"type":"Polygon","coordinates":[[[19.0389519,47.5262351],[19.0389016,47.5260862],[19.0388856,47.525978],[19.0388191,47.5259933],[19.0387642,47.5259571],[19.0387005,47.5258244],[19.0387152,47.5257022],[19.0387192,47.5256289],[19.0387125,47.525522],[19.038789,47.5254595],[19.0389338,47.5254486],[19.0390103,47.5254939],[19.0390103,47.5255845],[19.0389298,47.525704],[19.0389345,47.5257859],[19.0390116,47.5258534],[19.0391732,47.5258476],[19.0392429,47.5260255],[19.0392784,47.5261912],[19.0391906,47.5262071],[19.0391149,47.5262066],[19.0390532,47.5262148],[19.039017,47.5262351],[19.0389519,47.5262351]]]}},
{"type":"Feature","properties":{"id":"way/547518193","landuse":"forest"},"geometry":{"type":"Polygon","coordinates":[[[19.0387742,47.5271122],[19.0387246,47.5270823],[19.0386079,47.5266096],[19.0394005,47.5265217],[19.0395172,47.5269673],[19.0394837,47.5270225],[19.0393831,47.5270461],[19.0391229,47.5270606],[19.039029,47.5270198],[19.0390049,47.5269555],[19.0390317,47.5268713],[19.0390988,47.5267798],[19.0392061,47.5267436],[19.0391953,47.5266838],[19.0390478,47.5266838],[19.0389177,47.5267672],[19.0389338,47.5268686],[19.0389164,47.5269637],[19.0388171,47.5270488],[19.0387742,47.5271122]]]}},
{"type":"Feature","properties":{"id":"way/547694316","leisure":"garden"},"geometry":{"type":"Polygon","coordinates":[[[19.0595441,47.5233623],[19.0593201,47.522922],[19.0597123,47.5228374],[19.059936,47.5232772],[19.0598058,47.5233055],[19.0596968,47.5233291],[19.0595441,47.5233623]]]}},
{"type":"Feature","properties":{"id":"way/547694319","leisure":"garden"},"geometry":{"type":"Polygon","coordinates":[[[19.0587802,47.5224468],[19.0586947,47.5222705],[19.0586718,47.5222108],[19.0591143,47.5221131],[19.0591956,47.5220951],[19.059483,47.5220316],[19.0595004,47.5220705],[19.0596269,47.5223317],[19.0596445,47.5223657],[19.0593578,47.5224293],[19.0592762,47.5224473],[19.0588276,47.5225465],[19.0587802,47.5224468]]]}},
{"type":"Feature","properties":{"id":"way/547885627","leisure":"park"},"geometry":{"type":"Polygon","coordinates":[[[19.0562885,47.50465],[19.0563356,47.5046131],[19.0563936,47.5046556],[19.0564825,47.5046523],[19.0564464,47.5046802],[19.0564533,47.5046858],[19.0564647,47.5046959],[19.056414,47.5047356],[19.0563957,47.50475],[19.0563371,47.5047084],[19.05627,47.5046648],[19.0562885,47.50465]]]}},
{"type":"Feature","properties":{"id":"way/548542392","landuse":"grass"},"geometry":{"type":"Polygon","coordinates":[[[19.038565,47.5119145],[19.0385288,47.5118864],[19.0390666,47.5118793],[19.0391015,47.511891],[19.0391202,47.51192],[19.0391631,47.5121374],[19.0391303,47.5121668],[19.0390512,47.5121057],[19.0389472,47.5120477],[19.0387554,47.5119761],[19.038565,47.5119145]]]}},
{"type":"Feature","properties":{"id":"way/548542393","leisure":"park","name":"Bem József tér"},"geometry":{"type":"Polygon","coordinates":[[[19.0382324,47.5123018],[19.0383115,47.5119997],[19.0383866,47.5119616],[19.0385047,47.5119861],[19.0387112,47.5120558],[19.0388547,47.512112],[19.039059,47.5122494],[19.0390572,47.5122886],[19.0390349,47.5123173],[19.0382686,47.5123294],[19.0382324,47.5123018]]]}},
{"type":"Feature","properties":{"id":"way/548598500","area":"yes","highway":"pedestrian","name":"Virágpiac","surface":"paving_stones"},"geometry":{"type":"Polygon","coordinates":[[[19.0243231,47.5084555],[19.0242588,47.5084052],[19.0242841,47.5083673],[19.0246057,47.5083567],[19.0247501,47.5083519],[19.0247522,47.5084102],[19.0247144,47.5084371],[19.02467,47.5084688],[19.0245643,47.5084717],[19.0245333,47.5084506],[19.0243231,47.5084555]]]}},
{"type":"Feature","properties":{"id":"way/548625388","landuse":"forest"},"geometry":{"type":"Polygon","coordinates":[[[19.0234656,47.5094044],[19.0231544,47.509235],[19.0230525,47.5090629],[19.0230095,47.5090176],[19.0231329,47.5089179],[19.0235674,47.5091734],[19.0235567,47.5092214],[19.0234521,47.5092676],[19.0235621,47.5093274],[19.0235782,47.5093655],[19.0235299,47.5094017],[19.0234656,47.5094044]]]}},
{"type":"Feature","properties":{"id":"way/548625390","landuse":"forest"},"geometry":{"type":"Polygon","coordinates":[[[19.023786,47.5090267],[19.0238652,47.5089515],[19.0240234,47.5088989],[19.0242125,47.5090067],[19.0239993,47.5091607],[19.023786,47.5090267]]]}},
{"type":"Feature","properties":{"id":"way/548633973","landuse":"grass"},"geometry":{"type":"Polygon","coordinates":[[[19.0235238,47.5117559],[19.0233889,47.5116319],[19.0235697,47.5115421],[19.023779,47.5117344],[19.0236458,47.5118006],[19.0235714,47.5117322],[19.0235238,47.5117559]]]}},
{"type":"Feature","properties":{"id":"way/548633974","landuse":"grass"},"geometry":{"type":"Polygon","coordinates":[[[19.0242692,47.5111708],[19.024303,47.5112098],[19.0242997,47.511246],[19.0242581,47.5113067],[19.0241003,47.5113897],[19.0238155,47.5115395],[19.0240945,47.5118203],[19.024059,47.5119386],[19.0236294,47.5115085],[19.0242692,47.5111708]]]}},
{"type":"Feature","properties":{"id":"way/548634534","landuse":"grass"},"geometry":{"type":"Polygon","coordinates":[[[19.024934,47.5108352],[19.025044,47.5107723],[19.0251982,47.5106849],[19.0254906,47.5105399],[19.0255114,47.5105576],[19.0255489,47.5105775],[19.0255952,47.510592],[19.0254879,47.5107324],[19.0254973,47.510852],[19.0252398,47.5110422],[19.0253055,47.5111138],[19.0249501,47.5112859],[19.0248857,47.511227],[19.0247101,47.511285],[19.0245491,47.5111391],[19.0246048,47.5110051],[19.024934,47.5108352]]]}},
{"type":"Feature","properties":{"id":"way/549685950","leisure":"park","name":"Plébániakert"},"geometry":{"type":"Polygon","coordinates":[[[19.0385157,47.505658],[19.038522,47.5055985],[19.0385373,47.5055988],[19.0385478,47.5055946],[19.0385533,47.5055889],[19.0385551,47.5055826],[19.0385529,47.5055758],[19.0385477,47.5055708],[19.0385384,47.5055669],[19.0385254,47.5055663],[19.038532,47.5055035],[19.0386969,47.5055109],[19.0386899,47.5056633],[19.0385157,47.505658]]]}},
{"type":"Feature","properties":{"id":"way/549819994","landuse":"grass"},"geometry":{"type":"Polygon","coordinates":[[[19.0354365,47.4765378],[19.0361786,47.4763593],[19.036317,47.4763397],[19.0364148,47.4763291],[19.0365244,47.4763062],[19.0365852,47.4763262],[19.0366237,47.4763388],[19.0370002,47.4762517],[19.036902,47.4762171],[19.0371977,47.4761508],[19.0372235,47.4761471],[19.037247,47.4761522],[19.0372602,47.4761603],[19.0372665,47.4761677],[19.0372703,47.476179],[19.0372674,47.476192],[19.0372583,47.4762026],[19.0372406,47.4762115],[19.0354856,47.4766282],[19.0354617,47.4765842],[19.0354365,47.4765378]]]}},
{"type":"Feature","properties":{"id":"way/551963118","landuse":"grass"},"geometry":{"type":"Polygon","coordinates":[[[19.0462214,47.5003947],[19.0461463,47.5003802],[19.0463206,47.500083],[19.0463716,47.5000396],[19.0462214,47.5003947]]]}},
{"type":"Feature","properties":{"id":"way/551963119","landuse":"forest"},"geometry":{"type":"Polygon","coordinates":[[[19.0460256,47.5005814],[19.0461463,47.5003802],[19.0462214,47.5003947],[19.0461101,47.5005977],[19.0460256,47.5005814]]]}},
{"type":"Feature","properties":{"id":"way/551963129","landuse":"grass"},"geometry":{"type":"Polygon","coordinates":[[[19.0460867,47.5010273],[19.0461016,47.5009987],[19.0461279,47.5009824],[19.0461619,47.5009724],[19.046207,47.5009681],[19.0463149,47.5009774],[19.0462974,47.5010496],[19.0460867,47.5010273]]]}},
{"type":"Feature","properties":{"id":"way/553105193","natural":"wood"},"geometry":{"type":"Polygon","coordinates":[[[19.0470408,47.4998257],[19.0470958,47.4997922],[19.0471601,47.4997677],[19.0472594,47.4997795],[19.0473372,47.4998511],[19.0472983,47.49989],[19.0471923,47.4999426],[19.0471038,47.4999063],[19.0470408,47.4998257]]]}},
{"type":"Feature","properties":{"id":"way/553105197","natural":"wood"},"geometry":{"type":"Polygon","coordinates":[[[19.0472621,47.4992141],[19.0471628,47.4991861],[19.0471387,47.4991398],[19.0471615,47.4990796],[19.0472507,47.4990488],[19.0473244,47.4990778],[19.0473519,47.4991204],[19.0473506,47.4991643],[19.0473378,47.4991865],[19.0472621,47.4992141]]]}},
{"type":"Feature","properties":{"id":"way/553105198","natural":"wood"},"geometry":{"type":"Polygon","coordinates":[[[19.0472285,47.4989605],[19.0472272,47.4989215],[19.0472916,47.4987955],[19.0473399,47.498753],[19.0473881,47.4987439],[19.0474364,47.4987502],[19.0475008,47.4988055],[19.0475088,47.4988843],[19.0474592,47.4989514],[19.0473855,47.4990103],[19.0472916,47.4990076],[19.0472285,47.4989605]]]}},
{"type":"Feature","properties":{"id":"way/553105199","natural":"wood"},"geometry":{"type":"Polygon","coordinates":[[[19.0473586,47.4996228],[19.0471977,47.4996019],[19.0471505,47.4995392],[19.0471387,47.4994742],[19.0472098,47.4994017],[19.0473436,47.4993759],[19.0474411,47.4993762],[19.0474766,47.4993666],[19.0474981,47.4993066],[19.0474753,47.4992685],[19.0475504,47.4991616],[19.0475665,47.4990619],[19.0475853,47.4989061],[19.0476362,47.4988499],[19.0477543,47.4988689],[19.0478106,47.4989351],[19.0478414,47.4990511],[19.0478294,47.4991254],[19.0477368,47.4992314],[19.0476698,47.4993537],[19.0475426,47.4993829],[19.0475324,47.4994031],[19.047529,47.4995168],[19.0474874,47.4995811],[19.0474485,47.4996019],[19.0473586,47.4996228]]]}},
{"type":"Feature","properties":{"id":"way/553108807","natural":"wood"},"geometry":{"type":"Polygon","coordinates":[[[19.0468906,47.5001936],[19.0468141,47.5001274],[19.046845,47.500055],[19.0468946,47.5000296],[19.046955,47.5000405],[19.0469429,47.5000722],[19.0469027,47.500093],[19.0469228,47.500141],[19.046955,47.5001582],[19.0469255,47.5001945],[19.0468906,47.5001936]]]}},
{"type":"Feature","properties":{"id":"way/553114813","landuse":"grass"},"geometry":{"type":"Polygon","coordinates":[[[19.0471179,47.4984096],[19.0471491,47.4984343],[19.0471487,47.4984644],[19.047132,47.4985369],[19.0469442,47.49897],[19.0469127,47.4989659],[19.0469322,47.4988934],[19.0471179,47.4984096]]]}},
{"type":"Feature","properties":{"id":"way/553121426","landuse":"forest","natural":"scrub"},"geometry":{"type":"Polygon","coordinates":[[[19.0536705,47.4989859],[19.0536951,47.4988688],[19.054205,47.4989178],[19.0541804,47.4990349],[19.0536705,47.4989859]]]}},
{"type":"Feature","properties":{"id":"way/553361714","leisure":"park","name":"Zsigmond tér"},"geometry":{"type":"Polygon","coordinates":[[[19.0370255,47.5242501],[19.037019,47.5237241],[19.0370898,47.5237216],[19.0374809,47.5234281],[19.0373624,47.5237105],[19.0373746,47.523887],[19.0374385,47.5243026],[19.0373484,47.5243627],[19.0370347,47.5244037],[19.0370255,47.5242501]]]}},
{"type":"Feature","properties":{"id":"way/553376268","natural":"scrub"},"geometry":{"type":"Polygon","coordinates":[[[19.0776971,47.5138937],[19.0784106,47.5132859],[19.0784287,47.5132988],[19.0777333,47.5139125],[19.0776971,47.5138937]]]}},
{"type":"Feature","properties":{"id":"way/553482811","leisure":"pitch","surface":"clay"},"geometry":{"type":"Polygon","coordinates":[[[19.042988,47.4773544],[19.0432061,47.4773221],[19.0433085,47.477638],[19.0430904,47.4776703],[19.042988,47.4773544]]]}},
{"type":"Feature","properties":{"id":"way/553482812","leisure":"pitch","surface":"clay"},"geometry":{"type":"Polygon","coordinates":[[[19.0432061,47.4773221],[19.0434231,47.47729],[19.0435255,47.4776059],[19.0433085,47.477638],[19.0432061,47.4773221]]]}},
{"type":"Feature","properties":{"id":"way/553482813","leisure":"pitch","surface":"clay"},"geometry":{"type":"Polygon","coordinates":[[[19.0426778,47.4770743],[19.0428871,47.4770433],[19.042988,47.4773544],[19.0427786,47.4773854],[19.0426778,47.4770743]]]}},
{"type":"Feature","properties":{"id":"way/553482814","leisure":"pitch","surface":"clay"},"geometry":{"type":"Polygon","coordinates":[[[19.0428871,47.4770433],[19.0431052,47.477011],[19.0432061,47.4773221],[19.042988,47.4773544],[19.0428871,47.4770433]]]}},
{"type":"Feature","properties":{"id":"way/553482815","leisure":"pitch","surface":"clay"},"geometry":{"type":"Polygon","coordinates":[[[19.0431052,47.477011],[19.0433222,47.4769788],[19.0434231,47.47729],[19.0432061,47.4773221],[19.0431052,47.477011]]]}},
{"type":"Feature","properties":{"id":"way/553482816","leisure":"pitch","surface":"clay"},"geometry":{"type":"Polygon","coordinates":[[[19.0425922,47.4767346],[19.0427953,47.4767038],[19.0428959,47.477007],[19.0426928,47.4770378],[19.0425922,47.4767346]]]}},
{"type":"Feature","properties":{"id":"way/553482817","leisure":"pitch","surface":"clay"},"geometry":{"type":"Polygon","coordinates":[[[19.0427953,47.4767038],[19.0429944,47.4766736],[19.043095,47.4769768],[19.0428959,47.477007],[19.0427953,47.4767038]]]}},
{"type":"Feature","properties":{"id":"way/553482818","leisure":"pitch","surface":"clay"},"geometry":{"type":"Polygon","coordinates":[[[19.04289,47.4777565],[19.0431011,47.477726],[19.0431943,47.4780294],[19.042983,47.4780588],[19.04289,47.4777565]]]}},
{"type":"Feature","properties":{"id":"way/553482819","leisure":"pitch"},"geometry":{"type":"Polygon","coordinates":[[[19.0424334,47.4781192],[19.0423335,47.477809],[19.0425851,47.4777722],[19.042685,47.478082],[19.0424334,47.4781192]]]}},
{"type":"Feature","properties":{"id":"way/55444956","area":"yes","highway":"pedestrian","surface":"asphalt"},"geometry":{"type":"Polygon","coordinates":[[[19.0655109,47.480559],[19.0652932,47.4807713],[19.0649886,47.4810629],[19.0648192,47.4811982],[19.0649424,47.4810581],[19.0651187,47.4808557],[19.0654935,47.4804811],[19.0657209,47.4802622],[19.0658938,47.4801116],[19.0660195,47.4799941],[19.0662795,47.4797508],[19.0663079,47.4797236],[19.0663716,47.4796588],[19.066557,47.47947],[19.066701,47.4793452],[19.0668424,47.4792416],[19.0669957,47.4791674],[19.0671009,47.4791124],[19.0671221,47.4791396],[19.0670342,47.4791891],[19.0669041,47.4792822],[19.0667491,47.4794313],[19.0666826,47.4794963],[19.0664668,47.4797009],[19.0663479,47.4798135],[19.0661213,47.4800439],[19.0659952,47.4801643],[19.0658441,47.4803007],[19.0656012,47.4805288],[19.0655627,47.4805648],[19.0655231,47.4805475],[19.0655109,47.480559]]]}},
{"type":"Feature","properties":{"id":"way/555526195","area":"yes","highway":"pedestrian","surface":"paving_stones"},"geometry":{"type":"Polygon","coordinates":[[[19.0636645,47.5125839],[19.0636919,47.512511],[19.0636638,47.5124322],[19.0635914,47.5123665],[19.0636296,47.5123339],[19.063957,47.5125315],[19.0641392,47.5126415],[19.0641037,47.5126627],[19.0640084,47.5126256],[19.0639273,47.5126147],[19.0638307,47.5126184],[19.0637533,47.5126363],[19.0637089,47.5126101],[19.0636645,47.5125839]]]}},
{"type":"Feature","properties":{"id":"way/555576754","landuse":"forest"},"geometry":{"type":"Polygon","coordinates":[[[19.0563581,47.5110209],[19.056393,47.5110209],[19.0564453,47.511044],[19.0565217,47.5111346],[19.0565445,47.511179],[19.0565385,47.5112179],[19.0564848,47.511237],[19.056397,47.5111727],[19.0563427,47.5110703],[19.0563581,47.5110209]]]}},
{"type":"Feature","properties":{"id":"way/555576755","landuse":"forest"},"geometry":{"type":"Polygon","coordinates":[[[19.0574451,47.5114005],[19.0573639,47.5113593],[19.0573425,47.5113294],[19.0573975,47.5112655],[19.0574558,47.5112243],[19.0575115,47.5112315],[19.0575651,47.5112673],[19.0575591,47.5113167],[19.0574451,47.5114005]]]}},
{"type":"Feature","properties":{"id":"way/556119435","leisure":"playground"},"geometry":{"type":"Polygon","coordinates":[[[19.0501212,47.4800223],[19.0502136,47.4802657],[19.0496479,47.4803537],[19.0496341,47.4801457],[19.0496281,47.4801188],[19.0501212,47.4800223]]]}},
{"type":"Feature","properties":{"id":"way/556321068","leisure":"garden"},"geometry":{"type":"Polygon","coordinates":[[[19.0257534,47.5099244],[19.0261745,47.509668],[19.0262778,47.5096463],[19.0263301,47.5096925],[19.0263569,47.5097568],[19.0263006,47.5097985],[19.0261383,47.5098356],[19.026031,47.509909],[19.0258312,47.5100023],[19.0257534,47.5099244]]]}},
{"type":"Feature","properties":{"id":"way/559512576","leisure":"park"},"geometry":{"type":"Polygon","coordinates":[[[19.0287623,47.4804059],[19.028693,47.480279],[19.028679,47.4802558],[19.0287506,47.4802376],[19.0286303,47.4800055],[19.0288178,47.4799557],[19.0289189,47.4801362],[19.0288717,47.4803751],[19.0287623,47.4804059]]]}},
{"type":"Feature","properties":{"id":"way/560922831","landuse":"grass"},"geometry":{"type":"Polygon","coordinates":[[[19.0378398,47.5235298],[19.0379159,47.5234508],[19.0380031,47.5234083],[19.0380661,47.5233431],[19.0381305,47.5232887],[19.0381855,47.5232742],[19.0382271,47.5232742],[19.0382673,47.5232905],[19.0384061,47.5234586],[19.0378398,47.5235298]]]}},
{"type":"Feature","properties":{"id":"way/564115178","natural":"scrub"},"geometry":{"type":"Polygon","coordinates":[[[19.0704816,47.4837342],[19.0704751,47.4837173],[19.0705157,47.4837102],[19.0705222,47.483727],[19.0704816,47.4837342]]]}},
{"type":"Feature","properties":{"id":"way/564115179","natural":"scrub"},"geometry":{"type":"Polygon","coordinates":[[[19.0704452,47.4836353],[19.070433,47.4836035],[19.0704737,47.4835964],[19.0704858,47.4836282],[19.0704452,47.4836353]]]}},
{"type":"Feature","properties":{"id":"way/564116952","landuse":"forest"},"geometry":{"type":"Polygon","coordinates":[[[19.0707649,47.4838009],[19.0708038,47.4837456],[19.0711123,47.483693],[19.071166,47.4836722],[19.0711995,47.4837152],[19.0713342,47.4837148],[19.0714589,47.4837578],[19.0713979,47.483771],[19.0713041,47.483804],[19.0712102,47.4838597],[19.0711593,47.4837615],[19.0710935,47.4837705],[19.0710405,47.4837927],[19.0708145,47.483834],[19.0707649,47.4838009]]]}},
{"type":"Feature","properties":{"id":"way/568221418","natural":"scrub"},"geometry":{"type":"Polygon","coordinates":[[[19.0711424,47.5180181],[19.0711699,47.5179855],[19.0712068,47.5179665],[19.0713557,47.5180118],[19.0714046,47.5179611],[19.0714811,47.5178877],[19.0715414,47.5178968],[19.0715501,47.5179439],[19.0714516,47.5180073],[19.071404,47.5180915],[19.071357,47.5181295],[19.071296,47.5181449],[19.0712095,47.5180829],[19.0711424,47.5180181]]]}},
{"type":"Feature","properties":{"id":"way/568221444","natural":"scrub"},"geometry":{"type":"Polygon","coordinates":[[[19.0684167,47.5167886],[19.0702285,47.5176862],[19.070325,47.5176907],[19.0704793,47.5176445],[19.070604,47.5176717],[19.0708349,47.517778],[19.0705301,47.5176891],[19.0704569,47.5177306],[19.0706268,47.5178465],[19.0706992,47.5179334],[19.0709312,47.5180657],[19.0712008,47.518235],[19.0712048,47.5182595],[19.0710581,47.5182236],[19.0703813,47.5178868],[19.0684322,47.5169006],[19.0684167,47.5167886]]]}},
{"type":"Feature","properties":{"id":"way/570455376","landuse":"grass"},"geometry":{"type":"Polygon","coordinates":[[[19.0313676,47.4867418],[19.0314948,47.4865468],[19.0315113,47.4865216],[19.031531,47.4864936],[19.0315545,47.4864547],[19.0315614,47.4864378],[19.0315656,47.4864249],[19.0315688,47.4864101],[19.0315699,47.4863972],[19.0315672,47.486386],[19.0315592,47.4863601],[19.0315747,47.4863702],[19.0315896,47.486385],[19.0316002,47.486399],[19.0316066,47.4864123],[19.0316087,47.4864249],[19.0316077,47.4866439],[19.0316055,47.4866554],[19.0315992,47.4866677],[19.0315885,47.4866799],[19.0315765,47.4866874],[19.0315683,47.4866925],[19.0315566,47.4866979],[19.0315438,47.4867026],[19.0315284,47.4867033],[19.0315119,47.4867033],[19.031489,47.4867044],[19.0314592,47.4867087],[19.0314299,47.4867148],[19.0314065,47.4867216],[19.0313847,47.486731],[19.0313676,47.4867418]]]}},
{"type":"Feature","properties":{"id":"way/572417771","landuse":"grass"},"geometry":{"type":"Polygon","coordinates":[[[19.0232692,47.4801702],[19.0233636,47.4801257],[19.0233787,47.4801604],[19.0233778,47.4802048],[19.0233948,47.4804075],[19.0234293,47.4813855],[19.0234078,47.4813828],[19.023381,47.4812803],[19.0233753,47.481051],[19.0233545,47.4807343],[19.0233277,47.4806008],[19.023314,47.4804925],[19.0233167,47.4802398],[19.0232692,47.4801702]]]}},
{"type":"Feature","properties":{"id":"way/572658667","landuse":"grass"},"geometry":{"type":"Polygon","coordinates":[[[19.0242183,47.4868687],[19.0242098,47.4868713],[19.0242033,47.486867],[19.0241946,47.486854],[19.0241879,47.4868395],[19.0241844,47.4868293],[19.0241699,47.4865804],[19.0241711,47.4865439],[19.024175,47.4864932],[19.0241827,47.4864428],[19.0241865,47.486419],[19.0241901,47.4864078],[19.0241953,47.4863946],[19.024199,47.4863881],[19.0242034,47.4863844],[19.0242072,47.486383],[19.0242105,47.4863845],[19.0242111,47.4863882],[19.024202,47.4864552],[19.0241972,47.486503],[19.0241949,47.486556],[19.0241966,47.4866357],[19.0242017,47.4867162],[19.0242086,47.4867885],[19.0242183,47.4868687]]]}},
{"type":"Feature","properties":{"id":"way/572658668","landuse":"grass"},"geometry":{"type":"Polygon","coordinates":[[[19.0238876,47.4869258],[19.024087,47.4869216],[19.0240845,47.4868733],[19.0240871,47.4868694],[19.0240972,47.4869013],[19.0241036,47.4869217],[19.0241236,47.4869545],[19.0241259,47.4869623],[19.0241249,47.48697],[19.0241177,47.4869784],[19.0241055,47.4869878],[19.0240844,47.4869942],[19.0240586,47.4869972],[19.0240352,47.4869974],[19.0240122,47.4869934],[19.0239919,47.4869877],[19.0239562,47.4869697],[19.0239165,47.4869467],[19.0238876,47.4869258]]]}},
{"type":"Feature","properties":{"id":"way/572658669","landuse":"grass"},"geometry":{"type":"Polygon","coordinates":[[[19.0237643,47.4868396],[19.0237357,47.4868303],[19.0235674,47.4867249],[19.0235646,47.4867122],[19.023566,47.4866991],[19.0235691,47.4866869],[19.0235733,47.4866748],[19.0235811,47.4866637],[19.0236711,47.4865773],[19.0236792,47.486571],[19.0236882,47.4865675],[19.0236982,47.486565],[19.0237082,47.4865639],[19.0237184,47.4865642],[19.0237336,47.4865672],[19.023743,47.4865699],[19.0237503,47.4865737],[19.0237577,47.4865817],[19.023761,47.4865894],[19.023773,47.486715],[19.0237,47.4867285],[19.023706,47.4867984],[19.023779,47.4867864],[19.0237826,47.4868131],[19.023779,47.4868244],[19.023773,47.4868323],[19.0237643,47.4868396]]]}},
{"type":"Feature","properties":{"id":"way/572658671","landuse":"grass"},"geometry":{"type":"Polygon","coordinates":[[[19.0244492,47.4857109],[19.0244868,47.485632],[19.0245223,47.4855518],[19.024592,47.4853207],[19.0246229,47.4851803],[19.0246631,47.4851358],[19.0247074,47.485124],[19.0247325,47.4851203],[19.0247664,47.4851232],[19.024795,47.4851302],[19.0248734,47.4851619],[19.0249018,47.4851757],[19.0249246,47.4851966],[19.0249254,47.4852125],[19.0249193,47.4852247],[19.0249081,47.4852392],[19.0247007,47.4854286],[19.0245686,47.4855808],[19.0244794,47.4857141],[19.0243064,47.4860018],[19.0242434,47.4860884],[19.024187,47.4862216],[19.0241615,47.4863267],[19.0241421,47.4863394],[19.02411,47.4863384],[19.0239818,47.4862891],[19.0239852,47.4862655],[19.0241186,47.4861568],[19.024234,47.4860476],[19.0243741,47.4858394],[19.0244492,47.4857109]]]}},
{"type":"Feature","properties":{"id":"way/572661925","landuse":"forest"},"geometry":{"type":"Polygon","coordinates":[[[19.0226997,47.4874894],[19.0226032,47.4874251],[19.0225844,47.4873671],[19.0226582,47.4873272],[19.0228705,47.4872758],[19.023027,47.4872919],[19.0230672,47.48731],[19.0230538,47.4873753],[19.0229438,47.4874387],[19.0228231,47.4874333],[19.0227748,47.487436],[19.0226997,47.4874894]]]}},
{"type":"Feature","properties":{"id":"way/572661928","landuse":"grass"},"geometry":{"type":"Polygon","coordinates":[[[19.0224034,47.4880119],[19.0225985,47.4878796],[19.0226186,47.4878995],[19.022622,47.4879784],[19.0226146,47.4879956],[19.0224127,47.4880223],[19.0224034,47.4880119]]]}},
{"type":"Feature","properties":{"id":"way/572661929","landuse":"forest"},"geometry":{"type":"Polygon","coordinates":[[[19.0222545,47.4880382],[19.0221485,47.487996],[19.0226769,47.4876517],[19.0227105,47.4876562],[19.0227815,47.4876961],[19.0226354,47.4877958],[19.0225375,47.4877985],[19.0223712,47.4879154],[19.0223779,47.4879616],[19.0222545,47.4880382]]]}},
{"type":"Feature","properties":{"id":"way/572661930","landuse":"grass"},"geometry":{"type":"Polygon","coordinates":[[[19.0226769,47.4879698],[19.0226702,47.4878619],[19.0226783,47.4878229],[19.0227373,47.4877794],[19.022866,47.4877079],[19.0228955,47.4877142],[19.0230994,47.4878438],[19.0226769,47.4879698]]]}},
{"type":"Feature","properties":{"id":"way/572661931","landuse":"grass"},"geometry":{"type":"Polygon","coordinates":[[[19.0231892,47.4878501],[19.0240308,47.4875941],[19.0240808,47.4876276],[19.0241334,47.4876752],[19.0241616,47.4877113],[19.0241605,47.4877282],[19.0241503,47.4877462],[19.0236412,47.4880776],[19.0235084,47.4880749],[19.0231892,47.4878501]]]}},
{"type":"Feature","properties":{"id":"way/572661932","landuse":"grass"},"geometry":{"type":"Polygon","coordinates":[[[19.0228553,47.4876344],[19.0225375,47.4874024],[19.0225415,47.4873608],[19.0226005,47.4873272],[19.0227802,47.4872864],[19.0228705,47.4872758],[19.0229411,47.4872674],[19.0231107,47.4872638],[19.0232348,47.4872759],[19.0232133,47.4873508],[19.0231728,47.4874165],[19.0228727,47.487639],[19.0228553,47.4876344]]]}},
{"type":"Feature","properties":{"id":"way/572661933","landuse":"grass"},"geometry":{"type":"Polygon","coordinates":[[[19.0229022,47.4876693],[19.0233578,47.48737],[19.0234117,47.4873419],[19.0234374,47.4873312],[19.0236198,47.4874108],[19.024001,47.4875768],[19.0239901,47.4875876],[19.0239782,47.4875931],[19.023149,47.487832],[19.0229022,47.4876693]]]}},
{"type":"Feature","properties":{"id":"way/572661934","landuse":"grass"},"geometry":{"type":"Polygon","coordinates":[[[19.0231959,47.4867845],[19.023175,47.4867286],[19.023136,47.4867355],[19.023108,47.4866621],[19.023097,47.4866646],[19.0230752,47.4866172],[19.0230611,47.4866201],[19.0230604,47.4866137],[19.0230628,47.4866092],[19.0230686,47.4866054],[19.0230758,47.4866045],[19.0230859,47.4866043],[19.0230951,47.4866053],[19.0231056,47.4866079],[19.0231169,47.4866114],[19.0231319,47.4866179],[19.0233072,47.4867312],[19.0232108,47.4867883],[19.0231959,47.4867845]]]}},
{"type":"Feature","properties":{"id":"way/572661935","landuse":"grass"},"geometry":{"type":"Polygon","coordinates":[[[19.0233548,47.4867611],[19.0234021,47.4867921],[19.0233884,47.4868205],[19.0233419,47.4868248],[19.0232789,47.4868343],[19.0232393,47.4868417],[19.023238,47.4868374],[19.0233217,47.4867857],[19.0233548,47.4867611]]]}},
{"type":"Feature","properties":{"id":"way/572662584","natural":"scrub"},"geometry":{"type":"Polygon","coordinates":[[[19.023204,47.4880821],[19.0231792,47.488064],[19.0232248,47.4880196],[19.0232228,47.487992],[19.0231363,47.4879258],[19.0231396,47.4879072],[19.0231691,47.4878914],[19.023204,47.4879045],[19.0232784,47.487967],[19.0232818,47.4880445],[19.023257,47.4880717],[19.023204,47.4880821]]]}},
{"type":"Feature","properties":{"id":"way/572662586","landuse":"forest"},"geometry":{"type":"Polygon","coordinates":[[[19.0227534,47.4880395],[19.0227212,47.4880019],[19.0227688,47.4879743],[19.0230934,47.4878846],[19.0230994,47.4879022],[19.0230136,47.4879263],[19.0230022,47.4879707],[19.0229619,47.4879743],[19.0229063,47.4879657],[19.0228647,47.4879693],[19.0228406,47.4879797],[19.0227956,47.4880373],[19.0227534,47.4880395]]]}},
{"type":"Feature","properties":{"id":"way/574714631","landuse":"grass","natural":"wood"},"geometry":{"type":"Polygon","coordinates":[[[19.0530355,47.5226385],[19.0530811,47.5226104],[19.053348,47.5225425],[19.0533306,47.5225153],[19.0535787,47.5224637],[19.0537409,47.5227481],[19.0537691,47.5228051],[19.0537731,47.5228576],[19.0537463,47.5229011],[19.0535478,47.5228631],[19.0533936,47.5228377],[19.0532649,47.522797],[19.053171,47.5227544],[19.0530905,47.5226946],[19.0530355,47.5226385]]]}},
{"type":"Feature","properties":{"id":"way/574714632","natural":"wood"},"geometry":{"type":"Polygon","coordinates":[[[19.0496787,47.5172686],[19.0496895,47.5172288],[19.0496613,47.5171925],[19.0497002,47.5171527],[19.04966,47.5170911],[19.0495902,47.5170757],[19.0495634,47.5170793],[19.0494856,47.5171047],[19.0493515,47.5170784],[19.0492871,47.5171264],[19.0491477,47.517111],[19.0491155,47.5170648],[19.0492603,47.517006],[19.0493314,47.5169806],[19.0494105,47.5169598],[19.0494467,47.517006],[19.0495017,47.5169933],[19.049501,47.5169517],[19.04955,47.5169127],[19.0496519,47.5168837],[19.0496828,47.5169009],[19.049727,47.5169417],[19.0497699,47.5169933],[19.0497901,47.5170603],[19.0497901,47.5170802],[19.0498424,47.5171364],[19.0498812,47.5171708],[19.0499148,47.5172342],[19.0499416,47.5172795],[19.0500046,47.5173302],[19.0500502,47.5174199],[19.0500636,47.5174606],[19.0500087,47.5175023],[19.0500368,47.5175422],[19.0500972,47.5175476],[19.0501602,47.5175512],[19.0501991,47.517582],[19.0502313,47.5176536],[19.0502836,47.5177324],[19.0502648,47.5178048],[19.0503612,47.5179713],[19.0503828,47.5180322],[19.050352,47.5180693],[19.0502769,47.5180756],[19.0502353,47.518034],[19.0502273,47.5179833],[19.0501763,47.5179352],[19.0501763,47.5178157],[19.0500583,47.5177822],[19.0500408,47.5177287],[19.0499859,47.5176499],[19.0499081,47.5175766],[19.0499456,47.5174942],[19.0499134,47.5174507],[19.0498424,47.5174353],[19.0498075,47.5173918],[19.0497592,47.517323],[19.0496787,47.5172686]]]}},
{"type":"Feature","properties":{"id":"way/574714633","landuse":"forest"},"geometry":{"type":"Polygon","coordinates":[[[19.0511499,47.5191978],[19.0510661,47.519172],[19.0510406,47.5191217],[19.0509541,47.5190878],[19.050936,47.5190416],[19.0509186,47.51897],[19.0509045,47.518917],[19.0508502,47.5188745],[19.0508515,47.5188337],[19.050938,47.5187912],[19.0510071,47.5187712],[19.051038,47.5187857],[19.0511037,47.5188364],[19.0511405,47.5189782],[19.051097,47.5190049],[19.0510976,47.5190448],[19.0512002,47.5190905],[19.0512056,47.5191308],[19.0511882,47.5191716],[19.0511499,47.5191978]]]}},
{"type":"Feature","properties":{"id":"way/574714634","landuse":"forest"},"geometry":{"type":"Polygon","coordinates":[[[19.0511084,47.5192594],[19.0511553,47.5192227],[19.0512633,47.5192481],[19.0514074,47.519345],[19.0514725,47.51947],[19.0514758,47.5195148],[19.0514718,47.5195556],[19.0516019,47.5197403],[19.0515979,47.5197911],[19.051618,47.5198083],[19.0516394,47.5198246],[19.0517347,47.5199776],[19.0517279,47.5200003],[19.0517642,47.5200265],[19.051858,47.5201841],[19.0518111,47.5201995],[19.0516864,47.5201642],[19.0516596,47.5201298],[19.0516354,47.5200727],[19.0515536,47.5200184],[19.0515308,47.519849],[19.051453,47.5197838],[19.0513685,47.519657],[19.051335,47.5195936],[19.0512854,47.5195474],[19.0512384,47.5195021],[19.0512237,47.5194523],[19.0511727,47.5194107],[19.051107,47.5193183],[19.0511084,47.5192594]]]}},
{"type":"Feature","properties":{"id":"way/574718774","landuse":"forest"},"geometry":{"type":"Polygon","coordinates":[[[19.0535907,47.5221358],[19.0535425,47.5220888],[19.0534955,47.5219909],[19.0534486,47.5219049],[19.0534459,47.5218641],[19.0534365,47.5217953],[19.0534432,47.5217573],[19.0533829,47.5217201],[19.0533949,47.5216721],[19.0534754,47.5216685],[19.0535156,47.5216884],[19.0537356,47.5220589],[19.0537463,47.5221304],[19.0536484,47.5221214],[19.0535907,47.5221358]]]}},
{"type":"Feature","properties":{"id":"way/574718776","landuse":"grass","leisure":"park","name":"Embermentők parkja"},"geometry":{"type":"Polygon","coordinates":[[[19.0529866,47.522262],[19.0528303,47.5222952],[19.0527834,47.5222658],[19.0524521,47.5217342],[19.0526128,47.5216949],[19.0527645,47.5219606],[19.0528427,47.5219445],[19.0528551,47.5219685],[19.0528665,47.5219665],[19.0529504,47.5221263],[19.0529195,47.5221329],[19.0529866,47.522262]]]}},
{"type":"Feature","properties":{"id":"way/574725019","landuse":"forest"},"geometry":{"type":"Polygon","coordinates":[[[19.0549546,47.5237289],[19.0548581,47.5236573],[19.0548004,47.5235813],[19.0547964,47.5235314],[19.0548152,47.5234834],[19.0548326,47.5234771],[19.0549278,47.5235188],[19.0549868,47.5235794],[19.0550271,47.5236564],[19.0550365,47.5236972],[19.0549546,47.5237289]]]}},
{"type":"Feature","properties":{"id":"way/574725020","landuse":"forest"},"geometry":{"type":"Polygon","coordinates":[[[19.0547937,47.5239091],[19.0547106,47.5238321],[19.0546435,47.5236809],[19.0546811,47.5236546],[19.0546046,47.5236238],[19.0545671,47.5235731],[19.0546247,47.5235269],[19.0547186,47.5235523],[19.0547414,47.5236129],[19.0547615,47.5236637],[19.0548179,47.5237234],[19.0548179,47.5237515],[19.0548433,47.5237751],[19.0548339,47.5238303],[19.0548742,47.5238774],[19.0548407,47.5239],[19.0547937,47.5239091]]]}},
{"type":"Feature","properties":{"id":"way/574725022","landuse":"forest"},"geometry":{"type":"Polygon","coordinates":[[[19.0531884,47.5230107],[19.0532152,47.5229817],[19.0532555,47.5230025],[19.0533252,47.5230342],[19.0534365,47.5230804],[19.0534285,47.5231022],[19.0534285,47.5231393],[19.0533681,47.5231692],[19.0533051,47.5231601],[19.053285,47.5231112],[19.0532461,47.5230958],[19.0532032,47.5230714],[19.0531884,47.5230107]]]}},
{"type":"Feature","properties":{"id":"way/574725025","landuse":"forest"},"geometry":{"type":"Polygon","coordinates":[[[19.053869,47.5232901],[19.0537939,47.523233],[19.0536645,47.5231497],[19.0536759,47.5231321],[19.0537289,47.5231284],[19.0538073,47.5231302],[19.0539033,47.5231112],[19.0539783,47.5231167],[19.0540192,47.5231388],[19.0540648,47.5231977],[19.0541165,47.523209],[19.0541849,47.5232416],[19.0542251,47.5232978],[19.0542305,47.5233567],[19.0540762,47.523372],[19.0540601,47.52342],[19.0540025,47.5234191],[19.0539756,47.5233775],[19.0540387,47.5233349],[19.0540548,47.523305],[19.0540279,47.5232797],[19.0540628,47.5232389],[19.054032,47.5232154],[19.0539609,47.5232217],[19.053918,47.5232009],[19.0538482,47.5232199],[19.0539019,47.5232543],[19.0539086,47.5232878],[19.053869,47.5232901]]]}},
{"type":"Feature","properties":{"id":"way/574725026","landuse":"forest"},"geometry":{"type":"Polygon","coordinates":[[[19.0535814,47.5232],[19.0535961,47.5231678],[19.0536256,47.5231529],[19.0537758,47.5232534],[19.0537436,47.523257],[19.0536752,47.5232434],[19.0535814,47.5232]]]}},
{"type":"Feature","properties":{"id":"way/574725027","landuse":"forest"},"geometry":{"type":"Polygon","coordinates":[[[19.0537249,47.5234907],[19.0536846,47.5234391],[19.0536779,47.523372],[19.0537222,47.5233231],[19.0537651,47.5232833],[19.0538134,47.5232942],[19.0538871,47.5233639],[19.0539207,47.5234146],[19.0539193,47.523449],[19.053804,47.523488],[19.0537249,47.5234907]]]}},
{"type":"Feature","properties":{"id":"way/574725028","landuse":"forest"},"geometry":{"type":"Polygon","coordinates":[[[19.0539931,47.5238892],[19.0539528,47.5238837],[19.0537705,47.5235659],[19.0538254,47.5235342],[19.0538751,47.5235387],[19.0539126,47.5235831],[19.0539636,47.5236283],[19.0539958,47.5236474],[19.0539931,47.5238892]]]}},
{"type":"Feature","properties":{"id":"way/574725029","landuse":"forest"},"geometry":{"type":"Polygon","coordinates":[[[19.0540682,47.524044],[19.0540454,47.5239874],[19.0540326,47.52391],[19.0540306,47.5237809],[19.0540313,47.5236528],[19.0541406,47.5236256],[19.0542157,47.5236483],[19.0541889,47.5236954],[19.0541245,47.523728],[19.0541071,47.5237778],[19.0541889,47.5238258],[19.0542962,47.5238692],[19.0543726,47.5239498],[19.0543927,47.5240051],[19.0543029,47.5240359],[19.0542425,47.5240359],[19.0542023,47.5240748],[19.054209,47.5241292],[19.0542023,47.5241599],[19.0541594,47.5241681],[19.0541299,47.5241536],[19.054103,47.5240757],[19.0540682,47.524044]]]}},
{"type":"Feature","properties":{"id":"way/574761728","leisure":"park","name":"Erdélyi János tér"},"geometry":{"type":"Polygon","coordinates":[[[19.0242657,47.5144479],[19.0242413,47.5141813],[19.0243137,47.5141807],[19.0243129,47.5141574],[19.0247155,47.5141622],[19.0247317,47.514164],[19.0247407,47.514168],[19.024745,47.5141741],[19.0247416,47.5141847],[19.0247289,47.514193],[19.0242711,47.5144499],[19.0242657,47.5144479]]]}},
{"type":"Feature","properties":{"id":"way/574763717","leisure":"park","name":"Kerényi Grácia park"},"geometry":{"type":"Polygon","coordinates":[[[19.0431845,47.5444431],[19.0427583,47.5444943],[19.0427703,47.5445439],[19.0426856,47.5445443],[19.0423442,47.5431682],[19.0424522,47.5431668],[19.0431845,47.5444431]]]}},
{"type":"Feature","properties":{"id":"way/574973505","leisure":"pitch","surface":"asphalt"},"geometry":{"type":"Polygon","coordinates":[[[19.0679164,47.5294793],[19.0682364,47.5294087],[19.0682933,47.5295264],[19.0679733,47.5295969],[19.0679164,47.5294793]]]}},
{"type":"Feature","properties":{"id":"way/574973506","leisure":"playground","name":"Angyalföldi utcai játszótér"},"geometry":{"type":"Polygon","coordinates":[[[19.0681833,47.5300878],[19.0680773,47.5298488],[19.0682819,47.5298094],[19.0683268,47.5299044],[19.0683691,47.5299226],[19.068418,47.5300253],[19.0684012,47.5300439],[19.0681833,47.5300878]]]}},
{"type":"Feature","properties":{"id":"way/57700619","leisure":"park","name":"Honvéd tér"},"geometry":{"type":"Polygon","coordinates":[[[19.0501463,47.5102804],[19.0500281,47.5099426],[19.0499136,47.5095946],[19.0507088,47.5094727],[19.051062,47.5094197],[19.0512671,47.5101041],[19.0509579,47.5101527],[19.0501463,47.5102804]]]}},
{"type":"Feature","properties":{"id":"way/57716766","leisure":"park","name":"Erzsébet tér","name:en":"Erzsébet Square"},"geometry":{"type":"Polygon","coordinates":[[[19.0516624,47.4989015],[19.0515672,47.4988122],[19.0516952,47.4981711],[19.0517594,47.4978887],[19.0518382,47.4976477],[19.0519862,47.4975715],[19.0537529,47.4978245],[19.0543927,47.4978961],[19.0545207,47.4979362],[19.0545643,47.4979691],[19.054554,47.4980525],[19.054568,47.4990696],[19.0535466,47.4990094],[19.053147,47.4990395],[19.0516624,47.4989015]]]}},
{"type":"Feature","properties":{"id":"way/57717639","landuse":"grass"},"geometry":{"type":"Polygon","coordinates":[[[19.0538244,47.4975522],[19.0537955,47.4975462],[19.0537702,47.4975265],[19.0537977,47.4973869],[19.05386,47.497353],[19.0540147,47.4973858],[19.0540136,47.4973955],[19.0540776,47.4974101],[19.0540953,47.4973989],[19.0541175,47.4974015],[19.0541266,47.4974114],[19.0541202,47.4974425],[19.0538244,47.4975522]]]}},
{"type":"Feature","properties":{"id":"way/57717640","landuse":"grass"},"geometry":{"type":"Polygon","coordinates":[[[19.0541801,47.4970884],[19.0543143,47.4972511],[19.0543021,47.497274],[19.0541455,47.4973341],[19.0540481,47.4972974],[19.0539167,47.497294],[19.0538774,47.4972514],[19.0538823,47.4972395],[19.0539192,47.4971955],[19.0539527,47.4971328],[19.0539971,47.4971272],[19.054008,47.497167],[19.0541434,47.4971753],[19.0541801,47.4970884]]]}},
{"type":"Feature","properties":{"id":"way/57717641","landuse":"grass"},"geometry":{"type":"Polygon","coordinates":[[[19.0545687,47.4974718],[19.0547568,47.4974231],[19.0547022,47.497479],[19.0546599,47.4975524],[19.0546356,47.4976052],[19.054615,47.4976701],[19.0546073,47.4977439],[19.0545652,47.4977663],[19.0545004,47.4977759],[19.0544998,47.4977572],[19.0545224,47.4977425],[19.0545282,47.4977466],[19.054546,47.497735],[19.0545402,47.4977309],[19.0546046,47.4976888],[19.0545765,47.497665],[19.0545382,47.4976805],[19.054534,47.4976757],[19.0545091,47.4976858],[19.0545133,47.4976906],[19.0544973,47.4976971],[19.0544923,47.4976229],[19.0544299,47.4975468],[19.0544405,47.4975231],[19.0545687,47.4974718]]]}},
{"type":"Feature","properties":{"id":"way/581675730","leisure":"playground"},"geometry":{"type":"Polygon","coordinates":[[[19.0642309,47.499346],[19.0641871,47.4994938],[19.0641654,47.4995068],[19.0640855,47.4995162],[19.0640172,47.4995997],[19.0639354,47.4996028],[19.0639092,47.499553],[19.0637094,47.4995489],[19.0635833,47.4995544],[19.0635303,47.4994724],[19.0632786,47.499576],[19.0632642,47.4995682],[19.0632288,47.4995488],[19.0636567,47.499088],[19.0642309,47.499346]]]}},
{"type":"Feature","properties":{"id":"way/581681174","leisure":"playground","name":"Margitszigeti nagyjátszótér"},"geometry":{"type":"Polygon","coordinates":[[[19.0434641,47.5189687],[19.0436517,47.519117],[19.0436922,47.5193552],[19.0434545,47.5195841],[19.043242,47.5195708],[19.04321,47.5194507],[19.0429919,47.519402],[19.0423147,47.5193693],[19.0423148,47.5193596],[19.0423685,47.5189165],[19.0427919,47.5187071],[19.043189,47.5186898],[19.0433031,47.5188944],[19.0434641,47.5189687]]]}},
{"type":"Feature","properties":{"id":"way/582244978","landuse":"grass"},"geometry":{"type":"Polygon","coordinates":[[[19.0523358,47.5216078],[19.0518621,47.5209232],[19.0518735,47.5209041],[19.051905,47.5208946],[19.0519311,47.5209023],[19.051973,47.5209686],[19.0519456,47.5210093],[19.0523514,47.5216029],[19.0523452,47.5216084],[19.0523358,47.5216078]]]}},
{"type":"Feature","properties":{"id":"way/583361272","leisure":"park"},"geometry":{"type":"Polygon","coordinates":[[[19.0646589,47.519064],[19.0646351,47.519075],[19.0646094,47.5190852],[19.0645247,47.5190054],[19.0643694,47.5190806],[19.0640632,47.5187921],[19.0642099,47.5187196],[19.0643147,47.5186296],[19.0643984,47.518674],[19.0643718,47.5186969],[19.0644029,47.5187134],[19.0644323,47.5186882],[19.0646008,47.5187776],[19.0645683,47.5188055],[19.0646021,47.5188235],[19.0646331,47.5187968],[19.0648067,47.5188889],[19.0647751,47.5189161],[19.0648132,47.5189363],[19.0648411,47.5189123],[19.0649296,47.5189593],[19.0647584,47.5190392],[19.0646736,47.5190787],[19.0646589,47.519064]]]}},
{"type":"Feature","properties":{"id":"way/583461271","landuse":"forest"},"geometry":{"type":"Polygon","coordinates":[[[19.0505585,47.5183519],[19.0504713,47.5183329],[19.0504298,47.5182858],[19.0504271,47.5182513],[19.0503734,47.518216],[19.0503439,47.5181572],[19.0503976,47.5181091],[19.0504204,47.5181055],[19.0504713,47.5180657],[19.0505236,47.5180602],[19.0505625,47.5181082],[19.0505518,47.5181381],[19.0506229,47.5181662],[19.0506403,47.5182079],[19.0506189,47.5182532],[19.0505947,47.518283],[19.0506537,47.5182939],[19.0506269,47.5183392],[19.0505585,47.5183519]]]}},
{"type":"Feature","properties":{"id":"way/583485032","leisure":"park"},"geometry":{"type":"Polygon","coordinates":[[[19.0592874,47.4852926],[19.0595808,47.4850414],[19.0597721,47.484988],[19.0598537,47.4850291],[19.0597478,47.4851782],[19.0595032,47.4852569],[19.0594715,47.4852119],[19.0593856,47.4852395],[19.0594174,47.4852845],[19.0593323,47.4853119],[19.0592874,47.4852926]]]}},
{"type":"Feature","properties":{"id":"way/583485033","landuse":"grass"},"geometry":{"type":"Polygon","coordinates":[[[19.0595598,47.48566],[19.0595784,47.4856731],[19.0596115,47.4856839],[19.0596457,47.4856852],[19.0596715,47.4856799],[19.0596881,47.4858101],[19.0594467,47.4857675],[19.0595598,47.48566]]]}},
{"type":"Feature","properties":{"id":"way/584124797","landuse":"recreation_ground","name":"Kifolyó projekt"},"geometry":{"type":"Polygon","coordinates":[[[19.0549001,47.4835013],[19.0549861,47.4834208],[19.0550098,47.4833986],[19.055054,47.4833591],[19.0550627,47.4833849],[19.0550089,47.4834339],[19.054899,47.4835339],[19.0549001,47.4835013]]]}},
{"type":"Feature","properties":{"id":"way/586698469","landuse":"grass"},"geometry":{"type":"Polygon","coordinates":[[[19.0386965,47.5165786],[19.0387055,47.5165626],[19.0389241,47.5165586],[19.0388902,47.5166733],[19.0386965,47.5165786]]]}},
{"type":"Feature","properties":{"id":"way/586698477","landuse":"forest"},"geometry":{"type":"Polygon","coordinates":[[[19.0366579,47.5156102],[19.0366231,47.5155821],[19.0366097,47.5155214],[19.036611,47.5154662],[19.0366378,47.5154091],[19.0365842,47.5153883],[19.0365815,47.5153348],[19.0366392,47.5153294],[19.036725,47.5153901],[19.0367679,47.5154571],[19.0367545,47.5155966],[19.0366579,47.5156102]]]}},
{"type":"Feature","properties":{"id":"way/586698479","area":"yes","highway":"pedestrian","surface":"paving_stones"},"geometry":{"type":"Polygon","coordinates":[[[19.0365352,47.5157959],[19.0368772,47.5157855],[19.0368745,47.5157933],[19.0368492,47.5158667],[19.0368303,47.5160056],[19.0366251,47.5160164],[19.0365851,47.5158841],[19.036584,47.5158821],[19.0365449,47.5158131],[19.0365432,47.5158101],[19.0365352,47.5157959]]]}},
{"type":"Feature","properties":{"id":"way/58847376","leisure":"park"},"geometry":{"type":"Polygon","coordinates":[[[19.0578733,47.5098702],[19.0580346,47.5099625],[19.0579124,47.51006],[19.0579255,47.5100673],[19.0582805,47.5102705],[19.0583706,47.5103221],[19.0584816,47.5102335],[19.0586063,47.5103048],[19.0583918,47.5104738],[19.0582269,47.5103783],[19.0581569,47.5104335],[19.0577739,47.5102117],[19.0578095,47.5101838],[19.0576973,47.5101188],[19.0577156,47.5101043],[19.057676,47.5100816],[19.0577029,47.5100601],[19.0576635,47.5100375],[19.0578733,47.5098702]]]}},
{"type":"Feature","properties":{"id":"way/591081211","landuse":"grass"},"geometry":{"type":"Polygon","coordinates":[[[19.0422896,47.4960124],[19.042239,47.495997],[19.042324,47.4958765],[19.0423986,47.4957655],[19.042459,47.4956546],[19.0425016,47.4955823],[19.0425088,47.4955786],[19.0425135,47.4955784],[19.0425166,47.4955802],[19.0425212,47.4955865],[19.0424148,47.4957774],[19.0422896,47.4960124]]]}},
{"type":"Feature","properties":{"id":"way/591081213","landuse":"grass"},"geometry":{"type":"Polygon","coordinates":[[[19.0428355,47.4950935],[19.0426371,47.4953784],[19.0426059,47.4953699],[19.0427791,47.49508],[19.0428355,47.4950935]]]}},
{"type":"Feature","properties":{"id":"way/592850911","landuse":"forest"},"geometry":{"type":"Polygon","coordinates":[[[19.035844,47.4966138],[19.0359096,47.4965168],[19.0361629,47.49633],[19.0363337,47.4962077],[19.0364259,47.4961425],[19.0365212,47.4962033],[19.036442,47.496254],[19.0364555,47.4962948],[19.0365554,47.4963194],[19.0366296,47.4962772],[19.0367539,47.4963528],[19.0361785,47.4967872],[19.0357889,47.497093],[19.035683,47.497084],[19.0356119,47.4970921],[19.0355301,47.4971148],[19.0355448,47.4971972],[19.0355207,47.4972335],[19.0351251,47.4971275],[19.0354764,47.4968629],[19.0356079,47.4968439],[19.0358345,47.4968294],[19.0359069,47.4967904],[19.035844,47.4966138]]]}},
{"type":"Feature","properties":{"id":"way/593043712","leisure":"garden"},"geometry":{"type":"Polygon","coordinates":[[[19.0614667,47.4854124],[19.0612756,47.4853326],[19.0615265,47.4850817],[19.0616797,47.4851586],[19.0614667,47.4854124]]]}},
{"type":"Feature","properties":{"id":"way/595030671","natural":"scrub"},"geometry":{"type":"Polygon","coordinates":[[[19.0284688,47.5129232],[19.0284839,47.5129354],[19.0284705,47.5129472],[19.0284447,47.5129492],[19.0284293,47.5129594],[19.0284179,47.5129725],[19.0284028,47.5129814],[19.0283753,47.5129859],[19.0283481,47.5129857],[19.028329,47.5129884],[19.0283092,47.5129916],[19.0282962,47.513004],[19.0282871,47.5130142],[19.0282774,47.5130224],[19.0282834,47.5130368],[19.0283046,47.5130584],[19.0282992,47.5130688],[19.0283143,47.5130889],[19.028316,47.5131066],[19.0283129,47.5131197],[19.028325,47.5131295],[19.0283431,47.5131301],[19.0283548,47.5131238],[19.0283639,47.513115],[19.0283864,47.5131007],[19.0284031,47.5130998],[19.0284149,47.5131039],[19.0284259,47.5131107],[19.0284343,47.5131175],[19.0284641,47.513108],[19.0284863,47.5130975],[19.028494,47.5130892],[19.0285104,47.5130815],[19.0285289,47.5130826],[19.0285426,47.5130851],[19.0285651,47.5130753],[19.0285771,47.513069],[19.0285902,47.5130663],[19.0286083,47.5130579],[19.0286304,47.5130595],[19.0286378,47.5130652],[19.0283167,47.5131594],[19.0282207,47.5129934],[19.0284688,47.5129232]]]}},
{"type":"Feature","properties":{"id":"way/595030672","natural":"scrub"},"geometry":{"type":"Polygon","coordinates":[[[19.0285017,47.5130663],[19.028493,47.5130439],[19.0284792,47.5130178],[19.0284638,47.5130013],[19.0284494,47.5129893],[19.0284491,47.5129786],[19.0284638,47.512968],[19.0284755,47.5129655],[19.028488,47.5129678],[19.028505,47.512982],[19.0285486,47.5130371],[19.0285547,47.5130511],[19.0285456,47.5130568],[19.0285366,47.5130597],[19.0285118,47.5130658],[19.0285091,47.5130706],[19.028499,47.5130708],[19.0285017,47.5130663]]]}},
{"type":"Feature","properties":{"id":"way/595421857","landuse":"grass"},"geometry":{"type":"Polygon","coordinates":[[[19.0225577,47.5073391],[19.0225232,47.5073272],[19.0226231,47.5071538],[19.0227593,47.5072199],[19.0225577,47.5073391]]]}},
{"type":"Feature","properties":{"id":"way/595421861","landuse":"grass"},"geometry":{"type":"Polygon","coordinates":[[[19.0246206,47.5062796],[19.0247811,47.5061949],[19.0248075,47.5062316],[19.0246325,47.5062901],[19.0246206,47.5062796]]]}},
{"type":"Feature","properties":{"id":"way/595421864","landuse":"grass"},"geometry":{"type":"Polygon","coordinates":[[[19.0244741,47.5063891],[19.0242544,47.5066479],[19.0239653,47.5068197],[19.0238685,47.5067461],[19.0244545,47.5063758],[19.0244741,47.5063891]]]}},
{"type":"Feature","properties":{"id":"way/595421865","landuse":"grass"},"geometry":{"type":"Polygon","coordinates":[[[19.0242316,47.5069041],[19.0242568,47.5068881],[19.024289,47.5068878],[19.0243218,47.5068983],[19.0243191,47.5069284],[19.0242316,47.5069041]]]}},
{"type":"Feature","properties":{"id":"way/595421866","landuse":"grass"},"geometry":{"type":"Polygon","coordinates":[[[19.0240824,47.507133],[19.0240948,47.5070787],[19.024138,47.5070655],[19.0241628,47.5071106],[19.0240824,47.507133]]]}},
{"type":"Feature","properties":{"id":"way/595421867","landuse":"grass"},"geometry":{"type":"Polygon","coordinates":[[[19.0249558,47.5067615],[19.0249816,47.5067223],[19.0250487,47.5067585],[19.0250346,47.5067907],[19.0249558,47.5067615]]]}},
{"type":"Feature","properties":{"id":"way/595421868","landuse":"grass"},"geometry":{"type":"Polygon","coordinates":[[[19.0247575,47.5066279],[19.0248156,47.506624],[19.0248351,47.5066873],[19.0247791,47.5067049],[19.024753,47.5066574],[19.0247575,47.5066279]]]}},
{"type":"Feature","properties":{"id":"way/595421869","landuse":"grass"},"geometry":{"type":"Polygon","coordinates":[[[19.0246245,47.5067614],[19.0246993,47.5067295],[19.0247489,47.506768],[19.0247492,47.5067952],[19.0247178,47.5068119],[19.0246245,47.5067614]]]}},
{"type":"Feature","properties":{"id":"way/595421870","landuse":"grass"},"geometry":{"type":"Polygon","coordinates":[[[19.0244798,47.506794],[19.0245311,47.5067764],[19.0246062,47.5068282],[19.0245438,47.50684],[19.0244798,47.506794]]]}},
{"type":"Feature","properties":{"id":"way/595421871","landuse":"grass"},"geometry":{"type":"Polygon","coordinates":[[[19.0256021,47.5072736],[19.0253645,47.5069808],[19.0253654,47.5069718],[19.0258279,47.5073236],[19.0256021,47.5072736]]]}},
{"type":"Feature","properties":{"id":"way/595421872","landuse":"grass"},"geometry":{"type":"Polygon","coordinates":[[[19.0250323,47.5071859],[19.0251832,47.5071405],[19.0252151,47.5070713],[19.0253304,47.5071019],[19.0253545,47.5072002],[19.0250293,47.5071975],[19.0250323,47.5071859]]]}},
{"type":"Feature","properties":{"id":"way/595421873","landuse":"grass"},"geometry":{"type":"Polygon","coordinates":[[[19.0247335,47.5072325],[19.024763,47.5071827],[19.0247912,47.5071828],[19.0248323,47.5072402],[19.0247335,47.5072325]]]}},
{"type":"Feature","properties":{"id":"way/595421874","landuse":"grass"},"geometry":{"type":"Polygon","coordinates":[[[19.0244882,47.5071949],[19.0245234,47.5071675],[19.0246093,47.5071726],[19.0245771,47.5072278],[19.0244921,47.5072108],[19.0244882,47.5071949]]]}},
{"type":"Feature","properties":{"id":"way/597486558","leisure":"park"},"geometry":{"type":"Polygon","coordinates":[[[19.0398803,47.4894384],[19.0397218,47.4896672],[19.0391692,47.4898353],[19.0390964,47.4901064],[19.0388324,47.4902632],[19.0386693,47.4904893],[19.0384286,47.4904397],[19.0379991,47.490325],[19.0377603,47.4902426],[19.0371887,47.4900212],[19.0368082,47.489872],[19.0366189,47.4897904],[19.0365997,47.4897124],[19.0366139,47.4896726],[19.0367137,47.4896169],[19.037132,47.4894379],[19.0373317,47.4893065],[19.0375169,47.489171],[19.0376729,47.4890338],[19.0377459,47.48912],[19.0378374,47.4890898],[19.0379166,47.4889907],[19.0379211,47.4888483],[19.0380933,47.4887329],[19.038269,47.4887657],[19.0384219,47.4888048],[19.0386074,47.4888301],[19.0388293,47.4888603],[19.0390188,47.4889717],[19.0393189,47.4890489],[19.0394201,47.4890699],[19.0394859,47.4892057],[19.0395775,47.4891406],[19.0396034,47.4889656],[19.0399014,47.4891344],[19.0399952,47.4892331],[19.0400961,47.4893318],[19.0398803,47.4894384]]]}},
{"type":"Feature","properties":{"id":"way/597880880","leisure":"playground","name":"Nagy ho-ho-ho horgász játszótér"},"geometry":{"type":"Polygon","coordinates":[[[19.0762303,47.4931649],[19.0763583,47.493192],[19.0765895,47.4932409],[19.0764777,47.4934548],[19.0762523,47.4934083],[19.0761265,47.4933815],[19.0761852,47.4932589],[19.0762303,47.4931649]]]}},
{"type":"Feature","properties":{"id":"way/599274753","landuse":"grass"},"geometry":{"type":"Polygon","coordinates":[[[19.0216565,47.4893707],[19.0217197,47.4896562],[19.0216401,47.4896631],[19.0215508,47.4890293],[19.0222448,47.4889745],[19.0223021,47.4893179],[19.0222128,47.4893262],[19.0216565,47.4893707]]]}},
{"type":"Feature","properties":{"id":"way/604025236","leisure":"pitch","surface":"asphalt"},"geometry":{"type":"Polygon","coordinates":[[[19.063126,47.5448887],[19.0630066,47.5447022],[19.0631738,47.5446534],[19.0632931,47.5448399],[19.063126,47.5448887]]]}},
{"type":"Feature","properties":{"id":"way/608163945","leisure":"park","name":"Brunszvik Júlia tér"},"geometry":{"type":"Polygon","coordinates":[[[19.0774439,47.4882277],[19.0765047,47.4878613],[19.0765041,47.4878071],[19.0772978,47.4878178],[19.0774219,47.4878476],[19.0774439,47.4882277]]]}},
{"type":"Feature","properties":{"id":"way/610786862","landuse":"grass"},"geometry":{"type":"Polygon","coordinates":[[[19.0326189,47.4775601],[19.0325082,47.4776022],[19.0324607,47.4775428],[19.0324607,47.477526],[19.0324741,47.4775161],[19.0326075,47.4774817],[19.0326251,47.4775073],[19.0326189,47.4775601]]]}},
{"type":"Feature","properties":{"id":"way/611203440","landuse":"grass"},"geometry":{"type":"Polygon","coordinates":[[[19.0396711,47.5272016],[19.0396449,47.5271036],[19.0397345,47.5270927],[19.0397606,47.5271907],[19.0396711,47.5272016]]]}},
{"type":"Feature","properties":{"id":"way/612047943","landuse":"grass"},"geometry":{"type":"Polygon","coordinates":[[[19.0270891,47.5041504],[19.0270085,47.5041195],[19.0268683,47.5041279],[19.0274306,47.5036741],[19.0280001,47.50313],[19.0284889,47.5027073],[19.0287779,47.5024031],[19.028956,47.5022671],[19.028959,47.5023109],[19.0289769,47.5023341],[19.0290293,47.5023748],[19.028941,47.5024631],[19.0286675,47.5027258],[19.0281765,47.503247],[19.0275484,47.5037411],[19.0270891,47.5041504]]]}},
{"type":"Feature","properties":{"id":"way/612047944","landuse":"grass"},"geometry":{"type":"Polygon","coordinates":[[[19.0290707,47.5021888],[19.0293381,47.5020277],[19.0296223,47.5018357],[19.0300131,47.5015991],[19.0309173,47.5010289],[19.0309314,47.5010711],[19.0310202,47.5011273],[19.0308713,47.5011915],[19.0307407,47.5013057],[19.0304769,47.5014465],[19.0299465,47.5018695],[19.0292224,47.5022346],[19.0291625,47.5021969],[19.0291161,47.5021887],[19.0290707,47.5021888]]]}},
{"type":"Feature","properties":{"id":"way/612047945","landuse":"grass"},"geometry":{"type":"Polygon","coordinates":[[[19.0312319,47.5009887],[19.0311693,47.500937],[19.0311524,47.5009302],[19.0312865,47.5008602],[19.0312771,47.5008344],[19.0312677,47.5008086],[19.0314934,47.5007068],[19.0315294,47.5007218],[19.0315655,47.5007368],[19.0315951,47.5007082],[19.0316248,47.5006797],[19.031775,47.5006054],[19.0319563,47.5005415],[19.0320095,47.5005987],[19.0312319,47.5009887]]]}},
{"type":"Feature","properties":{"id":"way/613562989","leisure":"park"},"geometry":{"type":"Polygon","coordinates":[[[19.0462374,47.4897567],[19.0463213,47.4898398],[19.0463181,47.4898453],[19.0462611,47.4898486],[19.0462286,47.4898519],[19.0461962,47.4898566],[19.0461612,47.4898626],[19.0461263,47.4898701],[19.0460854,47.4898805],[19.0460116,47.4899013],[19.0459599,47.4899184],[19.0459175,47.4899356],[19.0458744,47.4899487],[19.0458613,47.4899434],[19.045864,47.489928],[19.0459821,47.4898086],[19.0460813,47.4897187],[19.0462334,47.489581],[19.0462536,47.4895905],[19.0462384,47.4896095],[19.0462267,47.4896297],[19.0462187,47.4896507],[19.0462146,47.4896722],[19.0462145,47.4896939],[19.0462183,47.4897154],[19.046226,47.4897365],[19.0462374,47.4897567]]]}},
{"type":"Feature","properties":{"id":"way/614951201","natural":"wood"},"geometry":{"type":"Polygon","coordinates":[[[19.042237,47.5365831],[19.0420274,47.5365639],[19.0420134,47.5365185],[19.0420415,47.5364982],[19.0421507,47.5364586],[19.0423083,47.5364503],[19.0424035,47.5364666],[19.0425602,47.5364449],[19.042676,47.5364033],[19.0428488,47.5364322],[19.0429279,47.5364212],[19.0430288,47.5364025],[19.0430989,47.5363738],[19.0431777,47.5363636],[19.0432903,47.5363514],[19.0433561,47.5365407],[19.0431486,47.5365703],[19.0430667,47.5366021],[19.0430716,47.5366535],[19.0430804,47.5367299],[19.043,47.5367802],[19.0429289,47.5367859],[19.042874,47.5367656],[19.04283,47.5367009],[19.0428089,47.5366483],[19.0427788,47.5366116],[19.0426983,47.5366017],[19.042593,47.5365881],[19.0425239,47.5365845],[19.0423791,47.5366053],[19.0423201,47.536613],[19.042237,47.5365831]]]}},
{"type":"Feature","properties":{"id":"way/614951215","natural":"grassland"},"geometry":{"type":"Polygon","coordinates":[[[19.0432508,47.5365673],[19.0429859,47.5366098],[19.0431643,47.5371789],[19.0423221,47.5372993],[19.0423054,47.5372508],[19.0422359,47.5372624],[19.0421413,47.5370024],[19.0422222,47.5369895],[19.042082,47.5365781],[19.0431932,47.536379],[19.0432508,47.5365673]]]}},
{"type":"Feature","properties":{"id":"way/615128939","natural":"scrub"},"geometry":{"type":"Polygon","coordinates":[[[19.0255736,47.5112955],[19.0256267,47.511275],[19.0257158,47.5112845],[19.0257783,47.5113352],[19.0257809,47.5113869],[19.025848,47.5114276],[19.0259432,47.5114331],[19.0259955,47.5114874],[19.0258453,47.5115568],[19.0255736,47.5112955]]]}},
{"type":"Feature","properties":{"id":"way/615128941","landuse":"forest","natural":"tree_group"},"geometry":{"type":"Polygon","coordinates":[[[19.0252653,47.510746],[19.0252525,47.5107075],[19.025276,47.5106681],[19.0253739,47.510621],[19.0254262,47.5106273],[19.0254289,47.5106491],[19.0254262,47.5107057],[19.0254115,47.5107324],[19.0253243,47.5107686],[19.0252653,47.510746]]]}},
{"type":"Feature","properties":{"id":"way/615128942","natural":"scrub"},"geometry":{"type":"Polygon","coordinates":[[[19.0245961,47.5108737],[19.0245572,47.5108728],[19.0245545,47.5108538],[19.0246336,47.5108447],[19.0246819,47.5108185],[19.0247034,47.5107723],[19.0247637,47.5107306],[19.024816,47.5107261],[19.0248549,47.510736],[19.0248227,47.510784],[19.0247489,47.510823],[19.0246524,47.5108746],[19.0245961,47.5108737]]]}},
{"type":"Feature","properties":{"id":"way/615128944","landuse":"forest"},"geometry":{"type":"Polygon","coordinates":[[[19.0241562,47.5106011],[19.0246014,47.5102722],[19.0251017,47.5098682],[19.0252948,47.510053],[19.0252881,47.5100865],[19.0252411,47.5101155],[19.0251754,47.5100902],[19.0249716,47.5101182],[19.0248978,47.5102333],[19.0247838,47.5102994],[19.0248254,47.5103447],[19.0250145,47.510342],[19.0250319,47.5103746],[19.0250104,47.510399],[19.0246491,47.5104181],[19.024525,47.5104797],[19.024415,47.5105784],[19.0242997,47.5106536],[19.0242112,47.5106554],[19.0241562,47.5106011]]]}},
{"type":"Feature","properties":{"id":"way/615950262","natural":"grassland"},"geometry":{"type":"Polygon","coordinates":[[[19.0641526,47.4912593],[19.0641788,47.4911764],[19.0643013,47.4911941],[19.0642752,47.491277],[19.0641526,47.4912593]]]}},
{"type":"Feature","properties":{"id":"way/615950263","natural":"grassland"},"geometry":{"type":"Polygon","coordinates":[[[19.0642333,47.4910087],[19.0643082,47.4907833],[19.0644701,47.4908079],[19.064403,47.4910098],[19.064365,47.491004],[19.0643572,47.4910275],[19.0642333,47.4910087]]]}},
{"type":"Feature","properties":{"id":"way/618106246","leisure":"garden"},"geometry":{"type":"Polygon","coordinates":[[[19.0777419,47.4760776],[19.0779208,47.4758293],[19.0779414,47.4757482],[19.07806,47.4758964],[19.0780738,47.4759523],[19.0780752,47.4759914],[19.0780335,47.4761176],[19.0777419,47.4760776]]]}},
{"type":"Feature","properties":{"id":"way/618345268","natural":"scrub"},"geometry":{"type":"Polygon","coordinates":[[[19.0260337,47.5434615],[19.0259801,47.5434389],[19.0259828,47.5434063],[19.0260378,47.5433583],[19.0261397,47.5433492],[19.0262362,47.5433411],[19.0263247,47.5433013],[19.0264602,47.5432596],[19.0266091,47.5432605],[19.0266117,47.5433384],[19.0264723,47.5433447],[19.0263838,47.5433809],[19.026204,47.5434407],[19.0261249,47.5434434],[19.0260337,47.5434615]]]}},
{"type":"Feature","properties":{"id":"way/618345270","natural":"scrub"},"geometry":{"type":"Polygon","coordinates":[[[19.0227494,47.5412372],[19.0227976,47.5411484],[19.0227386,47.5411104],[19.0227333,47.5410018],[19.0225938,47.5408587],[19.0227333,47.540703],[19.0228647,47.5404151],[19.0229478,47.5402196],[19.0232375,47.5400222],[19.0234467,47.5398502],[19.0235245,47.5398285],[19.0234575,47.5399443],[19.0232348,47.5401598],[19.0231839,47.5403192],[19.0230793,47.5404658],[19.0230471,47.5407628],[19.0230417,47.5411394],[19.0227494,47.5412372]]]}},
{"type":"Feature","properties":{"id":"way/618767975","natural":"grassland"},"geometry":{"type":"Polygon","coordinates":[[[19.0628481,47.5413092],[19.0628506,47.5412736],[19.062849,47.5412211],[19.0628217,47.5411471],[19.0627969,47.5410889],[19.0627714,47.5410346],[19.0627278,47.5409737],[19.0626956,47.5409305],[19.0626467,47.5408843],[19.0626091,47.5408363],[19.0625716,47.5407718],[19.0625491,47.5407236],[19.0625383,47.540697],[19.0625348,47.5406765],[19.0625414,47.5406763],[19.0625637,47.5407215],[19.0625757,47.5407447],[19.0625927,47.5407664],[19.0626113,47.5407876],[19.0626321,47.5408078],[19.0626788,47.5408495],[19.0627201,47.5408887],[19.0627801,47.5409593],[19.062834,47.5410227],[19.0628725,47.5410882],[19.0629156,47.5411922],[19.062931,47.5412525],[19.0629369,47.5413158],[19.0628481,47.5413092]]]}},
{"type":"Feature","properties":{"id":"way/624179340","name":"Szindbád tér","place":"square"},"geometry":{"type":"Polygon","coordinates":[[[19.0454699,47.5416231],[19.0455855,47.5416296],[19.0459356,47.541625],[19.0459966,47.541627],[19.0459884,47.5416666],[19.0459239,47.5418395],[19.0457401,47.5418281],[19.0455589,47.5416544],[19.0454699,47.5416231]]]}},
{"type":"Feature","properties":{"id":"way/625942537","natural":"scrub"},"geometry":{"type":"Polygon","coordinates":[[[19.0284088,47.5386243],[19.0283927,47.5385913],[19.028386,47.5385528],[19.0284437,47.5384315],[19.0285268,47.5384487],[19.0285429,47.538484],[19.0285295,47.5385157],[19.0284665,47.5385682],[19.0284088,47.5386243]]]}},
{"type":"Feature","properties":{"id":"way/625942539","landuse":"forest"},"geometry":{"type":"Polygon","coordinates":[[[19.0288407,47.5381065],[19.0287723,47.5381173],[19.0286985,47.538082],[19.0287012,47.5380268],[19.028665,47.5379254],[19.0286717,47.5378502],[19.0287173,47.5377769],[19.0287347,47.53769],[19.0287763,47.5376492],[19.0289989,47.5377153],[19.028956,47.5378502],[19.028901,47.537919],[19.0288407,47.5381065]]]}},
{"type":"Feature","properties":{"id":"way/625942540","landuse":"forest"},"geometry":{"type":"Polygon","coordinates":[[[19.0286019,47.538446],[19.0285724,47.5384125],[19.0284987,47.5383826],[19.0284477,47.5383337],[19.0285295,47.5381436],[19.0285899,47.5381626],[19.0286382,47.5381961],[19.0287495,47.5382015],[19.028783,47.5382567],[19.0287535,47.5383364],[19.0286998,47.5384079],[19.0286019,47.538446]]]}},
{"type":"Feature","properties":{"id":"way/625942547","landuse":"grass"},"geometry":{"type":"Polygon","coordinates":[[[19.0281581,47.5383126],[19.0278254,47.5382577],[19.0278824,47.5381004],[19.0282151,47.5381553],[19.0281581,47.5383126]]]}},
{"type":"Feature","properties":{"id":"way/625942548","landuse":"grass"},"geometry":{"type":"Polygon","coordinates":[[[19.0280957,47.5379134],[19.0280932,47.537903],[19.0281461,47.5377577],[19.028159,47.5377479],[19.0281801,47.5377463],[19.0282567,47.537759],[19.02827,47.5377665],[19.028269,47.5377784],[19.0282169,47.5379214],[19.0282073,47.5379309],[19.0281895,47.5379331],[19.0281082,47.5379196],[19.0280957,47.5379134]]]}},
{"type":"Feature","properties":{"id":"way/625942553","natural":"scrub"},"geometry":{"type":"Polygon","coordinates":[[[19.0267257,47.5384912],[19.0267351,47.5384433],[19.0267096,47.5383916],[19.0267928,47.5384061],[19.026935,47.5383916],[19.0270114,47.5383781],[19.0270573,47.5383915],[19.027002,47.5384478],[19.0270181,47.5385311],[19.0270556,47.5385536],[19.0270181,47.53856],[19.0267257,47.5384912]]]}},
{"type":"Feature","properties":{"id":"way/625942558","landuse":"forest"},"geometry":{"type":"Polygon","coordinates":[[[19.0273708,47.5385392],[19.0274285,47.5385664],[19.0275183,47.5385809],[19.0276484,47.5385872],[19.027914,47.5386171],[19.028099,47.5386587],[19.0281795,47.538675],[19.0282881,47.5386705],[19.028319,47.5386904],[19.028323,47.5387176],[19.0281782,47.5387447],[19.0279837,47.5387384],[19.0277222,47.5386832],[19.0275478,47.5386352],[19.0273936,47.5385845],[19.0273534,47.5385637],[19.02734,47.5385275],[19.0273601,47.5385238],[19.0273708,47.5385392]]]}},
{"type":"Feature","properties":{"id":"way/625942562","landuse":"forest"},"geometry":{"type":"Polygon","coordinates":[[[19.0273038,47.5380594],[19.0272085,47.5379906],[19.0272541,47.537938],[19.0272528,47.537852],[19.0273118,47.5378294],[19.0273453,47.5378846],[19.0273534,47.5379888],[19.0273038,47.5380594]]]}},
{"type":"Feature","properties":{"id":"way/625942564","landuse":"forest"},"geometry":{"type":"Polygon","coordinates":[[[19.0270784,47.5385673],[19.0270556,47.5385536],[19.0270181,47.5385311],[19.027002,47.5384478],[19.0270573,47.5383915],[19.027108,47.53834],[19.0271549,47.538139],[19.0272407,47.5381092],[19.027297,47.5381164],[19.0272501,47.5382866],[19.027226,47.5384306],[19.0272179,47.5385293],[19.0271696,47.5385881],[19.0270784,47.5385673]]]}},
{"type":"Feature","properties":{"id":"way/625943901","natural":"grassland"},"geometry":{"type":"Polygon","coordinates":[[[19.0291558,47.5375976],[19.0291505,47.5376221],[19.0289962,47.5376447],[19.0289345,47.5375505],[19.029137,47.5371223],[19.0292591,47.5370743],[19.0294066,47.5370924],[19.0293838,47.5372581],[19.0292618,47.5373885],[19.0291558,47.5375976]]]}},
{"type":"Feature","properties":{"id":"way/628986783","landuse":"grass"},"geometry":{"type":"Polygon","coordinates":[[[19.0382747,47.5067501],[19.0382752,47.5067455],[19.0382814,47.5067371],[19.0382874,47.5067345],[19.0383,47.5067336],[19.0383085,47.5067336],[19.0384265,47.5067354],[19.0384436,47.5067456],[19.038448,47.5067585],[19.0382747,47.5067501]]]}},
{"type":"Feature","properties":{"id":"way/629418811","leisure":"park","name":"Kassa-Délváros park"},"geometry":{"type":"Polygon","coordinates":[[[19.0749652,47.5324923],[19.0748016,47.5320993],[19.0749384,47.5320703],[19.0748096,47.5317842],[19.0745039,47.5318494],[19.0746031,47.5320757],[19.0744797,47.5320993],[19.0743188,47.5317244],[19.0745682,47.5315325],[19.0746272,47.5316683],[19.0755285,47.5314836],[19.0755982,47.5316538],[19.0753514,47.5317009],[19.0754587,47.5319417],[19.0755955,47.5319109],[19.0757699,47.5323329],[19.0749652,47.5324923]]]}},
{"type":"Feature","properties":{"id":"way/629418812","leisure":"park","name":"Szováta park"},"geometry":{"type":"Polygon","coordinates":[[[19.0768887,47.5320866],[19.0768364,47.5319653],[19.0768278,47.5319453],[19.0767464,47.5317564],[19.0767395,47.5317403],[19.0767,47.5316486],[19.0768565,47.5316191],[19.0768066,47.5315203],[19.076795,47.5314972],[19.0767461,47.5314001],[19.0764817,47.5314518],[19.0765656,47.5316318],[19.0764585,47.5316533],[19.0762445,47.5312168],[19.0765045,47.5311655],[19.0765528,47.5312727],[19.07745,47.5310894],[19.0775168,47.5312541],[19.0772821,47.5313038],[19.0773856,47.5315554],[19.077526,47.5315274],[19.0776962,47.5319282],[19.0768887,47.5320866]]]}},
{"type":"Feature","properties":{"id":"way/635265039","landuse":"grass"},"geometry":{"type":"Polygon","coordinates":[[[19.0767906,47.4803792],[19.0768679,47.4803529],[19.077087,47.4806476],[19.0770097,47.4806739],[19.0767906,47.4803792]]]}},
{"type":"Feature","properties":{"id":"way/635265048","landuse":"grass"},"geometry":{"type":"Polygon","coordinates":[[[19.0773169,47.4810288],[19.0772686,47.4809604],[19.0773372,47.4809383],[19.0773855,47.4810067],[19.0773169,47.4810288]]]}},
{"type":"Feature","properties":{"id":"way/635265049","landuse":"grass"},"geometry":{"type":"Polygon","coordinates":[[[19.0772532,47.4809373],[19.0772029,47.4808711],[19.0772656,47.4808494],[19.0773158,47.4809155],[19.0772532,47.4809373]]]}},
{"type":"Feature","properties":{"id":"way/635265050","landuse":"grass"},"geometry":{"type":"Polygon","coordinates":[[[19.0774974,47.4812698],[19.077423,47.4811642],[19.0775073,47.4811376],[19.0775798,47.4812373],[19.0774974,47.4812698]]]}},
{"type":"Feature","properties":{"id":"way/635265051","landuse":"grass"},"geometry":{"type":"Polygon","coordinates":[[[19.0775811,47.4813819],[19.0775194,47.4812989],[19.0776005,47.4812677],[19.0776582,47.4813456],[19.0775811,47.4813819]]]}},
{"type":"Feature","properties":{"id":"way/635265052","landuse":"grass"},"geometry":{"type":"Polygon","coordinates":[[[19.0776394,47.481472],[19.0775912,47.4814136],[19.0776763,47.48138],[19.0777206,47.4814349],[19.0776394,47.481472]]]}},
{"type":"Feature","properties":{"id":"way/635265053","landuse":"grass"},"geometry":{"type":"Polygon","coordinates":[[[19.0777125,47.4815704],[19.0776649,47.4815024],[19.07774,47.4814716],[19.0777896,47.4815355],[19.0777125,47.4815704]]]}},
{"type":"Feature","properties":{"id":"way/635265054","landuse":"grass"},"geometry":{"type":"Polygon","coordinates":[[[19.077801,47.4814376],[19.077681,47.481264],[19.0777407,47.4812364],[19.077903,47.4813855],[19.077801,47.4814376]]]}},
{"type":"Feature","properties":{"id":"way/637113935","leisure":"pitch"},"geometry":{"type":"Polygon","coordinates":[[[19.0379618,47.5248129],[19.0383606,47.5247788],[19.0383923,47.5249482],[19.0379936,47.5249824],[19.0379618,47.5248129]]]}},
{"type":"Feature","properties":{"id":"way/639759006","landuse":"grass"},"geometry":{"type":"Polygon","coordinates":[[[19.0384924,47.5090034],[19.0384926,47.5087015],[19.0390471,47.5086897],[19.0390454,47.5089886],[19.0384924,47.5090034]]]}},
{"type":"Feature","properties":{"id":"way/639759022","leisure":"park"},"geometry":{"type":"Polygon","coordinates":[[[19.0349078,47.510833],[19.0348676,47.5106717],[19.0349212,47.5100956],[19.0352136,47.5100938],[19.0352082,47.5103184],[19.0350017,47.5106608],[19.0350178,47.5107442],[19.0349883,47.5108058],[19.0349078,47.510833]]]}},
{"type":"Feature","properties":{"id":"way/639759042","leisure":"park","name":"Nagy Imre tér"},"geometry":{"type":"Polygon","coordinates":[[[19.0371783,47.509051],[19.0371659,47.5085951],[19.0382598,47.5085704],[19.0382719,47.5090204],[19.0371783,47.509051]]]}},
{"type":"Feature","properties":{"id":"way/639759051","leisure":"park"},"geometry":{"type":"Polygon","coordinates":[[[19.0351827,47.5111283],[19.0350795,47.5111391],[19.0350848,47.5110658],[19.0354161,47.5106219],[19.0354402,47.5106364],[19.0353785,47.5108022],[19.0353464,47.5109661],[19.03529,47.5110168],[19.0352914,47.5110694],[19.0351827,47.5111283]]]}},
{"type":"Feature","properties":{"id":"way/639759055","leisure":"park"},"geometry":{"type":"Polygon","coordinates":[[[19.0358023,47.5117397],[19.0357782,47.5116527],[19.0357903,47.5115594],[19.0357567,47.5115259],[19.0357473,47.511314],[19.0357487,47.5111781],[19.0358626,47.5111717],[19.036033,47.5111736],[19.0360303,47.5112125],[19.035923,47.5112487],[19.0359056,47.5113357],[19.0359029,47.5114181],[19.0359941,47.5114417],[19.0360048,47.5115712],[19.0361175,47.5116129],[19.0361242,47.5117352],[19.0358023,47.5117397]]]}},
{"type":"Feature","properties":{"id":"way/639759057","leisure":"park"},"geometry":{"type":"Polygon","coordinates":[[[19.0357143,47.5111899],[19.0357193,47.5114345],[19.0357249,47.5117059],[19.0352469,47.5117078],[19.0352486,47.5116776],[19.0355308,47.5116822],[19.0355321,47.511578],[19.0356521,47.511578],[19.0356575,47.5114045],[19.0355422,47.5114041],[19.0355435,47.5112392],[19.0352489,47.5112386],[19.0352423,47.5111698],[19.0356583,47.5111699],[19.0356865,47.5111697],[19.0356967,47.5111703],[19.0357075,47.5111749],[19.0357127,47.5111816],[19.0357143,47.5111899]]]}},
{"type":"Feature","properties":{"id":"way/639886482","landuse":"forest"},"geometry":{"type":"Polygon","coordinates":[[[19.0327888,47.5078739],[19.0327433,47.5078236],[19.0329914,47.5078037],[19.0331751,47.507811],[19.0333119,47.5078372],[19.0333226,47.507859],[19.0328251,47.5078717],[19.0327888,47.5078739]]]}},
{"type":"Feature","properties":{"id":"way/639886483","natural":"scrub"},"geometry":{"type":"Polygon","coordinates":[[[19.0343868,47.5077372],[19.0343857,47.5077176],[19.0353621,47.507699],[19.0353619,47.5077186],[19.0343868,47.5077372]]]}},
{"type":"Feature","properties":{"id":"way/639886484","natural":"scrub"},"geometry":{"type":"Polygon","coordinates":[[[19.0371913,47.5077409],[19.0371918,47.5077251],[19.0379707,47.5077241],[19.0379702,47.5077398],[19.0371913,47.5077409]]]}},
{"type":"Feature","properties":{"id":"way/639886485","natural":"scrub"},"geometry":{"type":"Polygon","coordinates":[[[19.035722,47.5077267],[19.0357223,47.5077059],[19.0368664,47.50771],[19.0368662,47.5077308],[19.035722,47.5077267]]]}},
{"type":"Feature","properties":{"id":"way/640276901","leisure":"park"},"geometry":{"type":"Polygon","coordinates":[[[19.0368363,47.5405075],[19.0370724,47.5394699],[19.0367693,47.5394337],[19.0368229,47.5392472],[19.0374505,47.5393251],[19.0372521,47.5403934],[19.037075,47.5405346],[19.0368363,47.5405075]]]}},
{"type":"Feature","properties":{"id":"way/640276903","leisure":"park"},"geometry":{"type":"Polygon","coordinates":[[[19.0359734,47.5404763],[19.0362214,47.5393451],[19.0358714,47.5393092],[19.0358978,47.5391501],[19.0365654,47.53922],[19.0362963,47.5405086],[19.0359734,47.5404763]]]}},
{"type":"Feature","properties":{"id":"way/640372334","leisure":"pitch","surface":"rubber"},"geometry":{"type":"Polygon","coordinates":[[[19.0325257,47.5047703],[19.0326248,47.5047409],[19.0327161,47.5047177],[19.0328348,47.5046874],[19.0329309,47.5048442],[19.0325421,47.504955],[19.0325155,47.504913],[19.0324512,47.5048038],[19.0325257,47.5047703]]]}},
{"type":"Feature","properties":{"id":"way/641543918","natural":"grassland"},"geometry":{"type":"Polygon","coordinates":[[[19.0264929,47.5127244],[19.0264696,47.5126658],[19.0264924,47.5126617],[19.0265157,47.5127202],[19.0264929,47.5127244]]]}},
{"type":"Feature","properties":{"id":"way/641543919","natural":"grassland"},"geometry":{"type":"Polygon","coordinates":[[[19.0265279,47.5128158],[19.0265038,47.5127538],[19.0265262,47.5127498],[19.0265504,47.5128118],[19.0265279,47.5128158]]]}},
{"type":"Feature","properties":{"id":"way/641543920","natural":"grassland"},"geometry":{"type":"Polygon","coordinates":[[[19.0264401,47.5127443],[19.0264133,47.5126754],[19.026439,47.5126708],[19.0264659,47.5127397],[19.0264401,47.5127443]]]}},
{"type":"Feature","properties":{"id":"way/641543921","natural":"grassland"},"geometry":{"type":"Polygon","coordinates":[[[19.0264662,47.5128249],[19.0264441,47.5127642],[19.0264708,47.5127598],[19.0264929,47.5128204],[19.0264662,47.5128249]]]}},
{"type":"Feature","properties":{"id":"way/644306983","leisure":"park"},"geometry":{"type":"Polygon","coordinates":[[[19.071866,47.489412],[19.0718707,47.4893386],[19.0719726,47.4893353],[19.0719673,47.4894263],[19.071866,47.489412]]]}},
{"type":"Feature","properties":{"id":"way/644317518","landuse":"forest"},"geometry":{"type":"Polygon","coordinates":[[[19.0722857,47.4902226],[19.0723421,47.4899209],[19.0725861,47.4899526],[19.0726331,47.4899752],[19.0726224,47.4900668],[19.0724212,47.490084],[19.0723716,47.490219],[19.0722857,47.4902226]]]}},
{"type":"Feature","properties":{"id":"way/644317526","landuse":"forest"},"geometry":{"type":"Polygon","coordinates":[[[19.0713711,47.4900595],[19.0713054,47.4899834],[19.0713148,47.489823],[19.0721034,47.4899073],[19.0720886,47.4900097],[19.0719827,47.4901048],[19.0719263,47.4901755],[19.0713711,47.4900595]]]}},
{"type":"Feature","properties":{"id":"way/644349641","leisure":"garden"},"geometry":{"type":"Polygon","coordinates":[[[19.0682583,47.4903344],[19.0683283,47.4903414],[19.0683785,47.490346],[19.0683743,47.4903697],[19.0683701,47.490393],[19.0684346,47.4906687],[19.068312,47.4906584],[19.0682265,47.4906561],[19.0682339,47.4905799],[19.0682405,47.4905109],[19.0682461,47.4904531],[19.0682583,47.4903344]]]}},
{"type":"Feature","properties":{"id":"way/645593479","leisure":"pitch","surface":"sand"},"geometry":{"type":"Polygon","coordinates":[[[19.0429376,47.5181438],[19.0429441,47.5181297],[19.0432246,47.5181306],[19.0432246,47.5181473],[19.0432233,47.5181675],[19.0432181,47.5181999],[19.0432038,47.5182271],[19.0431869,47.5182499],[19.043161,47.5182727],[19.0429376,47.5181438]]]}},
{"type":"Feature","properties":{"id":"way/645593480","leisure":"pitch","surface":"sand"},"geometry":{"type":"Polygon","coordinates":[[[19.0429218,47.5179845],[19.0429444,47.5179051],[19.0429627,47.5179075],[19.0429876,47.5179108],[19.0430022,47.5179126],[19.0429795,47.517992],[19.0429218,47.5179845]]]}},
{"type":"Feature","properties":{"id":"way/645593481","leisure":"pitch","surface":"sand"},"geometry":{"type":"Polygon","coordinates":[[[19.0431026,47.5173596],[19.0431252,47.5172802],[19.043183,47.5172877],[19.0431603,47.5173671],[19.0431441,47.517365],[19.0431175,47.5173615],[19.0431026,47.5173596]]]}},
{"type":"Feature","properties":{"id":"way/645593482","leisure":"pitch"},"geometry":{"type":"Polygon","coordinates":[[[19.0429627,47.5179075],[19.0431175,47.5173615],[19.0431441,47.517365],[19.0429876,47.5179108],[19.0429627,47.5179075]]]}},
{"type":"Feature","properties":{"id":"way/645593483","leisure":"pitch","surface":"tartan"},"geometry":{"type":"Polygon","coordinates":[[[19.0432993,47.5171221],[19.0433519,47.5169492],[19.0438619,47.51702],[19.0438093,47.5171928],[19.0432993,47.5171221]]]}},
{"type":"Feature","properties":{"id":"way/645593484","leisure":"pitch","surface":"tartan"},"geometry":{"type":"Polygon","coordinates":[[[19.0425094,47.5181407],[19.0425861,47.5178134],[19.0427725,47.5178358],[19.0426731,47.5181659],[19.0425094,47.5181407]]]}},
{"type":"Feature","properties":{"id":"way/655189711","landuse":"grass","natural":"scrub"},"geometry":{"type":"Polygon","coordinates":[[[19.0570951,47.4868786],[19.0570176,47.486831],[19.0570391,47.4868118],[19.0571272,47.4868517],[19.0570951,47.4868786]]]}},
{"type":"Feature","properties":{"id":"way/655190551","leisure":"park","name":"Kálvin Kamara Kert"},"geometry":{"type":"Polygon","coordinates":[[[19.0618502,47.4888019],[19.0617722,47.488775],[19.0617913,47.4886451],[19.0618467,47.4882142],[19.0622694,47.4882316],[19.0621499,47.4883922],[19.0619892,47.4886118],[19.0618502,47.4888019]]]}},
{"type":"Feature","properties":{"id":"way/655190555","landuse":"grass","natural":"scrub"},"geometry":{"type":"Polygon","coordinates":[[[19.0610743,47.4890263],[19.0610336,47.4889819],[19.0610565,47.4889712],[19.0611012,47.4890156],[19.0611075,47.4890226],[19.0611079,47.4890295],[19.0611021,47.4890361],[19.061092,47.4890368],[19.061082,47.4890341],[19.0610743,47.4890263]]]}},
{"type":"Feature","properties":{"id":"way/657054899","natural":"scrub"},"geometry":{"type":"Polygon","coordinates":[[[19.031854,47.4866066],[19.0319044,47.4865605],[19.0320177,47.486459],[19.0321351,47.4863747],[19.0322839,47.4862701],[19.0323208,47.4862338],[19.032408,47.4862406],[19.0324999,47.4862125],[19.0325269,47.4861866],[19.0326998,47.4862369],[19.0329333,47.4863049],[19.0327325,47.4863238],[19.032436,47.4863836],[19.0322764,47.4864402],[19.032138,47.486514],[19.0320272,47.4865901],[19.0319707,47.4866533],[19.031854,47.4866066]]]}},
{"type":"Feature","properties":{"id":"way/658312633","landuse":"grass"},"geometry":{"type":"Polygon","coordinates":[[[19.0298413,47.4825408],[19.0299392,47.4823023],[19.0301702,47.4817898],[19.0301848,47.48178],[19.0302045,47.4817777],[19.030226,47.4817817],[19.030238,47.4817927],[19.0302397,47.4818078],[19.0299014,47.4825524],[19.0298413,47.4825408]]]}},
{"type":"Feature","properties":{"id":"way/658312634","landuse":"grass"},"geometry":{"type":"Polygon","coordinates":[[[19.0297837,47.482788],[19.0298018,47.4826801],[19.0298224,47.4826029],[19.0298748,47.4826127],[19.029837,47.4827125],[19.0298189,47.4827915],[19.0297837,47.482788]]]}},
{"type":"Feature","properties":{"id":"way/658312635","landuse":"grass"},"geometry":{"type":"Polygon","coordinates":[[[19.0303695,47.4815169],[19.0303406,47.4815841],[19.0303299,47.4815934],[19.0303166,47.4815969],[19.0303011,47.4815975],[19.0302874,47.4815948],[19.0302779,47.4815888],[19.0302698,47.4815789],[19.0302702,47.4815687],[19.0303179,47.4814565],[19.030364,47.4815104],[19.0303695,47.4815169]]]}},
{"type":"Feature","properties":{"id":"way/658312637","landuse":"grass"},"geometry":{"type":"Polygon","coordinates":[[[19.0312865,47.4794802],[19.0312933,47.4794876],[19.0312883,47.4794994],[19.0312763,47.4795069],[19.0312622,47.4795106],[19.0312456,47.47951],[19.0312307,47.4795033],[19.0312203,47.4794921],[19.0312186,47.4794795],[19.0312385,47.4794321],[19.0312865,47.4794802]]]}},
{"type":"Feature","properties":{"id":"way/658312638","landuse":"grass"},"geometry":{"type":"Polygon","coordinates":[[[19.031404,47.4790682],[19.031414,47.4790554],[19.0314289,47.4790459],[19.0314504,47.4790453],[19.0314695,47.4790504],[19.0314778,47.4790605],[19.0314795,47.4790728],[19.0314604,47.479121],[19.0314551,47.4791163],[19.031404,47.4790682]]]}},
{"type":"Feature","properties":{"id":"way/658312639","landuse":"grass"},"geometry":{"type":"Polygon","coordinates":[[[19.0319911,47.4777862],[19.0320626,47.4778011],[19.0315563,47.4789119],[19.0314848,47.478897],[19.0319911,47.4777862]]]}},
{"type":"Feature","properties":{"id":"way/658312640","landuse":"grass"},"geometry":{"type":"Polygon","coordinates":[[[19.0320102,47.4777444],[19.0321015,47.477542],[19.0321894,47.4775185],[19.0320824,47.4777601],[19.0320102,47.4777444]]]}},
{"type":"Feature","properties":{"id":"way/658312641","landuse":"grass"},"geometry":{"type":"Polygon","coordinates":[[[19.0305156,47.4810254],[19.0311488,47.4796292],[19.0312238,47.4796439],[19.0305693,47.4810837],[19.0305603,47.481082],[19.0305156,47.4810254]]]}},
{"type":"Feature","properties":{"id":"way/658482344","leisure":"park","name":"Till Ottó tér"},"geometry":{"type":"Polygon","coordinates":[[[19.0413303,47.5337538],[19.0413016,47.533691],[19.0412733,47.5336169],[19.0412662,47.5335273],[19.0412999,47.5335022],[19.0414326,47.5336349],[19.0414912,47.5337025],[19.0413303,47.5337538]]]}},
{"type":"Feature","properties":{"id":"way/658510813","landuse":"grass"},"geometry":{"type":"Polygon","coordinates":[[[19.0324519,47.4774851],[19.0323115,47.4776625],[19.032285,47.4776456],[19.0322732,47.4776161],[19.0322705,47.477584],[19.0322824,47.4775546],[19.0323141,47.4775215],[19.0323696,47.4774912],[19.0324423,47.4774655],[19.0324519,47.4774851]]]}},
{"type":"Feature","properties":{"id":"way/658563751","natural":"wood"},"geometry":{"type":"Polygon","coordinates":[[[19.0333226,47.4760435],[19.0330563,47.4759876],[19.0334065,47.4752256],[19.0336727,47.4752815],[19.0333226,47.4760435]]]}},
{"type":"Feature","properties":{"id":"way/661196266","leisure":"park"},"geometry":{"type":"Polygon","coordinates":[[[19.0339208,47.5408696],[19.0341676,47.5408946],[19.0342021,47.5407303],[19.0348658,47.5407976],[19.0346611,47.541774],[19.033674,47.5416636],[19.0339208,47.5408696]]]}},
{"type":"Feature","properties":{"id":"way/661196273","landuse":"forest"},"geometry":{"type":"Polygon","coordinates":[[[19.0304366,47.5442201],[19.0304258,47.5441767],[19.0305103,47.544126],[19.0305425,47.5439639],[19.030509,47.5439277],[19.0305385,47.5438616],[19.0306136,47.5438499],[19.0305546,47.5441224],[19.0305747,47.5441477],[19.0306498,47.5441459],[19.0308161,47.5441921],[19.030965,47.5442056],[19.031028,47.544173],[19.0310428,47.5441205],[19.0311232,47.5440182],[19.0311702,47.5439214],[19.0316355,47.5439639],[19.0316731,47.5439286],[19.0317348,47.5439259],[19.031712,47.5440291],[19.0316476,47.5441712],[19.0315054,47.5441649],[19.0314397,47.5441685],[19.031284,47.5441506],[19.0312324,47.5442094],[19.0311648,47.544212],[19.0311407,47.5442808],[19.0309891,47.5443007],[19.0308523,47.544288],[19.0307678,47.544326],[19.0307464,47.5444157],[19.0306686,47.5444202],[19.0306243,47.5443523],[19.030631,47.5442799],[19.0304366,47.5442201]]]}},
{"type":"Feature","properties":{"id":"way/661196274","leisure":"pitch"},"geometry":{"type":"Polygon","coordinates":[[[19.0317904,47.5441468],[19.0318174,47.5440423],[19.0320098,47.5440649],[19.0319829,47.5441694],[19.0317904,47.5441468]]]}},
{"type":"Feature","properties":{"id":"way/661196275","leisure":"pitch","surface":"clay"},"geometry":{"type":"Polygon","coordinates":[[[19.0320523,47.544218],[19.0321275,47.5439285],[19.0323405,47.5439537],[19.0322653,47.5442432],[19.0320523,47.544218]]]}},
{"type":"Feature","properties":{"id":"way/661196276","leisure":"pitch","surface":"asphalt"},"geometry":{"type":"Polygon","coordinates":[[[19.031811,47.5440144],[19.0318834,47.543741],[19.0321013,47.5437673],[19.0320288,47.5440407],[19.031811,47.5440144]]]}},
{"type":"Feature","properties":{"id":"way/662820350","landuse":"forest"},"geometry":{"type":"Polygon","coordinates":[[[19.0414779,47.5352816],[19.0414651,47.5352635],[19.0414531,47.5351087],[19.041494,47.5350783],[19.0415516,47.5350933],[19.041559,47.5352703],[19.0415376,47.5352848],[19.0414779,47.5352816]]]}},
{"type":"Feature","properties":{"id":"way/662821306","landuse":"grass"},"geometry":{"type":"Polygon","coordinates":[[[19.036605,47.5133915],[19.0365989,47.5133738],[19.0366774,47.5133063],[19.0368196,47.5132864],[19.0368424,47.5133004],[19.0368551,47.5133235],[19.0368544,47.5133385],[19.036605,47.5133915]]]}},
{"type":"Feature","properties":{"id":"way/662821311","landuse":"grass"},"geometry":{"type":"Polygon","coordinates":[[[19.0367716,47.5143101],[19.0367592,47.5143222],[19.0367284,47.514329],[19.0366982,47.5143249],[19.0366204,47.5140654],[19.0366211,47.514045],[19.0366533,47.5140305],[19.0367183,47.5140296],[19.0367498,47.51404],[19.036754,47.5140882],[19.0367043,47.5140744],[19.036721,47.5142964],[19.0367716,47.5143101]]]}},
{"type":"Feature","properties":{"id":"way/663003515","landuse":"forest","natural":"scrub"},"geometry":{"type":"Polygon","coordinates":[[[19.0667269,47.4790797],[19.0669227,47.4788313],[19.0669616,47.4788666],[19.0669629,47.4789301],[19.0669468,47.4789591],[19.0668797,47.4789917],[19.0668476,47.4790126],[19.0667859,47.4790824],[19.0667483,47.4790878],[19.0667269,47.4790797]]]}},
{"type":"Feature","properties":{"id":"way/663233117","leisure":"park"},"geometry":{"type":"Polygon","coordinates":[[[19.0436196,47.5360322],[19.0434828,47.5358185],[19.0436035,47.5357868],[19.0435915,47.5357678],[19.0438999,47.5356745],[19.0440314,47.5358846],[19.0440112,47.535919],[19.043971,47.535948],[19.0436196,47.5360322]]]}},
{"type":"Feature","properties":{"id":"way/663233118","landuse":"grass"},"geometry":{"type":"Polygon","coordinates":[[[19.0434316,47.5357598],[19.043334,47.535617],[19.0433626,47.5356081],[19.0434309,47.5357079],[19.0434895,47.5356897],[19.0435189,47.5357326],[19.0434316,47.5357598]]]}},
{"type":"Feature","properties":{"id":"way/663248647","landuse":"grass"},"geometry":{"type":"Polygon","coordinates":[[[19.0228493,47.5074917],[19.0228514,47.5075231],[19.0235151,47.5074882],[19.0235171,47.5075145],[19.0228182,47.5075477],[19.022736,47.5075496],[19.022702,47.5075376],[19.0226923,47.5075249],[19.0226907,47.5075137],[19.0227015,47.5075027],[19.022736,47.5074979],[19.0228493,47.5074917]]]}},
{"type":"Feature","properties":{"id":"way/663257519","landuse":"grass"},"geometry":{"type":"Polygon","coordinates":[[[19.0222686,47.5079123],[19.022268,47.5079023],[19.0223601,47.5078837],[19.0225098,47.5078686],[19.0225131,47.5078963],[19.0222686,47.5079123]]]}},
{"type":"Feature","properties":{"id":"way/663257520","landuse":"grass"},"geometry":{"type":"Polygon","coordinates":[[[19.0225878,47.5078848],[19.0225863,47.5078698],[19.0226615,47.5078663],[19.022663,47.5078813],[19.0225878,47.5078848]]]}},
{"type":"Feature","properties":{"id":"way/663257521","landuse":"grass"},"geometry":{"type":"Polygon","coordinates":[[[19.0227049,47.5078784],[19.0227033,47.5078634],[19.0227785,47.5078599],[19.02278,47.5078749],[19.0227049,47.5078784]]]}},
{"type":"Feature","properties":{"id":"way/663257522","landuse":"grass"},"geometry":{"type":"Polygon","coordinates":[[[19.0228486,47.5078682],[19.0228471,47.5078532],[19.0229223,47.5078497],[19.0229238,47.5078647],[19.0228486,47.5078682]]]}},
{"type":"Feature","properties":{"id":"way/663257523","landuse":"grass"},"geometry":{"type":"Polygon","coordinates":[[[19.0229705,47.507861],[19.0229689,47.507846],[19.0230441,47.5078425],[19.0230457,47.5078575],[19.0229705,47.507861]]]}},
{"type":"Feature","properties":{"id":"way/663257524","landuse":"grass"},"geometry":{"type":"Polygon","coordinates":[[[19.0231133,47.5078523],[19.0231118,47.5078373],[19.0231934,47.5078335],[19.0231949,47.5078485],[19.0231133,47.5078523]]]}},
{"type":"Feature","properties":{"id":"way/663257525","landuse":"grass"},"geometry":{"type":"Polygon","coordinates":[[[19.023239,47.5078463],[19.0232375,47.5078313],[19.02331,47.5078279],[19.0233115,47.5078429],[19.023239,47.5078463]]]}},
{"type":"Feature","properties":{"id":"way/663257526","landuse":"grass"},"geometry":{"type":"Polygon","coordinates":[[[19.0235123,47.5078268],[19.0235108,47.5078118],[19.0235471,47.5078101],[19.0235487,47.5078251],[19.0235123,47.5078268]]]}},
{"type":"Feature","properties":{"id":"way/663257527","landuse":"grass"},"geometry":{"type":"Polygon","coordinates":[[[19.0233751,47.507837],[19.0233736,47.507822],[19.0234599,47.507818],[19.0234615,47.507833],[19.0233751,47.507837]]]}},
{"type":"Feature","properties":{"id":"way/663257528","landuse":"grass"},"geometry":{"type":"Polygon","coordinates":[[[19.0237681,47.5078176],[19.0237646,47.5077855],[19.0238256,47.5077831],[19.0238286,47.5077876],[19.0238162,47.5077999],[19.0238177,47.5078152],[19.0237681,47.5078176]]]}},
{"type":"Feature","properties":{"id":"way/663257529","landuse":"grass"},"geometry":{"type":"Polygon","coordinates":[[[19.0236462,47.5078233],[19.0236447,47.5078082],[19.023731,47.5078042],[19.0237326,47.5078193],[19.0236462,47.5078233]]]}},
{"type":"Feature","properties":{"id":"way/664614180","landuse":"grass"},"geometry":{"type":"Polygon","coordinates":[[[19.0255141,47.5328333],[19.0255221,47.5328265],[19.0256132,47.5328477],[19.0256301,47.5328681],[19.0256234,47.5328844],[19.0255986,47.5329012],[19.025571,47.5329056],[19.0255482,47.5328917],[19.0255141,47.5328333]]]}},
{"type":"Feature","properties":{"id":"way/664624387","landuse":"grass"},"geometry":{"type":"Polygon","coordinates":[[[19.0294354,47.5297804],[19.0296225,47.5296486],[19.0296701,47.5296319],[19.0296849,47.5296341],[19.0296963,47.5296459],[19.0297137,47.5296758],[19.0297231,47.5297202],[19.0297198,47.5297686],[19.029648,47.5300946],[19.0296259,47.5301159],[19.0295883,47.5301177],[19.0295481,47.5301095],[19.0295313,47.5300928],[19.0295763,47.5298352],[19.0294857,47.5298238],[19.0294354,47.5297804]]]}},
{"type":"Feature","properties":{"id":"way/664626756","landuse":"forest"},"geometry":{"type":"Polygon","coordinates":[[[19.0310776,47.5383627],[19.0313525,47.5384433],[19.0313163,47.5384731],[19.0312654,47.5384813],[19.0310454,47.5384161],[19.0310776,47.5383627]]]}},
{"type":"Feature","properties":{"id":"way/664651759","landuse":"forest"},"geometry":{"type":"Polygon","coordinates":[[[19.0272984,47.537077],[19.0272313,47.5370852],[19.0271777,47.5370598],[19.0271227,47.5370399],[19.0270959,47.5369222],[19.0271133,47.5367973],[19.0272273,47.5367755],[19.0273011,47.5367737],[19.0274607,47.5368045],[19.0274526,47.5368733],[19.0274003,47.536895],[19.0273011,47.5368968],[19.0272394,47.5369575],[19.0272662,47.5370028],[19.0273239,47.5370417],[19.0272984,47.537077]]]}},
{"type":"Feature","properties":{"id":"way/667050341","name":"Függőkert","natural":"scrub"},"geometry":{"type":"Polygon","coordinates":[[[19.0277054,47.5092423],[19.0277312,47.50926],[19.0277559,47.5092769],[19.0259041,47.5105084],[19.0258537,47.5104739],[19.0277054,47.5092423]]]}},
{"type":"Feature","properties":{"id":"way/667570494","leisure":"pitch","surface":"sand"},"geometry":{"type":"Polygon","coordinates":[[[19.0368997,47.4909848],[19.0369157,47.4909241],[19.0369276,47.4909256],[19.0369435,47.4909275],[19.0369526,47.4909286],[19.0369366,47.4909893],[19.0368997,47.4909848]]]}},
{"type":"Feature","properties":{"id":"way/667570495","leisure":"pitch","surface":"sand"},"geometry":{"type":"Polygon","coordinates":[[[19.0370169,47.4905449],[19.0370318,47.4904883],[19.0370691,47.4904928],[19.0370542,47.4905493],[19.0370434,47.490548],[19.0370276,47.4905461],[19.0370169,47.4905449]]]}},
{"type":"Feature","properties":{"id":"way/667625000","landuse":"grass"},"geometry":{"type":"Polygon","coordinates":[[[19.0381794,47.5331859],[19.0382478,47.5331846],[19.0383142,47.5332706],[19.038398,47.5333322],[19.0385174,47.5333919],[19.0385831,47.5334082],[19.0385804,47.53342],[19.0382043,47.5334159],[19.0381774,47.5333969],[19.0381794,47.5331859]]]}},
{"type":"Feature","properties":{"id":"way/667625009","landuse":"forest"},"geometry":{"type":"Polygon","coordinates":[[[19.0396459,47.5324303],[19.0395829,47.5324285],[19.039548,47.5323796],[19.0393978,47.5322701],[19.0394019,47.5322375],[19.0396138,47.5322384],[19.0396298,47.5322574],[19.0396459,47.5324303]]]}},
{"type":"Feature","properties":{"id":"way/669326421","natural":"scrub"},"geometry":{"type":"Polygon","coordinates":[[[19.0274168,47.5118303],[19.0274616,47.51182],[19.0273621,47.5116229],[19.0273964,47.511615],[19.0274961,47.5118127],[19.0275472,47.5118009],[19.0275576,47.5118215],[19.0274275,47.5118514],[19.0274168,47.5118303]]]}},
{"type":"Feature","properties":{"id":"way/671826408","leisure":"pitch"},"geometry":{"type":"Polygon","coordinates":[[[19.0368354,47.4782179],[19.0368545,47.4782131],[19.036867,47.4782357],[19.0368478,47.4782405],[19.0368354,47.4782179]]]}},
{"type":"Feature","properties":{"id":"way/671826409","leisure":"pitch"},"geometry":{"type":"Polygon","coordinates":[[[19.0368698,47.4782816],[19.0368883,47.4782774],[19.0369003,47.4783013],[19.0368818,47.4783056],[19.0368698,47.4782816]]]}},
{"type":"Feature","properties":{"id":"way/671826410","leisure":"pitch","surface":"tartan"},"geometry":{"type":"Polygon","coordinates":[[[19.0369637,47.4783622],[19.0371375,47.478319],[19.0372613,47.4785464],[19.0370876,47.4785897],[19.0369637,47.4783622]]]}},
{"type":"Feature","properties":{"id":"way/672479532","landuse":"grass"},"geometry":{"type":"Polygon","coordinates":[[[19.0237619,47.4908724],[19.0223511,47.4908534],[19.0223511,47.4908026],[19.0232617,47.4908026],[19.0232563,47.4907011],[19.0235715,47.4906748],[19.0235326,47.4904664],[19.023782,47.4904619],[19.0237619,47.4908724]]]}},
{"type":"Feature","properties":{"id":"way/672481544","landuse":"grass"},"geometry":{"type":"Polygon","coordinates":[[[19.0248063,47.4901477],[19.0248364,47.4901157],[19.02488,47.4900842],[19.0249226,47.4900586],[19.0249776,47.4900391],[19.0250389,47.4900269],[19.0250557,47.4901196],[19.0249474,47.4901612],[19.0248063,47.4901477]]]}},
{"type":"Feature","properties":{"id":"way/672481557","landuse":"grass"},"geometry":{"type":"Polygon","coordinates":[[[19.0248569,47.4898447],[19.0248837,47.4895158],[19.0249206,47.4895144],[19.0253029,47.4898253],[19.0249541,47.4898484],[19.0248569,47.4898447]]]}},
{"type":"Feature","properties":{"id":"way/672660646","landuse":"grass"},"geometry":{"type":"Polygon","coordinates":[[[19.0444981,47.4907628],[19.0444382,47.4906886],[19.0443415,47.4904732],[19.044296,47.4903894],[19.0442318,47.4903198],[19.0442798,47.4902881],[19.044427,47.4902816],[19.0446593,47.4902736],[19.0447495,47.4902795],[19.044841,47.4903074],[19.0449178,47.4903368],[19.0449594,47.4903771],[19.0449678,47.4904005],[19.0448467,47.4905036],[19.0446764,47.4906477],[19.0445983,47.4907063],[19.0444981,47.4907628]]]}},
{"type":"Feature","properties":{"id":"way/672660647","natural":"scrub"},"geometry":{"type":"Polygon","coordinates":[[[19.0449326,47.4910799],[19.044946,47.4910649],[19.0449855,47.4910785],[19.0450332,47.4910826],[19.0451136,47.4910899],[19.0451364,47.491098],[19.0451311,47.4911225],[19.04506,47.4911515],[19.0449983,47.4911334],[19.0449326,47.4910799]]]}},
{"type":"Feature","properties":{"id":"way/672712488","landuse":"grass"},"geometry":{"type":"Polygon","coordinates":[[[19.0244821,47.5014013],[19.0244539,47.5012337],[19.0247751,47.5010724],[19.0249803,47.500956],[19.0251989,47.5008387],[19.0252318,47.5008418],[19.0252733,47.5008409],[19.025103,47.5009546],[19.0247845,47.5011784],[19.0244821,47.5014013]]]}},
{"type":"Feature","properties":{"id":"way/672712489","landuse":"grass"},"geometry":{"type":"Polygon","coordinates":[[[19.024132,47.5032894],[19.024127,47.5032831],[19.0241428,47.5030729],[19.0241622,47.5029279],[19.024179,47.5027603],[19.0241998,47.5024921],[19.0243097,47.5024908],[19.024303,47.5025968],[19.024295,47.5027259],[19.0242742,47.5028491],[19.024238,47.5029931],[19.0241857,47.5031299],[19.024148,47.5032883],[19.0241391,47.5032909],[19.024132,47.5032894]]]}},
{"type":"Feature","properties":{"id":"way/672712491","landuse":"grass"},"geometry":{"type":"Polygon","coordinates":[[[19.0240543,47.5030307],[19.0240462,47.5030425],[19.0240382,47.5030457],[19.0240231,47.5030396],[19.024002,47.5028568],[19.0239362,47.5026244],[19.0240737,47.5025506],[19.0240724,47.5028418],[19.0240543,47.5030307]]]}},
{"type":"Feature","properties":{"id":"way/672712492","landuse":"grass"},"geometry":{"type":"Polygon","coordinates":[[[19.0242169,47.5024475],[19.0242189,47.5023312],[19.0242682,47.5023036],[19.0243133,47.5022584],[19.0243437,47.5021541],[19.0243581,47.5021552],[19.0243272,47.5024283],[19.0242169,47.5024475]]]}},
{"type":"Feature","properties":{"id":"way/672712493","landuse":"grass"},"geometry":{"type":"Polygon","coordinates":[[[19.0242018,47.5021877],[19.0242428,47.5018692],[19.02425,47.501698],[19.024252,47.5015988],[19.0242727,47.5015595],[19.0242801,47.5018682],[19.0242541,47.5020364],[19.0242487,47.5021257],[19.0242212,47.5021895],[19.0242132,47.5021959],[19.0242018,47.5021877]]]}},
{"type":"Feature","properties":{"id":"way/672712494","landuse":"grass"},"geometry":{"type":"Polygon","coordinates":[[[19.024069,47.5023139],[19.0240132,47.502316],[19.0239758,47.5023086],[19.0239447,47.5022904],[19.0239231,47.5022673],[19.0239184,47.5022357],[19.0239557,47.5020196],[19.0239846,47.5018339],[19.0240398,47.5015162],[19.0240533,47.5015024],[19.024069,47.5023139]]]}},
{"type":"Feature","properties":{"id":"way/672712495","landuse":"grass","leisure":"park","name":"Magyar jakobinusok tere"},"geometry":{"type":"Polygon","coordinates":[[[19.0237203,47.5021426],[19.0234856,47.5017519],[19.0234616,47.5017084],[19.023457,47.501674],[19.0234719,47.5016427],[19.0235031,47.5016178],[19.0238558,47.5014511],[19.0237458,47.5021324],[19.0237431,47.5021433],[19.0237368,47.5021487],[19.0237274,47.5021492],[19.0237203,47.5021426]]]}},
{"type":"Feature","properties":{"id":"way/67327954","leisure":"park","name":"Nehru part"},"geometry":{"type":"Polygon","coordinates":[[[19.0622327,47.4827339],[19.0620856,47.4827116],[19.0619365,47.4826742],[19.0618854,47.4826302],[19.0618828,47.4825021],[19.0636817,47.4812973],[19.06375,47.48125],[19.0651909,47.4799659],[19.0656916,47.480231],[19.064775,47.4811815],[19.0646615,47.4812849],[19.0645506,47.4814122],[19.064307,47.4816725],[19.0641614,47.4817983],[19.0637971,47.482063],[19.0632983,47.4824254],[19.0629399,47.4826673],[19.0626325,47.4829173],[19.0625855,47.4828942],[19.0623574,47.4827903],[19.0622327,47.4827339]]]}},
{"type":"Feature","properties":{"id":"way/674221965","natural":"grassland"},"geometry":{"type":"Polygon","coordinates":[[[19.0674939,47.5228122],[19.0675891,47.5227498],[19.0676334,47.5227789],[19.0677783,47.5228758],[19.0676844,47.5229373],[19.0674939,47.5228122]]]}},
{"type":"Feature","properties":{"id":"way/674221966","landuse":"forest"},"geometry":{"type":"Polygon","coordinates":[[[19.0683067,47.5231248],[19.068298,47.5230927],[19.068422,47.5230166],[19.0688478,47.5233467],[19.068823,47.5233594],[19.0687439,47.523373],[19.0685454,47.5232425],[19.0684918,47.5232516],[19.0683067,47.5231248]]]}},
{"type":"Feature","properties":{"id":"way/675600414","leisure":"park"},"geometry":{"type":"Polygon","coordinates":[[[19.0728254,47.5445897],[19.0728174,47.5445553],[19.072811,47.5445467],[19.0728142,47.5445359],[19.0728206,47.5445273],[19.0728429,47.5445219],[19.0728637,47.5445176],[19.0728812,47.5445058],[19.0728812,47.5445144],[19.0728812,47.544523],[19.072886,47.5445327],[19.0728892,47.5445413],[19.0728956,47.5445542],[19.0728908,47.5445682],[19.0728748,47.544579],[19.07287,47.5445865],[19.0728573,47.5445865],[19.0728378,47.5445828],[19.0728254,47.5445897]]]}},
{"type":"Feature","properties":{"id":"way/675600415","leisure":"park"},"geometry":{"type":"Polygon","coordinates":[[[19.0729717,47.5445678],[19.0729726,47.5445627],[19.0729745,47.5445579],[19.0729759,47.5445508],[19.0729807,47.5445444],[19.072984,47.5445384],[19.0729902,47.5445307],[19.0729954,47.5445249],[19.073002,47.5445208],[19.0730086,47.5445192],[19.0730177,47.5445182],[19.0730309,47.5445172],[19.0730385,47.5445144],[19.0730433,47.5445112],[19.0730518,47.5445064],[19.0730556,47.5445032],[19.0730693,47.5444977],[19.0730674,47.5445019],[19.0730655,47.5445076],[19.0730627,47.5445124],[19.0730599,47.5445176],[19.0730565,47.5445214],[19.0730551,47.5445268],[19.0730518,47.5445326],[19.0730508,47.5445377],[19.0730471,47.5445416],[19.0730433,47.5445473],[19.0730357,47.5445534],[19.0730252,47.5445598],[19.0730134,47.5445636],[19.0730015,47.5445656],[19.0729849,47.5445662],[19.0729717,47.5445678]]]}},
{"type":"Feature","properties":{"id":"way/675600416","leisure":"park"},"geometry":{"type":"Polygon","coordinates":[[[19.0730274,47.5447348],[19.073037,47.5447348],[19.073046,47.5447348],[19.0730595,47.5447348],[19.0730685,47.5447367],[19.0730798,47.5447378],[19.0730928,47.5447393],[19.0731046,47.5447431],[19.0731114,47.5447485],[19.0731153,47.544753],[19.073126,47.5447584],[19.0731306,47.5447626],[19.0731356,47.5447675],[19.073139,47.5447705],[19.073143,47.5447751],[19.0731469,47.5447782],[19.0731373,47.5447766],[19.0731221,47.5447751],[19.0730928,47.5447732],[19.0730804,47.5447713],[19.073073,47.5447709],[19.0730635,47.5447694],[19.0730539,47.5447667],[19.0730494,47.5447645],[19.0730415,47.5447584],[19.073037,47.5447542],[19.0730341,47.5447508],[19.0730302,47.5447469],[19.0730251,47.5447416],[19.073024,47.5447386],[19.0730274,47.5447348]]]}},
{"type":"Feature","properties":{"id":"way/675600417","leisure":"park"},"geometry":{"type":"Polygon","coordinates":[[[19.0729226,47.544822],[19.0728784,47.5447557],[19.0728979,47.5447587],[19.0729091,47.5447601],[19.072917,47.5447609],[19.0729298,47.5447627],[19.0729346,47.5447636],[19.072943,47.5447646],[19.0729517,47.5447649],[19.0729613,47.5447668],[19.0729689,47.5447676],[19.0729768,47.5447687],[19.0729872,47.5447697],[19.0729972,47.5447711],[19.0730032,47.5447724],[19.0730095,47.5447746],[19.0730155,47.5447775],[19.0730207,47.5447808],[19.0730275,47.5447859],[19.0730335,47.5447897],[19.0730378,47.544794],[19.0730426,47.5447969],[19.0730458,47.5447991],[19.0729226,47.544822]]]}},
{"type":"Feature","properties":{"id":"way/675600418","leisure":"park"},"geometry":{"type":"Polygon","coordinates":[[[19.0731813,47.5447894],[19.0731608,47.5447405],[19.0732151,47.5447301],[19.0732356,47.5447791],[19.0731813,47.5447894]]]}},
{"type":"Feature","properties":{"id":"way/675600419","leisure":"park"},"geometry":{"type":"Polygon","coordinates":[[[19.0730972,47.544711],[19.0731036,47.5447114],[19.073111,47.5447103],[19.0731211,47.5447095],[19.0731287,47.5447078],[19.0731372,47.5447068],[19.0731482,47.5447049],[19.0731566,47.5447034],[19.0731634,47.5447028],[19.0731744,47.5447032],[19.0731865,47.544704],[19.0731941,47.5447063],[19.0732017,47.5447089],[19.0732082,47.5447124],[19.073213,47.5447146],[19.0732201,47.5447171],[19.0732257,47.5447192],[19.0732297,47.5447198],[19.0732206,47.5447215],[19.0732122,47.5447232],[19.0732063,47.5447253],[19.0731874,47.5447287],[19.07318,47.5447302],[19.0731727,47.5447318],[19.0731657,47.5447331],[19.0731566,47.5447342],[19.0731482,47.5447356],[19.0731389,47.5447356],[19.0731304,47.5447342],[19.0731211,47.5447318],[19.0731163,47.5447295],[19.0731118,47.5447261],[19.0731062,47.544723],[19.0731025,47.5447202],[19.0730994,47.5447183],[19.073096,47.5447158],[19.0730921,47.5447133],[19.0730881,47.544711],[19.0730972,47.544711]]]}},
{"type":"Feature","properties":{"id":"way/675600420","landuse":"grass"},"geometry":{"type":"Polygon","coordinates":[[[19.0732775,47.5447688],[19.0732573,47.5447204],[19.073291,47.544714],[19.0733112,47.5447624],[19.0732775,47.5447688]]]}},
{"type":"Feature","properties":{"id":"way/675600423","landuse":"grass"},"geometry":{"type":"Polygon","coordinates":[[[19.0740154,47.5448181],[19.073956,47.5448307],[19.0739284,47.5447666],[19.0739865,47.5447541],[19.0740154,47.5448181]]]}},
{"type":"Feature","properties":{"id":"way/675600424","landuse":"grass"},"geometry":{"type":"Polygon","coordinates":[[[19.0739822,47.5447427],[19.0739212,47.5447551],[19.0738704,47.5446401],[19.0738374,47.5446465],[19.0738231,47.5446145],[19.0739197,47.5445944],[19.0739822,47.5447427]]]}},
{"type":"Feature","properties":{"id":"way/675600425","landuse":"grass"},"geometry":{"type":"Polygon","coordinates":[[[19.0735566,47.5446683],[19.0737926,47.5446187],[19.0738081,47.544655],[19.0736742,47.5446848],[19.073698,47.5447363],[19.0735939,47.5447551],[19.0735566,47.5446683]]]}},
{"type":"Feature","properties":{"id":"way/675600426","landuse":"grass"},"geometry":{"type":"Polygon","coordinates":[[[19.0733283,47.5447157],[19.0735325,47.5446736],[19.0735508,47.5447156],[19.0733439,47.5447558],[19.0733283,47.5447157]]]}},
{"type":"Feature","properties":{"id":"way/675600428","landuse":"grass"},"geometry":{"type":"Polygon","coordinates":[[[19.0737384,47.5442646],[19.0737165,47.5442171],[19.0737707,47.5442056],[19.0737927,47.5442532],[19.0737384,47.5442646]]]}},
{"type":"Feature","properties":{"id":"way/675600429","landuse":"grass"},"geometry":{"type":"Polygon","coordinates":[[[19.0736104,47.5439896],[19.0735329,47.5438134],[19.0733933,47.5438413],[19.0733753,47.5438004],[19.0735785,47.5437597],[19.0736739,47.5439769],[19.0736104,47.5439896]]]}},
{"type":"Feature","properties":{"id":"way/675600430","landuse":"grass"},"geometry":{"type":"Polygon","coordinates":[[[19.0729067,47.5439449],[19.0728916,47.543985],[19.0726351,47.5440374],[19.0725999,47.5439586],[19.0729997,47.543877],[19.0730177,47.5439235],[19.0729067,47.5439449]]]}},
{"type":"Feature","properties":{"id":"way/675600431","landuse":"grass"},"geometry":{"type":"Polygon","coordinates":[[[19.0732031,47.5438354],[19.0732202,47.5438732],[19.0732052,47.5438763],[19.0730411,47.5439103],[19.0730237,47.543872],[19.0732031,47.5438354]]]}},
{"type":"Feature","properties":{"id":"way/675600432","landuse":"grass"},"geometry":{"type":"Polygon","coordinates":[[[19.0732534,47.5438252],[19.0733463,47.5438061],[19.0733641,47.5438454],[19.0732712,47.5438646],[19.0732534,47.5438252]]]}},
{"type":"Feature","properties":{"id":"way/675600436","landuse":"grass"},"geometry":{"type":"Polygon","coordinates":[[[19.0720436,47.5448947],[19.0720483,47.5448313],[19.0720521,47.5448191],[19.0720559,47.5448089],[19.0720654,47.5448031],[19.0720777,47.5447967],[19.0721052,47.5447897],[19.0721545,47.5447782],[19.0721669,47.5447999],[19.0721801,47.5448044],[19.0722057,47.5447948],[19.0722323,47.5447756],[19.0722408,47.5447826],[19.0722712,47.5447967],[19.0722939,47.5448191],[19.0722835,47.5448236],[19.0722645,47.5448307],[19.0722313,47.5448486],[19.0721991,47.5448627],[19.0720436,47.5448947]]]}},
{"type":"Feature","properties":{"id":"way/675621187","leisure":"garden"},"geometry":{"type":"Polygon","coordinates":[[[19.0382213,47.4982552],[19.0384271,47.4979001],[19.038556,47.4979326],[19.0383644,47.4982942],[19.0382213,47.4982552]]]}},
{"type":"Feature","properties":{"id":"way/675621192","leisure":"pitch","surface":"asphalt"},"geometry":{"type":"Polygon","coordinates":[[[19.0375933,47.4956855],[19.0374159,47.4955489],[19.0378733,47.4952776],[19.0380507,47.4954142],[19.0375933,47.4956855]]]}},
{"type":"Feature","properties":{"id":"way/677584005","landuse":"meadow"},"geometry":{"type":"Polygon","coordinates":[[[19.0304973,47.5361447],[19.0303658,47.5361413],[19.0302951,47.5361194],[19.0302347,47.5360743],[19.0301386,47.5360494],[19.030213,47.5359401],[19.0305537,47.5359455],[19.0306824,47.5360035],[19.0306449,47.5360596],[19.0304973,47.5361447]]]}},
{"type":"Feature","properties":{"id":"way/677584006","landuse":"meadow"},"geometry":{"type":"Polygon","coordinates":[[[19.0307092,47.5363312],[19.0307575,47.5362479],[19.0307548,47.5361284],[19.0308353,47.536027],[19.031015,47.5361338],[19.0309426,47.5362353],[19.0307924,47.5363403],[19.0307092,47.5363312]]]}},
{"type":"Feature","properties":{"id":"way/678700172","landuse":"forest","natural":"tree_group"},"geometry":{"type":"Polygon","coordinates":[[[19.0627043,47.4903133],[19.0627096,47.4903418],[19.0627042,47.4903817],[19.0626989,47.4903894],[19.0626787,47.490408],[19.0626445,47.4904283],[19.0626405,47.4904582],[19.0626405,47.4904895],[19.0626097,47.4905122],[19.0625936,47.4905285],[19.0625909,47.490557],[19.0625586,47.4905819],[19.0625077,47.4905797],[19.0624675,47.4906087],[19.0624662,47.4906739],[19.0625118,47.4907591],[19.0625024,47.4908225],[19.0624474,47.4908814],[19.0623817,47.4908968],[19.0622959,47.4908805],[19.0622771,47.4908534],[19.0623294,47.4908366],[19.0623596,47.4907981],[19.0623274,47.4907496],[19.0623515,47.4907265],[19.0623602,47.4906961],[19.0623575,47.4906544],[19.0623904,47.4906309],[19.0623824,47.4905901],[19.0623897,47.4905602],[19.06243,47.4905316],[19.0624427,47.4905072],[19.0624333,47.4904524],[19.0624729,47.490422],[19.0624501,47.4903785],[19.0623575,47.4903568],[19.0622878,47.4903758],[19.0622891,47.4903939],[19.062261,47.4904519],[19.0622248,47.4904918],[19.0621845,47.4905244],[19.0622221,47.4905742],[19.0621792,47.4906159],[19.0621322,47.4906295],[19.0620424,47.4907156],[19.0620142,47.4907337],[19.0619633,47.490721],[19.0619968,47.4905824],[19.0619686,47.4905452],[19.0619814,47.4905022],[19.062029,47.4904795],[19.0620558,47.4904519],[19.062029,47.4903894],[19.0620545,47.4902462],[19.0627043,47.4903133]]]}},
{"type":"Feature","properties":{"id":"way/678700175","landuse":"forest","natural":"tree_group"},"geometry":{"type":"Polygon","coordinates":[[[19.0638723,47.4909709],[19.0638703,47.4909095],[19.0638542,47.4908955],[19.0638361,47.4909095],[19.0638079,47.4909132],[19.0637764,47.4909036],[19.0637389,47.4908955],[19.0636805,47.4908973],[19.063643,47.4909032],[19.0635974,47.490891],[19.0635788,47.4908765],[19.0635887,47.490837],[19.063645,47.4907899],[19.063708,47.4907949],[19.0637275,47.4907818],[19.0636959,47.4907383],[19.0637074,47.4906734],[19.0636001,47.4906196],[19.0634988,47.4906177],[19.0634679,47.4906404],[19.0634599,47.4906875],[19.0633848,47.490722],[19.0633093,47.4907111],[19.0632742,47.4906757],[19.0632715,47.4906635],[19.0632903,47.4906273],[19.0633057,47.4906109],[19.0633781,47.4905706],[19.0633922,47.4905212],[19.0633607,47.4904773],[19.0633104,47.4904623],[19.0632916,47.4904723],[19.0632762,47.4904995],[19.0632588,47.4905362],[19.0632098,47.4905842],[19.0631823,47.4906118],[19.0631428,47.4906322],[19.0630965,47.4906363],[19.0630563,47.4906241],[19.0630317,47.4905965],[19.0630308,47.4905715],[19.0631166,47.490538],[19.063184,47.4904542],[19.0632333,47.490446],[19.0632343,47.4904256],[19.0631897,47.4904218],[19.0631709,47.4904036],[19.063189,47.4903749],[19.0635431,47.4904093],[19.0635834,47.4904411],[19.0636551,47.4904243],[19.0637308,47.4904225],[19.0637597,47.4904419],[19.0638314,47.4904646],[19.0639092,47.490461],[19.063989,47.4904542],[19.0640332,47.4904995],[19.0640078,47.4905493],[19.0639588,47.4905534],[19.0639347,47.4906051],[19.0639514,47.490635],[19.0639213,47.4907301],[19.0638737,47.4907614],[19.0638227,47.4907695],[19.06382,47.4907917],[19.063869,47.4908053],[19.0639474,47.4907741],[19.0640299,47.4907691],[19.0640534,47.4908157],[19.0640447,47.4908543],[19.0639977,47.4908756],[19.063991,47.490905],[19.0639541,47.4909231],[19.0639427,47.4909802],[19.0639045,47.4909875],[19.0638723,47.4909709]]]}},
{"type":"Feature","properties":{"id":"way/679081755","landuse":"grass","natural":"scrub"},"geometry":{"type":"Polygon","coordinates":[[[19.0641354,47.4894316],[19.0641439,47.4894129],[19.0641402,47.4893944],[19.0641975,47.4893887],[19.0642291,47.4894197],[19.064227,47.4894578],[19.0641633,47.4894302],[19.0641354,47.4894316]]]}},
{"type":"Feature","properties":{"id":"way/679081756","landuse":"grass","natural":"scrub"},"geometry":{"type":"Polygon","coordinates":[[[19.0640587,47.4893525],[19.0641794,47.4893187],[19.0642056,47.489321],[19.0641928,47.4893699],[19.0641291,47.4893808],[19.0641184,47.4893736],[19.064107,47.4893694],[19.0640876,47.4893649],[19.0640708,47.4893651],[19.0640587,47.4893525]]]}},
{"type":"Feature","properties":{"id":"way/679081757","landuse":"forest","natural":"tree_group"},"geometry":{"type":"Polygon","coordinates":[[[19.0640258,47.4893811],[19.0640167,47.4893936],[19.0640115,47.4894052],[19.0640135,47.4894224],[19.0640284,47.4894387],[19.0640425,47.4894471],[19.0640595,47.4894535],[19.064103,47.4894514],[19.0641234,47.4894417],[19.0641354,47.4894316],[19.0641633,47.4894302],[19.064227,47.4894578],[19.0642901,47.4895076],[19.0643109,47.4895643],[19.0633144,47.4895561],[19.063305,47.4895407],[19.0633151,47.4895144],[19.0636658,47.4894818],[19.0636886,47.4894451],[19.0640178,47.4893643],[19.0640258,47.4893811]]]}},
{"type":"Feature","properties":{"id":"way/679089002","area":"yes","highway":"pedestrian","surface":"paving_stones"},"geometry":{"type":"Polygon","coordinates":[[[19.0705674,47.5325858],[19.0706077,47.5326202],[19.070634,47.5326605],[19.0706443,47.532704],[19.070638,47.5327478],[19.0706155,47.5327891],[19.0705784,47.5328252],[19.0703965,47.5326929],[19.0705674,47.5325858]]]}},
{"type":"Feature","properties":{"id":"way/679095092","landuse":"grass"},"geometry":{"type":"Polygon","coordinates":[[[19.0466419,47.5375644],[19.0466442,47.5375675],[19.0466535,47.5375834],[19.0466562,47.5375963],[19.0466554,47.5376096],[19.0466514,47.5376203],[19.0466419,47.5376291],[19.0466283,47.5376351],[19.0466124,47.5376373],[19.0465964,47.5376354],[19.0465825,47.5376298],[19.0465726,47.5376211],[19.0465694,47.5376175],[19.0465587,47.5376006],[19.0465556,47.5375911],[19.0465543,47.5375831],[19.0465545,47.5375702],[19.0465625,47.5375584],[19.0465769,47.5375498],[19.0465951,47.5375459],[19.0466142,47.5375474],[19.0466307,47.5375539],[19.0466419,47.5375644]]]}},
{"type":"Feature","properties":{"id":"way/679575480","name":"Kodály körönd","place":"square"},"geometry":{"type":"Polygon","coordinates":[[[19.0697005,47.5091424],[19.0699079,47.5091058],[19.0701223,47.5091052],[19.0703301,47.5091406],[19.0705184,47.5092098],[19.0706753,47.5093085],[19.070791,47.5094304],[19.0708581,47.5095679],[19.0708725,47.5097124],[19.0708333,47.5098547],[19.0707428,47.509986],[19.0706069,47.510098],[19.070434,47.5101836],[19.0702351,47.5102375],[19.0700225,47.5102562],[19.0698097,47.5102387],[19.06961,47.510186],[19.0694361,47.5101014],[19.0692987,47.5099902],[19.0692066,47.5098595],[19.0691655,47.5097174],[19.0691781,47.5095728],[19.0692434,47.5094349],[19.0693575,47.5093123],[19.0695131,47.5092128],[19.0697005,47.5091424]]]}},
{"type":"Feature","properties":{"id":"way/681586165","leisure":"pitch"},"geometry":{"type":"Polygon","coordinates":[[[19.0605029,47.5385778],[19.0605463,47.5384212],[19.0606586,47.5384339],[19.060615,47.5385917],[19.0605029,47.5385778]]]}},
{"type":"Feature","properties":{"id":"way/683132978","landuse":"grass"},"geometry":{"type":"Polygon","coordinates":[[[19.0741339,47.5450857],[19.0740694,47.5451408],[19.0740131,47.5451521],[19.073999,47.54512],[19.0740778,47.5451041],[19.0740108,47.5449457],[19.0740689,47.5449332],[19.0741339,47.5450857]]]}},
{"type":"Feature","properties":{"id":"way/683132980","landuse":"grass"},"geometry":{"type":"Polygon","coordinates":[[[19.0738534,47.5445099],[19.0737483,47.5442826],[19.0738026,47.5442712],[19.0739076,47.5444985],[19.0738534,47.5445099]]]}},
{"type":"Feature","properties":{"id":"way/683132982","landuse":"grass"},"geometry":{"type":"Polygon","coordinates":[[[19.0737069,47.5441901],[19.0736518,47.5440708],[19.073706,47.5440594],[19.0737612,47.5441787],[19.0737069,47.5441901]]]}},
{"type":"Feature","properties":{"id":"way/683132983","landuse":"grass"},"geometry":{"type":"Polygon","coordinates":[[[19.072146,47.5440998],[19.0721253,47.5440539],[19.0724117,47.5439953],[19.0724323,47.5440412],[19.072146,47.5440998]]]}},
{"type":"Feature","properties":{"id":"way/683132984","landuse":"grass"},"geometry":{"type":"Polygon","coordinates":[[[19.0717977,47.5441748],[19.0717771,47.5441289],[19.0720049,47.5440822],[19.0720255,47.5441281],[19.0717977,47.5441748]]]}},
{"type":"Feature","properties":{"id":"way/683506511","leisure":"playground","name":"Zsigmond téri játszótér"},"geometry":{"type":"Polygon","coordinates":[[[19.0371483,47.5227995],[19.0372459,47.5227979],[19.0377643,47.5227869],[19.0378059,47.5227857],[19.0378112,47.5229613],[19.037658,47.5230609],[19.0374594,47.5231421],[19.0373054,47.5232051],[19.0371431,47.5231763],[19.0371452,47.5231396],[19.0371483,47.5227995]]]}},
{"type":"Feature","properties":{"id":"way/683657381","landuse":"grass"},"geometry":{"type":"Polygon","coordinates":[[[19.0546314,47.4966802],[19.0547976,47.4966226],[19.0548338,47.4965908],[19.0552162,47.4965023],[19.0557016,47.4963564],[19.0558086,47.4964696],[19.0556923,47.4965036],[19.0556792,47.4964843],[19.0550882,47.4966202],[19.0549494,47.4966848],[19.0546566,47.4967059],[19.0546314,47.4966802]]]}},
{"type":"Feature","properties":{"id":"way/685173569","leisure":"pitch","surface":"tartan"},"geometry":{"type":"Polygon","coordinates":[[[19.050293,47.5095677],[19.0504731,47.5095421],[19.0505343,47.509739],[19.0503543,47.5097645],[19.050293,47.5095677]]]}},
{"type":"Feature","properties":{"id":"way/685173571","leisure":"pitch","surface":"tartan"},"geometry":{"type":"Polygon","coordinates":[[[19.0504791,47.5095416],[19.0506626,47.5095155],[19.0507237,47.509712],[19.0505402,47.509738],[19.0504791,47.5095416]]]}},
{"type":"Feature","properties":{"id":"way/685173574","leisure":"playground","name":"Honvéd téri játszótér"},"geometry":{"type":"Polygon","coordinates":[[[19.0501318,47.5100744],[19.0507643,47.5099825],[19.0508103,47.5101269],[19.0501778,47.5102189],[19.0501318,47.5100744]]]}},
{"type":"Feature","properties":{"id":"way/685631907","leisure":"pitch","surface":"concrete"},"geometry":{"type":"Polygon","coordinates":[[[19.0405142,47.4783228],[19.0403856,47.4783015],[19.0404442,47.4781396],[19.0405728,47.4781609],[19.0405142,47.4783228]]]}},
{"type":"Feature","properties":{"id":"way/688348088","landuse":"grass"},"geometry":{"type":"Polygon","coordinates":[[[19.0433452,47.4762056],[19.0434197,47.4761887],[19.0434453,47.4762329],[19.0434345,47.4762361],[19.0433452,47.4762056]]]}},
{"type":"Feature","properties":{"id":"way/691456604","landuse":"grass"},"geometry":{"type":"Polygon","coordinates":[[[19.0342712,47.482613],[19.0342303,47.4825615],[19.0342333,47.4825525],[19.0344022,47.4824818],[19.0344541,47.4825367],[19.0342712,47.482613]]]}},
{"type":"Feature","properties":{"id":"way/691456605","landuse":"grass"},"geometry":{"type":"Polygon","coordinates":[[[19.0341876,47.4826351],[19.0336778,47.4828359],[19.0336393,47.4827875],[19.0341349,47.4825897],[19.0341506,47.4825925],[19.0341876,47.4826351]]]}},
{"type":"Feature","properties":{"id":"way/692686513","leisure":"pitch","surface":"paved"},"geometry":{"type":"Polygon","coordinates":[[[19.0611887,47.5216972],[19.061094,47.5214742],[19.0612604,47.5214354],[19.0613632,47.5216555],[19.0611887,47.5216972]]]}},
{"type":"Feature","properties":{"id":"way/692769949","landuse":"grass"},"geometry":{"type":"Polygon","coordinates":[[[19.0471418,47.4777367],[19.0471685,47.4777221],[19.0472441,47.4777474],[19.0472479,47.4777547],[19.0472591,47.4777659],[19.0472753,47.4777766],[19.047277,47.4777831],[19.0472649,47.4777845],[19.047146,47.4777513],[19.0471385,47.477744],[19.0471418,47.4777367]]]}},
{"type":"Feature","properties":{"id":"way/693006302","landuse":"meadow"},"geometry":{"type":"Polygon","coordinates":[[[19.0265635,47.5002552],[19.0268156,47.5002353],[19.0270087,47.5002751],[19.0270194,47.5004473],[19.0271267,47.5006122],[19.0269685,47.5007608],[19.0269122,47.5009655],[19.0267673,47.5010779],[19.0266654,47.5012699],[19.026483,47.5015653],[19.0260163,47.5019186],[19.0258017,47.5019331],[19.0253672,47.5017103],[19.0254638,47.5014801],[19.0256005,47.5013515],[19.025799,47.5012591],[19.025901,47.5013152],[19.0261021,47.501183],[19.026196,47.5009583],[19.0263006,47.5007191],[19.0264642,47.5004255],[19.0264052,47.5003567],[19.0265635,47.5002552]]]}},
{"type":"Feature","properties":{"id":"way/693479749","leisure":"park","name":"Szent Margit tér"},"geometry":{"type":"Polygon","coordinates":[[[19.0600958,47.5167324],[19.0599328,47.5164254],[19.0597999,47.5161053],[19.0597578,47.5159214],[19.0597578,47.515891],[19.0597883,47.5158886],[19.0607317,47.5164302],[19.0606284,47.51654],[19.0604241,47.5166355],[19.0603181,47.5166751],[19.0601289,47.5167249],[19.0600958,47.5167324]]]}},
{"type":"Feature","properties":{"id":"way/695656753","leisure":"garden"},"geometry":{"type":"Polygon","coordinates":[[[19.0444091,47.4761438],[19.0446072,47.4760956],[19.0446325,47.4761438],[19.0444396,47.4761901],[19.0444091,47.4761438]]]}},
{"type":"Feature","properties":{"id":"way/695656754","leisure":"garden"},"geometry":{"type":"Polygon","coordinates":[[[19.0448033,47.4760483],[19.045141,47.4759551],[19.0451741,47.4760181],[19.045166,47.4760311],[19.0448568,47.4761108],[19.0448358,47.4761039],[19.0448033,47.4760483]]]}},
{"type":"Feature","properties":{"id":"way/698314184","leisure":"playground","name":"Holdvilág utcai Játszótér"},"geometry":{"type":"Polygon","coordinates":[[[19.0278361,47.4828909],[19.0278161,47.4828897],[19.0277973,47.4828853],[19.0277825,47.4828719],[19.0277748,47.4828567],[19.0277752,47.4827785],[19.0277754,47.4827475],[19.0280355,47.4827326],[19.0280593,47.4828429],[19.0280541,47.4828563],[19.028037,47.4828701],[19.0280135,47.4828771],[19.0279817,47.4828811],[19.0278361,47.4828909]]]}},
{"type":"Feature","properties":{"id":"way/700466924","leisure":"garden"},"geometry":{"type":"Polygon","coordinates":[[[19.0533167,47.4812574],[19.0533141,47.4811976],[19.053484,47.4811982],[19.0535025,47.4812012],[19.0535105,47.4812144],[19.0535158,47.4812269],[19.0535176,47.4812448],[19.0534981,47.4812706],[19.0534937,47.4813471],[19.0534636,47.4813836],[19.0534411,47.4813721],[19.0534609,47.4813507],[19.0534592,47.4812718],[19.0534406,47.4812598],[19.0534194,47.481255],[19.0533795,47.4812556],[19.0533167,47.4812574]]]}},
{"type":"Feature","properties":{"id":"way/700466925","leisure":"garden"},"geometry":{"type":"Polygon","coordinates":[[[19.0533132,47.481188],[19.0533061,47.481127],[19.0534353,47.4811264],[19.0534486,47.4811193],[19.0534636,47.4811091],[19.0534689,47.4809943],[19.0535025,47.4809931],[19.0535043,47.4811187],[19.0535255,47.4811605],[19.0535008,47.481188],[19.0533132,47.481188]]]}},
{"type":"Feature","properties":{"id":"way/700466926","leisure":"garden"},"geometry":{"type":"Polygon","coordinates":[[[19.0535132,47.4813304],[19.0535123,47.4812765],[19.0535285,47.4812561],[19.05356,47.4812329],[19.0536326,47.4812048],[19.053737,47.4812078],[19.0537414,47.4812215],[19.0537388,47.4812562],[19.0536423,47.481249],[19.0536414,47.4812604],[19.0535733,47.4812634],[19.0535627,47.4812694],[19.0535539,47.4812807],[19.0535494,47.4813298],[19.0535132,47.4813304]]]}},
{"type":"Feature","properties":{"id":"way/700466927","leisure":"garden"},"geometry":{"type":"Polygon","coordinates":[[[19.0535185,47.4809955],[19.0535689,47.4809931],[19.053568,47.4810284],[19.0535547,47.481029],[19.05356,47.4811121],[19.0535707,47.4811211],[19.0535822,47.4811253],[19.0536866,47.4811253],[19.0536875,47.4811348],[19.0537397,47.4811366],[19.0537405,47.4811797],[19.0536273,47.4811809],[19.0535229,47.4811259],[19.0535176,47.4811115],[19.0535185,47.4809955]]]}},
{"type":"Feature","properties":{"id":"way/702069026","landuse":"forest","natural":"tree_group"},"geometry":{"type":"Polygon","coordinates":[[[19.0247027,47.5038887],[19.0246872,47.5038629],[19.0246712,47.5037945],[19.0246793,47.503707],[19.0247322,47.5037048],[19.0248053,47.5036894],[19.0248622,47.5036454],[19.0249495,47.5036912],[19.0248797,47.5037573],[19.0247805,47.5038747],[19.0247376,47.5038859],[19.0247027,47.5038887]]]}},
{"type":"Feature","properties":{"id":"way/702069027","landuse":"forest","natural":"tree_group"},"geometry":{"type":"Polygon","coordinates":[[[19.0249857,47.5036572],[19.0248824,47.5036078],[19.0248844,47.5035739],[19.024865,47.5035394],[19.0251057,47.5032849],[19.0253283,47.5031798],[19.02539,47.503062],[19.0254101,47.5029528],[19.0254463,47.5029057],[19.0256314,47.5029918],[19.0255442,47.5031617],[19.0253927,47.5032631],[19.0252921,47.503313],[19.0252747,47.5033918],[19.0250856,47.5035712],[19.0249857,47.5036572]]]}},
{"type":"Feature","properties":{"id":"way/702069028","landuse":"forest","natural":"tree_group"},"geometry":{"type":"Polygon","coordinates":[[[19.0247839,47.5034688],[19.0247322,47.5034602],[19.0245967,47.5027775],[19.0246484,47.5026072],[19.0251969,47.5028165],[19.0253082,47.5029062],[19.0247839,47.5034688]]]}},
{"type":"Feature","properties":{"id":"way/702069029","landuse":"forest","natural":"tree_group"},"geometry":{"type":"Polygon","coordinates":[[[19.0244123,47.5042216],[19.0243748,47.5040323],[19.0243681,47.5039],[19.0243614,47.5037234],[19.0243734,47.5036527],[19.0244861,47.5035802],[19.0244968,47.5035141],[19.0244083,47.5034869],[19.0243466,47.503409],[19.0243694,47.503313],[19.0244539,47.5031897],[19.0243815,47.5031073],[19.0244687,47.5025673],[19.0245585,47.50258],[19.0245183,47.5027214],[19.0245639,47.5029297],[19.0246578,47.5034063],[19.0246799,47.5034711],[19.0246296,47.5034996],[19.0245793,47.5035548],[19.0245793,47.5036137],[19.0246081,47.5036654],[19.0245994,47.503727],[19.0246001,47.5037967],[19.0246403,47.5039716],[19.0246242,47.5040033],[19.0245679,47.5040405],[19.0245733,47.5041021],[19.0245947,47.5041229],[19.0245478,47.5041872],[19.0244123,47.5042216]]]}},
{"type":"Feature","properties":{"id":"way/702069030","landuse":"forest","natural":"tree_group"},"geometry":{"type":"Polygon","coordinates":[[[19.0247986,47.5042361],[19.024761,47.50418],[19.0247986,47.5041329],[19.0248254,47.5041193],[19.0248777,47.5040432],[19.0248958,47.5039811],[19.0248536,47.5039585],[19.0248616,47.5039354],[19.0249313,47.503852],[19.0251821,47.5035802],[19.0256783,47.5031028],[19.025734,47.5030416],[19.0258185,47.5030801],[19.0256086,47.5032695],[19.025449,47.5033927],[19.0253189,47.5035213],[19.0252572,47.5036473],[19.0252022,47.5037206],[19.025154,47.5037976],[19.0251245,47.5038747],[19.0250252,47.5040269],[19.0248308,47.5042307],[19.0247986,47.5042361]]]}},
{"type":"Feature","properties":{"id":"way/703210901","leisure":"pitch"},"geometry":{"type":"Polygon","coordinates":[[[19.0740889,47.542256],[19.0739639,47.5419828],[19.0741393,47.5419462],[19.0742642,47.5422195],[19.0740889,47.542256]]]}},
{"type":"Feature","properties":{"id":"way/703210902","leisure":"pitch"},"geometry":{"type":"Polygon","coordinates":[[[19.074286,47.5422161],[19.074161,47.5419429],[19.0743364,47.5419063],[19.0744613,47.5421796],[19.074286,47.5422161]]]}},
{"type":"Feature","properties":{"id":"way/703210903","leisure":"pitch"},"geometry":{"type":"Polygon","coordinates":[[[19.0744814,47.5421748],[19.0743564,47.5419015],[19.0745318,47.541865],[19.0746567,47.5421382],[19.0744814,47.5421748]]]}},
{"type":"Feature","properties":{"id":"way/703210904","leisure":"pitch"},"geometry":{"type":"Polygon","coordinates":[[[19.073515,47.5420042],[19.0730906,47.541053],[19.073969,47.540866],[19.0744112,47.5418192],[19.073515,47.5420042]]]}},
{"type":"Feature","properties":{"id":"way/703210908","leisure":"pitch"},"geometry":{"type":"Polygon","coordinates":[[[19.0637161,47.5415816],[19.0630093,47.5405943],[19.0638271,47.5403275],[19.0645339,47.5413149],[19.0637161,47.5415816]]]}},
{"type":"Feature","properties":{"id":"way/704202544","landuse":"forest","natural":"tree_group"},"geometry":{"type":"Polygon","coordinates":[[[19.0616789,47.5373378],[19.0616204,47.537303],[19.0614295,47.5371938],[19.0613289,47.5371965],[19.0612203,47.5369629],[19.0617447,47.5368344],[19.0617634,47.5368815],[19.0616964,47.5369503],[19.0616736,47.5370019],[19.0617903,47.5373142],[19.0616789,47.5373378]]]}},
{"type":"Feature","properties":{"id":"way/704202551","leisure":"park"},"geometry":{"type":"Polygon","coordinates":[[[19.0587973,47.5350967],[19.0587815,47.5345273],[19.0588341,47.5344723],[19.0589102,47.5344128],[19.0589838,47.534387],[19.0590871,47.5343496],[19.0591608,47.5343279],[19.0592515,47.5343146],[19.0593065,47.5343331],[19.0593501,47.5343621],[19.0593937,47.5344133],[19.0596091,47.53485],[19.0593614,47.5349069],[19.0592426,47.534678],[19.0589794,47.5347359],[19.0591256,47.5350498],[19.0589287,47.5350927],[19.0587973,47.5350967]]]}},
{"type":"Feature","properties":{"id":"way/704202554","natural":"scrub"},"geometry":{"type":"Polygon","coordinates":[[[19.0588331,47.5357995],[19.0587973,47.5350967],[19.0589287,47.5350927],[19.0588814,47.5352635],[19.058927,47.535747],[19.0588331,47.5357995]]]}},
{"type":"Feature","properties":{"id":"way/704202556","landuse":"grass"},"geometry":{"type":"Polygon","coordinates":[[[19.0584911,47.536206],[19.0584231,47.5361464],[19.058613,47.5359812],[19.0587043,47.535969],[19.058699,47.5360204],[19.0586199,47.5361218],[19.0584911,47.536206]]]}},
{"type":"Feature","properties":{"id":"way/704202557","landuse":"grass"},"geometry":{"type":"Polygon","coordinates":[[[19.0584576,47.5365968],[19.0586269,47.5365565],[19.0587634,47.5365428],[19.0588143,47.5365519],[19.0588532,47.5365637],[19.0589002,47.5366008],[19.0589739,47.5366723],[19.0585404,47.5367253],[19.0584576,47.5365968]]]}},
{"type":"Feature","properties":{"id":"way/704202558","landuse":"forest","natural":"tree_group"},"geometry":{"type":"Polygon","coordinates":[[[19.0621537,47.5360856],[19.0620598,47.5358665],[19.0623173,47.5357868],[19.0623817,47.5359226],[19.0623482,47.5360512],[19.0621537,47.5360856]]]}},
{"type":"Feature","properties":{"id":"way/705700744","leisure":"park","name":"Gabriel García Márquez park"},"geometry":{"type":"Polygon","coordinates":[[[19.0544235,47.5240531],[19.0540779,47.5240916],[19.0536957,47.5241945],[19.0522921,47.5217724],[19.0526265,47.5216859],[19.0529575,47.522342],[19.0535059,47.5222339],[19.0535179,47.5222302],[19.0535879,47.5222177],[19.0535995,47.5222397],[19.0540051,47.5230115],[19.0540642,47.5231605],[19.0544235,47.5240531]]]}},
{"type":"Feature","properties":{"id":"way/706652524","natural":"scrub"},"geometry":{"type":"Polygon","coordinates":[[[19.0246903,47.5006841],[19.0246838,47.5006813],[19.0246778,47.5006773],[19.024673,47.5006725],[19.0246698,47.5006673],[19.0246682,47.5006617],[19.0246683,47.5006559],[19.0246701,47.5006504],[19.0246736,47.5006452],[19.0246785,47.5006405],[19.0246847,47.5006366],[19.0246919,47.5006337],[19.0246999,47.5006318],[19.0247083,47.500631],[19.0247167,47.5006313],[19.0247248,47.5006329],[19.0247324,47.5006354],[19.024739,47.500639],[19.0247449,47.5006441],[19.0247496,47.500643],[19.0247576,47.500641],[19.024766,47.5006403],[19.0247744,47.5006406],[19.0247826,47.5006421],[19.0247901,47.5006447],[19.0247967,47.5006483],[19.0248021,47.5006527],[19.0248061,47.5006577],[19.0248085,47.5006632],[19.0248093,47.5006688],[19.0248083,47.5006745],[19.0248057,47.5006799],[19.0248015,47.5006849],[19.0247959,47.5006892],[19.0247891,47.5006926],[19.0247815,47.5006951],[19.0247733,47.5006964],[19.0247666,47.5006966],[19.024767,47.5006997],[19.024766,47.5007053],[19.0247634,47.5007107],[19.0247592,47.5007157],[19.0247536,47.50072],[19.0247469,47.5007234],[19.0247392,47.5007259],[19.024731,47.5007272],[19.0247226,47.5007274],[19.0247142,47.5007265],[19.0247063,47.5007244],[19.0246992,47.5007214],[19.0246932,47.5007174],[19.0246884,47.5007126],[19.0246852,47.5007074],[19.0246836,47.5007017],[19.0246837,47.500696],[19.0246856,47.5006905],[19.024689,47.5006852],[19.0246903,47.5006841]]]}},
{"type":"Feature","properties":{"id":"way/706652526","area":"yes","highway":"pedestrian","surface":"paving_stones"},"geometry":{"type":"Polygon","coordinates":[[[19.0244737,47.5004245],[19.0243679,47.5004526],[19.0243359,47.5004611],[19.0243292,47.5004498],[19.0243235,47.5004264],[19.0243918,47.5004255],[19.0244737,47.5004245]]]}},
{"type":"Feature","properties":{"id":"way/706652530","area":"yes","highway":"pedestrian","surface":"paving_stones"},"geometry":{"type":"Polygon","coordinates":[[[19.0249016,47.5003986],[19.0249791,47.5004001],[19.0250171,47.5004022],[19.025057,47.5004063],[19.0250792,47.5004098],[19.0251221,47.5004155],[19.0252642,47.5004372],[19.0252136,47.5004699],[19.0252056,47.5004643],[19.0251224,47.500515],[19.0250689,47.5004877],[19.0250413,47.5004753],[19.0250141,47.5004626],[19.0249867,47.50045],[19.024958,47.5004386],[19.0249196,47.500428],[19.0249016,47.5003986]]]}},
{"type":"Feature","properties":{"id":"way/708495661","leisure":"garden","name":"Biokert"},"geometry":{"type":"Polygon","coordinates":[[[19.0382858,47.4810182],[19.0385534,47.4809067],[19.0386509,47.4810135],[19.0383833,47.481125],[19.0382858,47.4810182]]]}},
{"type":"Feature","properties":{"id":"way/717903897","landuse":"grass"},"geometry":{"type":"Polygon","coordinates":[[[19.0668825,47.5340077],[19.066892,47.5340161],[19.0666127,47.534069],[19.0665679,47.5339536],[19.0666711,47.5339338],[19.0667309,47.5339759],[19.0667845,47.5339959],[19.0668435,47.5340068],[19.0668825,47.5340077]]]}},
{"type":"Feature","properties":{"id":"way/717903900","landuse":"forest","natural":"tree_group"},"geometry":{"type":"Polygon","coordinates":[[[19.0693983,47.5338438],[19.0693127,47.5336268],[19.0693473,47.533602],[19.0696746,47.5335214],[19.0697551,47.5337188],[19.0695512,47.5337659],[19.06946,47.5338438],[19.0693983,47.5338438]]]}},
{"type":"Feature","properties":{"id":"way/718193943","landuse":"meadow"},"geometry":{"type":"Polygon","coordinates":[[[19.0460336,47.5246508],[19.0460309,47.5244534],[19.0462992,47.5244226],[19.0465325,47.5242559],[19.0465003,47.5241328],[19.0464252,47.5240603],[19.0463072,47.5239788],[19.0462992,47.5238593],[19.0463662,47.5236818],[19.0462348,47.5235369],[19.0461543,47.5234717],[19.046106,47.5233376],[19.0462214,47.5232634],[19.0462992,47.5232779],[19.0463474,47.5233775],[19.0463877,47.5235206],[19.0465298,47.5236057],[19.0465781,47.5236437],[19.046562,47.5238031],[19.0466478,47.5239009],[19.0467793,47.5239462],[19.0468115,47.5240132],[19.0467578,47.5241328],[19.0467846,47.5241989],[19.0469357,47.5241222],[19.046946,47.5241808],[19.0467846,47.5242713],[19.0468141,47.5244389],[19.0467551,47.5245349],[19.0467069,47.5245838],[19.0465754,47.5246454],[19.0464199,47.5246508],[19.0460336,47.5246508]]]}},
{"type":"Feature","properties":{"id":"way/718193944","landuse":"meadow"},"geometry":{"type":"Polygon","coordinates":[[[19.0465191,47.5249786],[19.046853,47.5250194],[19.046959,47.5251887],[19.0469804,47.5252286],[19.0470046,47.5254242],[19.0465674,47.5254495],[19.0464292,47.5254794],[19.04633,47.5252476],[19.046507,47.5251534],[19.0464708,47.525033],[19.0465191,47.5249786]]]}},
{"type":"Feature","properties":{"id":"way/718193945","landuse":"meadow"},"geometry":{"type":"Polygon","coordinates":[[[19.0467819,47.5258982],[19.0466063,47.525934],[19.0464024,47.5255392],[19.0465532,47.5255068],[19.0466584,47.5254933],[19.0467642,47.5255048],[19.046858,47.5255397],[19.0469288,47.525594],[19.0469681,47.5256613],[19.0469713,47.5257336],[19.0469381,47.5258024],[19.0468724,47.5258595],[19.0467819,47.5258982]]]}},
{"type":"Feature","properties":{"id":"way/718193951","landuse":"forest","natural":"tree_group"},"geometry":{"type":"Polygon","coordinates":[[[19.051127,47.5316733],[19.0510203,47.5316932],[19.0507216,47.5315891],[19.0506207,47.5315197],[19.050415,47.5309437],[19.0505531,47.5309064],[19.0507114,47.5309354],[19.0510279,47.5310205],[19.0510681,47.5311255],[19.0512165,47.5312416],[19.0513095,47.5313881],[19.0513023,47.5315188],[19.051127,47.5316733]]]}},
{"type":"Feature","properties":{"id":"way/721979757","leisure":"pitch","surface":"asphalt"},"geometry":{"type":"Polygon","coordinates":[[[19.0300463,47.4987801],[19.0298559,47.4986605],[19.0299568,47.4985872],[19.0301472,47.4987068],[19.0300463,47.4987801]]]}},
{"type":"Feature","properties":{"id":"way/722150967","landuse":"forest","natural":"tree_group"},"geometry":{"type":"Polygon","coordinates":[[[19.0388413,47.4903948],[19.0388238,47.490364],[19.0388842,47.4903232],[19.039029,47.4903078],[19.0391028,47.4903441],[19.0392798,47.4904157],[19.0392637,47.4904655],[19.0391377,47.4904954],[19.0388788,47.4904601],[19.0388413,47.4903948]]]}},
{"type":"Feature","properties":{"id":"way/722150968","landuse":"forest","natural":"scrub"},"geometry":{"type":"Polygon","coordinates":[[[19.0390518,47.4898842],[19.0390572,47.4898524],[19.0391041,47.4897333],[19.0392932,47.4896748],[19.0393717,47.4896404],[19.0393965,47.4896789],[19.0394226,47.4897097],[19.0394548,47.4897174],[19.0394622,47.4897324],[19.0394495,47.4897541],[19.0394019,47.4897573],[19.039306,47.4897736],[19.0391879,47.4898108],[19.0391571,47.4899485],[19.0391129,47.4899363],[19.0391068,47.4898973],[19.0390518,47.4898842]]]}},
{"type":"Feature","properties":{"id":"way/725142483","leisure":"park"},"geometry":{"type":"Polygon","coordinates":[[[19.0775804,47.525176],[19.0778553,47.5249442],[19.0781276,47.5251357],[19.0778621,47.5253024],[19.077846,47.5253196],[19.0777722,47.5253323],[19.0776274,47.5252575],[19.0776609,47.5252195],[19.0775804,47.525176]]]}},
{"type":"Feature","properties":{"id":"way/725355433","leisure":"playground"},"geometry":{"type":"Polygon","coordinates":[[[19.0583245,47.5371049],[19.0585906,47.5370521],[19.0588142,47.5374628],[19.0586532,47.5374431],[19.0585682,47.5374778],[19.0585392,47.5374854],[19.0584967,47.5374854],[19.0584564,47.5374718],[19.0584207,47.5374461],[19.0583893,47.5373978],[19.0582977,47.5371502],[19.0583245,47.5371049]]]}},
{"type":"Feature","properties":{"id":"way/725902226","area":"yes","highway":"pedestrian","name":"Dózsa György út, aluljáró"},"geometry":{"type":"Polygon","coordinates":[[[19.0631302,47.5248997],[19.0631068,47.5249044],[19.0630834,47.5249092],[19.0630175,47.5247678],[19.0629423,47.5247819],[19.0629328,47.5247595],[19.0629241,47.5247392],[19.0629856,47.5247277],[19.0630326,47.5246061],[19.0630726,47.5245971],[19.0630025,47.524464],[19.0630225,47.5244599],[19.0630425,47.5244558],[19.0631098,47.5245923],[19.063486,47.5245054],[19.0635098,47.5244045],[19.0634273,47.5242477],[19.0634688,47.5242396],[19.0635072,47.524232],[19.0635996,47.5244209],[19.0636697,47.5244417],[19.06373,47.5243792],[19.063756,47.5243915],[19.0637801,47.5244063],[19.0637469,47.5244401],[19.0636919,47.5245024],[19.0636598,47.5247388],[19.0636254,47.5247465],[19.0635911,47.5247542],[19.0634999,47.5247817],[19.0631302,47.5248997]]]}},
{"type":"Feature","properties":{"id":"way/727250791","leisure":"pitch"},"geometry":{"type":"Polygon","coordinates":[[[19.0355132,47.4776899],[19.0354852,47.4776377],[19.0356345,47.4776011],[19.0356625,47.4776533],[19.0355132,47.4776899]]]}},
{"type":"Feature","properties":{"id":"way/727278283","leisure":"pitch"},"geometry":{"type":"Polygon","coordinates":[[[19.0267383,47.4763503],[19.0268894,47.4763215],[19.0269185,47.4763912],[19.0267674,47.47642],[19.0267383,47.4763503]]]}},
{"type":"Feature","properties":{"id":"way/731831619","landuse":"forest","natural":"tree_group"},"geometry":{"type":"Polygon","coordinates":[[[19.0301616,47.498965],[19.0301053,47.498936],[19.0300825,47.4988662],[19.0300919,47.4987684],[19.0302005,47.4986941],[19.0302917,47.4987077],[19.030446,47.4988254],[19.0304701,47.4988925],[19.0305506,47.4989224],[19.0306069,47.4989215],[19.0307209,47.498994],[19.0307665,47.4990619],[19.0307504,47.499119],[19.0307008,47.4991516],[19.0306082,47.4991507],[19.0305425,47.4991127],[19.0304446,47.4991154],[19.0303548,47.499071],[19.0303548,47.4990021],[19.0303387,47.4989632],[19.0302891,47.4989342],[19.0302126,47.4989546],[19.0301616,47.498965]]]}},
{"type":"Feature","properties":{"id":"way/731831621","natural":"scrub"},"geometry":{"type":"Polygon","coordinates":[[[19.0296141,47.4994916],[19.0296574,47.4994611],[19.0297608,47.499528],[19.0298069,47.4995223],[19.0298349,47.4995026],[19.0298601,47.4995049],[19.0298916,47.4995252],[19.0298922,47.4995413],[19.029796,47.4996092],[19.0296141,47.4994916]]]}},
{"type":"Feature","properties":{"id":"way/731831622","natural":"scrub"},"geometry":{"type":"Polygon","coordinates":[[[19.0294527,47.4995995],[19.0295393,47.4995388],[19.0297254,47.4996602],[19.0296131,47.4997388],[19.0295796,47.499707],[19.029587,47.4996744],[19.0295628,47.4996459],[19.0295159,47.4996205],[19.0294931,47.4996119],[19.0294696,47.4996128],[19.0294527,47.4995995]]]}},
{"type":"Feature","properties":{"id":"way/735093994","leisure":"playground","name":"Szaffi meséje játszótér"},"geometry":{"type":"Polygon","coordinates":[[[19.036348,47.5001932],[19.0363761,47.5001405],[19.036403,47.5000995],[19.036459,47.5000529],[19.0364999,47.500019],[19.0365419,47.5000174],[19.0365939,47.4999684],[19.0366385,47.4999811],[19.0366627,47.4999807],[19.0369355,47.5000701],[19.0367832,47.5001826],[19.0367474,47.5001933],[19.0365022,47.500247],[19.0363703,47.5002099],[19.036348,47.5001932]]]}},
{"type":"Feature","properties":{"id":"way/736175908","landuse":"forest","natural":"tree_group"},"geometry":{"type":"Polygon","coordinates":[[[19.0445584,47.5207185],[19.0444538,47.5204776],[19.0444967,47.5204124],[19.0444618,47.5202892],[19.0443867,47.5201932],[19.044317,47.5200066],[19.0446013,47.5199668],[19.0448615,47.5199052],[19.0449151,47.5200501],[19.0448964,47.5201497],[19.0448561,47.5203001],[19.0446925,47.5204214],[19.0447998,47.5206189],[19.0446657,47.5207022],[19.0445584,47.5207185]]]}},
{"type":"Feature","properties":{"id":"way/736175911","landuse":"forest","natural":"tree_group"},"geometry":{"type":"Polygon","coordinates":[[[19.0448722,47.5183981],[19.0449902,47.5183691],[19.0450734,47.5182713],[19.0450948,47.5181282],[19.0453845,47.5181626],[19.0456688,47.5185213],[19.045575,47.5185647],[19.0453953,47.518581],[19.0453202,47.5185013],[19.0452129,47.518543],[19.0451163,47.5186245],[19.0449312,47.5185484],[19.0448695,47.518485],[19.0448722,47.5183981]]]}},
{"type":"Feature","properties":{"id":"way/736175912","landuse":"forest","natural":"tree_group"},"geometry":{"type":"Polygon","coordinates":[[[19.0447032,47.5193454],[19.0443626,47.5193183],[19.0441427,47.5192513],[19.0440702,47.5191045],[19.0440193,47.518802],[19.0440488,47.5185647],[19.0441319,47.5184506],[19.044427,47.5184415],[19.0446389,47.5184669],[19.0446603,47.5185647],[19.0445209,47.5186535],[19.0444592,47.5187404],[19.0444511,47.518831],[19.0445289,47.5189524],[19.0446335,47.5190013],[19.0447435,47.5190266],[19.0448695,47.5190647],[19.044883,47.5191625],[19.0447488,47.5192422],[19.0447596,47.5193201],[19.0447032,47.5193454]]]}},
{"type":"Feature","properties":{"id":"way/741722705","leisure":"park"},"geometry":{"type":"Polygon","coordinates":[[[19.0365642,47.5244837],[19.0366305,47.5238525],[19.036778,47.5238557],[19.0367874,47.5238679],[19.0367894,47.5239077],[19.0367854,47.5242491],[19.0367766,47.5243852],[19.0367361,47.5244246],[19.0366838,47.5244402],[19.0365642,47.5244837]]]}},
{"type":"Feature","properties":{"id":"way/741934378","leisure":"park","natural":"tree_group"},"geometry":{"type":"Polygon","coordinates":[[[19.0346704,47.5386479],[19.0346785,47.5385564],[19.0347402,47.5384052],[19.0348448,47.5384324],[19.0349279,47.5384695],[19.034877,47.538647],[19.034767,47.538656],[19.0346704,47.5386479]]]}},
{"type":"Feature","properties":{"id":"way/741934379","leisure":"park","natural":"tree_group"},"geometry":{"type":"Polygon","coordinates":[[[19.0339345,47.5382771],[19.0339664,47.5382631],[19.0339489,47.5382395],[19.0339809,47.5381895],[19.034156,47.5382111],[19.0341564,47.5382949],[19.0340668,47.5382912],[19.0340544,47.5383307],[19.0340019,47.5383424],[19.033946,47.5383258],[19.0339259,47.5383076],[19.0339345,47.5382771]]]}},
{"type":"Feature","properties":{"id":"way/741934380","leisure":"park","natural":"tree_group"},"geometry":{"type":"Polygon","coordinates":[[[19.0340924,47.5377887],[19.0341407,47.5376854],[19.0342681,47.5376284],[19.0345149,47.5376456],[19.0344881,47.5377606],[19.0344116,47.537776],[19.0342641,47.5378086],[19.0340924,47.5377887]]]}},
{"type":"Feature","properties":{"id":"way/741934381","landuse":"forest","natural":"tree_group"},"geometry":{"type":"Polygon","coordinates":[[[19.0312386,47.5411493],[19.0312426,47.5411122],[19.0312774,47.5410968],[19.0312895,47.5410362],[19.0315671,47.5410679],[19.031606,47.5411801],[19.031539,47.5412],[19.0314277,47.5411611],[19.0312386,47.5411493]]]}},
{"type":"Feature","properties":{"id":"way/741934384","leisure":"pitch","surface":"asphalt"},"geometry":{"type":"Polygon","coordinates":[[[19.0346954,47.5382618],[19.0347528,47.5380518],[19.034907,47.5380711],[19.0348495,47.538281],[19.0346954,47.5382618]]]}},
{"type":"Feature","properties":{"id":"way/741934387","landuse":"forest","natural":"tree_group"},"geometry":{"type":"Polygon","coordinates":[[[19.0309381,47.5413449],[19.0308711,47.5413404],[19.0308778,47.5412797],[19.0308094,47.5412544],[19.030859,47.5410923],[19.0309878,47.5411086],[19.0309381,47.5413449]]]}},
{"type":"Feature","properties":{"id":"way/749650359","name":"József nádor tér","place":"square"},"geometry":{"type":"Polygon","coordinates":[[[19.0496834,47.4987414],[19.0496929,47.4987077],[19.0496979,47.4986816],[19.0497568,47.4983713],[19.0498701,47.4976042],[19.0499202,47.4974985],[19.0505361,47.4975584],[19.0507149,47.4975814],[19.0506957,47.4976672],[19.0506428,47.4979034],[19.05059,47.4981394],[19.0505762,47.4982011],[19.0505589,47.4982784],[19.050539,47.4983671],[19.0504873,47.4985983],[19.0504623,47.4987098],[19.0504361,47.4988268],[19.0496834,47.4987414]]]}},
{"type":"Feature","properties":{"id":"way/75414639","leisure":"pitch"},"geometry":{"type":"Polygon","coordinates":[[[19.0410459,47.4792253],[19.0409835,47.4791179],[19.0412655,47.4790431],[19.0413279,47.4791504],[19.0410459,47.4792253]]]}},
{"type":"Feature","properties":{"id":"way/754424727","leisure":"garden"},"geometry":{"type":"Polygon","coordinates":[[[19.035071,47.5275315],[19.0350174,47.5273553],[19.0352378,47.5273334],[19.0352765,47.5275016],[19.035071,47.5275315]]]}},
{"type":"Feature","properties":{"id":"way/754424728","leisure":"garden"},"geometry":{"type":"Polygon","coordinates":[[[19.0357403,47.5274818],[19.0355551,47.5274876],[19.0355321,47.5273703],[19.0354992,47.5273703],[19.0354643,47.5273125],[19.0357015,47.5272914],[19.0357403,47.5274818]]]}},
{"type":"Feature","properties":{"id":"way/754426251","name":"Oroszlánok","name:en":"Lions","natural":"scrub"},"geometry":{"type":"Polygon","coordinates":[[[19.0776327,47.519407],[19.0775321,47.5195474],[19.0775268,47.5195492],[19.0774932,47.5196027],[19.0774249,47.5196489],[19.0771285,47.5195356],[19.0771177,47.5195139],[19.0771942,47.519494],[19.0772277,47.5194922],[19.0772465,47.5194777],[19.0772425,47.5194387],[19.0772746,47.5194052],[19.0773015,47.5193962],[19.077449,47.5193971],[19.0775482,47.5194179],[19.0776314,47.519407],[19.0776327,47.519407]]]}},
{"type":"Feature","properties":{"id":"way/757275634","area":"yes","highway":"pedestrian","surface":"paving_stones"},"geometry":{"type":"Polygon","coordinates":[[[19.0602681,47.5166536],[19.0601101,47.5164805],[19.0603656,47.5163968],[19.0605084,47.5165539],[19.0602681,47.5166536]]]}},
{"type":"Feature","properties":{"id":"way/757527147","landuse":"grass","natural":"grassland"},"geometry":{"type":"Polygon","coordinates":[[[19.0282834,47.5101753],[19.0282429,47.5101401],[19.0283056,47.510106],[19.0283364,47.5100408],[19.0285932,47.5100756],[19.0286653,47.5100824],[19.0286623,47.5101185],[19.028784,47.5102217],[19.0287536,47.5102373],[19.0286021,47.5101115],[19.0284061,47.5100956],[19.0283304,47.5101486],[19.0282834,47.5101753]]]}},
{"type":"Feature","properties":{"id":"way/757527148","landuse":"grass","natural":"grassland"},"geometry":{"type":"Polygon","coordinates":[[[19.0277927,47.5102856],[19.0277788,47.5102638],[19.0279998,47.5101345],[19.0280079,47.5100259],[19.0280869,47.5100068],[19.0282767,47.5100372],[19.0282694,47.5100724],[19.0282059,47.5101079],[19.0281993,47.510102],[19.028119,47.5101441],[19.0282031,47.5102174],[19.0279589,47.5102496],[19.0277927,47.5102856]]]}},
{"type":"Feature","properties":{"id":"way/757527149","landuse":"grass","natural":"scrub"},"geometry":{"type":"Polygon","coordinates":[[[19.0277263,47.5104356],[19.0276964,47.5103884],[19.0276128,47.5101865],[19.0277731,47.5101436],[19.0278435,47.5101069],[19.0278999,47.5100856],[19.0279166,47.5100929],[19.0279213,47.5101155],[19.0279416,47.5101391],[19.0277349,47.5102673],[19.0277537,47.5103111],[19.0279005,47.5102867],[19.0279414,47.5103094],[19.0280052,47.5103085],[19.0280273,47.5103026],[19.0281312,47.5102958],[19.0281741,47.5103094],[19.028207,47.5103098],[19.0282335,47.5103182],[19.028147,47.5103784],[19.0280206,47.5103755],[19.0279485,47.5104169],[19.0278271,47.5104074],[19.0277953,47.510412],[19.0277263,47.5104356]]]}},
{"type":"Feature","properties":{"id":"way/758049457","area":"yes","highway":"pedestrian","surface":"paving_stones"},"geometry":{"type":"Polygon","coordinates":[[[19.0275545,47.5100874],[19.0275381,47.5100647],[19.0276397,47.5099708],[19.0278429,47.5100005],[19.0278563,47.5100313],[19.0275545,47.5100874]]]}},
{"type":"Feature","properties":{"id":"way/758973865","leisure":"garden"},"geometry":{"type":"Polygon","coordinates":[[[19.0349185,47.5160692],[19.0347211,47.5160683],[19.0347295,47.5158681],[19.0349202,47.5158711],[19.0349189,47.5159336],[19.0348944,47.5159333],[19.0348595,47.515958],[19.0348592,47.5159922],[19.0348957,47.5160146],[19.0349192,47.5160151],[19.0349185,47.5160692]]]}},
{"type":"Feature","properties":{"id":"way/761218973","area":"yes","highway":"pedestrian","surface":"stone"},"geometry":{"type":"Polygon","coordinates":[[[19.024059,47.5119386],[19.0240945,47.5118203],[19.0238155,47.5115395],[19.0241003,47.5113897],[19.0242581,47.5113067],[19.0243399,47.5112863],[19.0243654,47.5113049],[19.0245036,47.5112348],[19.0245753,47.5111985],[19.0246631,47.5112809],[19.0245936,47.5113134],[19.0244526,47.5113792],[19.0243124,47.5114852],[19.0241716,47.5119616],[19.0241381,47.51197],[19.0241012,47.5119793],[19.024059,47.5119386]]]}},
{"type":"Feature","properties":{"id":"way/761218974","landuse":"grass"},"geometry":{"type":"Polygon","coordinates":[[[19.0243781,47.5119385],[19.0243439,47.5119023],[19.0244465,47.5118063],[19.0244928,47.5117148],[19.0246309,47.5116161],[19.0246611,47.5115676],[19.024761,47.5115241],[19.0249186,47.5116799],[19.0243781,47.5119385]]]}},
{"type":"Feature","properties":{"id":"way/775041195","leisure":"garden"},"geometry":{"type":"Polygon","coordinates":[[[19.0578553,47.5227336],[19.0577172,47.5224586],[19.0582275,47.5223345],[19.0583666,47.5226142],[19.0578553,47.5227336]]]}},
{"type":"Feature","properties":{"id":"way/779369048","landuse":"grass"},"geometry":{"type":"Polygon","coordinates":[[[19.0372675,47.5126111],[19.0372822,47.5125735],[19.0373084,47.5125617],[19.0376678,47.5125033],[19.0376128,47.512668],[19.0372675,47.5126111]]]}},
{"type":"Feature","properties":{"id":"way/783257883","landuse":"grass"},"geometry":{"type":"Polygon","coordinates":[[[19.0305215,47.4778351],[19.0305272,47.4778381],[19.0305315,47.477842],[19.0305341,47.4778465],[19.0305348,47.4778514],[19.0305335,47.4778562],[19.0305303,47.4778606],[19.0305256,47.4778642],[19.0305195,47.4778669],[19.0305126,47.4778683],[19.0305054,47.4778684],[19.0304984,47.4778672],[19.0304922,47.4778648],[19.0304871,47.4778613],[19.0304836,47.4778571],[19.030482,47.4778523],[19.0304823,47.4778475],[19.0304845,47.4778428],[19.0304885,47.4778388],[19.030494,47.4778356],[19.0305005,47.4778336],[19.0305077,47.4778328],[19.0305148,47.4778333],[19.0305215,47.4778351]]]}},
{"type":"Feature","properties":{"id":"way/783257884","landuse":"grass"},"geometry":{"type":"Polygon","coordinates":[[[19.0303422,47.4778489],[19.0303571,47.4778453],[19.0303666,47.477849],[19.0303703,47.4778538],[19.0303712,47.4778592],[19.0303712,47.4778649],[19.0303716,47.4778696],[19.0303727,47.477875],[19.0303758,47.4778812],[19.0303789,47.4778867],[19.0303816,47.4778917],[19.0303856,47.4778964],[19.0303898,47.4779006],[19.0303933,47.4779028],[19.0303933,47.477908],[19.0303926,47.4779108],[19.0303882,47.4779144],[19.0303663,47.4779193],[19.0303422,47.4778489]]]}},
{"type":"Feature","properties":{"id":"way/783257885","landuse":"grass"},"geometry":{"type":"Polygon","coordinates":[[[19.0303261,47.4778033],[19.030321,47.4777885],[19.0303243,47.4777848],[19.0303433,47.4777796],[19.0303871,47.4777618],[19.0303966,47.4777789],[19.0303955,47.4777853],[19.0303922,47.4777905],[19.0303853,47.4777934],[19.0303747,47.4777949],[19.0303637,47.4777952],[19.0303261,47.4778033]]]}},
{"type":"Feature","properties":{"id":"way/783257886","landuse":"grass"},"geometry":{"type":"Polygon","coordinates":[[[19.0304601,47.477746],[19.0304769,47.4777411],[19.0305723,47.4777209],[19.0305752,47.4777233],[19.030569,47.4777342],[19.0305624,47.4777399],[19.0305522,47.4777456],[19.0305419,47.47775],[19.0305317,47.4777525],[19.0305209,47.4777546],[19.030508,47.4777549],[19.0304915,47.4777539],[19.0304762,47.4777515],[19.0304601,47.477746]]]}},
{"type":"Feature","properties":{"id":"way/783257887","landuse":"grass"},"geometry":{"type":"Polygon","coordinates":[[[19.0302805,47.4779438],[19.0303032,47.4778991],[19.0302333,47.4778776],[19.0303002,47.4778596],[19.0303279,47.4779327],[19.0302805,47.4779438]]]}},
{"type":"Feature","properties":{"id":"way/783257888","landuse":"grass"},"geometry":{"type":"Polygon","coordinates":[[[19.0306997,47.4778322],[19.030653,47.4778449],[19.0306482,47.4778398],[19.0306475,47.477837],[19.0306466,47.4778321],[19.030644,47.477826],[19.0306417,47.4778205],[19.0306393,47.4778155],[19.0306365,47.4778105],[19.0306331,47.4778065],[19.0306291,47.4778024],[19.0306243,47.4777981],[19.0306196,47.4777938],[19.0306128,47.4777889],[19.0306079,47.4777848],[19.0306084,47.4777816],[19.0306796,47.4777663],[19.030684,47.4778036],[19.0306997,47.4778322]]]}},
{"type":"Feature","properties":{"id":"way/783257889","landuse":"grass"},"geometry":{"type":"Polygon","coordinates":[[[19.0307585,47.4777574],[19.0307444,47.4777965],[19.0307731,47.4778162],[19.0307399,47.4778236],[19.0307253,47.4777922],[19.0307216,47.4777535],[19.0307432,47.47775],[19.0307585,47.4777574]]]}},
{"type":"Feature","properties":{"id":"way/783257890","landuse":"grass"},"geometry":{"type":"Polygon","coordinates":[[[19.0307596,47.477866],[19.0307936,47.4778586],[19.0307991,47.477863],[19.030802,47.4778707],[19.0309473,47.4778364],[19.0309528,47.4778396],[19.0309634,47.4778655],[19.0307918,47.477907],[19.0307848,47.4779075],[19.0307793,47.4779043],[19.0307596,47.477866]]]}},
{"type":"Feature","properties":{"id":"way/783257891","landuse":"grass"},"geometry":{"type":"Polygon","coordinates":[[[19.0305471,47.4779522],[19.0305595,47.4779438],[19.0305741,47.4779361],[19.0305836,47.4779324],[19.0305949,47.4779275],[19.0306066,47.4779208],[19.0306132,47.4779166],[19.0306201,47.4779107],[19.0306259,47.4779043],[19.03063,47.4779001],[19.0306358,47.4778971],[19.0306453,47.4778946],[19.030718,47.4778769],[19.0307392,47.4779193],[19.0306614,47.4779401],[19.0306303,47.477947],[19.0306007,47.4779512],[19.0305471,47.4779522]]]}},
{"type":"Feature","properties":{"id":"way/783257892","landuse":"grass"},"geometry":{"type":"Polygon","coordinates":[[[19.0299623,47.4781392],[19.0300131,47.4781279],[19.0300555,47.4781203],[19.0301015,47.4781045],[19.0301406,47.4780966],[19.0301559,47.4780689],[19.0304236,47.4779887],[19.0304609,47.4779877],[19.0304532,47.4780055],[19.0303718,47.4780304],[19.0302965,47.4782254],[19.0302454,47.4782081],[19.0302432,47.4782259],[19.0302615,47.4782659],[19.0302633,47.4782763],[19.0302611,47.4782871],[19.0302571,47.4782997],[19.0302538,47.4783158],[19.030234,47.4783031],[19.0302508,47.4782881],[19.0300077,47.4781351],[19.029986,47.478149],[19.0299623,47.4781392]]]}},
{"type":"Feature","properties":{"id":"way/784763111","landuse":"grass"},"geometry":{"type":"Polygon","coordinates":[[[19.066944,47.5341248],[19.0669581,47.5341578],[19.0667271,47.5343438],[19.066622,47.5340919],[19.0669045,47.5340352],[19.0669138,47.5340556],[19.0668417,47.5340814],[19.0668607,47.5341267],[19.066944,47.5341248]]]}},
{"type":"Feature","properties":{"id":"way/807290721","name":"Oktogon","place":"square"},"geometry":{"type":"Polygon","coordinates":[[[19.0627776,47.5054165],[19.0627878,47.505077],[19.0630749,47.5048405],[19.063103,47.5048595],[19.0634075,47.5048523],[19.0636086,47.5048483],[19.0639943,47.5051143],[19.064044,47.5054429],[19.0636502,47.505713],[19.0636046,47.5056813],[19.0631199,47.5056461],[19.0627622,47.5054282],[19.0627776,47.5054165]]]}},
{"type":"Feature","properties":{"id":"way/807546083","area":"yes","highway":"pedestrian","name":"Liszt Ferenc tér","place":"square","surface":"paving_stones"},"geometry":{"type":"Polygon","coordinates":[[[19.0640057,47.5034246],[19.0638418,47.5033238],[19.0638259,47.5033127],[19.0637687,47.5032747],[19.0638881,47.5031903],[19.0643093,47.502891],[19.0644161,47.5028829],[19.0646062,47.5029484],[19.0646259,47.5029758],[19.0644767,47.5030969],[19.0644591,47.5030862],[19.0643505,47.5031744],[19.0642394,47.5032642],[19.0642568,47.503274],[19.0641067,47.5033946],[19.0640643,47.5033854],[19.0640561,47.5033805],[19.0640243,47.5034099],[19.0640057,47.5034246]]]}},
{"type":"Feature","properties":{"id":"way/807577198","landuse":"forest"},"geometry":{"type":"Polygon","coordinates":[[[19.0638167,47.5033628],[19.0638918,47.5033999],[19.0639454,47.5034479],[19.0631716,47.5040341],[19.0630321,47.5039517],[19.0638167,47.5033628]]]}},
{"type":"Feature","properties":{"id":"way/817465797","landuse":"forest","natural":"tree_group"},"geometry":{"type":"Polygon","coordinates":[[[19.0364487,47.530143],[19.0364246,47.5300982],[19.0364179,47.5300534],[19.0364327,47.5300117],[19.0369114,47.5300145],[19.0368833,47.5300507],[19.0368417,47.5300697],[19.0367827,47.5300824],[19.036725,47.5300851],[19.036666,47.5300914],[19.0366338,47.5301068],[19.0366191,47.5301285],[19.036607,47.530153],[19.0364809,47.530153],[19.0364487,47.530143]]]}},
{"type":"Feature","properties":{"id":"way/817465803","leisure":"garden"},"geometry":{"type":"Polygon","coordinates":[[[19.036507,47.5302395],[19.0365114,47.5301978],[19.0365108,47.5301653],[19.0368343,47.53018],[19.0367678,47.5302236],[19.036725,47.5302517],[19.036507,47.5302395]]]}},
{"type":"Feature","properties":{"id":"way/817618882","natural":"wood"},"geometry":{"type":"Polygon","coordinates":[[[19.0716876,47.4815287],[19.0716031,47.4815242],[19.0715294,47.4815006],[19.0714797,47.4814671],[19.0714529,47.481429],[19.0714154,47.4813474],[19.071418,47.4812812],[19.0714596,47.4812631],[19.0715066,47.4812822],[19.0715146,47.4813112],[19.0715106,47.4813456],[19.0715763,47.4814081],[19.0716447,47.4814],[19.0717761,47.4813701],[19.071811,47.481322],[19.0718512,47.4812894],[19.0719143,47.481293],[19.0719639,47.4813202],[19.0719652,47.4813755],[19.0719183,47.4814018],[19.0718324,47.4814272],[19.0717708,47.4814689],[19.0717681,47.4815078],[19.0716876,47.4815287]]]}},
{"type":"Feature","properties":{"id":"way/817849879","natural":"scrub"},"geometry":{"type":"Polygon","coordinates":[[[19.0467151,47.5010924],[19.0467327,47.50102],[19.0468101,47.5010294],[19.0468544,47.5010425],[19.0468892,47.5010611],[19.0469208,47.5010914],[19.0469257,47.5011148],[19.0467151,47.5010924]]]}},
{"type":"Feature","properties":{"id":"way/822478449","leisure":"garden","name":"Óvodakert"},"geometry":{"type":"Polygon","coordinates":[[[19.0764767,47.4807111],[19.0763728,47.4805643],[19.0767092,47.4804509],[19.0768155,47.480606],[19.0764767,47.4807111]]]}},
{"type":"Feature","properties":{"id":"way/822478450","landuse":"forest","natural":"tree_group"},"geometry":{"type":"Polygon","coordinates":[[[19.0765706,47.4805126],[19.0766685,47.4804818],[19.07671,47.4804954],[19.0767275,47.4805253],[19.0767395,47.4805552],[19.07671,47.4805843],[19.0766819,47.4805988],[19.0766416,47.4805988],[19.0765907,47.4805743],[19.07658,47.4805534],[19.0765706,47.4805126]]]}},
{"type":"Feature","properties":{"id":"way/822478453","leisure":"garden"},"geometry":{"type":"Polygon","coordinates":[[[19.0776902,47.4782119],[19.0775707,47.4781032],[19.0778166,47.4779797],[19.0778782,47.4780357],[19.0776666,47.478142],[19.0777245,47.4781947],[19.0776902,47.4782119]]]}},
{"type":"Feature","properties":{"id":"way/823567079","leisure":"pitch"},"geometry":{"type":"Polygon","coordinates":[[[19.0455427,47.5267562],[19.0454944,47.5266352],[19.0457509,47.5265885],[19.0457993,47.5267094],[19.0455427,47.5267562]]]}},
{"type":"Feature","properties":{"id":"way/823777795","landuse":"grass"},"geometry":{"type":"Polygon","coordinates":[[[19.0259078,47.4845836],[19.0258871,47.4846548],[19.0258795,47.4846688],[19.0257763,47.4847712],[19.0256758,47.4848745],[19.025622,47.4849271],[19.0256158,47.4849135],[19.0257554,47.4847209],[19.0258347,47.4846244],[19.0258818,47.4845722],[19.0259134,47.4845428],[19.0259195,47.4845432],[19.0259078,47.4845836]]]}},
{"type":"Feature","properties":{"id":"way/823777796","landuse":"grass"},"geometry":{"type":"Polygon","coordinates":[[[19.0264578,47.4841613],[19.0264803,47.4841799],[19.0262283,47.484337],[19.0262636,47.4843635],[19.0261055,47.4844627],[19.0260255,47.4845245],[19.0260223,47.4845206],[19.026049,47.4844183],[19.0261008,47.4843734],[19.0262093,47.4842957],[19.0264578,47.4841613]]]}},
{"type":"Feature","properties":{"id":"way/823777797","landuse":"grass"},"geometry":{"type":"Polygon","coordinates":[[[19.0256726,47.4846888],[19.0256431,47.4846821],[19.0257584,47.4844914],[19.0259163,47.4842409],[19.0260115,47.4840494],[19.0260227,47.4840439],[19.0260357,47.4840433],[19.0260467,47.484049],[19.0260497,47.4840595],[19.0259629,47.4843839],[19.0258453,47.4844946],[19.0257313,47.4846188],[19.0256726,47.4846888]]]}},
{"type":"Feature","properties":{"id":"way/823777798","landuse":"grass"},"geometry":{"type":"Polygon","coordinates":[[[19.0263106,47.4841486],[19.0261077,47.4842706],[19.0261004,47.4842727],[19.0260927,47.4842719],[19.0260889,47.4842686],[19.026088,47.4842643],[19.0261381,47.4840932],[19.0261484,47.4840884],[19.0261617,47.4840886],[19.0261701,47.4840901],[19.0261826,47.484097],[19.0262061,47.4841101],[19.0262452,47.4841247],[19.0262678,47.4841314],[19.026307,47.4841392],[19.0263139,47.4841432],[19.0263106,47.4841486]]]}},
{"type":"Feature","properties":{"id":"way/82478984","leisure":"park","name":"Egyetemisták parkja"},"geometry":{"type":"Polygon","coordinates":[[[19.0624821,47.4755979],[19.0617674,47.4766769],[19.0616914,47.4767333],[19.0616144,47.4767523],[19.061368,47.4767611],[19.0611621,47.4766179],[19.061057,47.476565],[19.0609831,47.4765363],[19.0608999,47.4765091],[19.0608185,47.4764843],[19.060726,47.4764616],[19.0606372,47.4764517],[19.0605631,47.4764502],[19.0604873,47.4764559],[19.0603948,47.476471],[19.0603177,47.4764934],[19.0602474,47.4765274],[19.0601649,47.4765787],[19.0600694,47.4766507],[19.0600044,47.4766843],[19.0598511,47.4767793],[19.0597989,47.4768115],[19.0591716,47.4764843],[19.0590428,47.4764222],[19.0586974,47.4762558],[19.0594625,47.4755865],[19.0600252,47.4750701],[19.0600502,47.474953],[19.0601378,47.4748553],[19.0602495,47.4747309],[19.060284,47.4746141],[19.0602587,47.4745543],[19.0602566,47.47454],[19.0602583,47.4745248],[19.060264,47.4745144],[19.060277,47.4745034],[19.0606875,47.4743093],[19.0607012,47.4743168],[19.060728,47.474319],[19.0607548,47.4743118],[19.0607944,47.4742882],[19.0608118,47.4742687],[19.0608017,47.4742474],[19.0608005,47.4742164],[19.0609636,47.4741225],[19.0610123,47.474207],[19.0609786,47.4742957],[19.0609143,47.4744961],[19.0609095,47.4745112],[19.0608749,47.4746191],[19.0608225,47.4748205],[19.0607292,47.4751009],[19.060713,47.4751492],[19.0607069,47.4751773],[19.060724,47.4751987],[19.0609734,47.475266],[19.0615342,47.475397],[19.0615366,47.4753902],[19.062355,47.4755849],[19.0623853,47.475588],[19.0624259,47.4755922],[19.0624821,47.4755979]]]}},
{"type":"Feature","properties":{"id":"way/827469313","leisure":"garden","name":"Szentkirályi u. 24 kert"},"geometry":{"type":"Polygon","coordinates":[[[19.0659584,47.4923254],[19.0660188,47.4921501],[19.0662669,47.4921832],[19.0662045,47.4923671],[19.0659584,47.4923254]]]}},
{"type":"Feature","properties":{"id":"way/827625226","leisure":"park"},"geometry":{"type":"Polygon","coordinates":[[[19.0592643,47.5206523],[19.059025,47.5201998],[19.0591685,47.5201652],[19.0594079,47.5206176],[19.0592643,47.5206523]]]}},
{"type":"Feature","properties":{"id":"way/828220685","landuse":"grass"},"geometry":{"type":"Polygon","coordinates":[[[19.0597809,47.484769],[19.0597682,47.4848298],[19.0597001,47.4848889],[19.0595664,47.4848134],[19.0595416,47.4847638],[19.0595721,47.4847561],[19.0596582,47.4847454],[19.0597307,47.4847469],[19.0597809,47.484769]]]}},
{"type":"Feature","properties":{"id":"way/828220689","landuse":"grass"},"geometry":{"type":"Polygon","coordinates":[[[19.059844,47.4848223],[19.0598782,47.4848829],[19.0598859,47.4849455],[19.0598765,47.4849825],[19.0597404,47.4849075],[19.059844,47.4848223]]]}},
{"type":"Feature","properties":{"id":"way/828220698","leisure":"park"},"geometry":{"type":"Polygon","coordinates":[[[19.0571677,47.4866004],[19.0570957,47.4866588],[19.0569916,47.4866018],[19.0570648,47.4865425],[19.0571677,47.4866004]]]}},
{"type":"Feature","properties":{"id":"way/828221125","leisure":"park"},"geometry":{"type":"Polygon","coordinates":[[[19.059667,47.4852496],[19.0597038,47.4852641],[19.0596304,47.4853765],[19.0593865,47.4855957],[19.0592022,47.4854928],[19.059371,47.4853424],[19.059667,47.4852496]]]}},
{"type":"Feature","properties":{"id":"way/828221128","leisure":"park"},"geometry":{"type":"Polygon","coordinates":[[[19.0589107,47.4854776],[19.0587193,47.4853793],[19.0588004,47.4853071],[19.0589919,47.4854054],[19.0589107,47.4854776]]]}},
{"type":"Feature","properties":{"id":"way/838292015","leisure":"playground","name":"Energia Játszótér","name:en":"Energy Playground"},"geometry":{"type":"Polygon","coordinates":[[[19.0757337,47.5169389],[19.0757257,47.5168982],[19.0757351,47.5168801],[19.0757518,47.5168579],[19.0757753,47.5168493],[19.0758055,47.5168429],[19.0758417,47.5168497],[19.0758692,47.5168647],[19.0759081,47.5169235],[19.0759114,47.5169575],[19.0758953,47.5169842],[19.0758719,47.5169965],[19.075833,47.5169933],[19.07578,47.5169797],[19.0757337,47.5169389]]]}},
{"type":"Feature","properties":{"id":"way/838292019","leisure":"park","name":"Madárbarát tanösvény","name:en":"Bird-friendly Trail"},"geometry":{"type":"Polygon","coordinates":[[[19.0767154,47.5185756],[19.0767315,47.5183709],[19.0771177,47.5182061],[19.0771526,47.5184723],[19.0771767,47.5185883],[19.0767154,47.5185756]]]}},
{"type":"Feature","properties":{"id":"way/838292020","leisure":"park","name":"Piknik park"},"geometry":{"type":"Polygon","coordinates":[[[19.0772317,47.5185765],[19.0771928,47.5184696],[19.0772867,47.5184243],[19.0772733,47.5182858],[19.0775657,47.5182613],[19.0776582,47.51836],[19.0779707,47.5187432],[19.0773994,47.5185828],[19.0772317,47.5185765]]]}},
{"type":"Feature","properties":{"id":"way/838292028","name":"Kisszikla","name:en":"Little Rock","natural":"bare_rock"},"geometry":{"type":"Polygon","coordinates":[[[19.0758544,47.5184814],[19.0758356,47.5184026],[19.0758705,47.5183573],[19.0759015,47.5183392],[19.0759496,47.5183111],[19.0760274,47.5183147],[19.0761776,47.5183528],[19.0762071,47.5183655],[19.0763091,47.5184089],[19.0763466,47.5184814],[19.0763104,47.5184986],[19.0763681,47.5186127],[19.0763211,47.5186254],[19.0762688,47.5185711],[19.0761696,47.518581],[19.0761387,47.5185149],[19.0761012,47.5185285],[19.0761535,47.5186028],[19.0760837,47.5185955],[19.0760408,47.518543],[19.0759765,47.5185702],[19.0758544,47.5184814]]]}},
{"type":"Feature","properties":{"id":"way/838564433","natural":"scrub"},"geometry":{"type":"Polygon","coordinates":[[[19.0324184,47.4865476],[19.0325116,47.4865136],[19.0326129,47.4864815],[19.0326558,47.4864926],[19.0326664,47.4865053],[19.0324475,47.4865871],[19.0324184,47.4865476]]]}},
{"type":"Feature","properties":{"id":"way/838564434","natural":"scrub"},"geometry":{"type":"Polygon","coordinates":[[[19.0323832,47.4865619],[19.0324462,47.4866335],[19.0321408,47.4867452],[19.0321582,47.4867157],[19.032181,47.4866829],[19.0322246,47.4866478],[19.0322816,47.4866131],[19.0323433,47.4865805],[19.0323832,47.4865619]]]}},
{"type":"Feature","properties":{"id":"way/843146317","leisure":"pitch","surface":"sand"},"geometry":{"type":"Polygon","coordinates":[[[19.0427688,47.5310948],[19.0425607,47.5307885],[19.0428132,47.5307102],[19.0430214,47.5310165],[19.0427688,47.5310948]]]}},
{"type":"Feature","properties":{"id":"way/844569160","landuse":"grass"},"geometry":{"type":"Polygon","coordinates":[[[19.0534472,47.5355333],[19.0533306,47.5354106],[19.0533319,47.5354025],[19.0535545,47.5353228],[19.0535659,47.5353346],[19.053584,47.5353282],[19.0536209,47.5353581],[19.0535096,47.5354568],[19.0535666,47.5354926],[19.0535324,47.5355279],[19.0535183,47.5355383],[19.0535022,47.535546],[19.05347,47.5355568],[19.0534472,47.5355333]]]}},
{"type":"Feature","properties":{"id":"way/844569161","landuse":"grass"},"geometry":{"type":"Polygon","coordinates":[[[19.0528853,47.5355433],[19.0528867,47.5355319],[19.0530174,47.5354269],[19.0530355,47.5354228],[19.0530503,47.5354201],[19.0530711,47.5354274],[19.0531629,47.5354663],[19.0532092,47.5354957],[19.0532374,47.5355197],[19.0532481,47.5355419],[19.0532494,47.535565],[19.0532246,47.5355854],[19.0529913,47.5356311],[19.0528853,47.5355433]]]}},
{"type":"Feature","properties":{"id":"way/844569165","landuse":"meadow"},"geometry":{"type":"Polygon","coordinates":[[[19.0479182,47.5265127],[19.0478624,47.526495],[19.0478242,47.526456],[19.047827,47.5264207],[19.0478537,47.5263922],[19.0479077,47.5263844],[19.0479489,47.526504],[19.0479182,47.5265127]]]}},
{"type":"Feature","properties":{"id":"way/844625047","landuse":"grass","leisure":"park"},"geometry":{"type":"Polygon","coordinates":[[[19.0641573,47.539149],[19.0641429,47.5391161],[19.0645761,47.5390301],[19.0645904,47.5390629],[19.0641573,47.539149]]]}},
{"type":"Feature","properties":{"id":"way/844625048","landuse":"grass","leisure":"park"},"geometry":{"type":"Polygon","coordinates":[[[19.0636662,47.5392446],[19.0636529,47.5392121],[19.0639884,47.5391498],[19.0640016,47.5391823],[19.0636662,47.5392446]]]}},
{"type":"Feature","properties":{"id":"way/844625049","landuse":"grass","leisure":"park"},"geometry":{"type":"Polygon","coordinates":[[[19.0632105,47.5393341],[19.0631977,47.5393045],[19.0634967,47.5392456],[19.0635096,47.5392753],[19.0632105,47.5393341]]]}},
{"type":"Feature","properties":{"id":"way/844625050","landuse":"grass","leisure":"park"},"geometry":{"type":"Polygon","coordinates":[[[19.0628095,47.539412],[19.0627961,47.539381],[19.0630201,47.539337],[19.0630342,47.5393478],[19.0631018,47.5393376],[19.0631086,47.5393531],[19.0628095,47.539412]]]}},
{"type":"Feature","properties":{"id":"way/844625051","landuse":"grass","leisure":"park"},"geometry":{"type":"Polygon","coordinates":[[[19.062436,47.5394894],[19.062428,47.5394749],[19.0624394,47.5394564],[19.0626157,47.5394197],[19.0626291,47.5394491],[19.062436,47.5394894]]]}},
{"type":"Feature","properties":{"id":"way/844803435","leisure":"pitch"},"geometry":{"type":"Polygon","coordinates":[[[19.025213,47.5392921],[19.0254492,47.5387208],[19.0260117,47.5388267],[19.0257755,47.539398],[19.025213,47.5392921]]]}},
{"type":"Feature","properties":{"id":"way/844803450","landuse":"forest","natural":"tree_group"},"geometry":{"type":"Polygon","coordinates":[[[19.0236506,47.5421189],[19.0236197,47.5420728],[19.0236479,47.5420012],[19.0235983,47.5418999],[19.0235929,47.5417532],[19.0236975,47.5416292],[19.0238531,47.541592],[19.0239282,47.5415966],[19.0239577,47.5416319],[19.0239389,47.5417206],[19.0239094,47.5417749],[19.0239429,47.5418265],[19.0240489,47.5418827],[19.0240972,47.5419578],[19.0240556,47.5420293],[19.0239926,47.5420737],[19.0239644,47.5421325],[19.0239148,47.5421724],[19.0238209,47.5421751],[19.0237217,47.5421561],[19.0236506,47.5421189]]]}},
{"type":"Feature","properties":{"id":"way/844803455","landuse":"grass"},"geometry":{"type":"Polygon","coordinates":[[[19.0260968,47.5400951],[19.0261135,47.5400801],[19.0261397,47.5400643],[19.0261471,47.5400494],[19.026145,47.540014],[19.0261598,47.5399756],[19.0261799,47.5399615],[19.0262201,47.5399511],[19.0262691,47.5399575],[19.0262959,47.5399815],[19.0263013,47.5400059],[19.0263201,47.5400412],[19.0263556,47.5400752],[19.026363,47.5401032],[19.0263556,47.54012],[19.0263167,47.5401385],[19.0262664,47.540144],[19.0262309,47.5401575],[19.0262034,47.5401761],[19.0261652,47.5401901],[19.0261296,47.5401888],[19.0260988,47.5401738],[19.02608,47.5401471],[19.0260813,47.5401195],[19.0260968,47.5400951]]]}},
{"type":"Feature","properties":{"id":"way/844803456","landuse":"grass"},"geometry":{"type":"Polygon","coordinates":[[[19.0255563,47.5396406],[19.0254886,47.5396487],[19.0254369,47.5396401],[19.0253866,47.5396257],[19.0253612,47.5396075],[19.0253504,47.5395718],[19.0253632,47.5395523],[19.0253907,47.5395374],[19.0254296,47.5395301],[19.0254778,47.5395247],[19.0255174,47.5395057],[19.0255509,47.539479],[19.0256086,47.5394645],[19.0256421,47.5394677],[19.0256763,47.5394831],[19.0256931,47.5394966],[19.0257045,47.5395229],[19.0256958,47.5395523],[19.0256656,47.5395768],[19.0256475,47.5395863],[19.0256234,47.5396044],[19.0256086,47.5396216],[19.0255831,47.5396356],[19.0255563,47.5396406]]]}},
{"type":"Feature","properties":{"id":"way/845450668","leisure":"playground","name":"Mechwart téri jászótér"},"geometry":{"type":"Polygon","coordinates":[[[19.0323959,47.5121237],[19.0324134,47.5120715],[19.0325791,47.5119794],[19.0328168,47.5121764],[19.0327371,47.5122127],[19.0325804,47.512284],[19.0324513,47.5121744],[19.0323959,47.5121237]]]}},
{"type":"Feature","properties":{"id":"way/845667234","leisure":"park","name":"Szilágyi Dezső tér"},"geometry":{"type":"Polygon","coordinates":[[[19.0384953,47.5041057],[19.0386267,47.5033932],[19.038667,47.5033719],[19.0393791,47.5034996],[19.0392892,47.5041555],[19.0384953,47.5041057]]]}},
{"type":"Feature","properties":{"id":"way/847182561","landuse":"forest","natural":"tree_group"},"geometry":{"type":"Polygon","coordinates":[[[19.0471964,47.4895878],[19.0471521,47.4895693],[19.0470663,47.489552],[19.0470006,47.4895221],[19.0469469,47.4894868],[19.0469027,47.4894478],[19.0468289,47.4894306],[19.0467873,47.4893953],[19.0467873,47.4893645],[19.0468249,47.4893273],[19.0468544,47.4893173],[19.0469375,47.489311],[19.0469657,47.4893255],[19.0472352,47.4892104],[19.047258,47.4892267],[19.0470824,47.4893191],[19.0469979,47.4893699],[19.0469831,47.4894089],[19.0469871,47.4894433],[19.047014,47.4894804],[19.047132,47.4895294],[19.0472205,47.4895203],[19.0472607,47.4895339],[19.0472648,47.4895502],[19.0472259,47.4895865],[19.0471964,47.4895878]]]}},
{"type":"Feature","properties":{"id":"way/847182562","landuse":"forest","natural":"tree_group"},"geometry":{"type":"Polygon","coordinates":[[[19.0467417,47.4896825],[19.0467592,47.4896635],[19.0468195,47.4896563],[19.046912,47.4896653],[19.0470032,47.4896309],[19.0472473,47.4896952],[19.0472983,47.4897133],[19.0472929,47.4897541],[19.0472648,47.4897587],[19.0472379,47.4897659],[19.0472057,47.4898031],[19.0471843,47.489833],[19.047132,47.489871],[19.0470596,47.4898882],[19.0468611,47.4898139],[19.0467592,47.4897577],[19.046739,47.4897161],[19.0467417,47.4896825]]]}},
{"type":"Feature","properties":{"id":"way/847263504","leisure":"park"},"geometry":{"type":"Polygon","coordinates":[[[19.0471032,47.4899274],[19.0464956,47.4897147],[19.0464769,47.4897047],[19.0464628,47.4896857],[19.0464494,47.4896436],[19.0464433,47.4896232],[19.0463964,47.4896363],[19.0464011,47.4896205],[19.0464138,47.4895978],[19.0464594,47.4895539],[19.046562,47.4894669],[19.0466163,47.4894551],[19.0466646,47.4894582],[19.0467618,47.4895081],[19.0467256,47.4895421],[19.0467545,47.4895606],[19.047081,47.4896717],[19.0471313,47.4896422],[19.0473218,47.489702],[19.0471032,47.4899274]]]}},
{"type":"Feature","properties":{"id":"way/847267283","area":"yes","highway":"pedestrian","surface":"paving_stones"},"geometry":{"type":"Polygon","coordinates":[[[19.0480185,47.5072593],[19.0479106,47.5072491],[19.047919,47.5070233],[19.0480949,47.5070427],[19.0488887,47.507125],[19.0497062,47.5072081],[19.0496877,47.5072944],[19.0496747,47.5073549],[19.0496591,47.5074274],[19.048963,47.5073565],[19.0480185,47.5072593]]]}},
{"type":"Feature","properties":{"id":"way/847779144","landuse":"grass"},"geometry":{"type":"Polygon","coordinates":[[[19.0389369,47.483771],[19.0396388,47.4834327],[19.0397629,47.4833606],[19.0398036,47.4833047],[19.0398036,47.4832555],[19.0397945,47.4832085],[19.0400307,47.4834355],[19.0389664,47.4838781],[19.0389366,47.4838693],[19.0389191,47.4838515],[19.0389086,47.4838305],[19.0389121,47.4838049],[19.0389191,47.4837883],[19.0389369,47.483771]]]}},
{"type":"Feature","properties":{"id":"way/851419066","area":"yes","highway":"pedestrian","surface":"paving_stones"},"geometry":{"type":"Polygon","coordinates":[[[19.0755436,47.486824],[19.0755431,47.4867771],[19.0760948,47.486774],[19.076113,47.4867796],[19.0761189,47.4867878],[19.0761193,47.4868209],[19.0755436,47.486824]]]}},
{"type":"Feature","properties":{"id":"way/851995828","leisure":"pitch"},"geometry":{"type":"Polygon","coordinates":[[[19.0425974,47.5306927],[19.042549,47.5304717],[19.0427286,47.5304538],[19.042777,47.5306748],[19.0425974,47.5306927]]]}},
{"type":"Feature","properties":{"id":"way/85383630","leisure":"playground","name":"Vuk játszótér"},"geometry":{"type":"Polygon","coordinates":[[[19.0401863,47.4864221],[19.0402615,47.4865234],[19.0403712,47.486705],[19.0403838,47.486736],[19.0397226,47.4868016],[19.0396542,47.4867743],[19.0396742,47.4867519],[19.0396865,47.4867561],[19.0396969,47.4867566],[19.039707,47.4867552],[19.039716,47.4867493],[19.0397206,47.4867392],[19.03972,47.4867327],[19.0397137,47.4867259],[19.0397016,47.4867213],[19.0400094,47.4863598],[19.0400342,47.4863466],[19.0400655,47.4863388],[19.0401026,47.4863446],[19.0401243,47.4863633],[19.0401863,47.4864221]]]}},
{"type":"Feature","properties":{"id":"way/85383631","leisure":"playground","name":"Csúszdás játszótér"},"geometry":{"type":"Polygon","coordinates":[[[19.049732,47.4852721],[19.0497575,47.4851746],[19.0497901,47.4851465],[19.0498249,47.4851456],[19.0499097,47.4850597],[19.0499087,47.4850457],[19.0498544,47.4850294],[19.0498593,47.4850185],[19.0498867,47.4849575],[19.0503738,47.4850538],[19.0503704,47.4850758],[19.0504355,47.4850876],[19.0504315,47.485125],[19.0504298,47.4851408],[19.0504184,47.4851556],[19.0503989,47.4851683],[19.050362,47.4851712],[19.0503252,47.4851696],[19.050256,47.4852474],[19.0502973,47.4853037],[19.0502669,47.485329],[19.0502457,47.4853466],[19.0500769,47.4853139],[19.0500435,47.48528],[19.0500199,47.4852784],[19.049987,47.4852973],[19.0499004,47.4852813],[19.0498923,47.4853026],[19.049732,47.4852721]]]}},
{"type":"Feature","properties":{"id":"way/855392306","landuse":"grass"},"geometry":{"type":"Polygon","coordinates":[[[19.0321713,47.4777854],[19.0322209,47.4776716],[19.0322293,47.4776665],[19.0322386,47.477668],[19.0322771,47.4776965],[19.032189,47.4777887],[19.0321713,47.4777854]]]}},
{"type":"Feature","properties":{"id":"way/855392307","landuse":"grass"},"geometry":{"type":"Polygon","coordinates":[[[19.0319068,47.4775396],[19.0318568,47.4775513],[19.0318076,47.47754],[19.0318158,47.4775278],[19.0318448,47.4775354],[19.0318621,47.477515],[19.0318895,47.4775213],[19.0319135,47.477492],[19.0318572,47.4774773],[19.0319396,47.477457],[19.0319068,47.4775396]]]}},
{"type":"Feature","properties":{"id":"way/855392308","landuse":"grass"},"geometry":{"type":"Polygon","coordinates":[[[19.0319617,47.4775291],[19.0320007,47.4774339],[19.03203,47.4774279],[19.0320419,47.4774315],[19.0320455,47.4774384],[19.0320176,47.4775028],[19.0320105,47.477512],[19.0319967,47.4775189],[19.0319617,47.4775291]]]}},
{"type":"Feature","properties":{"id":"way/855392309","landuse":"grass"},"geometry":{"type":"Polygon","coordinates":[[[19.0316797,47.4776846],[19.0316656,47.4776587],[19.0317136,47.4776468],[19.0317277,47.4776727],[19.0316797,47.4776846]]]}},
{"type":"Feature","properties":{"id":"way/855392310","landuse":"grass"},"geometry":{"type":"Polygon","coordinates":[[[19.0314596,47.4777413],[19.0314446,47.4777137],[19.0315686,47.4776829],[19.0315836,47.4777104],[19.0314596,47.4777413]]]}},
{"type":"Feature","properties":{"id":"way/855392311","landuse":"grass"},"geometry":{"type":"Polygon","coordinates":[[[19.0313313,47.4777724],[19.0313166,47.4777455],[19.0314227,47.4777191],[19.0314373,47.4777461],[19.0313313,47.4777724]]]}},
{"type":"Feature","properties":{"id":"way/855392312","landuse":"grass"},"geometry":{"type":"Polygon","coordinates":[[[19.0310154,47.4778513],[19.0310005,47.477824],[19.031291,47.4777519],[19.0313058,47.4777791],[19.0310154,47.4778513]]]}},
{"type":"Feature","properties":{"id":"way/85552126","leisure":"park"},"geometry":{"type":"Polygon","coordinates":[[[19.0371277,47.5006516],[19.0370167,47.500592],[19.0371233,47.5005272],[19.0371508,47.5005218],[19.0372195,47.5005601],[19.0372759,47.5007263],[19.0371277,47.5006516]]]}},
{"type":"Feature","properties":{"id":"way/860756938","landuse":"grass"},"geometry":{"type":"Polygon","coordinates":[[[19.0735868,47.4800224],[19.0735575,47.4799694],[19.073596,47.4799595],[19.0736253,47.480013],[19.0735868,47.4800224]]]}},
{"type":"Feature","properties":{"id":"way/860756939","landuse":"grass"},"geometry":{"type":"Polygon","coordinates":[[[19.0735151,47.4798855],[19.0734858,47.4798325],[19.0735242,47.4798226],[19.0735535,47.4798761],[19.0735151,47.4798855]]]}},
{"type":"Feature","properties":{"id":"way/865436390","landuse":"grass"},"geometry":{"type":"Polygon","coordinates":[[[19.0254009,47.5066968],[19.0254329,47.5068353],[19.0254265,47.5068382],[19.0247688,47.5063039],[19.0248974,47.5062629],[19.0254009,47.5066968]]]}},
{"type":"Feature","properties":{"id":"way/865454212","leisure":"playground","name":"Nagyok játszótere"},"geometry":{"type":"Polygon","coordinates":[[[19.0265363,47.5108941],[19.0265286,47.5109154],[19.0266158,47.5110707],[19.0262966,47.5110649],[19.0263388,47.510967],[19.0264219,47.5109562],[19.026416,47.5108842],[19.0263912,47.510867],[19.0264531,47.510769],[19.0264966,47.5106992],[19.0267539,47.5108865],[19.0267437,47.5109261],[19.0267167,47.5109186],[19.0265692,47.5108776],[19.0265363,47.5108941]]]}},
{"type":"Feature","properties":{"id":"way/865454225","landuse":"grass"},"geometry":{"type":"Polygon","coordinates":[[[19.02734,47.5098746],[19.0272059,47.5096671],[19.0273118,47.5095992],[19.0273487,47.5096576],[19.0273152,47.5096984],[19.0273359,47.5097269],[19.0273815,47.5097337],[19.0273909,47.5098537],[19.02734,47.5098746]]]}},
{"type":"Feature","properties":{"id":"way/865454226","natural":"scrub"},"geometry":{"type":"Polygon","coordinates":[[[19.0270154,47.5099805],[19.0269256,47.509851],[19.0272059,47.5096671],[19.02734,47.5098746],[19.0270154,47.5099805]]]}},
{"type":"Feature","properties":{"id":"way/865454227","natural":"scrub"},"geometry":{"type":"Polygon","coordinates":[[[19.0269846,47.5099941],[19.0264146,47.5102115],[19.0263958,47.510197],[19.0269014,47.5098655],[19.0269846,47.5099941]]]}},
{"type":"Feature","properties":{"id":"way/865454230","landuse":"grass"},"geometry":{"type":"Polygon","coordinates":[[[19.0237153,47.5068511],[19.0238383,47.5069241],[19.0236781,47.5070115],[19.0236264,47.5069771],[19.0236057,47.5069907],[19.023552,47.5069517],[19.0237153,47.5068511]]]}},
{"type":"Feature","properties":{"id":"way/875570312","leisure":"garden","name":"Aurora Klímakert","name:en":"Aurora Climate Garden"},"geometry":{"type":"Polygon","coordinates":[[[19.0756378,47.4942889],[19.0756904,47.4941822],[19.0757115,47.4941386],[19.0757312,47.494098],[19.0760977,47.4941715],[19.0760105,47.4943496],[19.0756378,47.4942889]]]}},
{"type":"Feature","properties":{"id":"way/895347790","leisure":"pitch"},"geometry":{"type":"Polygon","coordinates":[[[19.0456271,47.4792754],[19.0460044,47.4792356],[19.0460361,47.4793731],[19.0456588,47.4794129],[19.0456271,47.4792754]]]}},
{"type":"Feature","properties":{"id":"way/895780226","leisure":"park","name":"Kalevala park"},"geometry":{"type":"Polygon","coordinates":[[[19.0399938,47.4928628],[19.039137,47.4932099],[19.0391198,47.4932428],[19.0389455,47.493211],[19.0392976,47.4930343],[19.0395927,47.4929006],[19.0422621,47.4919155],[19.0423033,47.4920264],[19.0423496,47.4920885],[19.0425655,47.4922674],[19.0425836,47.492291],[19.0425774,47.4923165],[19.042249,47.4924319],[19.0421551,47.4924646],[19.0420948,47.4924387],[19.041606,47.492619],[19.0415838,47.4926684],[19.0402541,47.4931532],[19.0399938,47.4928628]]]}},
{"type":"Feature","properties":{"id":"way/902865186","landuse":"grass"},"geometry":{"type":"Polygon","coordinates":[[[19.0515217,47.4836367],[19.0514879,47.4836411],[19.0514578,47.4836524],[19.0514345,47.4836695],[19.0514204,47.4836907],[19.0514167,47.4837133],[19.0514236,47.4837356],[19.0514403,47.4837554],[19.0514652,47.4837708],[19.0514959,47.4837803],[19.0514833,47.48385],[19.05143,47.4838397],[19.0513888,47.4838233],[19.0513541,47.4838012],[19.0513273,47.4837744],[19.05131,47.4837444],[19.0513029,47.4837124],[19.0513063,47.4836802],[19.0513219,47.4836467],[19.0513488,47.4836167],[19.0513856,47.4835919],[19.0514302,47.4835738],[19.0514798,47.4835634],[19.0515352,47.4835617],[19.0515217,47.4836367]]]}},
{"type":"Feature","properties":{"id":"way/906696800","leisure":"park","name":"Szenes Hanna park"},"geometry":{"type":"Polygon","coordinates":[[[19.0719228,47.5054769],[19.0719992,47.5055811],[19.0722244,47.5058508],[19.0721899,47.5058648],[19.0717989,47.5056132],[19.0718448,47.5055808],[19.0718474,47.5055736],[19.0718503,47.5055657],[19.0718282,47.5055465],[19.0719228,47.5054769]]]}},
{"type":"Feature","properties":{"id":"way/913404959","landuse":"grass"},"geometry":{"type":"Polygon","coordinates":[[[19.0290311,47.5431333],[19.0296825,47.5433619],[19.0297063,47.5433821],[19.0297137,47.5433952],[19.0297127,47.5434178],[19.0296976,47.5435163],[19.0296547,47.5437195],[19.0296359,47.5437222],[19.0296172,47.5437202],[19.0296695,47.5435095],[19.0296064,47.5435002],[19.0296121,47.5434703],[19.0296108,47.5434418],[19.0296021,47.5434176],[19.0295803,47.5433988],[19.0295622,47.5433859],[19.0295414,47.5433764],[19.0295709,47.5433409],[19.0290681,47.5431675],[19.0290417,47.5432056],[19.029013,47.5431907],[19.0289981,47.543166],[19.0290004,47.5431476],[19.029014,47.5431343],[19.0290311,47.5431333]]]}},
{"type":"Feature","properties":{"id":"way/913404960","landuse":"grass"},"geometry":{"type":"Polygon","coordinates":[[[19.0284967,47.543156],[19.0284698,47.5431274],[19.0284859,47.5430777],[19.0284766,47.5430419],[19.0284115,47.5429781],[19.0282063,47.5428798],[19.0281708,47.5428436],[19.0281668,47.5428156],[19.0281922,47.5427785],[19.0285154,47.5429464],[19.0289097,47.5430863],[19.0288564,47.5431614],[19.0288336,47.54318],[19.0287947,47.5431935],[19.0287374,47.543194],[19.0284967,47.543156]]]}},
{"type":"Feature","properties":{"id":"way/913404962","landuse":"grass"},"geometry":{"type":"Polygon","coordinates":[[[19.0295159,47.5446352],[19.0295032,47.5446325],[19.029481,47.544384],[19.0295541,47.544393],[19.0295481,47.5445089],[19.0295159,47.5446352]]]}},
{"type":"Feature","properties":{"id":"way/913404963","landuse":"grass"},"geometry":{"type":"Polygon","coordinates":[[[19.0294603,47.5443441],[19.0296131,47.5437548],[19.0296299,47.5437575],[19.0296333,47.5437788],[19.0295796,47.5440296],[19.0295595,47.5441436],[19.0295555,47.5443568],[19.0294603,47.5443441]]]}},
{"type":"Feature","properties":{"id":"way/913404964","landuse":"grass"},"geometry":{"type":"Polygon","coordinates":[[[19.0290961,47.5450072],[19.0291146,47.544957],[19.0290435,47.5449432],[19.029021,47.5449837],[19.0289714,47.5449731],[19.0288789,47.5449384],[19.02884,47.5449183],[19.0288303,47.5448927],[19.0288335,47.5448513],[19.0288955,47.5448586],[19.0288804,47.5449201],[19.0292966,47.544969],[19.0294388,47.5444215],[19.0294656,47.5447701],[19.0294287,47.5450095],[19.0293952,47.5450349],[19.0293436,47.5450471],[19.0292913,47.545043],[19.0290961,47.5450072]]]}},
{"type":"Feature","properties":{"id":"way/913404971","landuse":"grass"},"geometry":{"type":"Polygon","coordinates":[[[19.0280937,47.5455536],[19.028152,47.5453363],[19.0281259,47.5453313],[19.0281352,47.5452906],[19.0281761,47.5452399],[19.0284088,47.5450435],[19.0284698,47.5450045],[19.0285262,47.5449896],[19.0285724,47.5449878],[19.0286898,47.5450308],[19.0287055,47.5450412],[19.0286489,47.5450693],[19.0286227,47.5450942],[19.0286066,47.5451304],[19.0286006,47.5451838],[19.0285724,47.5452544],[19.0285215,47.5453055],[19.028492,47.5453164],[19.0284256,47.5453282],[19.0283746,47.5453463],[19.0283076,47.545578],[19.0280937,47.5455536]]]}},
{"type":"Feature","properties":{"id":"way/914346935","leisure":"pitch"},"geometry":{"type":"Polygon","coordinates":[[[19.0402346,47.5344519],[19.0402308,47.5343701],[19.0404694,47.5343651],[19.0404731,47.534447],[19.0402346,47.5344519]]]}},
{"type":"Feature","properties":{"id":"way/916720122","leisure":"pitch","surface":"asphalt"},"geometry":{"type":"Polygon","coordinates":[[[19.0284159,47.5405212],[19.0285939,47.5405508],[19.0285088,47.5407845],[19.0283307,47.5407549],[19.0284159,47.5405212]]]}},
{"type":"Feature","properties":{"id":"way/916720123","leisure":"pitch","surface":"asphalt"},"geometry":{"type":"Polygon","coordinates":[[[19.0285199,47.5402706],[19.0286979,47.5403002],[19.0286127,47.5405339],[19.0284347,47.5405043],[19.0285199,47.5402706]]]}},
{"type":"Feature","properties":{"id":"way/917307142","leisure":"pitch","surface":"asphalt"},"geometry":{"type":"Polygon","coordinates":[[[19.0666703,47.5358739],[19.0668256,47.535841],[19.0669093,47.536021],[19.066754,47.5360539],[19.0666703,47.5358739]]]}},
{"type":"Feature","properties":{"id":"way/917307143","leisure":"pitch","surface":"asphalt"},"geometry":{"type":"Polygon","coordinates":[[[19.0667902,47.535784],[19.0667151,47.5356126],[19.0671757,47.5355206],[19.0672508,47.535692],[19.0667902,47.535784]]]}},
{"type":"Feature","properties":{"id":"way/917307144","leisure":"pitch","surface":"tartan"},"geometry":{"type":"Polygon","coordinates":[[[19.0666335,47.5353895],[19.0666613,47.5353839],[19.0670483,47.5353055],[19.0670616,47.5353028],[19.0671229,47.5354408],[19.0666948,47.5355275],[19.0666335,47.5353895]]]}},
{"type":"Feature","properties":{"id":"way/917307145","leisure":"playground","name":"Karikás játszótér"},"geometry":{"type":"Polygon","coordinates":[[[19.066586,47.5350418],[19.0670096,47.5349633],[19.0670667,47.5351037],[19.0671275,47.5352535],[19.067055,47.5352669],[19.0667039,47.535332],[19.0665981,47.5350717],[19.066586,47.5350418]]]}},
{"type":"Feature","properties":{"id":"way/917307146","leisure":"pitch"},"geometry":{"type":"Polygon","coordinates":[[[19.0664854,47.5358842],[19.0665417,47.5358717],[19.0665601,47.5359097],[19.0665038,47.5359221],[19.0664854,47.5358842]]]}},
{"type":"Feature","properties":{"id":"way/924358943","leisure":"park"},"geometry":{"type":"Polygon","coordinates":[[[19.0724223,47.5334966],[19.0724333,47.5335136],[19.0724898,47.533508],[19.0725273,47.533485],[19.0725613,47.5334945],[19.0725797,47.5335173],[19.0725317,47.5335497],[19.0724574,47.5335624],[19.0724089,47.5335569],[19.0723483,47.5335354],[19.0722783,47.5335126],[19.0720513,47.5335621],[19.0720568,47.5335241],[19.0720957,47.5334636],[19.0721201,47.5334121],[19.072139,47.5333878],[19.072198,47.5333332],[19.0722742,47.5332723],[19.0723603,47.5332338],[19.0725446,47.5332134],[19.0726686,47.5332277],[19.072761,47.5332588],[19.0728465,47.533323],[19.0729241,47.5333708],[19.0726597,47.5334422],[19.0726116,47.533465],[19.0725769,47.5334435],[19.0725442,47.5334221],[19.0724668,47.5334094],[19.0724053,47.5334101],[19.0723547,47.5334268],[19.0723338,47.5334656],[19.0723517,47.5334837],[19.0723867,47.5334813],[19.0724223,47.5334966]]]}},
{"type":"Feature","properties":{"id":"way/928947047","leisure":"playground"},"geometry":{"type":"Polygon","coordinates":[[[19.0362241,47.5425272],[19.0363129,47.5420255],[19.0363245,47.5419596],[19.0367503,47.5419939],[19.03665,47.5425615],[19.0362241,47.5425272]]]}},
{"type":"Feature","properties":{"id":"way/940680358","landuse":"grass"},"geometry":{"type":"Polygon","coordinates":[[[19.0694924,47.5382117],[19.069468,47.5382137],[19.069447,47.5382086],[19.069415,47.538129],[19.069415,47.5381173],[19.069434,47.5381048],[19.0699815,47.5379948],[19.0699994,47.5379983],[19.0700179,47.5380165],[19.0700236,47.5380498],[19.0700101,47.5380873],[19.0699652,47.5381203],[19.0694924,47.5382117]]]}},
{"type":"Feature","properties":{"id":"way/942600548","leisure":"park","name":"Corvin tér"},"geometry":{"type":"Polygon","coordinates":[[[19.0384899,47.5030384],[19.0382102,47.502999],[19.0379307,47.5029596],[19.0379454,47.5029005],[19.0379803,47.5028679],[19.0380304,47.502836],[19.0380692,47.5028131],[19.0381002,47.5027693],[19.0381223,47.5027102],[19.0382,47.5025023],[19.0382271,47.5023961],[19.0383012,47.5023472],[19.0383875,47.5023261],[19.0385674,47.5023599],[19.0387226,47.502404],[19.0387092,47.5024686],[19.0385402,47.5029148],[19.0384899,47.5030384]]]}},
{"type":"Feature","properties":{"id":"way/945042208","leisure":"pitch","surface":"concrete"},"geometry":{"type":"Polygon","coordinates":[[[19.0494879,47.5328007],[19.0497744,47.5326804],[19.0499793,47.5329027],[19.0496928,47.5330231],[19.0494879,47.5328007]]]}},
{"type":"Feature","properties":{"id":"way/946125348","landuse":"grass"},"geometry":{"type":"Polygon","coordinates":[[[19.0345015,47.4769479],[19.0345625,47.4769303],[19.0345732,47.4769499],[19.0347806,47.4768979],[19.0347706,47.4768762],[19.0348275,47.4768634],[19.0348784,47.4768542],[19.034991,47.476839],[19.0351344,47.4768121],[19.0353656,47.4767544],[19.0353735,47.4767558],[19.0353798,47.4767595],[19.0353794,47.4767768],[19.0353735,47.4767809],[19.0351807,47.4768262],[19.0345329,47.4769832],[19.0345199,47.4769804],[19.0345015,47.4769479]]]}},
{"type":"Feature","properties":{"id":"way/946125349","landuse":"grass"},"geometry":{"type":"Polygon","coordinates":[[[19.0338247,47.4771518],[19.0338259,47.4771382],[19.0338348,47.4771218],[19.0338543,47.4771066],[19.0338792,47.4770961],[19.0338887,47.477117],[19.0344476,47.4769808],[19.0344612,47.4770012],[19.0339201,47.4771322],[19.0338247,47.4771518]]]}},
{"type":"Feature","properties":{"id":"way/946125350","landuse":"grass"},"geometry":{"type":"Polygon","coordinates":[[[19.0327235,47.477427],[19.0327109,47.4774026],[19.0327194,47.4774006],[19.032758,47.4773882],[19.0328154,47.4773685],[19.0328652,47.4773457],[19.0328877,47.4773393],[19.032896,47.4773387],[19.0328992,47.4773418],[19.0329097,47.4773577],[19.0336683,47.4771723],[19.0336558,47.4771522],[19.0336665,47.4771498],[19.0336961,47.477149],[19.0337246,47.4771614],[19.0337388,47.4771771],[19.0327235,47.477427]]]}},
{"type":"Feature","properties":{"id":"way/946125351","landuse":"grass"},"geometry":{"type":"Polygon","coordinates":[[[19.0344626,47.4768778],[19.0344126,47.4767717],[19.0346676,47.4767112],[19.0347614,47.4767297],[19.0348529,47.4767414],[19.0349651,47.4767473],[19.0350203,47.4767492],[19.0350235,47.4767588],[19.0349514,47.4767726],[19.0348906,47.4767799],[19.0346238,47.4768385],[19.0344626,47.4768778]]]}},
{"type":"Feature","properties":{"id":"way/946125353","landuse":"grass"},"geometry":{"type":"Polygon","coordinates":[[[19.0328682,47.4762433],[19.0328949,47.4762482],[19.0328984,47.4762578],[19.0327064,47.4766812],[19.0325422,47.4770453],[19.0325322,47.4770437],[19.0325218,47.4770633],[19.0325319,47.4770663],[19.0325233,47.4770849],[19.0325019,47.4770913],[19.0324913,47.4770865],[19.0328682,47.4762433]]]}},
{"type":"Feature","properties":{"id":"way/947211314","landuse":"forest"},"geometry":{"type":"Polygon","coordinates":[[[19.0258133,47.5366332],[19.0257119,47.5367728],[19.0256716,47.5367661],[19.0256643,47.5367393],[19.0257306,47.5366316],[19.0257269,47.5366189],[19.0257662,47.5366116],[19.0257977,47.5366207],[19.0258133,47.5366332]]]}},
{"type":"Feature","properties":{"id":"way/947211315","landuse":"forest"},"geometry":{"type":"Polygon","coordinates":[[[19.0257139,47.5365739],[19.0257065,47.5365483],[19.025449,47.5364731],[19.0254919,47.5363663],[19.025559,47.5363518],[19.0258473,47.5364251],[19.0258715,47.5364582],[19.0258493,47.5365057],[19.0258517,47.5365792],[19.0258031,47.5365963],[19.0257394,47.536589],[19.0257139,47.5365739]]]}},
{"type":"Feature","properties":{"id":"way/947215546","leisure":"pitch","surface":"asphalt"},"geometry":{"type":"Polygon","coordinates":[[[19.0264361,47.5380888],[19.0262657,47.5380547],[19.0263549,47.5378515],[19.0265252,47.5378855],[19.0264361,47.5380888]]]}},
{"type":"Feature","properties":{"id":"way/947215548","leisure":"garden","name":"Kiscelli Lakásszövetkezet"},"geometry":{"type":"Polygon","coordinates":[[[19.0231182,47.5379888],[19.0236318,47.5375152],[19.0240891,47.5377072],[19.0243091,47.5374564],[19.0238839,47.537297],[19.0240851,47.5371132],[19.0243547,47.5368254],[19.0247972,47.5369512],[19.0249515,47.5367167],[19.0245344,47.5366071],[19.024694,47.5364496],[19.0249582,47.536273],[19.0251821,47.5361662],[19.0255308,47.5363771],[19.025512,47.5364749],[19.0258245,47.5365609],[19.0255442,47.5370091],[19.0250936,47.5377642],[19.0249367,47.5379064],[19.0245183,47.5382251],[19.024179,47.5384949],[19.0233971,47.5383301],[19.0235057,47.5381074],[19.0231182,47.5379888]]]}},
{"type":"Feature","properties":{"id":"way/948674135","leisure":"garden","name":"Ferences kert"},"geometry":{"type":"Polygon","coordinates":[[[19.033703,47.5126866],[19.0335724,47.5125178],[19.0335451,47.5124985],[19.034233,47.5123086],[19.0343389,47.5125063],[19.0339905,47.5125744],[19.033999,47.5125943],[19.033703,47.5126866]]]}},
{"type":"Feature","properties":{"id":"way/948674155","leisure":"playground","name":"Mechwart ligeti játszótér"},"geometry":{"type":"Polygon","coordinates":[[[19.0315906,47.5123218],[19.0318756,47.512199],[19.0319567,47.5122279],[19.0321729,47.5124543],[19.0321307,47.5124703],[19.0320629,47.5124832],[19.0319882,47.5124968],[19.0319158,47.5124938],[19.0318193,47.5124675],[19.0317327,47.5124371],[19.0316445,47.512382],[19.0315906,47.5123218]]]}},
{"type":"Feature","properties":{"id":"way/948685022","natural":"grassland"},"geometry":{"type":"Polygon","coordinates":[[[19.0282546,47.5099806],[19.0280844,47.5099413],[19.0280501,47.5099257],[19.0280413,47.5099041],[19.0280334,47.5097618],[19.0281084,47.5097025],[19.0281299,47.509711],[19.0281701,47.5096884],[19.0285939,47.5098986],[19.028673,47.5099308],[19.0286844,47.5099842],[19.0286775,47.5100208],[19.0284021,47.5100055],[19.0282546,47.5099806]]]}},
{"type":"Feature","properties":{"id":"way/948685023","landuse":"grass","natural":"grassland"},"geometry":{"type":"Polygon","coordinates":[[[19.0274848,47.5098198],[19.0274614,47.5097273],[19.0275954,47.5096866],[19.0277122,47.5096699],[19.0277912,47.5096699],[19.0279401,47.5097667],[19.027914,47.5098039],[19.0278811,47.5098155],[19.0278097,47.509752],[19.0277078,47.5098048],[19.0277296,47.5098247],[19.027696,47.5098324],[19.0276444,47.5098461],[19.0274848,47.5098198]]]}},
{"type":"Feature","properties":{"id":"way/949346153","leisure":"garden"},"geometry":{"type":"Polygon","coordinates":[[[19.0500752,47.4981056],[19.0500654,47.4980949],[19.0500556,47.4980842],[19.0500942,47.4979145],[19.0501045,47.4979081],[19.0501163,47.4979007],[19.0503601,47.4979268],[19.0503713,47.4979358],[19.0503813,47.4979437],[19.0503452,47.4981149],[19.0503328,47.4981227],[19.0503208,47.4981303],[19.0500752,47.4981056]]]}},
{"type":"Feature","properties":{"id":"way/949346157","leisure":"garden"},"geometry":{"type":"Polygon","coordinates":[[[19.0499797,47.4985194],[19.0499712,47.4985102],[19.0499622,47.4985003],[19.0500001,47.4983293],[19.0500127,47.4983232],[19.050028,47.4983157],[19.0502718,47.4983402],[19.0502827,47.4983522],[19.0502921,47.4983624],[19.050254,47.4985313],[19.0502401,47.4985403],[19.0502276,47.4985474],[19.0499797,47.4985194]]]}},
{"type":"Feature","properties":{"id":"way/949375680","landuse":"grass"},"geometry":{"type":"Polygon","coordinates":[[[19.0501079,47.4978539],[19.050137,47.4977305],[19.0501538,47.4977236],[19.0504097,47.4977509],[19.0504233,47.4977612],[19.0503952,47.4978829],[19.0503772,47.4978914],[19.0501211,47.4978652],[19.0501079,47.4978539]]]}},
{"type":"Feature","properties":{"id":"way/949699466","landuse":"grass"},"geometry":{"type":"Polygon","coordinates":[[[19.0730381,47.5324127],[19.07337,47.5321455],[19.0734377,47.5321483],[19.0735665,47.5323316],[19.0735524,47.5323588],[19.0732024,47.5324326],[19.0732185,47.5324607],[19.0731394,47.5324797],[19.0731025,47.5324425],[19.0730381,47.5324127]]]}},
{"type":"Feature","properties":{"id":"way/949699467","landuse":"grass"},"geometry":{"type":"Polygon","coordinates":[[[19.072853,47.5327803],[19.0729436,47.5327518],[19.0730535,47.5327848],[19.0732312,47.5328084],[19.0732004,47.5328695],[19.0731011,47.5329098],[19.072853,47.5327803]]]}},
{"type":"Feature","properties":{"id":"way/949699468","landuse":"grass"},"geometry":{"type":"Polygon","coordinates":[[[19.0731581,47.5326897],[19.0730415,47.5327214],[19.0729999,47.5327205],[19.0728302,47.5326463],[19.0727913,47.5326155],[19.0728336,47.5325652],[19.0730173,47.5324367],[19.0730669,47.5324561],[19.0731581,47.5326897]]]}},
{"type":"Feature","properties":{"id":"way/949705858","leisure":"park"},"geometry":{"type":"Polygon","coordinates":[[[19.073753,47.5333616],[19.0740078,47.5332998],[19.0739242,47.5330901],[19.0739182,47.5327877],[19.075057,47.5325713],[19.0752581,47.5330417],[19.0752302,47.5330511],[19.0753576,47.5333307],[19.0740775,47.5336049],[19.073753,47.5333616]]]}},
{"type":"Feature","properties":{"id":"way/949984450","landuse":"grass"},"geometry":{"type":"Polygon","coordinates":[[[19.0702446,47.5328038],[19.0706483,47.5330854],[19.0705913,47.5331022],[19.0704893,47.5331067],[19.0703673,47.5331321],[19.0703324,47.5330569],[19.0703955,47.5330451],[19.0703091,47.532867],[19.0702402,47.5328812],[19.070205,47.5328149],[19.0702446,47.5328038]]]}},
{"type":"Feature","properties":{"id":"way/951666340","leisure":"playground"},"geometry":{"type":"Polygon","coordinates":[[[19.0550646,47.5272435],[19.0548943,47.5268242],[19.0549037,47.5267581],[19.0549386,47.5267291],[19.0552551,47.5273386],[19.0552323,47.5273494],[19.0550646,47.5272435]]]}},
{"type":"Feature","properties":{"id":"way/953091150","landuse":"grass"},"geometry":{"type":"Polygon","coordinates":[[[19.0555612,47.5266721],[19.0557477,47.5266352],[19.0557593,47.5266969],[19.0557619,47.5267232],[19.0557265,47.5267522],[19.0556909,47.5267608],[19.0555612,47.5266721]]]}},
{"type":"Feature","properties":{"id":"way/953091371","landuse":"grass"},"geometry":{"type":"Polygon","coordinates":[[[19.055074,47.5273273],[19.055194,47.5274015],[19.055194,47.527411],[19.0551612,47.5274364],[19.055123,47.5274468],[19.055074,47.5273273]]]}},
{"type":"Feature","properties":{"id":"way/953091373","landuse":"grass"},"geometry":{"type":"Polygon","coordinates":[[[19.0554609,47.5282296],[19.0552986,47.5278262],[19.0553047,47.5278185],[19.0553483,47.5278194],[19.055414,47.5278307],[19.0555535,47.528188],[19.0554609,47.5282296]]]}},
{"type":"Feature","properties":{"id":"way/953703385","leisure":"park"},"geometry":{"type":"Polygon","coordinates":[[[19.0385547,47.5057991],[19.0389012,47.5058107],[19.0388993,47.5058702],[19.0386618,47.5058638],[19.0386589,47.505857],[19.0386545,47.5058513],[19.0386448,47.5058467],[19.0386331,47.5058441],[19.0386165,47.5058437],[19.0386029,47.5058464],[19.0385929,47.5058535],[19.0385896,47.5058613],[19.038556,47.5058606],[19.0385349,47.5058324],[19.0385535,47.5058168],[19.0385547,47.5057991]]]}},
{"type":"Feature","properties":{"id":"way/953703386","leisure":"park"},"geometry":{"type":"Polygon","coordinates":[[[19.0389233,47.5058707],[19.0389249,47.5058098],[19.0390905,47.5058137],[19.0390899,47.5058452],[19.0390824,47.5058592],[19.0390566,47.5058735],[19.0389233,47.5058707]]]}},
{"type":"Feature","properties":{"id":"way/955253503","landuse":"grass"},"geometry":{"type":"Polygon","coordinates":[[[19.0779938,47.4804342],[19.0780242,47.480418],[19.0785703,47.4808836],[19.0785399,47.4808998],[19.0779938,47.4804342]]]}},
{"type":"Feature","properties":{"id":"way/955255476","landuse":"grass"},"geometry":{"type":"Polygon","coordinates":[[[19.0779342,47.4805115],[19.0779639,47.4804947],[19.0785275,47.4809507],[19.0784978,47.4809675],[19.0779342,47.4805115]]]}},
{"type":"Feature","properties":{"id":"way/955255478","leisure":"garden"},"geometry":{"type":"Polygon","coordinates":[[[19.0757391,47.4789292],[19.0759221,47.478834],[19.0760187,47.4789233],[19.076128,47.4790153],[19.076185,47.4790293],[19.0762407,47.4790951],[19.0763935,47.4790253],[19.0764807,47.4791141],[19.0764123,47.4791431],[19.0765867,47.4793362],[19.0762275,47.479484],[19.0761682,47.4795084],[19.0759991,47.4792802],[19.0757391,47.4789292]]]}},
{"type":"Feature","properties":{"id":"way/955255479","landuse":"grass"},"geometry":{"type":"Polygon","coordinates":[[[19.0756586,47.4781578],[19.0755688,47.4780101],[19.0756278,47.4779394],[19.0761428,47.4776647],[19.0764686,47.4779349],[19.0757512,47.4782748],[19.0756586,47.4781578]]]}},
{"type":"Feature","properties":{"id":"way/955821106","leisure":"garden"},"geometry":{"type":"Polygon","coordinates":[[[19.0364633,47.5108813],[19.0363303,47.5108825],[19.0363306,47.510845],[19.0363466,47.510844],[19.0363457,47.5106726],[19.0364787,47.5106734],[19.0364633,47.5108813]]]}},
{"type":"Feature","properties":{"id":"way/957634957","leisure":"garden"},"geometry":{"type":"Polygon","coordinates":[[[19.0645415,47.4896966],[19.0645684,47.4896053],[19.0647654,47.4896319],[19.0647385,47.4897231],[19.0645415,47.4896966]]]}},
{"type":"Feature","properties":{"id":"way/957634958","leisure":"park"},"geometry":{"type":"Polygon","coordinates":[[[19.0636852,47.4894569],[19.0636772,47.4894433],[19.064225,47.4893074],[19.0642371,47.4894713],[19.0636852,47.4894569]]]}},
{"type":"Feature","properties":{"id":"way/958489098","leisure":"playground","name":"Üstökös utcai játszótér"},"geometry":{"type":"Polygon","coordinates":[[[19.0382773,47.5169947],[19.038305,47.5167726],[19.0384642,47.5167866],[19.0385348,47.516804],[19.0385992,47.5168264],[19.0386508,47.5168545],[19.0386921,47.5168941],[19.0387169,47.5169262],[19.03874,47.5169634],[19.0387497,47.5170219],[19.0387414,47.5170848],[19.0387077,47.5171833],[19.0383188,47.5171686],[19.0383392,47.5170228],[19.0383429,47.5169994],[19.0382773,47.5169947]]]}},
{"type":"Feature","properties":{"id":"way/960059585","leisure":"garden"},"geometry":{"type":"Polygon","coordinates":[[[19.0516583,47.5163177],[19.0516248,47.5162713],[19.0522592,47.5160623],[19.0522927,47.5161087],[19.0516583,47.5163177]]]}},
{"type":"Feature","properties":{"id":"way/960827695","leisure":"park"},"geometry":{"type":"Polygon","coordinates":[[[19.0445726,47.492296],[19.0447761,47.4920671],[19.0450938,47.4921897],[19.0448963,47.4924311],[19.0445726,47.492296]]]}},
{"type":"Feature","properties":{"id":"way/96301399","leisure":"pitch","name":"Tabáni tenisz center","surface":"clay"},"geometry":{"type":"Polygon","coordinates":[[[19.0389169,47.4930757],[19.0385265,47.4927348],[19.0396368,47.4921544],[19.0400271,47.4924954],[19.0389169,47.4930757]]]}},
{"type":"Feature","properties":{"id":"way/963048180","landuse":"grass","leisure":"park"},"geometry":{"type":"Polygon","coordinates":[[[19.0665342,47.5386408],[19.0665199,47.5386079],[19.0669939,47.5385137],[19.0670082,47.5385466],[19.0665342,47.5386408]]]}},
{"type":"Feature","properties":{"id":"way/963048181","landuse":"grass","leisure":"park"},"geometry":{"type":"Polygon","coordinates":[[[19.0660897,47.53873],[19.0660753,47.5386971],[19.0664727,47.5386181],[19.066487,47.538651],[19.0660897,47.53873]]]}},
{"type":"Feature","properties":{"id":"way/963048182","landuse":"grass","leisure":"park"},"geometry":{"type":"Polygon","coordinates":[[[19.0653091,47.5388866],[19.0652948,47.5388537],[19.0659235,47.5387288],[19.0659378,47.5387617],[19.0653091,47.5388866]]]}},
{"type":"Feature","properties":{"id":"way/963048183","landuse":"grass","leisure":"park"},"geometry":{"type":"Polygon","coordinates":[[[19.0648102,47.5389866],[19.0647959,47.5389537],[19.065229,47.5388677],[19.0652434,47.5389006],[19.0648102,47.5389866]]]}},
{"type":"Feature","properties":{"id":"way/966164810","leisure":"playground"},"geometry":{"type":"Polygon","coordinates":[[[19.0343535,47.5435485],[19.034387,47.5433962],[19.0347312,47.5434306],[19.0346978,47.543583],[19.0343535,47.5435485]]]}},
{"type":"Feature","properties":{"id":"way/971801648","leisure":"pitch"},"geometry":{"type":"Polygon","coordinates":[[[19.0400538,47.4867295],[19.0400487,47.486696],[19.0401061,47.486692],[19.0401112,47.4867255],[19.0400538,47.4867295]]]}},
{"type":"Feature","properties":{"id":"way/979828844","leisure":"playground"},"geometry":{"type":"Polygon","coordinates":[[[19.0326475,47.5344874],[19.0324876,47.534447],[19.0324886,47.5343567],[19.032536,47.5343],[19.0325976,47.5343013],[19.032694,47.5343034],[19.0327223,47.5343073],[19.0326475,47.5344874]]]}},
{"type":"Feature","properties":{"id":"way/981385344","leisure":"playground"},"geometry":{"type":"Polygon","coordinates":[[[19.0755327,47.5445521],[19.075334,47.5445966],[19.075206,47.5442979],[19.0753145,47.5442781],[19.075412,47.5442954],[19.0755327,47.5445521]]]}},
{"type":"Feature","properties":{"id":"way/981385345","leisure":"park"},"geometry":{"type":"Polygon","coordinates":[[[19.0762228,47.5437701],[19.0762278,47.5437794],[19.0762279,47.5437892],[19.0762231,47.5437984],[19.076214,47.5438061],[19.0762017,47.5438113],[19.0761883,47.5438133],[19.0761746,47.5438124],[19.076162,47.5438086],[19.0761519,47.5438024],[19.0761452,47.5437943],[19.0761427,47.5437851],[19.0761446,47.5437759],[19.0761507,47.5437676],[19.0761604,47.543761],[19.0761726,47.5437568],[19.076187,47.5437555],[19.0762012,47.5437575],[19.0762136,47.5437626],[19.0762228,47.5437701]]]}},
{"type":"Feature","properties":{"id":"way/982011339","leisure":"playground","name":"Benczúr kert"},"geometry":{"type":"Polygon","coordinates":[[[19.0771554,47.5112168],[19.0772003,47.5111713],[19.0773745,47.5109903],[19.0783208,47.5114082],[19.0781017,47.5116345],[19.0771554,47.5112168]]]}},
{"type":"Feature","properties":{"id":"way/984889960","leisure":"garden"},"geometry":{"type":"Polygon","coordinates":[[[19.0307021,47.5053756],[19.0309933,47.5053626],[19.0310135,47.5054695],[19.0311409,47.5054903],[19.0311387,47.5055036],[19.0309774,47.505477],[19.0306903,47.5054241],[19.0307021,47.5053756]]]}},
{"type":"Feature","properties":{"id":"way/989178989","landuse":"grass"},"geometry":{"type":"Polygon","coordinates":[[[19.051901,47.5059131],[19.051905,47.5058945],[19.0519499,47.5058741],[19.0520022,47.5058637],[19.052017,47.5058682],[19.0520297,47.5058859],[19.0520196,47.5059149],[19.0519895,47.5059276],[19.0519204,47.5059235],[19.051901,47.5059131]]]}},
{"type":"Feature","properties":{"id":"way/989178990","landuse":"grass"},"geometry":{"type":"Polygon","coordinates":[[[19.0517279,47.5060091],[19.051742,47.5059887],[19.051787,47.5059584],[19.0518118,47.5059502],[19.0518272,47.5059629],[19.0518198,47.5060027],[19.0518017,47.5060281],[19.0517682,47.5060354],[19.051736,47.5060286],[19.0517279,47.5060091]]]}},
{"type":"Feature","properties":{"id":"way/991048143","leisure":"pitch"},"geometry":{"type":"Polygon","coordinates":[[[19.0326481,47.5256524],[19.0328006,47.5255416],[19.0328962,47.5256017],[19.0327436,47.5257124],[19.0326481,47.5256524]]]}},
{"type":"Feature","properties":{"id":"way/992467792","landuse":"grass"},"geometry":{"type":"Polygon","coordinates":[[[19.0521454,47.492635],[19.0520859,47.4927079],[19.0519826,47.4926694],[19.0520421,47.4925965],[19.0521454,47.492635]]]}},
{"type":"Feature","properties":{"id":"way/992467793","landuse":"grass"},"geometry":{"type":"Polygon","coordinates":[[[19.0518181,47.4929406],[19.0518837,47.4929615],[19.0518182,47.4930406],[19.0517539,47.4930237],[19.0518181,47.4929406]]]}},
{"type":"Feature","properties":{"id":"way/993513441","leisure":"park","name":"Bástya park"},"geometry":{"type":"Polygon","coordinates":[[[19.0586504,47.4882296],[19.0592951,47.4885038],[19.0593661,47.488534],[19.059125,47.4887519],[19.0590108,47.4886819],[19.0589551,47.4886478],[19.0589156,47.4886236],[19.0588226,47.4885418],[19.0588081,47.4885488],[19.0587376,47.4885832],[19.058617,47.4885428],[19.0586239,47.4885053],[19.058425,47.4884281],[19.0585372,47.4882906],[19.0585769,47.4882692],[19.058605,47.4882541],[19.0586324,47.4882393],[19.0586504,47.4882296]]]}},
{"type":"Feature","properties":{"id":"way/993751824","name":"Szeles Erika tér","place":"square"},"geometry":{"type":"Polygon","coordinates":[[[19.0757696,47.4977903],[19.0760179,47.4973434],[19.0760328,47.4973471],[19.0764267,47.4974435],[19.0765745,47.4974796],[19.0762251,47.4979058],[19.0757696,47.4977903]]]}},
{"type":"Feature","properties":{"id":"way/995844481","landuse":"grass"},"geometry":{"type":"Polygon","coordinates":[[[19.0628095,47.4906023],[19.0627974,47.4906001],[19.0627921,47.4905298],[19.0627874,47.4904854],[19.0627545,47.4904469],[19.0627418,47.4904256],[19.0627532,47.490417],[19.0627753,47.4904166],[19.0628779,47.4904401],[19.0630375,47.4904655],[19.0631595,47.4904669],[19.0632112,47.4904732],[19.0632386,47.4904845],[19.0632614,47.490543],[19.0632467,47.490572],[19.0632132,47.4906114],[19.0631461,47.490659],[19.0630931,47.4906454],[19.0629121,47.4906146],[19.0628095,47.4906023]]]}},
{"type":"Feature","properties":{"id":"way/995844482","landuse":"grass"},"geometry":{"type":"Polygon","coordinates":[[[19.0622803,47.4907127],[19.0623367,47.4906926],[19.0624001,47.4906886],[19.0624611,47.4907014],[19.0625101,47.4907289],[19.0625399,47.4907669],[19.0625458,47.4908098],[19.062527,47.490851],[19.0624863,47.4908841],[19.0624299,47.4909042],[19.0623664,47.4909082],[19.0623055,47.4908955],[19.0622565,47.490868],[19.0622267,47.4908299],[19.0622208,47.4907871],[19.0622396,47.4907459],[19.0622803,47.4907127]]]}},
{"type":"Feature","properties":{"id":"way/995844483","landuse":"grass"},"geometry":{"type":"Polygon","coordinates":[[[19.0619177,47.4908932],[19.0619606,47.4907351],[19.0619673,47.4907346],[19.0620082,47.4907451],[19.0620477,47.4907718],[19.0620819,47.4908062],[19.0621054,47.490871],[19.0621054,47.4909172],[19.0619177,47.4908932]]]}},
{"type":"Feature","properties":{"id":"way/995844484","landuse":"grass"},"geometry":{"type":"Polygon","coordinates":[[[19.0618298,47.4912299],[19.0620082,47.4912484],[19.0619914,47.491316],[19.0619411,47.4913712],[19.0618801,47.4914147],[19.0618405,47.4914342],[19.0618164,47.4914428],[19.0617762,47.4914505],[19.0617675,47.4914252],[19.0618298,47.4912299]]]}},
{"type":"Feature","properties":{"id":"way/995844490","landuse":"forest","natural":"tree_group"},"geometry":{"type":"Polygon","coordinates":[[[19.0635954,47.4912272],[19.0635498,47.4912027],[19.0635806,47.4910794],[19.0635994,47.4910604],[19.0636557,47.4910414],[19.0637121,47.4910423],[19.063759,47.4910731],[19.0637161,47.4911882],[19.0636745,47.4912127],[19.0635954,47.4912272]]]}},
{"type":"Feature","properties":{"id":"way/995844492","landuse":"forest","natural":"tree_group"},"geometry":{"type":"Polygon","coordinates":[[[19.0636182,47.4916381],[19.0635384,47.4916272],[19.0635055,47.4916177],[19.0634733,47.4915878],[19.0634733,47.4915334],[19.0634928,47.4914641],[19.0635129,47.491446],[19.0635572,47.4914496],[19.0635753,47.4914655],[19.0635954,47.4915289],[19.0636765,47.4915294],[19.063698,47.4915561],[19.0636973,47.4915865],[19.0636725,47.4916032],[19.0636584,47.4916241],[19.0636182,47.4916381]]]}},
{"type":"Feature","properties":{"id":"way/995844493","landuse":"forest","natural":"tree_group"},"geometry":{"type":"Polygon","coordinates":[[[19.0633937,47.4917335],[19.0634244,47.4916898],[19.0634452,47.4916707],[19.0634854,47.4916744],[19.0635216,47.4916861],[19.0635545,47.4917074],[19.0635632,47.4917233],[19.0635639,47.4917428],[19.0635585,47.4917568],[19.0635028,47.4917922],[19.0634532,47.4918162],[19.0633788,47.4918175],[19.063358,47.4917903],[19.06336,47.4917768],[19.0633937,47.4917335]]]}},
{"type":"Feature","properties":{"id":"way/995844494","landuse":"forest","natural":"tree_group"},"geometry":{"type":"Polygon","coordinates":[[[19.0634402,47.4921481],[19.0629181,47.4920423],[19.0628833,47.4920096],[19.0628591,47.4919226],[19.062894,47.4918329],[19.062961,47.4918139],[19.0630697,47.4918384],[19.0631542,47.4918411],[19.0632708,47.4918647],[19.0633647,47.4919082],[19.0634039,47.4918834],[19.0634331,47.4918773],[19.0634774,47.4918959],[19.0634948,47.4919299],[19.0634928,47.4919643],[19.0634599,47.4920192],[19.0634452,47.4920472],[19.0634552,47.4920921],[19.0634841,47.4921084],[19.0634847,47.4921247],[19.0634754,47.4921397],[19.0634402,47.4921481]]]}},
{"type":"Feature","properties":{"id":"way/995844498","landuse":"forest","natural":"tree_group"},"geometry":{"type":"Polygon","coordinates":[[[19.0623414,47.4914741],[19.0623683,47.4915153],[19.062375,47.4915407],[19.0623575,47.4915851],[19.0623247,47.4916173],[19.0622717,47.4916164],[19.0622208,47.4916223],[19.0621537,47.4915955],[19.0621436,47.4915792],[19.0620853,47.4915249],[19.0620773,47.4914605],[19.0620773,47.4914116],[19.062096,47.4913798],[19.0621644,47.4913527],[19.0622972,47.4913373],[19.0623696,47.4913672],[19.0623414,47.4914741]]]}},
{"type":"Feature","properties":{"id":"way/995844499","landuse":"forest","natural":"tree_group"},"geometry":{"type":"Polygon","coordinates":[[[19.0622453,47.4919007],[19.062198,47.4918746],[19.0621289,47.4918583],[19.0620491,47.4918379],[19.0620397,47.4918103],[19.0620618,47.4917913],[19.0621041,47.491789],[19.0621664,47.491799],[19.0621825,47.4917885],[19.0621792,47.491774],[19.0621778,47.4917292],[19.062198,47.4916902],[19.0622261,47.4916635],[19.0622905,47.4916671],[19.0623454,47.4917083],[19.0623415,47.4917305],[19.0622905,47.4917391],[19.0623126,47.4917899],[19.0623817,47.4917623],[19.0624601,47.4917582],[19.0624963,47.4917686],[19.0625285,47.4918511],[19.0625654,47.4918479],[19.0625493,47.4917763],[19.0625869,47.4917378],[19.0626968,47.4917469],[19.0627854,47.4917858],[19.0628102,47.491828],[19.0627921,47.4918728],[19.062725,47.4919004],[19.062727,47.4919286],[19.0626372,47.4919639],[19.0622453,47.4919007]]]}},
{"type":"Feature","properties":{"id":"way/995844500","landuse":"forest","natural":"tree_group"},"geometry":{"type":"Polygon","coordinates":[[[19.0617222,47.4918177],[19.0617346,47.4918048],[19.06175,47.4917695],[19.0617487,47.4917147],[19.0617728,47.4916879],[19.0617795,47.4916725],[19.0617601,47.491654],[19.0617634,47.4916078],[19.0617989,47.4915561],[19.0618265,47.491552],[19.0618559,47.4915536],[19.0618969,47.4915874],[19.0619096,47.4916123],[19.0619063,47.4916454],[19.0618922,47.4916698],[19.0618996,47.491721],[19.0619143,47.4917623],[19.061915,47.4917845],[19.061917,47.4918153],[19.0619083,47.4918334],[19.0618807,47.4918599],[19.0617306,47.4918375],[19.0617222,47.4918177]]]}},
{"type":"Feature","properties":{"id":"way/995851345","landuse":"forest","natural":"tree_group"},"geometry":{"type":"Polygon","coordinates":[[[19.0597176,47.4925316],[19.0596941,47.4925071],[19.0597129,47.4924772],[19.0597343,47.4924645],[19.0597712,47.4924559],[19.0598235,47.4924577],[19.0598691,47.4924845],[19.0599053,47.4925692],[19.0599027,47.4925855],[19.0598597,47.4926027],[19.0597176,47.4925316]]]}},
{"type":"Feature","properties":{"id":"way/995851346","landuse":"forest","natural":"tree_group"},"geometry":{"type":"Polygon","coordinates":[[[19.0589652,47.4921759],[19.0588593,47.4921284],[19.0588861,47.4920971],[19.0589424,47.4921048],[19.0589766,47.4920921],[19.0589838,47.4920488],[19.0589887,47.492006],[19.0590383,47.4920033],[19.0590732,47.4920205],[19.0590792,47.4920654],[19.0591114,47.492083],[19.0591168,47.4920984],[19.0591134,47.4921234],[19.0590725,47.4921415],[19.0589907,47.4921583],[19.0589652,47.4921759]]]}},
{"type":"Feature","properties":{"id":"way/995851347","landuse":"forest","natural":"tree_group"},"geometry":{"type":"Polygon","coordinates":[[[19.0594165,47.4923785],[19.0593997,47.4923839],[19.0590678,47.4922389],[19.0590759,47.4922262],[19.0590993,47.4922253],[19.0591409,47.4922489],[19.0591892,47.4922235],[19.0591899,47.4921913],[19.0592019,47.4921496],[19.0592911,47.4920889],[19.059332,47.4920835],[19.0593937,47.4921093],[19.0594259,47.4921592],[19.0594373,47.4921814],[19.0594695,47.4922149],[19.0594353,47.4922625],[19.0594299,47.4923055],[19.0594373,47.492359],[19.0594165,47.4923785]]]}},
{"type":"Feature","properties":{"id":"way/995851348","landuse":"forest","natural":"tree_group"},"geometry":{"type":"Polygon","coordinates":[[[19.0595124,47.4923608],[19.0595231,47.4923091],[19.0595587,47.4922869],[19.0596405,47.4922838],[19.0596847,47.4923069],[19.0597089,47.4923105],[19.0597578,47.4923114],[19.0597907,47.4923232],[19.0598074,47.492354],[19.0597947,47.4924029],[19.0597752,47.4924129],[19.0597511,47.4924111],[19.0597216,47.4923939],[19.0596981,47.4923839],[19.0596773,47.4923834],[19.0596613,47.4924133],[19.0596385,47.492422],[19.0595124,47.4923608]]]}},
{"type":"Feature","properties":{"id":"way/995851350","landuse":"forest","natural":"tree_group"},"geometry":{"type":"Polygon","coordinates":[[[19.0599456,47.4925837],[19.0599496,47.4925638],[19.0599798,47.4925552],[19.0599898,47.4925393],[19.0599938,47.4925148],[19.0599503,47.4924935],[19.0599496,47.4924781],[19.0599764,47.4924691],[19.0600187,47.4924519],[19.0600348,47.4924301],[19.0600421,47.4924038],[19.0599744,47.4923825],[19.0600716,47.4921809],[19.0601085,47.4921469],[19.0601487,47.4921356],[19.0601896,47.4921084],[19.0601997,47.492088],[19.0601903,47.4920681],[19.0601923,47.4920391],[19.0602244,47.4920179],[19.0602688,47.4920214],[19.060307,47.4920676],[19.060305,47.4920917],[19.0600649,47.4925905],[19.0600361,47.4926104],[19.0599885,47.49259],[19.0599456,47.4925837]]]}},
{"type":"Feature","properties":{"id":"way/995851351","landuse":"forest","natural":"tree_group"},"geometry":{"type":"Polygon","coordinates":[[[19.0597773,47.49218],[19.0597638,47.4921678],[19.0597618,47.4921573],[19.0597364,47.4921315],[19.0596961,47.4921166],[19.0596727,47.4920826],[19.0596988,47.4920373],[19.0597189,47.4920287],[19.0597726,47.4920341],[19.0598141,47.4920586],[19.0598389,47.4920803],[19.0598839,47.4920939],[19.0599134,47.4921161],[19.0599187,47.4921501],[19.0598906,47.4921551],[19.0598436,47.4921564],[19.0598041,47.4921691],[19.0597773,47.49218]]]}},
{"type":"Feature","properties":{"id":"way/995851355","landuse":"forest","natural":"tree_group"},"geometry":{"type":"Polygon","coordinates":[[[19.0592113,47.4918592],[19.0592153,47.4918311],[19.0592837,47.4917505],[19.0593199,47.4917369],[19.059391,47.4917559],[19.0594299,47.4917369],[19.0594433,47.491697],[19.0595184,47.4916662],[19.0602373,47.4919462],[19.0602198,47.491968],[19.0601434,47.4919906],[19.0600656,47.4919888],[19.0599355,47.4919553],[19.0598778,47.4919335],[19.0597571,47.4918248],[19.0596834,47.4918039],[19.0595882,47.4918021],[19.0595654,47.4918166],[19.0595841,47.4918411],[19.0596244,47.4918882],[19.0595546,47.4919236],[19.0594836,47.491919],[19.059332,47.4919408],[19.0592931,47.4919344],[19.0592502,47.4919181],[19.0592113,47.4918592]]]}},
{"type":"Feature","properties":{"id":"way/995868260","landuse":"grass"},"geometry":{"type":"Polygon","coordinates":[[[19.0266174,47.5105934],[19.0266788,47.510573],[19.0268424,47.5105626],[19.0268719,47.510553],[19.0269252,47.5105737],[19.0269554,47.510573],[19.0270028,47.5105621],[19.0269906,47.5105381],[19.0270399,47.5105273],[19.0270516,47.5105513],[19.0272293,47.5105112],[19.0270422,47.5104611],[19.0268974,47.5104933],[19.0268511,47.5104905],[19.0267023,47.5104258],[19.0267036,47.5103954],[19.0266627,47.5103846],[19.026662,47.5103592],[19.0265541,47.5103279],[19.026546,47.5103465],[19.0265729,47.5103814],[19.0265669,47.5104237],[19.0262818,47.510299],[19.0262517,47.5102847],[19.0263194,47.5102469],[19.0264817,47.5102523],[19.0266292,47.5103058],[19.026719,47.5103166],[19.0268826,47.5103121],[19.0270798,47.510274],[19.0271346,47.5102581],[19.0271536,47.5102913],[19.0273789,47.5103406],[19.0273762,47.5103606],[19.0272588,47.5103909],[19.0272528,47.5103991],[19.0272696,47.5104235],[19.0275586,47.5104838],[19.027595,47.5105161],[19.0272709,47.5105463],[19.0272447,47.5105281],[19.027185,47.5105418],[19.0271924,47.5105757],[19.0268384,47.5106921],[19.0266174,47.5105934]]]}},
{"type":"Feature","properties":{"id":"way/995868261","landuse":"grass","natural":"grassland"},"geometry":{"type":"Polygon","coordinates":[[[19.0274741,47.5096472],[19.0273681,47.509553],[19.0276833,47.5093405],[19.0278389,47.5094592],[19.027753,47.5095684],[19.0274741,47.5096472]]]}}
]}
