{"type":"FeatureCollection","license":"ODbL-1.0, © OpenStreetMap contributors","osm_base":"2026-10-01T20:46:35Z","bbox":"47.476,19.022,47.544999999999995,19.078000000000003","features":[
{"type":"Feature","properties":{"id":"way/1002828003","railway":"tram"},"geometry":{"type":"LineString","coordinates":[[19.0578827,47.4856969],[19.0587021,47.4850342]]}},
{"type":"Feature","properties":{"id":"way/1002828004","railway":"tram"},"geometry":{"type":"LineString","coordinates":[[19.0587293,47.4850503],[19.0579226,47.4857176]]}},
{"type":"Feature","properties":{"id":"way/1026467914","railway":"tram"},"geometry":{"type":"LineString","coordinates":[[19.0471927,47.4900995],[19.0468864,47.4903889]]}},
{"type":"Feature","properties":{"id":"way/1026467915","railway":"tram"},"geometry":{"type":"LineString","coordinates":[[19.0491411,47.4881391],[19.0491778,47.4880862],[19.0492156,47.4880396],[19.0492589,47.4879925]]}},
{"type":"Feature","properties":{"id":"way/1026467916","railway":"tram"},"geometry":{"type":"LineString","coordinates":[[19.0492995,47.4880035],[19.0492466,47.48806],[19.0492004,47.488116],[19.0491778,47.4881481]]}},
{"type":"Feature","properties":{"id":"way/1059981331","railway":"tram"},"geometry":{"type":"LineString","coordinates":[[19.0530231,47.4831867],[19.0530118,47.4831636]]}},
{"type":"Feature","properties":{"id":"way/1059981332","railway":"tram"},"geometry":{"type":"LineString","coordinates":[[19.0530544,47.4831525],[19.0530668,47.4831745]]}},
{"type":"Feature","properties":{"id":"way/1059981333","railway":"tram"},"geometry":{"type":"LineString","coordinates":[[19.0531209,47.4833357],[19.0530986,47.4833042],[19.0530415,47.483219],[19.0530231,47.4831867]]}},
{"type":"Feature","properties":{"id":"way/1059981334","railway":"tram"},"geometry":{"type":"LineString","coordinates":[[19.0530668,47.4831745],[19.0531268,47.4832726],[19.0531613,47.4833223]]}},
{"type":"Feature","properties":{"id":"way/1071576909","railway":"tram"},"geometry":{"type":"LineString","coordinates":[[19.0562173,47.4871775],[19.0559363,47.4873896],[19.055444,47.4877532],[19.0553277,47.4878391],[19.0542397,47.488671],[19.0540358,47.4888221],[19.0533518,47.4893252],[19.0524832,47.4899809],[19.052237,47.4901896],[19.0520154,47.4903796],[19.0518377,47.4905682],[19.051576,47.4909112]]}},
{"type":"Feature","properties":{"id":"way/1085758116","railway":"tram"},"geometry":{"type":"LineString","coordinates":[[19.0779432,47.476274],[19.0776987,47.4762396],[19.0776844,47.4762376],[19.0775032,47.4762123],[19.0773336,47.4761936],[19.0772763,47.4761882],[19.0771838,47.4761799],[19.0770231,47.4761641],[19.0768947,47.4761544]]}},
{"type":"Feature","properties":{"id":"way/1085758117","railway":"tram"},"geometry":{"type":"LineString","coordinates":[[19.077501,47.4760147],[19.0774723,47.4760466],[19.0773986,47.476126],[19.0773664,47.4761613],[19.0773336,47.4761936],[19.0772908,47.476237],[19.0771717,47.4763405],[19.0770927,47.4764034],[19.0768786,47.4765507]]}},
{"type":"Feature","properties":{"id":"way/109227428","railway":"tram"},"geometry":{"type":"LineString","coordinates":[[19.0712049,47.4960794],[19.0711434,47.4960889],[19.0710948,47.4960891],[19.0710476,47.4960855],[19.0710131,47.4960778],[19.0709634,47.4960634],[19.0709215,47.4960455],[19.0708649,47.4959967],[19.0708396,47.4959622],[19.0708188,47.4959149],[19.0708114,47.4958571]]}},
{"type":"Feature","properties":{"id":"way/109300775","railway":"tram"},"geometry":{"type":"LineString","coordinates":[[19.0616147,47.5171019],[19.0615689,47.5171104],[19.0615254,47.5171201],[19.0614816,47.517132],[19.0614405,47.5171458],[19.0614029,47.5171596],[19.0613585,47.517179],[19.0613201,47.5171999],[19.0610143,47.5173661],[19.0608008,47.5174822]]}},
{"type":"Feature","properties":{"id":"way/111388838","railway":"tram"},"geometry":{"type":"LineString","coordinates":[[19.0558956,47.4971823],[19.0557562,47.4972292],[19.0556201,47.4972668]]}},
{"type":"Feature","properties":{"id":"way/111388841","railway":"tram"},"geometry":{"type":"LineString","coordinates":[[19.0556561,47.4972997],[19.0557562,47.4972292],[19.0558699,47.4971468]]}},
{"type":"Feature","properties":{"id":"way/114394094","railway":"tram"},"geometry":{"type":"LineString","coordinates":[[19.0585734,47.4958562],[19.0586755,47.4958142],[19.0587398,47.4957826],[19.0587637,47.4957683],[19.0590431,47.4955611],[19.059403,47.4950991],[19.0597653,47.4946013],[19.0598077,47.4945431],[19.0598446,47.4944858],[19.0598786,47.4944278],[19.0599111,47.4943693],[19.0599419,47.494309]]}},
{"type":"Feature","properties":{"id":"way/114394096","railway":"tram"},"geometry":{"type":"LineString","coordinates":[[19.0558956,47.4971823],[19.0556561,47.4972997],[19.0552135,47.497496]]}},
{"type":"Feature","properties":{"id":"way/1165420148","railway":"tram"},"geometry":{"type":"LineString","coordinates":[[19.0395622,47.5132418],[19.0395561,47.5132153],[19.0394819,47.5128311],[19.0394179,47.51246],[19.03938,47.5121233],[19.0393529,47.5118828],[19.0393433,47.5117981],[19.0393344,47.5117091]]}},
{"type":"Feature","properties":{"id":"way/1165420149","railway":"tram"},"geometry":{"type":"LineString","coordinates":[[19.0392128,47.5150803],[19.0391914,47.5150868],[19.0391692,47.5150925]]}},
{"type":"Feature","properties":{"id":"way/1165420150","railway":"tram"},"geometry":{"type":"LineString","coordinates":[[19.0391621,47.5150671],[19.0391792,47.5150628],[19.0391961,47.5150578]]}},
{"type":"Feature","properties":{"id":"way/1165420151","railway":"tram"},"geometry":{"type":"LineString","coordinates":[[19.0396978,47.5138429],[19.0396692,47.5136242],[19.0396568,47.5135531],[19.0396473,47.513514],[19.0396345,47.5134746],[19.0396092,47.5133976],[19.0396004,47.5133711]]}},
{"type":"Feature","properties":{"id":"way/1165420152","railway":"tram"},"geometry":{"type":"LineString","coordinates":[[19.0396004,47.5133711],[19.0395832,47.5133199],[19.0395725,47.5132807],[19.0395622,47.5132418]]}},
{"type":"Feature","properties":{"id":"way/1165420153","railway":"tram"},"geometry":{"type":"LineString","coordinates":[[19.0394837,47.5148105],[19.0394865,47.5147966],[19.0394893,47.5147793],[19.0394947,47.5145],[19.0394947,47.5144996]]}},
{"type":"Feature","properties":{"id":"way/1165420164","railway":"tram"},"geometry":{"type":"LineString","coordinates":[[19.0556981,47.5104614],[19.0556771,47.5104706],[19.05566,47.510478],[19.055632,47.5104904],[19.0555702,47.5105176],[19.0555517,47.5105257],[19.0555262,47.5105353],[19.0554642,47.5105586],[19.0550975,47.5106963],[19.0542525,47.5109943],[19.053401,47.5112825],[19.0532601,47.5113333],[19.0531208,47.5113834],[19.0521481,47.5117252],[19.051998,47.511778],[19.0507562,47.5122184],[19.0505782,47.5122813],[19.0500298,47.512475],[19.0496024,47.5126301],[19.0492186,47.5127638],[19.0490906,47.5128136],[19.048921,47.5128793],[19.0488474,47.5129083],[19.0486945,47.5129683],[19.0485223,47.5130319],[19.0482158,47.5131299],[19.0481229,47.5131557],[19.0480874,47.5131653],[19.0480534,47.5131745]]}},
{"type":"Feature","properties":{"id":"way/1165420166","railway":"tram"},"geometry":{"type":"LineString","coordinates":[[19.0480104,47.5131068],[19.0480353,47.5130963],[19.0480708,47.5130813],[19.0481935,47.5130312],[19.0483557,47.5129769],[19.0486148,47.512893],[19.0487492,47.5128572],[19.0488762,47.5128237],[19.0490617,47.5127718],[19.0491486,47.5127451],[19.0493012,47.5126968],[19.0495438,47.5126116],[19.0500105,47.5124502],[19.0505621,47.512255],[19.0507385,47.5121926],[19.0519772,47.5117526],[19.0521287,47.5116991],[19.0530989,47.5113562],[19.0532402,47.5113072],[19.053382,47.511258],[19.0542301,47.5109677],[19.0550743,47.5106717],[19.055416,47.5105457],[19.0554462,47.5105346],[19.0555115,47.5105105],[19.0555512,47.510494],[19.0556143,47.5104679],[19.0556593,47.5104481],[19.0556784,47.5104397]]}},
{"type":"Feature","properties":{"id":"way/1165420167","railway":"tram"},"geometry":{"type":"LineString","coordinates":[[19.0480534,47.5131745],[19.048032,47.5131802],[19.047892,47.5132178]]}},
{"type":"Feature","properties":{"id":"way/1165420168","railway":"tram"},"geometry":{"type":"LineString","coordinates":[[19.0478598,47.5131702],[19.0479067,47.5131505],[19.0479456,47.5131341],[19.0480104,47.5131068]]}},
{"type":"Feature","properties":{"id":"way/1173158156","railway":"tram"},"geometry":{"type":"LineString","coordinates":[[19.0476793,47.5124321],[19.0477305,47.5125258],[19.0477754,47.5126081],[19.0477817,47.5126196]]}},
{"type":"Feature","properties":{"id":"way/1173158157","railway":"tram"},"geometry":{"type":"LineString","coordinates":[[19.0468756,47.5100706],[19.0468881,47.5101079],[19.0469017,47.5101451],[19.04711,47.5107774],[19.0473725,47.5115666],[19.047393,47.511642],[19.0475452,47.5121109],[19.0475813,47.5122221],[19.0475874,47.5122418],[19.0475943,47.5122616],[19.0476025,47.5122831],[19.047612,47.5123045],[19.047621,47.5123246],[19.0476313,47.5123444],[19.0476425,47.5123658],[19.0476531,47.5123848],[19.04767,47.5124153],[19.0476793,47.5124321]]}},
{"type":"Feature","properties":{"id":"way/120232798","railway":"tram"},"geometry":{"type":"LineString","coordinates":[[19.039469,47.5051758],[19.0394392,47.5055408],[19.0394025,47.5059656]]}},
{"type":"Feature","properties":{"id":"way/121097598","railway":"tram"},"geometry":{"type":"LineString","coordinates":[[19.0693762,47.4812135],[19.0697851,47.4809567],[19.0703529,47.4806041]]}},
{"type":"Feature","properties":{"id":"way/121097660","railway":"tram"},"geometry":{"type":"LineString","coordinates":[[19.0399876,47.5415559],[19.0396754,47.5417316],[19.0395482,47.5418032],[19.0394969,47.5418338],[19.0391893,47.5420221],[19.0385263,47.5424227],[19.0376216,47.5429789],[19.0373578,47.5431578],[19.0372838,47.5432083],[19.0369828,47.5434095],[19.0367808,47.5435459],[19.0364762,47.5437626],[19.0353937,47.5444997],[19.0352395,47.5446118],[19.0351937,47.5446511],[19.0351339,47.5447021],[19.0350503,47.544772],[19.0349395,47.5448588],[19.0340429,47.5455389],[19.0334689,47.5459662],[19.033398,47.5460186],[19.0333879,47.5460261],[19.0333749,47.5460357],[19.0332952,47.5460947],[19.0332324,47.5461412]]}},
{"type":"Feature","properties":{"id":"way/121097675","railway":"tram"},"geometry":{"type":"LineString","coordinates":[[19.0290419,47.547088],[19.0291091,47.5468371],[19.0291412,47.546718],[19.0293377,47.5459646],[19.0294405,47.5455692],[19.0295405,47.5452545],[19.0295769,47.5451373],[19.0295833,47.5451176],[19.0296943,47.5446037],[19.0298091,47.5441652],[19.0299955,47.5434815],[19.0299987,47.5434689],[19.0300482,47.5432689],[19.0300805,47.5431386],[19.0301907,47.5426951],[19.0303519,47.5420522],[19.0304545,47.5416719],[19.0305238,47.5414346],[19.0305262,47.5414207],[19.0306,47.5412283],[19.0306771,47.5410387],[19.030777,47.5407924],[19.0308134,47.5407068],[19.0309833,47.5403018],[19.0309941,47.5402808],[19.0310114,47.5402345],[19.0310485,47.5401482],[19.0310858,47.5400614],[19.0311549,47.5398995],[19.0312514,47.5396754],[19.0313715,47.5393907],[19.0314552,47.5391977],[19.0316578,47.5387307],[19.0317171,47.5385978],[19.0317651,47.5384903],[19.0317919,47.5384301],[19.0318008,47.5384155],[19.0319086,47.5382386],[19.0320561,47.5380077],[19.032152,47.5378538],[19.0323089,47.5376148],[19.0324524,47.5373966],[19.0325986,47.5371734],[19.032734,47.5369624],[19.0328641,47.5367809],[19.0331766,47.5363631],[19.0334093,47.5360286],[19.0334376,47.5359884],[19.0334761,47.5359337],[19.0335418,47.5358404],[19.033569,47.5358018],[19.0338278,47.5354713],[19.0343576,47.5348113],[19.034725,47.5343486],[19.0349766,47.5340329],[19.0353535,47.5335694],[19.0355297,47.5333644],[19.0355569,47.5333355],[19.0356452,47.5332546],[19.0356966,47.5332111],[19.0358514,47.533086],[19.0361485,47.5328458],[19.0364043,47.5326358],[19.0365485,47.5325209]]}},
{"type":"Feature","properties":{"id":"way/121097685","railway":"tram"},"geometry":{"type":"LineString","coordinates":[[19.0696648,47.4810724],[19.0694109,47.4812375]]}},
{"type":"Feature","properties":{"id":"way/121097705","railway":"tram"},"geometry":{"type":"LineString","coordinates":[[19.0722365,47.4958145],[19.0720009,47.4958665]]}},
{"type":"Feature","properties":{"id":"way/121097707","railway":"tram"},"geometry":{"type":"LineString","coordinates":[[19.0720123,47.4958956],[19.0719077,47.4959182],[19.0712614,47.4960654],[19.0712049,47.4960794]]}},
{"type":"Feature","properties":{"id":"way/121097745","railway":"tram"},"geometry":{"type":"LineString","coordinates":[[19.0492902,47.4772612],[19.0492552,47.4772807],[19.0492335,47.4772922],[19.0492105,47.4773034],[19.0491887,47.4773127],[19.0491655,47.4773215],[19.0491424,47.4773296],[19.0491155,47.4773381],[19.0489718,47.4773807],[19.0484869,47.4775197],[19.0483441,47.4775632]]}},
{"type":"Feature","properties":{"id":"way/1218780713","railway":"tram"},"geometry":{"type":"LineString","coordinates":[[19.0403102,47.4926575],[19.0407028,47.4925087],[19.0409624,47.4924194],[19.0416504,47.4922298]]}},
{"type":"Feature","properties":{"id":"way/1218780714","railway":"tram"},"geometry":{"type":"LineString","coordinates":[[19.0463965,47.490782],[19.0463134,47.4908403],[19.0461654,47.4909442],[19.0460637,47.4910179],[19.0459774,47.4910659],[19.0459214,47.4910896],[19.0458807,47.4911037],[19.0458155,47.491122],[19.0457128,47.491139],[19.0456066,47.4911441],[19.0454927,47.4911324],[19.0453052,47.4911015],[19.0450351,47.4910537],[19.0449504,47.4910429],[19.0448669,47.4910397],[19.0447588,47.4910448],[19.0446659,47.491055],[19.0445474,47.4910813],[19.0444487,47.4911165],[19.044367,47.4911534]]}},
{"type":"Feature","properties":{"id":"way/1218781518","railway":"tram"},"geometry":{"type":"LineString","coordinates":[[19.0216546,47.4982074],[19.0236219,47.4985347]]}},
{"type":"Feature","properties":{"id":"way/1218782019","railway":"tram"},"geometry":{"type":"LineString","coordinates":[[19.0246808,47.4864573],[19.0246747,47.4865649],[19.0246599,47.4871779],[19.0246594,47.4872089],[19.0246588,47.4872398],[19.0246545,47.4873562],[19.0246534,47.4874254],[19.0246491,47.4876098],[19.0246436,47.4877021],[19.0245924,47.4899288],[19.0245786,47.4900283],[19.0245501,47.4901625],[19.0244284,47.4908119],[19.0244152,47.4908773],[19.0243938,47.4909736],[19.0243074,47.4913816],[19.0241909,47.491997],[19.0241766,47.4920692],[19.0240771,47.4925546],[19.0238425,47.4937479]]}},
{"type":"Feature","properties":{"id":"way/1218782020","railway":"tram"},"geometry":{"type":"LineString","coordinates":[[19.0239499,47.4986082],[19.0239386,47.4984064],[19.0238827,47.4980331],[19.0237935,47.4973878],[19.0236616,47.4962944],[19.0236434,47.4960823],[19.0236293,47.4957108],[19.023629,47.4956469],[19.0236288,47.495609],[19.0236296,47.4955359],[19.0236265,47.4952937],[19.0236407,47.4950316],[19.0236496,47.4949281],[19.0237632,47.4939678],[19.0237942,47.4937535],[19.0240271,47.492547],[19.0241248,47.4920646],[19.0241387,47.4919947],[19.0242646,47.4913751],[19.0243521,47.4909646],[19.0243707,47.4908741],[19.0244922,47.4902298],[19.0245061,47.4901594],[19.0245297,47.4900332],[19.0245438,47.4899255]]}},
{"type":"Feature","properties":{"id":"way/1218782021","railway":"tram"},"geometry":{"type":"LineString","coordinates":[[19.0246346,47.4864777],[19.024643,47.4863785],[19.024653,47.4862983],[19.0246713,47.4862052],[19.0246922,47.4861269],[19.0247184,47.486052],[19.0247533,47.4859672],[19.0247831,47.4859042],[19.0248201,47.4858382],[19.0248931,47.4857251],[19.0249534,47.4856434],[19.0250257,47.4855563],[19.0251177,47.4854624],[19.0252247,47.4853539],[19.0253054,47.4852706],[19.0253928,47.4851833],[19.0254652,47.4851101],[19.0255965,47.4849782],[19.0257267,47.4848457],[19.0258171,47.4847552],[19.0259563,47.484617],[19.0260093,47.4845615],[19.0260711,47.4845101],[19.0261241,47.4844683],[19.0261999,47.4844189]]}},
{"type":"Feature","properties":{"id":"way/1218782022","railway":"tram"},"geometry":{"type":"LineString","coordinates":[[19.0262477,47.4844295],[19.0261461,47.4844954],[19.0260543,47.4845694],[19.0259854,47.4846365],[19.0259439,47.4846787],[19.0258444,47.4847798],[19.0257914,47.4848353],[19.0256897,47.4849354],[19.0255869,47.4850386],[19.0253284,47.4853009],[19.0251436,47.4854858],[19.0250633,47.4855728],[19.0249904,47.4856581],[19.0249145,47.4857631],[19.024869,47.485835],[19.024829,47.4859034],[19.0247895,47.4859848],[19.0247563,47.4860638],[19.0247305,47.4861439],[19.0247099,47.4862204],[19.0246948,47.4862974],[19.0246851,47.4863792],[19.0246808,47.4864573]]}},
{"type":"Feature","properties":{"id":"way/1218784538","railway":"tram"},"geometry":{"type":"LineString","coordinates":[[19.0472027,47.4768208],[19.0471848,47.4766948],[19.0471752,47.4766303],[19.0471491,47.4764811],[19.0471125,47.4763346],[19.0470765,47.4762196],[19.0470414,47.4761099],[19.0470241,47.4760688]]}},
{"type":"Feature","properties":{"id":"way/1233240597","railway":"tram"},"geometry":{"type":"LineString","coordinates":[[19.0696345,47.4848969],[19.069877,47.485532],[19.0699016,47.4855893]]}},
{"type":"Feature","properties":{"id":"way/1233240598","railway":"tram"},"geometry":{"type":"LineString","coordinates":[[19.0701502,47.4861627],[19.0702003,47.486353],[19.0702238,47.4864663],[19.0702568,47.4866916]]}},
{"type":"Feature","properties":{"id":"way/1233240599","railway":"tram"},"geometry":{"type":"LineString","coordinates":[[19.0701197,47.4862097],[19.0701085,47.4861678],[19.0700823,47.4860807],[19.0700602,47.4860195],[19.070034,47.4859606],[19.069965,47.4858301],[19.0699065,47.485726],[19.0698581,47.4855999]]}},
{"type":"Feature","properties":{"id":"way/1233240600","railway":"tram"},"geometry":{"type":"LineString","coordinates":[[19.0699016,47.4855893],[19.0699521,47.485706],[19.0700136,47.4858141],[19.0700728,47.485947],[19.070103,47.4860137],[19.0701259,47.4860766],[19.0701502,47.4861627]]}},
{"type":"Feature","properties":{"id":"way/1233241024","railway":"tram"},"geometry":{"type":"LineString","coordinates":[[19.0698581,47.4855999],[19.0696744,47.4851208],[19.0695437,47.4847968],[19.0694924,47.4846694]]}},
{"type":"Feature","properties":{"id":"way/1233241025","railway":"tram"},"geometry":{"type":"LineString","coordinates":[[19.0694924,47.4846694],[19.0694394,47.4844854],[19.0693873,47.484347],[19.0691858,47.4838839]]}},
{"type":"Feature","properties":{"id":"way/1233241626","railway":"tram"},"geometry":{"type":"LineString","coordinates":[[19.0498443,47.4770874],[19.0494161,47.4772086],[19.0493923,47.477216],[19.04937,47.4772243],[19.0493495,47.4772327],[19.0492902,47.4772612]]}},
{"type":"Feature","properties":{"id":"way/1241587003","railway":"tram"},"geometry":{"type":"LineString","coordinates":[[19.0845807,47.47722],[19.084052,47.4771546],[19.0835001,47.4770701],[19.0826513,47.4769464],[19.0825807,47.4769361],[19.0821539,47.4768813],[19.0819963,47.4768575],[19.0800481,47.4765804],[19.0799052,47.4765584],[19.0779432,47.476274]]}},
{"type":"Feature","properties":{"id":"way/1241587005","railway":"tram"},"geometry":{"type":"LineString","coordinates":[[19.0681809,47.4786338],[19.0680744,47.4787387],[19.0679342,47.4788473]]}},
{"type":"Feature","properties":{"id":"way/1241587006","railway":"tram"},"geometry":{"type":"LineString","coordinates":[[19.0669522,47.479272],[19.0668434,47.4793702],[19.0666175,47.479591],[19.0664906,47.47971],[19.0663699,47.4798232]]}},
{"type":"Feature","properties":{"id":"way/1241587007","railway":"tram"},"geometry":{"type":"LineString","coordinates":[[19.0648833,47.4812509],[19.0647399,47.4813892]]}},
{"type":"Feature","properties":{"id":"way/1241587008","railway":"tram"},"geometry":{"type":"LineString","coordinates":[[19.0647399,47.4813892],[19.0646428,47.481484]]}},
{"type":"Feature","properties":{"id":"way/1242005695","railway":"tram"},"geometry":{"type":"LineString","coordinates":[[19.0471082,47.4983887],[19.0469003,47.4988983],[19.0468773,47.4990386],[19.0468849,47.4991531]]}},
{"type":"Feature","properties":{"id":"way/1242005696","railway":"tram"},"geometry":{"type":"LineString","coordinates":[[19.0465161,47.5000247],[19.0464733,47.5000808],[19.0464197,47.5001697],[19.0463734,47.5002889],[19.0463316,47.5003799],[19.0462831,47.5004674]]}},
{"type":"Feature","properties":{"id":"way/1242005697","railway":"tram"},"geometry":{"type":"LineString","coordinates":[[19.0462831,47.5004674],[19.0462347,47.5005517],[19.0461331,47.5007127],[19.0461019,47.5007585],[19.046022,47.5008731]]}},
{"type":"Feature","properties":{"id":"way/1242005698","railway":"tram"},"geometry":{"type":"LineString","coordinates":[[19.0466662,47.5088876],[19.0467111,47.5091825],[19.0467232,47.5092625],[19.0467499,47.5094381],[19.0468164,47.5098468],[19.0468236,47.5098842],[19.0468328,47.5099217],[19.0468416,47.5099589],[19.0468517,47.5099962],[19.0468756,47.5100706]]}},
{"type":"Feature","properties":{"id":"way/1243398068","railway":"tram"},"geometry":{"type":"LineString","coordinates":[[19.047642,47.5124418],[19.047616,47.5123949],[19.0476048,47.5123748],[19.0475938,47.5123537],[19.0475834,47.5123327],[19.0475746,47.5123139],[19.0475643,47.5122905],[19.0475559,47.512269],[19.0475487,47.5122487],[19.0475424,47.5122284],[19.0473832,47.5117403],[19.0473542,47.5116514],[19.0473286,47.5115731],[19.0471042,47.5108852]]}},
{"type":"Feature","properties":{"id":"way/1243398069","railway":"tram"},"geometry":{"type":"LineString","coordinates":[[19.0451795,47.503727],[19.045207,47.5035958]]}},
{"type":"Feature","properties":{"id":"way/1243398070","railway":"tram"},"geometry":{"type":"LineString","coordinates":[[19.045207,47.5035958],[19.0452294,47.5034811]]}},
{"type":"Feature","properties":{"id":"way/1243398071","railway":"tram"},"geometry":{"type":"LineString","coordinates":[[19.0459092,47.5010313],[19.0459415,47.5009602],[19.0459874,47.5008659],[19.0460663,47.5007489],[19.046094,47.500698],[19.0462423,47.5004567],[19.0462929,47.5003669],[19.0463318,47.5002759],[19.0463846,47.5001575]]}},
{"type":"Feature","properties":{"id":"way/1243398072","railway":"tram"},"geometry":{"type":"LineString","coordinates":[[19.0463846,47.5001575],[19.0464342,47.5000775],[19.0464696,47.5000107],[19.0465438,47.4999367],[19.046561,47.499919]]}},
{"type":"Feature","properties":{"id":"way/1243398073","railway":"tram"},"geometry":{"type":"LineString","coordinates":[[19.0470842,47.4983623],[19.047099,47.4983259],[19.0471325,47.4981532],[19.0470939,47.4978848],[19.0471042,47.4978352],[19.0471101,47.4978051]]}},
{"type":"Feature","properties":{"id":"way/1243398074","railway":"tram"},"geometry":{"type":"LineString","coordinates":[[19.0471101,47.4978051],[19.0472053,47.4975575]]}},
{"type":"Feature","properties":{"id":"way/1243398075","railway":"tram"},"geometry":{"type":"LineString","coordinates":[[19.0503751,47.4926351],[19.0505927,47.4923807]]}},
{"type":"Feature","properties":{"id":"way/1243398076","railway":"tram"},"geometry":{"type":"LineString","coordinates":[[19.0645538,47.4814339],[19.0646249,47.4813602]]}},
{"type":"Feature","properties":{"id":"way/1243398077","railway":"tram"},"geometry":{"type":"LineString","coordinates":[[19.0646249,47.4813602],[19.0647608,47.4812036]]}},
{"type":"Feature","properties":{"id":"way/1243398078","railway":"tram"},"geometry":{"type":"LineString","coordinates":[[19.0666187,47.4793803],[19.0667128,47.4793046],[19.0667947,47.4792503],[19.0668857,47.4791979],[19.0669807,47.4791582],[19.0671009,47.4791124],[19.0671751,47.4790842],[19.0674388,47.4790015],[19.0677171,47.4789196],[19.0677858,47.4788891],[19.0678345,47.4788692],[19.0679439,47.4787989]]}},
{"type":"Feature","properties":{"id":"way/1243398079","railway":"tram"},"geometry":{"type":"LineString","coordinates":[[19.0679439,47.4787989],[19.0680592,47.4787075],[19.0681505,47.4786094],[19.0682398,47.4784785]]}},
{"type":"Feature","properties":{"id":"way/1243398080","railway":"tram"},"geometry":{"type":"LineString","coordinates":[[19.0779543,47.4762451],[19.0799281,47.476533],[19.0800644,47.4765531],[19.0819416,47.4768224],[19.0820045,47.4768319],[19.0821641,47.4768536],[19.0825887,47.4769074],[19.0835065,47.477041],[19.084066,47.4771177],[19.0846112,47.477182],[19.084665,47.4771912]]}},
{"type":"Feature","properties":{"id":"way/128169790","railway":"tram"},"geometry":{"type":"LineString","coordinates":[[19.0443392,47.4911315],[19.044426,47.4910916],[19.0445227,47.4910582],[19.0446488,47.4910275],[19.0447437,47.4910159],[19.0448527,47.4910127],[19.0449428,47.4910153],[19.04505,47.4910262],[19.0451306,47.4910409],[19.0453192,47.4910763],[19.0454122,47.4910903],[19.0455029,47.4911042],[19.0455882,47.4911136],[19.0457056,47.49111],[19.0457818,47.4910977],[19.0458642,47.4910763],[19.0459153,47.4910594],[19.0459752,47.4910266],[19.0460375,47.4909921],[19.0463604,47.4907664]]}},
{"type":"Feature","properties":{"id":"way/128169791","railway":"tram"},"geometry":{"type":"LineString","coordinates":[[19.0400158,47.4927996],[19.0398006,47.4928793],[19.0391709,47.4931653],[19.0390649,47.493227],[19.0389104,47.4933237],[19.0385433,47.4936293],[19.0384317,47.4937157],[19.0383819,47.4937524],[19.0383433,47.4937786],[19.0381203,47.4939174],[19.0378771,47.4940505],[19.0375155,47.494248],[19.0371173,47.4944667],[19.0370773,47.4944883],[19.0366459,47.4947218],[19.0364304,47.4948258],[19.0362015,47.4949202],[19.036098,47.4949602],[19.0355307,47.4951677],[19.0353974,47.4952262],[19.0352722,47.4952888],[19.0349048,47.4955093],[19.033167,47.4964329],[19.0328331,47.4966115],[19.0328285,47.4966139],[19.0327886,47.4966353],[19.0324221,47.496812],[19.0321919,47.4969018],[19.0312612,47.4972595],[19.0305842,47.4975235],[19.0301402,47.4976974],[19.0300657,47.4977346],[19.0300047,47.4977685],[19.0296767,47.4979771],[19.0295725,47.4980366],[19.0294694,47.4980919],[19.028963,47.4983512],[19.0289476,47.4983595],[19.028922,47.4983729],[19.0288369,47.4984177],[19.0283751,47.4986621],[19.0279593,47.4988849],[19.0275895,47.4991208],[19.0274339,47.499221],[19.0271155,47.4994331],[19.0270611,47.4994714],[19.0266336,47.4997706],[19.0262176,47.5000656],[19.0259277,47.5002776],[19.0256166,47.5004971],[19.025455,47.5006069],[19.0251656,47.5007874],[19.0246605,47.5010791]]}},
{"type":"Feature","properties":{"id":"way/128169792","railway":"tram"},"geometry":{"type":"LineString","coordinates":[[19.0416504,47.4922298],[19.0423349,47.4920414],[19.0424282,47.4920168],[19.0426533,47.4919551],[19.0428014,47.4919134],[19.0429953,47.4918529],[19.0431866,47.4917817],[19.043248,47.4917568],[19.0433456,47.4917153],[19.0435069,47.4916455],[19.0437089,47.4915404],[19.0437952,47.4914897],[19.0442265,47.4911972],[19.0442516,47.4911805],[19.0443392,47.4911315]]}},
{"type":"Feature","properties":{"id":"way/1340078379","railway":"tram"},"geometry":{"type":"LineString","coordinates":[[19.0730404,47.4956738],[19.0728458,47.4956875],[19.0727446,47.4957002],[19.0727404,47.4957007],[19.0722365,47.4958145]]}},
{"type":"Feature","properties":{"id":"way/1340078380","railway":"tram"},"geometry":{"type":"LineString","coordinates":[[19.0730549,47.4957037],[19.0729844,47.495711],[19.0728697,47.4957145],[19.0727748,47.4957238],[19.0727549,47.4957284],[19.0722477,47.4958462]]}},
{"type":"Feature","properties":{"id":"way/1350648134","railway":"tram"},"geometry":{"type":"LineString","coordinates":[[19.0560238,47.5102839],[19.0566609,47.5099795]]}},
{"type":"Feature","properties":{"id":"way/1350648135","railway":"tram"},"geometry":{"type":"LineString","coordinates":[[19.0560485,47.5103075],[19.0558172,47.5104091],[19.055752,47.5104377],[19.0556981,47.5104614]]}},
{"type":"Feature","properties":{"id":"way/1350648136","railway":"tram"},"geometry":{"type":"LineString","coordinates":[[19.0556784,47.5104397],[19.0557321,47.510415],[19.0557997,47.5103846],[19.0560238,47.5102839]]}},
{"type":"Feature","properties":{"id":"way/1350648137","railway":"tram"},"geometry":{"type":"LineString","coordinates":[[19.0561483,47.5102613],[19.0560485,47.5103075]]}},
{"type":"Feature","properties":{"id":"way/1369753621","railway":"tram"},"geometry":{"type":"LineString","coordinates":[[19.0237454,47.4944675],[19.0237015,47.4948389],[19.0236957,47.4948936],[19.023692,47.4949295],[19.0236812,47.4950358],[19.0236706,47.4953137],[19.0236719,47.4954657],[19.0236724,47.4955318],[19.0236709,47.4956007],[19.0236868,47.4960737],[19.0237053,47.4962931],[19.0238405,47.4973856],[19.0239307,47.4980318],[19.0239738,47.498337],[19.0239795,47.4983849],[19.0239817,47.4984033],[19.0239954,47.4986515]]}},
{"type":"Feature","properties":{"id":"way/1369753622","railway":"tram"},"geometry":{"type":"LineString","coordinates":[[19.0238425,47.4937479],[19.0238072,47.4939728],[19.0237454,47.4944675]]}},
{"type":"Feature","properties":{"id":"way/1370713755","railway":"tram"},"geometry":{"type":"LineString","coordinates":[[19.0475616,47.4778429],[19.0471588,47.477704],[19.0471138,47.4776889]]}},
{"type":"Feature","properties":{"id":"way/1370717309","railway":"tram"},"geometry":{"type":"LineString","coordinates":[[19.0236309,47.5071143],[19.0238749,47.5069797],[19.0239732,47.5069254]]}},
{"type":"Feature","properties":{"id":"way/1370717310","railway":"tram"},"geometry":{"type":"LineString","coordinates":[[19.023994,47.5069495],[19.0236758,47.5071248]]}},
{"type":"Feature","properties":{"id":"way/1370719701","railway":"tram"},"geometry":{"type":"LineString","coordinates":[[19.0369434,47.5145512],[19.0373702,47.5145667]]}},
{"type":"Feature","properties":{"id":"way/1394926706","railway":"tram"},"geometry":{"type":"LineString","coordinates":[[19.0340038,47.5116816],[19.0338624,47.511625]]}},
{"type":"Feature","properties":{"id":"way/1489253613","railway":"tram"},"geometry":{"type":"LineString","coordinates":[[19.069046,47.4814819],[19.0688555,47.481607],[19.0686651,47.481732],[19.0686415,47.481747]]}},
{"type":"Feature","properties":{"id":"way/1494464603","bridge":"yes","layer":"1","railway":"tram"},"geometry":{"type":"LineString","coordinates":[[19.0641001,47.5345004],[19.0636554,47.5347895]]}},
{"type":"Feature","properties":{"id":"way/1494464604","bridge":"yes","layer":"1","railway":"tram"},"geometry":{"type":"LineString","coordinates":[[19.0636007,47.5347389],[19.0640498,47.5344512]]}},
{"type":"Feature","properties":{"id":"way/1494464605","railway":"tram"},"geometry":{"type":"LineString","coordinates":[[19.0636554,47.5347895],[19.0631874,47.5350571],[19.0627698,47.5352627]]}},
{"type":"Feature","properties":{"id":"way/1494464606","railway":"tram"},"geometry":{"type":"LineString","coordinates":[[19.0627408,47.5352068],[19.0630341,47.5350608],[19.0632822,47.534927],[19.0636007,47.5347389]]}},
{"type":"Feature","properties":{"id":"way/1532361816","railway":"tram"},"geometry":{"type":"LineString","coordinates":[[19.023579,47.4985541],[19.0215138,47.4982057]]}},
{"type":"Feature","properties":{"id":"way/1532363898","railway":"tram"},"geometry":{"type":"LineString","coordinates":[[19.0236219,47.4985347],[19.0236728,47.4985502],[19.0237639,47.4985826],[19.0238534,47.4986281],[19.023895,47.4986592],[19.0239196,47.4986812],[19.0239634,47.4987335],[19.0239851,47.4987722],[19.0239965,47.4988062],[19.0240151,47.4989024]]}},
{"type":"Feature","properties":{"id":"way/1532363899","railway":"tram"},"geometry":{"type":"LineString","coordinates":[[19.0239658,47.4989215],[19.0239423,47.4988041],[19.0239305,47.4987624],[19.0239,47.4987147],[19.0238566,47.4986729],[19.0238065,47.4986391],[19.0237448,47.498614],[19.0236562,47.4985779],[19.023579,47.4985541]]}},
{"type":"Feature","properties":{"id":"way/1532364583","railway":"tram"},"geometry":{"type":"LineString","coordinates":[[19.0245438,47.4899255],[19.0246013,47.4877854],[19.0246008,47.4876843],[19.0246057,47.4876378],[19.0246119,47.4874469],[19.0246114,47.4874071],[19.0246117,47.4873902],[19.0246168,47.4872387],[19.0246256,47.4868549],[19.0246317,47.4865729],[19.0246346,47.4864777]]}},
{"type":"Feature","properties":{"id":"way/156522823","railway":"tram"},"geometry":{"type":"LineString","coordinates":[[19.044367,47.4911534],[19.0442809,47.4912016],[19.0442559,47.4912183],[19.0441713,47.4912746],[19.0438247,47.4915087],[19.0437323,47.4915622],[19.0435362,47.4916608],[19.0433304,47.4917526],[19.0432676,47.4917788],[19.0432052,47.4918051],[19.0430128,47.4918764],[19.0428198,47.491938],[19.0424434,47.4920417],[19.042354,47.4920662],[19.0409831,47.4924463],[19.0407203,47.4925351],[19.0400158,47.4927996]]}},
{"type":"Feature","properties":{"id":"way/156522830","railway":"tram"},"geometry":{"type":"LineString","coordinates":[[19.0458251,47.4915004],[19.0452638,47.4921868],[19.0449844,47.4925123],[19.0445088,47.493094],[19.0444968,47.4931091],[19.0441089,47.4935964],[19.0440725,47.4936422],[19.0440444,47.4936777],[19.043396,47.4944962],[19.0432325,47.494699],[19.0429799,47.4950439],[19.0427489,47.4954583],[19.0423297,47.4962113],[19.042324,47.4962215],[19.0423182,47.496232],[19.041774,47.4972094],[19.04174,47.497273]]}},
{"type":"Feature","properties":{"id":"way/165214726","bridge":"yes","layer":"1","railway":"tram"},"geometry":{"type":"LineString","coordinates":[[19.0473852,47.5133515],[19.0473233,47.5133776],[19.0473083,47.5133851],[19.0472941,47.5133931],[19.0472807,47.513401],[19.0472677,47.5134095],[19.0472566,47.5134169],[19.0472348,47.5134312],[19.0472225,47.5134387],[19.0472094,47.5134459],[19.0471959,47.5134528],[19.0471818,47.5134596],[19.0471239,47.513485]]}},
{"type":"Feature","properties":{"id":"way/214802290","railway":"tram"},"geometry":{"type":"LineString","coordinates":[[19.0529056,47.4827913],[19.052875,47.4827246],[19.0528603,47.4826961],[19.0528305,47.4826519],[19.0527853,47.48258],[19.0527739,47.4825573],[19.0527446,47.4824938]]}},
{"type":"Feature","properties":{"id":"way/220028274","railway":"tram"},"geometry":{"type":"LineString","coordinates":[[19.0722477,47.4958462],[19.0720123,47.4958956]]}},
{"type":"Feature","properties":{"id":"way/220028275","railway":"tram"},"geometry":{"type":"LineString","coordinates":[[19.0720009,47.4958665],[19.0718974,47.4958907],[19.0714194,47.496003],[19.0711527,47.4960633]]}},
{"type":"Feature","properties":{"id":"way/223333196","railway":"tram"},"geometry":{"type":"LineString","coordinates":[[19.0492589,47.4879925],[19.0493084,47.4879499],[19.0493639,47.4879085],[19.0497582,47.4876655],[19.0497927,47.4876415]]}},
{"type":"Feature","properties":{"id":"way/223333199","railway":"tram"},"geometry":{"type":"LineString","coordinates":[[19.0498258,47.4876655],[19.0495233,47.4878469],[19.0493874,47.4879288],[19.0492995,47.4880035]]}},
{"type":"Feature","properties":{"id":"way/223333201","railway":"tram"},"geometry":{"type":"LineString","coordinates":[[19.0487971,47.4885869],[19.0488834,47.4885025],[19.0489544,47.488419],[19.0490153,47.4883323],[19.0490776,47.4882355],[19.0491411,47.4881391]]}},
{"type":"Feature","properties":{"id":"way/223333204","railway":"tram"},"geometry":{"type":"LineString","coordinates":[[19.0491778,47.4881481],[19.0491274,47.4882244],[19.0490618,47.4883301],[19.0489915,47.4884304],[19.0489535,47.4884787],[19.0489178,47.4885188],[19.0488332,47.4886032]]}},
{"type":"Feature","properties":{"id":"way/223333216","railway":"tram"},"geometry":{"type":"LineString","coordinates":[[19.053048,47.4844703],[19.0529597,47.4845389],[19.0529348,47.4845582],[19.0528926,47.484596],[19.0528654,47.4846231],[19.0528313,47.4846593],[19.0527941,47.4847029],[19.0527707,47.4847363],[19.0527206,47.484815],[19.0526044,47.4850251],[19.0525461,47.4851257],[19.0525108,47.4851786],[19.0524817,47.4852149],[19.05242,47.4852869],[19.0523587,47.4853418]]}},
{"type":"Feature","properties":{"id":"way/223333217","bridge":"yes","layer":"1","railway":"tram"},"geometry":{"type":"LineString","coordinates":[[19.0433228,47.5146947],[19.0434528,47.5146924],[19.0435429,47.514675],[19.0436395,47.514645]]}},
{"type":"Feature","properties":{"id":"way/223333219","bridge":"yes","layer":"1","railway":"tram"},"geometry":{"type":"LineString","coordinates":[[19.0436452,47.5147062],[19.0435575,47.5147343],[19.0434627,47.5147551],[19.043334,47.5147565]]}},
{"type":"Feature","properties":{"id":"way/223333221","railway":"tram"},"geometry":{"type":"LineString","coordinates":[[19.0508473,47.4918806],[19.0507732,47.4919937],[19.0507413,47.4921337],[19.0507262,47.4922037],[19.0507031,47.492284],[19.0506269,47.4923936],[19.0504089,47.4926448]]}},
{"type":"Feature","properties":{"id":"way/24022004","layer":"-1","railway":"tram","tunnel":"yes"},"geometry":{"type":"LineString","coordinates":[[19.046561,47.499919],[19.0466173,47.4998756],[19.0468009,47.4997787],[19.0468965,47.4996879],[19.0469395,47.4996075],[19.0469591,47.4995116],[19.0469423,47.4993844],[19.0468644,47.4992093]]}},
{"type":"Feature","properties":{"id":"way/24054341","railway":"tram"},"geometry":{"type":"LineString","coordinates":[[19.0382116,47.5146264],[19.0381725,47.5146274],[19.0374262,47.5146064],[19.0371252,47.5145898],[19.0362484,47.5145514]]}},
{"type":"Feature","properties":{"id":"way/24210197","bridge":"yes","layer":"1","railway":"tram"},"geometry":{"type":"LineString","coordinates":[[19.0474937,47.5133122],[19.0475481,47.5132878],[19.0475611,47.5132811],[19.0475735,47.5132739],[19.0475855,47.5132666],[19.0475974,47.513259],[19.047623,47.5132426],[19.0477077,47.5131846],[19.0477416,47.5131613],[19.0477665,47.5131425],[19.0477898,47.513122],[19.0478119,47.5130993]]}},
{"type":"Feature","properties":{"id":"way/24262929","layer":"-1","railway":"tram","tunnel":"yes"},"geometry":{"type":"LineString","coordinates":[[19.0561697,47.4871524],[19.0566125,47.4867842],[19.0566575,47.486748],[19.0568651,47.4865867],[19.0578827,47.4856969]]}},
{"type":"Feature","properties":{"id":"way/24268490","railway":"tram"},"geometry":{"type":"LineString","coordinates":[[19.0647399,47.4813892],[19.0648456,47.4812477],[19.065031,47.4810474]]}},
{"type":"Feature","properties":{"id":"way/24278862","railway":"tram"},"geometry":{"type":"LineString","coordinates":[[19.0535813,47.4837348],[19.053598,47.4837502],[19.0536245,47.4837753],[19.0536368,47.483787],[19.0536652,47.4838201],[19.053679,47.4838436],[19.0536934,47.4838748],[19.0537021,47.4839396],[19.0536952,47.4839769],[19.0536727,47.4840243],[19.0536341,47.4840724],[19.0535571,47.4841359]]}},
{"type":"Feature","properties":{"id":"way/24288600","railway":"tram"},"geometry":{"type":"LineString","coordinates":[[19.0483002,47.4774948],[19.0484475,47.4774536],[19.0490773,47.4772748],[19.0494525,47.4771679],[19.0495524,47.4771395],[19.0495655,47.4771357]]}},
{"type":"Feature","properties":{"id":"way/24303432","layer":"-1","railway":"tram","tunnel":"yes"},"geometry":{"type":"LineString","coordinates":[[19.0246474,47.5062084],[19.0247232,47.5063004]]}},
{"type":"Feature","properties":{"id":"way/24303452","layer":"2","railway":"tram"},"geometry":{"type":"LineString","coordinates":[[19.0240151,47.4989024],[19.0240332,47.4993408],[19.0240277,47.5000501],[19.0240339,47.5002229],[19.0240498,47.500374],[19.0240852,47.5006496],[19.0241111,47.5008377],[19.024135,47.50109]]}},
{"type":"Feature","properties":{"id":"way/24303966","railway":"tram"},"geometry":{"type":"LineString","coordinates":[[19.0535747,47.4837379],[19.0535892,47.4837544],[19.0536072,47.4837849],[19.0536226,47.4838109],[19.0536374,47.4838533],[19.0536409,47.4838738],[19.0536422,47.4839145],[19.0536345,47.4839612],[19.0536124,47.4840102],[19.0535745,47.4840622],[19.0535183,47.4841145]]}},
{"type":"Feature","properties":{"id":"way/24304423","layer":"-1","railway":"tram","tunnel":"yes"},"geometry":{"type":"LineString","coordinates":[[19.0408851,47.4981975],[19.0408167,47.498203],[19.0407497,47.498212],[19.0407034,47.498222],[19.0406732,47.4982324],[19.040631,47.4982524],[19.0406035,47.4982691],[19.0405767,47.4982886],[19.040556,47.4983109],[19.0405297,47.4983586],[19.0405122,47.4984202],[19.0405108,47.4984652],[19.0405187,47.4985087],[19.0405417,47.4985456],[19.0405693,47.4985731],[19.0406102,47.4985971],[19.0406477,47.4986125],[19.040672,47.498622],[19.0407155,47.4986396]]}},
{"type":"Feature","properties":{"id":"way/244326525","railway":"tram"},"geometry":{"type":"LineString","coordinates":[[19.0452416,47.5036017],[19.045201,47.5037978]]}},
{"type":"Feature","properties":{"id":"way/244326526","railway":"tram"},"geometry":{"type":"LineString","coordinates":[[19.0452294,47.5034811],[19.045258,47.503335],[19.0459092,47.5010313]]}},
{"type":"Feature","properties":{"id":"way/244583267","railway":"tram"},"geometry":{"type":"LineString","coordinates":[[19.045201,47.5037978],[19.0451485,47.5040441],[19.0450838,47.5043969]]}},
{"type":"Feature","properties":{"id":"way/24617910","layer":"-1","railway":"tram","tunnel":"yes"},"geometry":{"type":"LineString","coordinates":[[19.0246474,47.5062084],[19.0246706,47.5062443],[19.0247127,47.5063043]]}},
{"type":"Feature","properties":{"id":"way/258067748","layer":"1","railway":"tram"},"geometry":{"type":"LineString","coordinates":[[19.044469,47.5397586],[19.044551,47.5397417],[19.044612,47.5397263],[19.0446798,47.5397082],[19.0447452,47.5396852],[19.0448766,47.5396318],[19.0451516,47.5395231]]}},
{"type":"Feature","properties":{"id":"way/258067749","railway":"tram"},"geometry":{"type":"LineString","coordinates":[[19.0649921,47.5338806],[19.0650598,47.533827],[19.0651153,47.5337757],[19.0651736,47.5337213],[19.065274,47.533622],[19.0653295,47.533568],[19.0653797,47.5335211],[19.0654638,47.533449]]}},
{"type":"Feature","properties":{"id":"way/275119321","railway":"tram"},"geometry":{"type":"LineString","coordinates":[[19.0369434,47.5145512],[19.037015,47.5145586],[19.0370673,47.5145688],[19.0370972,47.5145776],[19.0371252,47.5145898],[19.037158,47.5146066],[19.0371875,47.5146259],[19.0372111,47.5146454],[19.0372273,47.5146629],[19.0372442,47.5146862],[19.0372555,47.5147062],[19.0372637,47.514721],[19.0372717,47.5147464],[19.0372736,47.5147759],[19.0372724,47.5148067],[19.0371882,47.515145],[19.0371812,47.5151799],[19.037177,47.5152008],[19.0371745,47.5152157],[19.0371729,47.5152255],[19.0371714,47.515251],[19.037157,47.5153265]]}},
{"type":"Feature","properties":{"id":"way/288069961","railway":"tram"},"geometry":{"type":"LineString","coordinates":[[19.0551536,47.4974891],[19.0551918,47.4974708]]}},
{"type":"Feature","properties":{"id":"way/296910369","railway":"tram"},"geometry":{"type":"LineString","coordinates":[[19.0497927,47.4876415],[19.0498709,47.4875871],[19.0499694,47.4875004],[19.0509401,47.4865879],[19.0517876,47.4857977],[19.0522641,47.4853775],[19.052322,47.4853238]]}},
{"type":"Feature","properties":{"id":"way/310964818","railway":"tram"},"geometry":{"type":"LineString","coordinates":[[19.0245133,47.5011227],[19.0249821,47.5008507],[19.025137,47.5007658],[19.0254189,47.5005889],[19.0255811,47.500474],[19.0258881,47.5002546],[19.0261823,47.5000329],[19.0265993,47.4997532],[19.0270283,47.4994507],[19.0271077,47.4993962],[19.0275029,47.4991366],[19.0279334,47.4988631],[19.028117,47.4987601],[19.0287329,47.4984356],[19.0287615,47.4984207],[19.0288143,47.4983939],[19.0288965,47.4983503],[19.029359,47.4981087],[19.0294361,47.4980712],[19.0296654,47.4979483],[19.0299779,47.4977486],[19.030048,47.4977108],[19.0301275,47.4976752],[19.030564,47.4975032],[19.0312415,47.4972369],[19.0321279,47.4968929],[19.0321384,47.4968891],[19.0321722,47.4968766],[19.0323766,47.4968032],[19.0327622,47.4966135],[19.0331439,47.4964165],[19.0347764,47.4955404],[19.0352473,47.4952674],[19.0353755,47.4952041],[19.0355118,47.4951434],[19.0361074,47.4949256],[19.0362189,47.494879],[19.0364065,47.494802],[19.0366217,47.4947],[19.0370521,47.4944676],[19.0370918,47.4944462],[19.0374849,47.49423],[19.0380924,47.493895],[19.0382404,47.4938049],[19.0383167,47.4937581],[19.0383552,47.4937316],[19.0384066,47.4936918],[19.0385048,47.4936142],[19.0388788,47.4933073],[19.0390299,47.4932123],[19.0391461,47.4931442],[19.0397786,47.4928549],[19.0403102,47.4926575]]}},
{"type":"Feature","properties":{"id":"way/310965378","bridge":"yes","layer":"1","railway":"tram"},"geometry":{"type":"LineString","coordinates":[[19.0485059,47.4953034],[19.0483622,47.495537],[19.0481797,47.4958543]]}},
{"type":"Feature","properties":{"id":"way/310975581","railway":"tram"},"geometry":{"type":"LineString","coordinates":[[19.0350957,47.5132608],[19.0351861,47.5133992],[19.0357339,47.5143322],[19.0358175,47.5143964]]}},
{"type":"Feature","properties":{"id":"way/310986492","railway":"tram"},"geometry":{"type":"LineString","coordinates":[[19.0703529,47.4806041],[19.0703838,47.4805866],[19.0704403,47.4805561],[19.0706616,47.4804258],[19.0716537,47.4798309],[19.0716915,47.4798072],[19.072064,47.4795597],[19.0721103,47.479529],[19.072149,47.4795034],[19.0726479,47.4791846],[19.0727085,47.4791497],[19.0727678,47.4791193],[19.0729928,47.4789917],[19.0739761,47.4783426],[19.0741322,47.4782382],[19.0747931,47.4778376],[19.0749706,47.4777227],[19.0754502,47.4774169],[19.0758171,47.4771829],[19.0758674,47.4771512],[19.0759684,47.4770864],[19.0762961,47.476878]]}},
{"type":"Feature","properties":{"id":"way/311765472","railway":"tram"},"geometry":{"type":"LineString","coordinates":[[19.0366707,47.5163775],[19.0366513,47.5162986],[19.0366245,47.5162293],[19.0360804,47.5151003],[19.0359235,47.5147925],[19.0358643,47.51467],[19.0358257,47.5145764],[19.0357737,47.5144739],[19.0357631,47.514458],[19.0357003,47.5143482]]}},
{"type":"Feature","properties":{"id":"way/322926572","railway":"tram"},"geometry":{"type":"LineString","coordinates":[[19.0204473,47.5083727],[19.0207625,47.5083304],[19.020855,47.5083114],[19.0209499,47.5082861],[19.0210415,47.5082557],[19.0211291,47.5082203],[19.0212122,47.5081804],[19.0213091,47.5081281],[19.0215902,47.5079514],[19.0217418,47.5078355],[19.0218577,47.507741],[19.0219403,47.5076742],[19.0220042,47.5076362],[19.0221031,47.5075932],[19.0221589,47.5075714],[19.0222876,47.5075347],[19.0223532,47.5075187],[19.0223878,47.5075097],[19.0224788,47.5074871],[19.022552,47.5074685],[19.022615,47.5074537]]}},
{"type":"Feature","properties":{"id":"way/325777025","railway":"tram"},"geometry":{"type":"LineString","coordinates":[[19.0694109,47.4812375],[19.069307,47.4813065],[19.0692364,47.4813569],[19.069046,47.4814819]]}},
{"type":"Feature","properties":{"id":"way/325777032","railway":"tram"},"geometry":{"type":"LineString","coordinates":[[19.0686415,47.481747],[19.0685804,47.4817543],[19.0685336,47.4817501],[19.0684496,47.4817447],[19.0683823,47.4817227],[19.0683096,47.4816856],[19.0682632,47.4816506],[19.0681694,47.4815543]]}},
{"type":"Feature","properties":{"id":"way/325788753","layer":"2","railway":"tram"},"geometry":{"type":"LineString","coordinates":[[19.0463061,47.4778755],[19.0453536,47.4779961]]}},
{"type":"Feature","properties":{"id":"way/325788754","railway":"tram"},"geometry":{"type":"LineString","coordinates":[[19.0462726,47.4778485],[19.0462977,47.4778454],[19.0464571,47.4778256],[19.0467618,47.4777878],[19.046811,47.4777817],[19.0468885,47.4777711],[19.0469397,47.4777608],[19.0469818,47.4777477],[19.0470218,47.4777358],[19.0470501,47.4777215],[19.0470811,47.4777065],[19.0471138,47.4776889],[19.0471317,47.477677],[19.0471503,47.4776646],[19.047222,47.4775947],[19.0472422,47.4775696],[19.047256,47.4775411],[19.0472766,47.477492],[19.0472855,47.4774392],[19.0472814,47.4773697]]}},
{"type":"Feature","properties":{"id":"way/325824575","railway":"tram"},"geometry":{"type":"LineString","coordinates":[[19.0314986,47.5107325],[19.0320896,47.5109346],[19.032192,47.5109704],[19.0323248,47.5110171],[19.0324332,47.511058],[19.0325998,47.5111249],[19.0328901,47.5112348],[19.0333563,47.5114038],[19.0338858,47.511601]]}},
{"type":"Feature","properties":{"id":"way/325824576","railway":"tram"},"geometry":{"type":"LineString","coordinates":[[19.0261313,47.5075613],[19.0260121,47.5074807],[19.0259297,47.507434],[19.0258488,47.5073963],[19.0257464,47.5073582],[19.0256609,47.5073362],[19.0255517,47.5073179],[19.0253765,47.5073127],[19.0251828,47.5073235],[19.0244969,47.5073652],[19.0243711,47.5073697]]}},
{"type":"Feature","properties":{"id":"way/32761640","railway":"tram"},"geometry":{"type":"LineString","coordinates":[[19.0241694,47.5016644],[19.0241769,47.5020489],[19.0241801,47.5021922],[19.0241803,47.5022706],[19.0241826,47.5023204],[19.024185,47.502458],[19.0241817,47.5025941],[19.0241689,47.5027286],[19.0241481,47.5028563],[19.0241245,47.5029983],[19.0241106,47.5031164],[19.0241059,47.5032074],[19.0241058,47.5032973],[19.024111,47.5034175],[19.0241233,47.5035118],[19.0241381,47.5036056],[19.0241703,47.5037614],[19.0242423,47.5041087],[19.0243183,47.5044973],[19.0243245,47.504627],[19.0243235,47.5046801],[19.0243133,47.5047751],[19.0242973,47.5048792],[19.0242817,47.5049531],[19.0242723,47.5050522],[19.0242645,47.5051603],[19.0242656,47.5051875],[19.0242722,47.5053153],[19.0242912,47.5054263],[19.0243295,47.5055959],[19.0243665,47.5057152],[19.0244101,47.5058379],[19.0244617,47.5059403],[19.0245071,47.5060222],[19.0245539,47.5060891]]}},
{"type":"Feature","properties":{"id":"way/32888599","railway":"tram"},"geometry":{"type":"LineString","coordinates":[[19.0548494,47.4977141],[19.0549302,47.4976269],[19.0549913,47.4975759],[19.0550202,47.4975568],[19.0551536,47.4974891]]}},
{"type":"Feature","properties":{"id":"way/331237080","railway":"tram"},"geometry":{"type":"LineString","coordinates":[[19.0784547,47.5252447],[19.0780247,47.5255514],[19.07797,47.5255895],[19.0778927,47.5256423],[19.0778518,47.5256756],[19.0776158,47.5258288]]}},
{"type":"Feature","properties":{"id":"way/332258799","railway":"tram"},"geometry":{"type":"LineString","coordinates":[[19.04174,47.497273],[19.0415333,47.4976893]]}},
{"type":"Feature","properties":{"id":"way/332258800","railway":"tram"},"geometry":{"type":"LineString","coordinates":[[19.0414147,47.4979108],[19.0413853,47.4979703],[19.0413668,47.4980044],[19.0413461,47.4980347],[19.0413059,47.4980804],[19.0412593,47.4981178],[19.0411892,47.4981531],[19.0411336,47.4981713],[19.0410588,47.4981867],[19.0409857,47.4981939],[19.0408851,47.4981975]]}},
{"type":"Feature","properties":{"id":"way/332350523","railway":"tram"},"geometry":{"type":"LineString","coordinates":[[19.0472705,47.4769849],[19.0473067,47.4772607],[19.047323,47.4773676]]}},
{"type":"Feature","properties":{"id":"way/332932155","railway":"tram"},"geometry":{"type":"LineString","coordinates":[[19.0692164,47.4813273],[19.069276,47.4812819],[19.0693762,47.4812135]]}},
{"type":"Feature","properties":{"id":"way/333075299","railway":"tram"},"geometry":{"type":"LineString","coordinates":[[19.0240257,47.5073891],[19.0239,47.5074024],[19.0238276,47.5074159],[19.0237917,47.5074247],[19.0237262,47.5074385],[19.0236666,47.5074439],[19.0228777,47.5074866]]}},
{"type":"Feature","properties":{"id":"way/333075300","railway":"tram"},"geometry":{"type":"LineString","coordinates":[[19.023994,47.5069495],[19.0239124,47.5070043],[19.0238766,47.5070345],[19.0238494,47.5070599],[19.0238155,47.5070843],[19.0237798,47.5071063],[19.0233986,47.5073161],[19.0233528,47.5073408],[19.023267,47.5073784],[19.0232026,47.5073988],[19.0230976,47.5074151]]}},
{"type":"Feature","properties":{"id":"way/333547243","railway":"tram"},"geometry":{"type":"LineString","coordinates":[[19.070202,47.4983366],[19.0703576,47.4978125],[19.0704592,47.4974916],[19.0704847,47.4974024],[19.0705023,47.4973111],[19.0705074,47.4972894],[19.070517,47.4971939],[19.0705342,47.4970794],[19.0705586,47.496945],[19.0705963,47.4968066],[19.0707544,47.4962475]]}},
{"type":"Feature","properties":{"id":"way/333834864","railway":"tram"},"geometry":{"type":"LineString","coordinates":[[19.0357003,47.5143482],[19.035696,47.5143415],[19.035134,47.5134155],[19.0350586,47.5132771],[19.0350156,47.5131991],[19.0349982,47.5131645],[19.0348984,47.5129534],[19.0348619,47.5128843],[19.0344791,47.5120996],[19.0344438,47.5120417]]}},
{"type":"Feature","properties":{"id":"way/333834867","bridge":"yes","layer":"1","railway":"tram"},"geometry":{"type":"LineString","coordinates":[[19.0608705,47.4775813],[19.0621503,47.478203],[19.0634819,47.4788492],[19.0642861,47.4792371],[19.0654191,47.4797753]]}},
{"type":"Feature","properties":{"id":"way/333834894","railway":"tram"},"geometry":{"type":"LineString","coordinates":[[19.0495655,47.4771357],[19.049796,47.4770679],[19.0498854,47.4770417],[19.0506285,47.4768308],[19.0507339,47.4768009],[19.052021,47.4764357],[19.0525933,47.4762733],[19.0529103,47.4761799],[19.0530965,47.4761216],[19.05321,47.4760879],[19.0533254,47.476055],[19.0534557,47.4760183],[19.0541017,47.4758347],[19.0541851,47.4758108],[19.0542955,47.4757791],[19.0545293,47.4757203],[19.0549242,47.4756087],[19.0553445,47.4754881],[19.0555655,47.4754247],[19.0556736,47.4753963],[19.0556928,47.4753917],[19.0557321,47.4753822],[19.055765,47.4753742],[19.0558596,47.4753597],[19.0559544,47.4753511],[19.0560502,47.4753501],[19.056148,47.4753556],[19.056234,47.4753656],[19.0563533,47.4753881],[19.0564028,47.4754025],[19.0565083,47.4754361],[19.0566744,47.4755084]]}},
{"type":"Feature","properties":{"id":"way/333834903","railway":"tram"},"geometry":{"type":"LineString","coordinates":[[19.0563936,47.4754507],[19.0562857,47.4754158],[19.056182,47.475395],[19.0560723,47.4753814],[19.056007,47.475381],[19.0559311,47.4753822],[19.0557963,47.4753984],[19.0557552,47.4754063],[19.0557166,47.475414],[19.0556396,47.4754354],[19.0553483,47.4755175],[19.0549265,47.4756391],[19.0545488,47.475748],[19.0543931,47.4757974],[19.0543283,47.475818],[19.0534658,47.4760695],[19.0533521,47.4761013],[19.0532234,47.4761357],[19.0531033,47.4761661],[19.0528672,47.4762262],[19.0521662,47.476426],[19.0520373,47.4764627],[19.0507401,47.4768323],[19.0506385,47.4768612],[19.0498642,47.4770818],[19.0498443,47.4770874]]}},
{"type":"Feature","properties":{"id":"way/334745060","railway":"tram"},"geometry":{"type":"LineString","coordinates":[[19.0393344,47.5117091],[19.0393307,47.511672],[19.039304,47.511063],[19.0392982,47.5103164],[19.0392972,47.510269],[19.0392966,47.5102388],[19.0392784,47.5093328],[19.0392946,47.508523],[19.0393339,47.5077752],[19.0393347,47.5077211],[19.0393522,47.5060992],[19.0393796,47.5057304]]}},
{"type":"Feature","properties":{"id":"way/334745062","railway":"tram"},"geometry":{"type":"LineString","coordinates":[[19.039391,47.5061703],[19.039378,47.5077211],[19.0393771,47.5077749],[19.0393348,47.5085234],[19.039335,47.5102401],[19.039336,47.5102705],[19.039336,47.5103647],[19.0393486,47.5110652],[19.0393658,47.5116704],[19.0393865,47.5118563],[19.0394183,47.5121426],[19.0395237,47.5128281],[19.0395827,47.5131483],[19.0395947,47.5132135],[19.0395992,47.5132372]]}},
{"type":"Feature","properties":{"id":"way/337893913","railway":"tram"},"geometry":{"type":"LineString","coordinates":[[19.0774973,47.5257963],[19.0777781,47.5256244],[19.0778089,47.5255975],[19.0778754,47.5255513]]}},
{"type":"Feature","properties":{"id":"way/337893914","bridge":"yes","layer":"1","railway":"tram"},"geometry":{"type":"LineString","coordinates":[[19.043334,47.5147565],[19.0425959,47.514744],[19.0407234,47.5146859],[19.0396402,47.5146523],[19.0395022,47.514648],[19.0394015,47.5146449]]}},
{"type":"Feature","properties":{"id":"way/337893915","railway":"tram"},"geometry":{"type":"LineString","coordinates":[[19.0707544,47.4962475],[19.0707757,47.4961458],[19.0707837,47.4960601],[19.0708114,47.4958571]]}},
{"type":"Feature","properties":{"id":"way/35819466","railway":"tram"},"geometry":{"type":"LineString","coordinates":[[19.0427295,47.5400971],[19.042295,47.5402456],[19.0420644,47.5403361],[19.0418095,47.5404502],[19.0416533,47.5405337],[19.041409,47.5406701],[19.0413611,47.5406989],[19.0412453,47.5407719],[19.0411839,47.5408153],[19.041153,47.5408357],[19.0409493,47.5409779],[19.0408059,47.5410791],[19.0406458,47.5411834],[19.0404682,47.5412891],[19.0399876,47.5415559]]}},
{"type":"Feature","properties":{"id":"way/358698030","railway":"tram"},"geometry":{"type":"LineString","coordinates":[[19.051576,47.4909112],[19.0514482,47.4910863]]}},
{"type":"Feature","properties":{"id":"way/358698035","railway":"tram"},"geometry":{"type":"LineString","coordinates":[[19.0515804,47.4908516],[19.0516944,47.4907041],[19.0518159,47.4905594],[19.0519877,47.4903641],[19.052277,47.4901163],[19.0524519,47.4899665],[19.0533217,47.4893101],[19.0540062,47.4888048],[19.0542419,47.4886288],[19.055317,47.4878061],[19.0554098,47.4877356],[19.0558526,47.4873993],[19.0561697,47.4871524]]}},
{"type":"Feature","properties":{"id":"way/358981857","railway":"tram"},"geometry":{"type":"LineString","coordinates":[[19.0508134,47.4918668],[19.0511927,47.4913627],[19.0514126,47.4910733]]}},
{"type":"Feature","properties":{"id":"way/363499028","railway":"tram"},"geometry":{"type":"LineString","coordinates":[[19.0768786,47.4765507],[19.0760626,47.477064],[19.0760083,47.4770932],[19.0758989,47.4771637],[19.0748282,47.477852],[19.0739953,47.4783703],[19.0730228,47.4790078],[19.0728071,47.4791333],[19.0727425,47.4791694],[19.0722781,47.4794658],[19.0721389,47.4795527]]}},
{"type":"Feature","properties":{"id":"way/363499029","railway":"tram"},"geometry":{"type":"LineString","coordinates":[[19.0778895,47.4756114],[19.0778677,47.4756353],[19.0778311,47.4756717],[19.0775504,47.4759639],[19.077501,47.4760147]]}},
{"type":"Feature","properties":{"id":"way/366046309","railway":"tram"},"geometry":{"type":"LineString","coordinates":[[19.0768947,47.4761544],[19.0763754,47.4760819],[19.0760013,47.4760245],[19.07584,47.4759943],[19.0754432,47.4759149],[19.0752954,47.4758901],[19.0733404,47.475607],[19.0732347,47.4755923],[19.0717046,47.4753801],[19.0711007,47.4752932],[19.0709824,47.4752708],[19.0709564,47.4752659],[19.0708977,47.4752522],[19.0708482,47.4752387],[19.0708111,47.4752265],[19.0707757,47.4752116],[19.0707418,47.4751958],[19.070697,47.475172],[19.0706608,47.4751491],[19.0705155,47.4750549]]}},
{"type":"Feature","properties":{"id":"way/368937678","railway":"tram"},"geometry":{"type":"LineString","coordinates":[[19.022615,47.5074537],[19.0231568,47.5073228],[19.0232712,47.5072864],[19.0233415,47.50726],[19.0234535,47.5072062],[19.0236309,47.5071143]]}},
{"type":"Feature","properties":{"id":"way/370634069","railway":"tram"},"geometry":{"type":"LineString","coordinates":[[19.0228397,47.5074336],[19.0230976,47.5074151]]}},
{"type":"Feature","properties":{"id":"way/370634070","railway":"tram"},"geometry":{"type":"LineString","coordinates":[[19.0241358,47.5073495],[19.0242447,47.5073454],[19.0243678,47.5073386]]}},
{"type":"Feature","properties":{"id":"way/37390266","railway":"tram"},"geometry":{"type":"LineString","coordinates":[[19.047323,47.4773676],[19.0473275,47.4774307],[19.047329,47.477456],[19.047323,47.4775003],[19.0473057,47.4775435],[19.0472995,47.4775554],[19.0472882,47.4775772],[19.0472673,47.4776089],[19.0471944,47.4776811],[19.0471766,47.4776925],[19.0471588,47.477704],[19.0471246,47.4777248],[19.0470904,47.4777427],[19.047042,47.4777625],[19.0470048,47.4777755],[19.0469613,47.4777866],[19.0468991,47.4777994],[19.0468181,47.4778101],[19.0464734,47.477854],[19.0463061,47.4778755]]}},
{"type":"Feature","properties":{"id":"way/373904858","railway":"tram"},"geometry":{"type":"LineString","coordinates":[[19.0239954,47.4986515],[19.0240151,47.4989024]]}},
{"type":"Feature","properties":{"id":"way/373904859","railway":"tram"},"geometry":{"type":"LineString","coordinates":[[19.0261999,47.4844189],[19.0264219,47.4842822],[19.0266315,47.4841522],[19.0266687,47.4841316],[19.0267161,47.4841011],[19.026796,47.48406],[19.0268842,47.48402],[19.0269945,47.4839796],[19.0272434,47.4838965],[19.0278751,47.4836867],[19.0288566,47.4833624],[19.0292751,47.4832315],[19.0294075,47.4831889],[19.0295269,47.4831442],[19.0296304,47.483098],[19.0298364,47.4830017],[19.0298654,47.4829878],[19.0298863,47.482979],[19.029989,47.4829358],[19.0304672,47.4827344],[19.0307281,47.4826235],[19.0323451,47.4819352],[19.0324278,47.4819002],[19.0325092,47.4818658],[19.0329822,47.4816657],[19.035385,47.4806438],[19.0357549,47.4804856],[19.0361633,47.4803132],[19.036255,47.480274],[19.0363376,47.4802377],[19.0364199,47.4802037],[19.0368951,47.4800019],[19.036969,47.47997],[19.0379638,47.4795483],[19.0381276,47.4794839],[19.0382849,47.4794332],[19.0384979,47.4793695],[19.0397585,47.4790034],[19.0401933,47.4788787],[19.0402882,47.4788536],[19.0403724,47.4788319],[19.0404595,47.4788087],[19.0405792,47.4787775],[19.0409901,47.4786682],[19.0416554,47.478493],[19.0419265,47.4784289],[19.0421052,47.4783935],[19.0422933,47.4783589],[19.0425355,47.4783228],[19.0437338,47.4781708],[19.0438446,47.4781568],[19.0439472,47.4781439],[19.0447364,47.4780451],[19.0449271,47.4780206],[19.0457846,47.4779123]]}},
{"type":"Feature","properties":{"id":"way/380176465","railway":"tram"},"geometry":{"type":"LineString","coordinates":[[19.0494671,47.4785832],[19.049306,47.4785141],[19.0488768,47.4783419],[19.0483591,47.4781356],[19.0482523,47.4780927],[19.0481841,47.4780656],[19.0480294,47.4780066],[19.0479842,47.4779891],[19.0475616,47.4778429]]}},
{"type":"Feature","properties":{"id":"way/380176467","railway":"tram"},"geometry":{"type":"LineString","coordinates":[[19.0509612,47.479433],[19.0510834,47.4795441],[19.0512266,47.4796827],[19.0513594,47.4798188],[19.0514304,47.4798982],[19.0514573,47.4799282],[19.051507,47.4799877],[19.0515766,47.480077],[19.0516316,47.4801509],[19.0517352,47.480305],[19.0519045,47.4805646],[19.0519247,47.4805955],[19.051955,47.4806416],[19.0520262,47.4807498],[19.0521172,47.4808895],[19.0521483,47.4809438],[19.0521947,47.4810228],[19.0522574,47.4811409],[19.0523418,47.481329],[19.0525153,47.4817791],[19.0525429,47.4818505],[19.0525971,47.4819913],[19.0526075,47.4820166],[19.0526297,47.4820758],[19.0526765,47.4821962],[19.0528175,47.482563],[19.0529056,47.4827913]]}},
{"type":"Feature","properties":{"id":"way/380176468","railway":"tram"},"geometry":{"type":"LineString","coordinates":[[19.0488332,47.4886032],[19.0487528,47.488675]]}},
{"type":"Feature","properties":{"id":"way/380176469","railway":"tram"},"geometry":{"type":"LineString","coordinates":[[19.0473937,47.4898679],[19.0474715,47.4897971],[19.0487183,47.4886578],[19.0487971,47.4885869]]}},
{"type":"Feature","properties":{"id":"way/380176470","railway":"tram"},"geometry":{"type":"LineString","coordinates":[[19.0470241,47.4760688],[19.0468793,47.4756462],[19.0466465,47.4749814],[19.0466101,47.4748776],[19.0465968,47.4748386],[19.0465227,47.4746308]]}},
{"type":"Feature","properties":{"id":"way/383790084","railway":"tram"},"geometry":{"type":"LineString","coordinates":[[19.0246605,47.5010791],[19.024538,47.5011475],[19.024448,47.5011997],[19.0243518,47.5012717],[19.024311,47.501311],[19.0242886,47.5013347],[19.0242615,47.5013712],[19.024229,47.5014255],[19.0242061,47.5014753],[19.0241873,47.5015327],[19.0241694,47.5016644]]}},
{"type":"Feature","properties":{"id":"way/383790085","railway":"tram"},"geometry":{"type":"LineString","coordinates":[[19.0240872,47.5022781],[19.0241256,47.5020544],[19.02413,47.5020033],[19.0241219,47.5015782],[19.024133,47.5015097],[19.0241634,47.5014213],[19.0241991,47.5013664],[19.024263,47.5012932],[19.0242991,47.5012583],[19.0243441,47.5012256],[19.024373,47.501206],[19.0245133,47.5011227]]}},
{"type":"Feature","properties":{"id":"way/383790086","layer":"2","railway":"tram"},"geometry":{"type":"LineString","coordinates":[[19.024135,47.50109],[19.0241404,47.5011318],[19.0241448,47.5011576],[19.0241544,47.5012392],[19.0241581,47.5012624],[19.0241634,47.5014213],[19.0241694,47.5016644]]}},
{"type":"Feature","properties":{"id":"way/383790087","railway":"tram"},"geometry":{"type":"LineString","coordinates":[[19.0240729,47.5013534],[19.0240705,47.5012764],[19.0240665,47.5011811],[19.0240586,47.5008534],[19.0240548,47.500786],[19.0240431,47.5006525],[19.0240075,47.500377],[19.023994,47.5002143],[19.0239795,47.499822],[19.0239723,47.499477],[19.023972,47.4992589],[19.0239658,47.4989215]]}},
{"type":"Feature","properties":{"id":"way/386958229","railway":"tram"},"geometry":{"type":"LineString","coordinates":[[19.0244384,47.5066731],[19.0245508,47.5066089],[19.0245828,47.5065889],[19.0246018,47.5065737],[19.0246244,47.5065544],[19.024638,47.5065399],[19.0246527,47.5065209],[19.0246653,47.5065032],[19.024676,47.5064839],[19.0246842,47.5064634],[19.0246919,47.5064365],[19.0246937,47.5064065],[19.0246923,47.5063724],[19.0246838,47.5063386],[19.0246736,47.5063152]]}},
{"type":"Feature","properties":{"id":"way/38809635","bridge":"yes","layer":"1","railway":"tram"},"geometry":{"type":"LineString","coordinates":[[19.0531343,47.4848271],[19.0531379,47.4848289],[19.0566839,47.486649]]}},
{"type":"Feature","properties":{"id":"way/389797436","railway":"tram"},"geometry":{"type":"LineString","coordinates":[[19.0366168,47.5168431],[19.0366655,47.5167568],[19.0366783,47.5167335],[19.0367893,47.5165316],[19.0368319,47.5164602],[19.0368364,47.5164526]]}},
{"type":"Feature","properties":{"id":"way/389797440","railway":"tram"},"geometry":{"type":"LineString","coordinates":[[19.0472814,47.4773697],[19.0472027,47.4768208]]}},
{"type":"Feature","properties":{"id":"way/389797449","railway":"tram"},"geometry":{"type":"LineString","coordinates":[[19.0408784,47.4989642],[19.0408868,47.498948],[19.0408992,47.4989097],[19.0409026,47.4988782],[19.0409002,47.4988452],[19.0408928,47.4988211],[19.0408863,47.4988102],[19.0408794,47.4987985],[19.0408566,47.498769],[19.0408278,47.498741],[19.0407899,47.4987149],[19.0407382,47.4986918],[19.040688,47.4986714]]}},
{"type":"Feature","properties":{"id":"way/389797453","railway":"tram"},"geometry":{"type":"LineString","coordinates":[[19.0407155,47.4986396],[19.0408053,47.4986766],[19.0408472,47.4987002],[19.0408741,47.4987217],[19.0409039,47.4987514],[19.0409247,47.4987811],[19.0409398,47.498811],[19.0409485,47.4988395],[19.0409512,47.498856],[19.0409508,47.4988816],[19.0409461,47.4989142],[19.0409311,47.4989577],[19.0409015,47.4990175],[19.0408777,47.4990574],[19.040859,47.4990943],[19.0408358,47.4991432]]}},
{"type":"Feature","properties":{"id":"way/394618024","railway":"tram"},"geometry":{"type":"LineString","coordinates":[[19.0368467,47.5239865],[19.0368477,47.5239064],[19.0368763,47.5224754],[19.0368762,47.5220985],[19.036877,47.5220678],[19.0368836,47.5217469],[19.0368824,47.521528],[19.0368772,47.5214538],[19.0368749,47.5214027],[19.0368694,47.5213398],[19.0368576,47.5212554],[19.0368105,47.52103],[19.0367618,47.5208295],[19.0367419,47.5207479],[19.0366425,47.5203816],[19.0366057,47.5202479]]}},
{"type":"Feature","properties":{"id":"way/395834393","railway":"tram"},"geometry":{"type":"LineString","coordinates":[[19.0374131,47.5272314],[19.0372912,47.5266506],[19.0370121,47.5252771],[19.0370028,47.5252316],[19.0368804,47.524629],[19.0368613,47.524526],[19.0368556,47.5244767],[19.036846,47.5243601],[19.0368467,47.5239865]]}},
{"type":"Feature","properties":{"id":"way/396128767","railway":"tram"},"geometry":{"type":"LineString","coordinates":[[19.0236758,47.5071248],[19.0237151,47.5070935],[19.0237626,47.5070543],[19.023822,47.5070125],[19.0238749,47.5069797]]}},
{"type":"Feature","properties":{"id":"way/404705758","railway":"tram"},"geometry":{"type":"LineString","coordinates":[[19.0361414,47.5328955],[19.0362791,47.5327605],[19.036324,47.5327106],[19.0364043,47.5326358]]}},
{"type":"Feature","properties":{"id":"way/405973403","railway":"tram"},"geometry":{"type":"LineString","coordinates":[[19.0495142,47.4937381],[19.0495917,47.4936237]]}},
{"type":"Feature","properties":{"id":"way/405973404","bridge":"yes","layer":"1","railway":"tram"},"geometry":{"type":"LineString","coordinates":[[19.0495485,47.4937491],[19.0489485,47.4946071],[19.0485753,47.495183],[19.0485059,47.4953034]]}},
{"type":"Feature","properties":{"id":"way/405973405","railway":"tram"},"geometry":{"type":"LineString","coordinates":[[19.0472399,47.4975635],[19.047151,47.4978125],[19.0471444,47.4978354],[19.0471303,47.4978837],[19.047168,47.4981527],[19.0471314,47.4983318],[19.0471082,47.4983887]]}},
{"type":"Feature","properties":{"id":"way/405973406","bridge":"yes","layer":"1","railway":"tram"},"geometry":{"type":"LineString","coordinates":[[19.0472053,47.4975575],[19.047362,47.497233],[19.0476428,47.4966922],[19.0482934,47.4955808],[19.048533,47.4951833],[19.0489095,47.4946051],[19.0495142,47.4937381]]}},
{"type":"Feature","properties":{"id":"way/412859816","railway":"tram"},"geometry":{"type":"LineString","coordinates":[[19.024166,47.5068544],[19.0240349,47.5069243],[19.023994,47.5069495]]}},
{"type":"Feature","properties":{"id":"way/418711400","railway":"tram"},"geometry":{"type":"LineString","coordinates":[[19.037157,47.5153265],[19.0371301,47.5154244],[19.0371204,47.515461],[19.0371168,47.515473],[19.0369927,47.5160423],[19.0368693,47.5164719]]}},
{"type":"Feature","properties":{"id":"way/418711402","railway":"tram"},"geometry":{"type":"LineString","coordinates":[[19.0362521,47.5181996],[19.0362543,47.5183353]]}},
{"type":"Feature","properties":{"id":"way/418711404","railway":"tram"},"geometry":{"type":"LineString","coordinates":[[19.0362815,47.5174224],[19.0363111,47.5173536],[19.0363297,47.5173162],[19.0363662,47.5172479],[19.0364137,47.5171721],[19.0365775,47.5169109],[19.0366168,47.5168431]]}},
{"type":"Feature","properties":{"id":"way/418711405","railway":"tram"},"geometry":{"type":"LineString","coordinates":[[19.0468864,47.4903889],[19.0467706,47.4904891],[19.0466458,47.4906014],[19.0465285,47.4906907],[19.0463965,47.490782]]}},
{"type":"Feature","properties":{"id":"way/418711407","railway":"tram"},"geometry":{"type":"LineString","coordinates":[[19.0469821,47.4902516],[19.0470598,47.4901797],[19.0473937,47.4898679]]}},
{"type":"Feature","properties":{"id":"way/418711411","railway":"tram"},"geometry":{"type":"LineString","coordinates":[[19.0362521,47.5181996],[19.036227,47.5180276],[19.0362017,47.5178536]]}},
{"type":"Feature","properties":{"id":"way/439568199","railway":"tram"},"geometry":{"type":"LineString","coordinates":[[19.0239732,47.5069254],[19.0239991,47.506912],[19.0244384,47.5066731]]}},
{"type":"Feature","properties":{"id":"way/447551243","railway":"tram"},"geometry":{"type":"LineString","coordinates":[[19.0636606,47.5179236],[19.063993,47.5180736],[19.064731,47.5184958],[19.0652433,47.5187666],[19.0652679,47.5187791],[19.0654208,47.518862],[19.0654708,47.518889],[19.0666487,47.5195248],[19.0667143,47.5195602],[19.0678819,47.5201678],[19.0685299,47.5205327],[19.0689962,47.5207952],[19.0690435,47.5208228],[19.0691678,47.5208862],[19.0692884,47.5209501],[19.0699469,47.5213044],[19.0714282,47.522109],[19.0723828,47.5226267],[19.073737,47.5233586],[19.074915,47.5239946],[19.0749606,47.5240195],[19.0750978,47.5240934],[19.0752218,47.5241617],[19.0763873,47.5247952],[19.0772887,47.5252879],[19.0774655,47.5253816],[19.0775581,47.5254244],[19.0776649,47.5254688],[19.0777332,47.5254988],[19.0777724,47.525513],[19.0778754,47.5255513],[19.07797,47.5255895],[19.0780555,47.5256294],[19.0780874,47.5256486],[19.078128,47.525674],[19.0781751,47.5257127],[19.0782292,47.5257714],[19.0782884,47.525847],[19.078338,47.5259307]]}},
{"type":"Feature","properties":{"id":"way/447551246","railway":"tram"},"geometry":{"type":"LineString","coordinates":[[19.0634739,47.5178672],[19.0633549,47.5178117],[19.062116,47.5171843],[19.0620067,47.5171391],[19.0619203,47.5171151],[19.0618364,47.5171004],[19.0617731,47.5170951],[19.0617044,47.5170953],[19.0616147,47.5171019]]}},
{"type":"Feature","properties":{"id":"way/447551247","railway":"tram"},"geometry":{"type":"LineString","coordinates":[[19.0613325,47.5171434],[19.061585,47.5170672],[19.0616481,47.5170512],[19.0617126,47.5170404],[19.0617836,47.5170381],[19.0618461,47.5170445],[19.0619049,47.5170571],[19.0619713,47.5170776],[19.0620291,47.5171008],[19.0621074,47.5171411],[19.0633965,47.5178044],[19.0634204,47.5178152],[19.0635204,47.5178604],[19.0636606,47.5179236]]}},
{"type":"Feature","properties":{"id":"way/454357840","bridge":"viaduct","layer":"1","railway":"tram"},"geometry":{"type":"LineString","coordinates":[[19.0465646,47.5392377],[19.0519577,47.5379284],[19.0539403,47.5374687],[19.0585261,47.536371]]}},
{"type":"Feature","properties":{"id":"way/454357841","layer":"1","railway":"tram"},"geometry":{"type":"LineString","coordinates":[[19.0465861,47.5392806],[19.0463891,47.5393346],[19.0462525,47.539372],[19.0459514,47.5394506],[19.0458083,47.5394889],[19.0456651,47.5395264],[19.0453858,47.5395919],[19.0452928,47.5396098],[19.0451951,47.5396294],[19.0448713,47.5396861],[19.044469,47.5397586],[19.0440773,47.5398255],[19.0433518,47.5399568],[19.0430353,47.5400211],[19.0427295,47.5400971]]}},
{"type":"Feature","properties":{"id":"way/454357849","bridge":"viaduct","layer":"1","railway":"tram"},"geometry":{"type":"LineString","coordinates":[[19.0600703,47.5359847],[19.0604541,47.5359016]]}},
{"type":"Feature","properties":{"id":"way/454357853","layer":"1","railway":"tram"},"geometry":{"type":"LineString","coordinates":[[19.0585261,47.536371],[19.0586859,47.536328],[19.0588984,47.5362587],[19.0590145,47.5362199],[19.0591249,47.5361863],[19.0592431,47.5361558],[19.0593537,47.5361318],[19.0595404,47.5360927],[19.0598197,47.5360382],[19.0600703,47.5359847]]}},
{"type":"Feature","properties":{"id":"way/454357859","bridge":"viaduct","layer":"1","railway":"tram"},"geometry":{"type":"LineString","coordinates":[[19.0585529,47.5364276],[19.0539688,47.5375153],[19.0520002,47.5379677],[19.0465861,47.5392806]]}},
{"type":"Feature","properties":{"id":"way/454357865","layer":"1","railway":"tram"},"geometry":{"type":"LineString","coordinates":[[19.0601058,47.5360571],[19.0598519,47.5361299],[19.0596537,47.5361794],[19.0594721,47.536232],[19.0593397,47.5362646],[19.0589357,47.5363463],[19.058692,47.5364001],[19.0585529,47.5364276]]}},
{"type":"Feature","properties":{"id":"way/454357872","layer":"1","railway":"tram"},"geometry":{"type":"LineString","coordinates":[[19.0604541,47.5359016],[19.0615438,47.5356355],[19.0619818,47.5355018],[19.0623557,47.5353692],[19.0627408,47.5352068]]}},
{"type":"Feature","properties":{"id":"way/454357873","bridge":"viaduct","layer":"1","railway":"tram"},"geometry":{"type":"LineString","coordinates":[[19.0604799,47.5359659],[19.0601058,47.5360571]]}},
{"type":"Feature","properties":{"id":"way/463821163","railway":"tram"},"geometry":{"type":"LineString","coordinates":[[19.0586586,47.4765521],[19.0585918,47.476512],[19.0584356,47.4764126],[19.0583565,47.4763663],[19.0582709,47.4763231],[19.0580974,47.4762367],[19.0577324,47.476059]]}},
{"type":"Feature","properties":{"id":"way/463821165","bridge":"yes","layer":"1","railway":"tram"},"geometry":{"type":"LineString","coordinates":[[19.0601273,47.4771886],[19.0603106,47.4772733],[19.0604829,47.4773743],[19.0606055,47.4774428],[19.0608705,47.4775813]]}},
{"type":"Feature","properties":{"id":"way/485429081","railway":"tram"},"geometry":{"type":"LineString","coordinates":[[19.0688629,47.483065],[19.0687778,47.4828537],[19.0685245,47.4822181],[19.0684787,47.4821229],[19.0683401,47.4818776],[19.0681756,47.481629],[19.0680012,47.4813815],[19.0678521,47.4811843],[19.0677054,47.4810329],[19.0675497,47.4809076],[19.0674095,47.4808111]]}},
{"type":"Feature","properties":{"id":"way/485429083","railway":"tram"},"geometry":{"type":"LineString","coordinates":[[19.0706533,47.496743],[19.0706355,47.4968127],[19.0705968,47.4969587],[19.0705721,47.497103],[19.0705582,47.497199],[19.0705491,47.4972975],[19.0705441,47.4973234],[19.0705244,47.4974142],[19.0705024,47.4974945],[19.070398,47.4978205],[19.0702439,47.4983409]]}},
{"type":"Feature","properties":{"id":"way/490744934","railway":"tram"},"geometry":{"type":"LineString","coordinates":[[19.0529056,47.4827913],[19.0529618,47.4829364],[19.0530206,47.4830878],[19.0530448,47.4831356],[19.0530544,47.4831525]]}},
{"type":"Feature","properties":{"id":"way/490744938","railway":"tram"},"geometry":{"type":"LineString","coordinates":[[19.0530118,47.4831636],[19.0529778,47.483094],[19.0529151,47.4829376],[19.0527446,47.4824938]]}},
{"type":"Feature","properties":{"id":"way/50219645","railway":"tram"},"geometry":{"type":"LineString","coordinates":[[19.0566744,47.4755084],[19.0579711,47.4761378],[19.0583989,47.476346],[19.0589944,47.4766393]]}},
{"type":"Feature","properties":{"id":"way/503473513","railway":"tram"},"geometry":{"type":"LineString","coordinates":[[19.0240872,47.5022781],[19.0240858,47.5020823],[19.0240771,47.5015874],[19.0240729,47.5013534]]}},
{"type":"Feature","properties":{"id":"way/509231781","railway":"tram"},"geometry":{"type":"LineString","coordinates":[[19.0394025,47.5059656],[19.0393942,47.5061005],[19.039391,47.5061703]]}},
{"type":"Feature","properties":{"id":"way/510434463","layer":"-1","railway":"tram","tunnel":"yes"},"geometry":{"type":"LineString","coordinates":[[19.0245539,47.5060891],[19.0246078,47.5061621],[19.0246474,47.5062084]]}},
{"type":"Feature","properties":{"id":"way/510434466","railway":"tram"},"geometry":{"type":"LineString","coordinates":[[19.0245167,47.5061108],[19.0244758,47.506053],[19.0244265,47.5059687],[19.0243668,47.5058467],[19.0243188,47.5057145],[19.0242721,47.5055464],[19.0242485,47.5054293],[19.0242288,47.5053042],[19.0242209,47.5052294],[19.0242215,47.5051988],[19.0242247,47.5050992],[19.0242343,47.5050294],[19.024244,47.5049504],[19.0242555,47.5048811],[19.0242668,47.5048113],[19.024279,47.5046807],[19.0242812,47.5046256],[19.0242747,47.50451],[19.0241996,47.5041098],[19.0241267,47.5037664],[19.0240945,47.5036092],[19.0240784,47.503515],[19.024067,47.503422],[19.0240585,47.5033016],[19.0240596,47.5032088],[19.0240644,47.5031166],[19.0240911,47.5028577],[19.0240972,47.5027295],[19.0240955,47.502533],[19.0240934,47.5024728],[19.0240925,47.502383],[19.0240892,47.5023388],[19.0240872,47.5022781]]}},
{"type":"Feature","properties":{"id":"way/519455769","railway":"tram"},"geometry":{"type":"LineString","coordinates":[[19.0450585,47.5042834],[19.0451056,47.5040441],[19.0451645,47.5037988],[19.0451795,47.503727]]}},
{"type":"Feature","properties":{"id":"way/519455770","railway":"tram"},"geometry":{"type":"LineString","coordinates":[[19.0450838,47.5043969],[19.0450573,47.5045858],[19.0450567,47.5046692]]}},
{"type":"Feature","properties":{"id":"way/526906289","railway":"tram"},"geometry":{"type":"LineString","coordinates":[[19.0721389,47.4795527],[19.0717206,47.4798296],[19.0706724,47.4804572],[19.0704739,47.4805746],[19.0704146,47.4806091],[19.0703881,47.4806254],[19.0698199,47.4809744],[19.0696648,47.4810724]]}},
{"type":"Feature","properties":{"id":"way/526906310","railway":"tram"},"geometry":{"type":"LineString","coordinates":[[19.0762961,47.476878],[19.0768436,47.4765287]]}},
{"type":"Feature","properties":{"id":"way/527331706","railway":"tram"},"geometry":{"type":"LineString","coordinates":[[19.0782864,47.5259811],[19.0782408,47.5259232],[19.0782129,47.5258894],[19.0781957,47.5258708],[19.0781765,47.5258536],[19.0781394,47.5258304],[19.0780927,47.5258068],[19.0780383,47.5257884],[19.0779954,47.5257755],[19.0779696,47.5257626],[19.0778992,47.5257629],[19.0778472,47.5257625],[19.0777865,47.5257699],[19.0777053,47.5257932],[19.0776158,47.5258288]]}},
{"type":"Feature","properties":{"id":"way/530503336","railway":"tram"},"geometry":{"type":"LineString","coordinates":[[19.0696345,47.4848969],[19.0695437,47.4847968]]}},
{"type":"Feature","properties":{"id":"way/537973637","railway":"tram"},"geometry":{"type":"LineString","coordinates":[[19.0478119,47.5130993],[19.047826,47.5130804],[19.0478409,47.5130579],[19.0478456,47.5130495],[19.0478535,47.5130354],[19.0478635,47.5130119],[19.0478666,47.5130036],[19.0478724,47.5129883],[19.0478776,47.5129643],[19.04788,47.5129402],[19.0478778,47.5129147],[19.0478751,47.5128943],[19.047869,47.5128659],[19.0478593,47.5128392]]}},
{"type":"Feature","properties":{"id":"way/537973639","bridge":"yes","layer":"1","railway":"tram"},"geometry":{"type":"LineString","coordinates":[[19.047892,47.5132178],[19.0477909,47.5132477],[19.0477269,47.5132676],[19.0476624,47.5132896],[19.0475982,47.5133119],[19.0471239,47.513485],[19.0467871,47.5136074],[19.0466507,47.5136569],[19.0444991,47.5144086],[19.0443786,47.5144507],[19.0436452,47.5147062]]}},
{"type":"Feature","properties":{"id":"way/54050598","railway":"tram"},"geometry":{"type":"LineString","coordinates":[[19.0702568,47.4866916],[19.0703717,47.4874711],[19.0703793,47.4875272],[19.0703886,47.4875897]]}},
{"type":"Feature","properties":{"id":"way/542444802","railway":"tram"},"geometry":{"type":"LineString","coordinates":[[19.0478593,47.5128392],[19.0477879,47.5127089],[19.0477444,47.5126293],[19.0477382,47.5126179],[19.0476932,47.5125355],[19.047642,47.5124418]]}},
{"type":"Feature","properties":{"id":"way/54267540","railway":"tram"},"geometry":{"type":"LineString","coordinates":[[19.0457846,47.4779123],[19.0456891,47.477928],[19.0455005,47.4779699],[19.0453536,47.4779961]]}},
{"type":"Feature","properties":{"id":"way/54267558","railway":"tram"},"geometry":{"type":"LineString","coordinates":[[19.0475616,47.4778429],[19.0474926,47.4778149],[19.0474552,47.4777963],[19.0474278,47.4777786],[19.0473941,47.4777509],[19.047359,47.4777123],[19.0473302,47.4776637],[19.0473177,47.4776241],[19.0473079,47.4775581],[19.0473057,47.4775435],[19.0472814,47.4773697]]}},
{"type":"Feature","properties":{"id":"way/54267559","railway":"tram"},"geometry":{"type":"LineString","coordinates":[[19.0261313,47.5075613],[19.0259587,47.507411],[19.0258676,47.5073297]]}},
{"type":"Feature","properties":{"id":"way/54267568","railway":"tram"},"geometry":{"type":"LineString","coordinates":[[19.0393796,47.5057304],[19.0394087,47.5053715]]}},
{"type":"Feature","properties":{"id":"way/54724395","railway":"tram"},"geometry":{"type":"LineString","coordinates":[[19.0577324,47.476059],[19.0565125,47.4754675],[19.0563533,47.4753881],[19.0561952,47.4753135],[19.0561434,47.4752884],[19.0559482,47.4751936],[19.0558605,47.4751505],[19.0558288,47.4751351],[19.0555048,47.4749778],[19.0548176,47.4746441],[19.054584,47.4745319],[19.0543731,47.4744298],[19.0541414,47.4743195],[19.0540207,47.474267],[19.0538857,47.4742118],[19.0537941,47.4741732],[19.0536005,47.47409],[19.0530779,47.4738392],[19.0528064,47.4737071],[19.0527051,47.4736626],[19.0525919,47.4736187],[19.0525121,47.4735938],[19.0524369,47.473575],[19.0523336,47.4735526],[19.0522093,47.4735344],[19.0520786,47.4735248],[19.0519488,47.4735235],[19.0517877,47.4735322],[19.05165,47.4735466],[19.0497629,47.473748],[19.0496188,47.473763],[19.0488963,47.4738413],[19.0487926,47.4738523]]}},
{"type":"Feature","properties":{"id":"way/54724398","railway":"tram"},"geometry":{"type":"LineString","coordinates":[[19.0492902,47.4772612],[19.0494199,47.4771895],[19.0494395,47.4771796],[19.0494605,47.4771707],[19.0494841,47.4771621],[19.0495524,47.4771395]]}},
{"type":"Feature","properties":{"id":"way/54724401","bridge":"yes","layer":"1","railway":"tram"},"geometry":{"type":"LineString","coordinates":[[19.0669945,47.4806099],[19.0667817,47.4805187],[19.0666289,47.4804502],[19.0660674,47.4801485],[19.0658909,47.4800393],[19.0657501,47.4799713],[19.0655989,47.4798978],[19.0653945,47.4798]]}},
{"type":"Feature","properties":{"id":"way/54724406","bridge":"yes","layer":"1","railway":"tram"},"geometry":{"type":"LineString","coordinates":[[19.0653945,47.4798],[19.0642707,47.4792621],[19.0634299,47.4788597],[19.0621325,47.4782262],[19.0608416,47.4776046]]}},
{"type":"Feature","properties":{"id":"way/54724407","bridge":"yes","layer":"1","railway":"tram"},"geometry":{"type":"LineString","coordinates":[[19.0436395,47.514645],[19.0442361,47.5144381],[19.0443472,47.5143996],[19.0466268,47.5136249],[19.0467577,47.5135777],[19.0473852,47.5133515],[19.0474937,47.5133122],[19.0475767,47.5132817],[19.0476412,47.5132586],[19.0477044,47.513235],[19.0477668,47.5132102],[19.0478598,47.5131702]]}},
{"type":"Feature","properties":{"id":"way/54724414","railway":"tram"},"geometry":{"type":"LineString","coordinates":[[19.0694109,47.4812375],[19.0692896,47.4812928],[19.0692164,47.4813273]]}},
{"type":"Feature","properties":{"id":"way/54724416","railway":"tram"},"geometry":{"type":"LineString","coordinates":[[19.0696648,47.4810724],[19.0697851,47.4809567]]}},
{"type":"Feature","properties":{"id":"way/54724432","railway":"tram"},"geometry":{"type":"LineString","coordinates":[[19.0498443,47.4770874],[19.0497796,47.477103],[19.049758,47.4771071],[19.0497378,47.4771101],[19.0497142,47.4771124],[19.0496785,47.4771154],[19.0496592,47.4771173],[19.0496413,47.4771197],[19.0496215,47.4771233],[19.0495655,47.4771357]]}},
{"type":"Feature","properties":{"id":"way/54724439","railway":"tram"},"geometry":{"type":"LineString","coordinates":[[19.0686435,47.4817022],[19.0688345,47.4815772],[19.0690254,47.4814523],[19.0692164,47.4813273]]}},
{"type":"Feature","properties":{"id":"way/54830163","railway":"tram"},"geometry":{"type":"LineString","coordinates":[[19.0241416,47.5073814],[19.0242001,47.5073709],[19.0242359,47.5073605],[19.0242898,47.5073497],[19.0243678,47.5073386]]}},
{"type":"Feature","properties":{"id":"way/54830167","railway":"tram"},"geometry":{"type":"LineString","coordinates":[[19.0408751,47.4981609],[19.0409797,47.4981537],[19.0410491,47.4981459],[19.0411061,47.4981323],[19.0411631,47.4981121],[19.041214,47.4980861],[19.0412579,47.4980544],[19.0412932,47.4980181],[19.0413176,47.4979858],[19.0413398,47.4979484],[19.0413664,47.4978996]]}},
{"type":"Feature","properties":{"id":"way/54830173","railway":"tram"},"geometry":{"type":"LineString","coordinates":[[19.0254619,47.5069642],[19.0254027,47.5069246],[19.0253894,47.5069166],[19.0253052,47.50687],[19.0252415,47.5068254]]}},
{"type":"Feature","properties":{"id":"way/54830187","layer":"-1","railway":"tram","tunnel":"yes"},"geometry":{"type":"LineString","coordinates":[[19.0246041,47.506228],[19.0245683,47.5061847],[19.0245167,47.5061108]]}},
{"type":"Feature","properties":{"id":"way/54830194","railway":"tram"},"geometry":{"type":"LineString","coordinates":[[19.0243711,47.5073697],[19.0242958,47.5073682],[19.0242359,47.5073605],[19.0241898,47.507353],[19.0241358,47.5073495]]}},
{"type":"Feature","properties":{"id":"way/54830199","railway":"tram"},"geometry":{"type":"LineString","coordinates":[[19.0394202,47.5052286],[19.0394238,47.5053011],[19.0394255,47.5053289],[19.0394354,47.5054323],[19.0394374,47.5054655],[19.0394392,47.5055408]]}},
{"type":"Feature","properties":{"id":"way/54830201","railway":"tram"},"geometry":{"type":"LineString","coordinates":[[19.0531343,47.4848271],[19.0530671,47.4847934],[19.0530005,47.4847524],[19.0529694,47.4847244],[19.0529419,47.4846882],[19.0529246,47.4846466],[19.052923,47.484615],[19.052927,47.4845848],[19.0529307,47.4845723],[19.0529348,47.4845582],[19.0529481,47.4845341],[19.052966,47.4845066],[19.0529825,47.4844869],[19.0530718,47.4844085]]}},
{"type":"Feature","properties":{"id":"way/54830202","layer":"-1","railway":"tram","tunnel":"yes"},"geometry":{"type":"LineString","coordinates":[[19.040688,47.4986714],[19.0406015,47.4986411],[19.0405495,47.4986202],[19.0405177,47.4986021],[19.0404931,47.4985834],[19.0404843,47.4985763],[19.04046,47.4985435],[19.0404402,47.498503],[19.0404315,47.4984574],[19.0404308,47.4984171],[19.0404392,47.4983739],[19.0404684,47.498321],[19.0404882,47.4982922],[19.0405183,47.4982664],[19.0405545,47.4982406],[19.0405874,47.4982211],[19.0406102,47.4982107],[19.0406451,47.4981966],[19.0406813,47.4981853],[19.0407342,47.4981763],[19.040804,47.4981672],[19.0408751,47.4981609]]}},
{"type":"Feature","properties":{"id":"way/54830208","railway":"tram"},"geometry":{"type":"LineString","coordinates":[[19.022615,47.5074537],[19.022689,47.5074445],[19.0227457,47.5074404],[19.0228397,47.5074336]]}},
{"type":"Feature","properties":{"id":"way/54932596","railway":"tram"},"geometry":{"type":"LineString","coordinates":[[19.0779432,47.476274],[19.0776902,47.4762665],[19.0776093,47.4762781],[19.077527,47.476287],[19.0773654,47.4763246],[19.0772745,47.4763589],[19.0772307,47.4763791],[19.0768786,47.4765507]]}},
{"type":"Feature","properties":{"id":"way/54932602","railway":"tram"},"geometry":{"type":"LineString","coordinates":[[19.0768436,47.4765287],[19.0770927,47.4764034],[19.0771954,47.476356],[19.0772573,47.4763278],[19.0773261,47.4763039],[19.07738,47.4762877],[19.0774289,47.4762733],[19.0774901,47.4762609],[19.0775761,47.4762466],[19.0776844,47.4762376],[19.0776992,47.476238],[19.0779543,47.4762451]]}},
{"type":"Feature","properties":{"id":"way/55112423","railway":"tram"},"geometry":{"type":"LineString","coordinates":[[19.0769708,47.4761043],[19.0770278,47.4761032],[19.0771108,47.4761007],[19.0771865,47.4760909],[19.0772545,47.4760771],[19.0773356,47.4760518],[19.0773932,47.4760245],[19.0775308,47.4759289]]}},
{"type":"Feature","properties":{"id":"way/55112432","railway":"tram"},"geometry":{"type":"LineString","coordinates":[[19.077501,47.4760147],[19.0774582,47.4760426],[19.0774316,47.4760586],[19.0773668,47.4760926],[19.0773043,47.4761132],[19.0772627,47.4761269],[19.0772144,47.4761372],[19.0772058,47.4761379],[19.0770882,47.4761533],[19.0770213,47.4761541],[19.0768947,47.4761544]]}},
{"type":"Feature","properties":{"id":"way/55382999","railway":"tram"},"geometry":{"type":"LineString","coordinates":[[19.046022,47.5008731],[19.0459778,47.5009652],[19.0459482,47.5010363],[19.0452986,47.5033404],[19.0452416,47.5036017]]}},
{"type":"Feature","properties":{"id":"way/55383001","layer":"-1","railway":"tram","tunnel":"yes"},"geometry":{"type":"LineString","coordinates":[[19.0468849,47.4991531],[19.046912,47.4992245],[19.0469847,47.4993671],[19.047008,47.4995067],[19.0469891,47.499607],[19.0469454,47.4997024],[19.0468145,47.4998116],[19.0466284,47.4999054],[19.0465969,47.4999368],[19.0465161,47.5000247]]}},
{"type":"Feature","properties":{"id":"way/55383015","railway":"tram"},"geometry":{"type":"LineString","coordinates":[[19.0476793,47.5124321],[19.047696,47.5124705],[19.0477039,47.5124908],[19.0477089,47.5125109],[19.0477117,47.5125301],[19.0477144,47.5125496],[19.0477188,47.5125701],[19.0477259,47.5125901],[19.0477389,47.5126177],[19.0477444,47.5126293]]}},
{"type":"Feature","properties":{"id":"way/55383016","railway":"tram"},"geometry":{"type":"LineString","coordinates":[[19.0477817,47.5126196],[19.0477744,47.5126083],[19.0477575,47.5125821],[19.0477445,47.5125639],[19.0477284,47.512546],[19.0477117,47.5125301],[19.0476956,47.5125147],[19.0476792,47.5124971],[19.047666,47.512479],[19.047642,47.5124418]]}},
{"type":"Feature","properties":{"id":"way/55385731","railway":"tram"},"geometry":{"type":"LineString","coordinates":[[19.045201,47.5037978],[19.045207,47.5035958]]}},
{"type":"Feature","properties":{"id":"way/55416627","railway":"tram"},"geometry":{"type":"LineString","coordinates":[[19.0244176,47.4985975],[19.0243711,47.4986467],[19.0243267,47.4986958],[19.024284,47.4987466],[19.0242683,47.4987667],[19.0242433,47.4987988],[19.0242081,47.498852],[19.0241769,47.4989053],[19.0241461,47.4989602],[19.0241184,47.4990152],[19.0240959,47.4990612],[19.024078,47.4991093],[19.024064,47.4991588],[19.0240515,47.4992084],[19.0240448,47.4992415],[19.0240393,47.4992751],[19.0240332,47.4993408]]}},
{"type":"Feature","properties":{"id":"way/55416637","railway":"tram"},"geometry":{"type":"LineString","coordinates":[[19.0278751,47.4836867],[19.0277392,47.4837396],[19.0276217,47.4837958],[19.0274947,47.4838457]]}},
{"type":"Feature","properties":{"id":"way/55444964","railway":"tram"},"geometry":{"type":"LineString","coordinates":[[19.0646249,47.4813602],[19.0647701,47.4812567],[19.0648454,47.4812024],[19.065031,47.4810474]]}},
{"type":"Feature","properties":{"id":"way/55444967","layer":"-1","railway":"tram","tunnel":"yes"},"geometry":{"type":"LineString","coordinates":[[19.0579226,47.4857176],[19.0569924,47.4865192],[19.056772,47.4867309],[19.0566965,47.4867917],[19.0562173,47.4871775]]}},
{"type":"Feature","properties":{"id":"way/55445569","railway":"tram"},"geometry":{"type":"LineString","coordinates":[[19.0471042,47.5108852],[19.047071,47.5107833],[19.0468629,47.5101515],[19.0468496,47.5101143],[19.0468374,47.5100788],[19.0468132,47.5100033],[19.0468026,47.5099649],[19.046793,47.509927],[19.0467846,47.5098891],[19.0467768,47.5098508],[19.0467103,47.5094417],[19.0466903,47.5092875],[19.0466266,47.5088911]]}},
{"type":"Feature","properties":{"id":"way/55445570","railway":"tram"},"geometry":{"type":"LineString","coordinates":[[19.0477817,47.5126196],[19.0478276,47.5126989]]}},
{"type":"Feature","properties":{"id":"way/55445571","railway":"tram"},"geometry":{"type":"LineString","coordinates":[[19.0478276,47.5126989],[19.0479197,47.5128582]]}},
{"type":"Feature","properties":{"id":"way/55445572","railway":"tram"},"geometry":{"type":"LineString","coordinates":[[19.0450567,47.5046692],[19.0450834,47.5047353],[19.0451093,47.50476],[19.0451424,47.5047826],[19.0451631,47.5047946],[19.0451752,47.5048016],[19.0452194,47.5048226],[19.0452742,47.5048405],[19.0453201,47.5048512],[19.0453553,47.5048559],[19.0457514,47.5048918],[19.045788,47.5048985],[19.0458247,47.5049096],[19.0458593,47.5049225],[19.045903,47.5049442],[19.0459275,47.5049609],[19.0459483,47.5049822],[19.045965,47.5050004],[19.0459826,47.5050223],[19.0460048,47.505057],[19.0460114,47.5050751],[19.0460775,47.5054293],[19.0460871,47.5054597],[19.0461025,47.5054868],[19.0461201,47.5055118],[19.0461394,47.5055371],[19.0461629,47.5055595],[19.0462052,47.5055874],[19.0462497,47.5056067],[19.0463261,47.5056285],[19.046429,47.5056431],[19.046584,47.5056617],[19.0472538,47.5057325],[19.0473846,47.5057468],[19.0475327,47.505763],[19.0475659,47.5057689],[19.0476105,47.5057801],[19.0476536,47.5057922],[19.0476959,47.5058082],[19.0477329,47.505828],[19.0477541,47.5058452],[19.0477813,47.5058691],[19.0478191,47.5059135],[19.047846,47.5059735],[19.0478557,47.5060063],[19.0478606,47.5060359],[19.0478338,47.5065664],[19.0477945,47.507344],[19.0477517,47.5081909],[19.0477499,47.5082293],[19.0477445,47.5082677],[19.0477285,47.50833],[19.0477222,47.5083427],[19.047701,47.5083852],[19.0476527,47.5084434],[19.0476391,47.5084527],[19.0476158,47.5084687],[19.0475818,47.5084825],[19.0475058,47.5085003],[19.0474129,47.5085117],[19.0470131,47.5085518],[19.0469271,47.5085604],[19.0468678,47.5085711],[19.0467928,47.508602],[19.0467624,47.5086207],[19.0467272,47.5086573],[19.0467139,47.5086894],[19.0466979,47.5087269],[19.046682,47.5087665],[19.0466719,47.5088244],[19.046668,47.5088678],[19.0466662,47.5088876]]}},
{"type":"Feature","properties":{"id":"way/55447210","railway":"tram"},"geometry":{"type":"LineString","coordinates":[[19.0647608,47.4812036],[19.0651302,47.4808026],[19.0654781,47.4804732],[19.0654887,47.4804625]]}},
{"type":"Feature","properties":{"id":"way/55447211","railway":"tram"},"geometry":{"type":"LineString","coordinates":[[19.0646428,47.481484],[19.0645281,47.4815963],[19.0644208,47.4816873],[19.0641947,47.4818666],[19.0638316,47.4821136],[19.0630622,47.4826508],[19.0628806,47.4827803],[19.062708,47.4829148],[19.0626556,47.482957],[19.0625646,47.4830229],[19.0625088,47.4830618],[19.0620217,47.4834013],[19.0612436,47.4839433],[19.0607758,47.4842833],[19.0606592,47.4843547],[19.0605491,47.4844119],[19.0604162,47.4844608],[19.0602819,47.4844962],[19.0600918,47.4845358]]}},
{"type":"Feature","properties":{"id":"way/55447212","railway":"tram"},"geometry":{"type":"LineString","coordinates":[[19.065031,47.4810474],[19.065333,47.4807569]]}},
{"type":"Feature","properties":{"id":"way/55447213","railway":"tram"},"geometry":{"type":"LineString","coordinates":[[19.065333,47.4807569],[19.065522,47.4805714],[19.0655338,47.4805592]]}},
{"type":"Feature","properties":{"id":"way/55447214","railway":"tram"},"geometry":{"type":"LineString","coordinates":[[19.0691073,47.4761764],[19.0692264,47.4758533],[19.0692564,47.4757778],[19.0693125,47.4756563],[19.0693767,47.4755469],[19.0695275,47.4753375],[19.0697459,47.4750961]]}},
{"type":"Feature","properties":{"id":"way/55462478","railway":"tram"},"geometry":{"type":"LineString","coordinates":[[19.0567045,47.4866306],[19.0567984,47.486675],[19.0569858,47.4867635],[19.0572574,47.4868919],[19.057849,47.4872011],[19.0579833,47.4872794]]}},
{"type":"Feature","properties":{"id":"way/55462480","bridge":"yes","layer":"1","railway":"tram"},"geometry":{"type":"LineString","coordinates":[[19.0567045,47.4866306],[19.0531548,47.4848073]]}},
{"type":"Feature","properties":{"id":"way/55469431","railway":"tram"},"geometry":{"type":"LineString","coordinates":[[19.053468,47.4841051],[19.0534944,47.4840835],[19.0535146,47.4840636],[19.0535309,47.4840449],[19.0535594,47.4840049],[19.0535812,47.4839483],[19.0535863,47.4839117],[19.0535846,47.483862],[19.0535703,47.4838133],[19.0535494,47.4837739],[19.0535135,47.4837259]]}},
{"type":"Feature","properties":{"id":"way/55469432","railway":"tram"},"geometry":{"type":"LineString","coordinates":[[19.0471138,47.4776889],[19.0468902,47.4776109],[19.0462776,47.4774035],[19.0461784,47.4773724],[19.0460825,47.4773423]]}},
{"type":"Feature","properties":{"id":"way/55469439","railway":"tram"},"geometry":{"type":"LineString","coordinates":[[19.0551918,47.4974708],[19.0556201,47.4972668]]}},
{"type":"Feature","properties":{"id":"way/55492792","railway":"tram"},"geometry":{"type":"LineString","coordinates":[[19.0527446,47.4824938],[19.0526562,47.4822664],[19.0526322,47.4822041],[19.0525807,47.4820704],[19.052557,47.4820076],[19.0525479,47.4819848],[19.0524993,47.4818584],[19.0524603,47.4817577],[19.0522985,47.4813388],[19.0522384,47.4812021],[19.052168,47.4810633],[19.0521081,47.4809553],[19.052032,47.4808343],[19.0519333,47.4806855],[19.051913,47.4806531],[19.05176,47.4804204],[19.0517001,47.4803264],[19.0516193,47.4802082],[19.0514671,47.4799997],[19.0514181,47.4799425],[19.0513918,47.4799115],[19.0513124,47.479825],[19.0512596,47.4797705],[19.0510322,47.4795483],[19.0509319,47.4794568]]}},
{"type":"Feature","properties":{"id":"way/55492806","railway":"tram"},"geometry":{"type":"LineString","coordinates":[[19.0460917,47.4773122],[19.0462148,47.4773491],[19.0463457,47.4773914],[19.0468269,47.4775564],[19.0469099,47.4775846],[19.0471503,47.4776646],[19.0471944,47.4776811],[19.0473941,47.4777509],[19.047454,47.4777712],[19.0475819,47.4778155]]}},
{"type":"Feature","properties":{"id":"way/55492807","railway":"tram"},"geometry":{"type":"LineString","coordinates":[[19.0460825,47.4773423],[19.0459611,47.4773087],[19.0458507,47.4772772],[19.0456658,47.4772205],[19.0455106,47.4771681],[19.043535,47.4764648],[19.0433266,47.4763909],[19.0432688,47.47637],[19.0413571,47.4756872],[19.0408802,47.4755157],[19.0406889,47.475448],[19.0404817,47.4753736],[19.0403829,47.4753391],[19.0401935,47.4752693],[19.040133,47.4752497],[19.0394071,47.4749902],[19.0393047,47.4749533],[19.0386128,47.4747055],[19.0355061,47.4735973],[19.0350905,47.4734483],[19.0348169,47.4733491],[19.0347852,47.4733376],[19.0343922,47.4731888],[19.0342187,47.4731217],[19.0340694,47.4730606],[19.0339844,47.4730256],[19.0339335,47.4730035],[19.0337031,47.4729082],[19.0332407,47.4727059],[19.0326184,47.472436],[19.030861,47.4716732],[19.0306955,47.4716022],[19.0298946,47.4712519],[19.0295081,47.4710851],[19.0292364,47.4709652],[19.0291613,47.4709347],[19.0287072,47.4707371],[19.0286052,47.470693]]}},
{"type":"Feature","properties":{"id":"way/55492812","railway":"tram"},"geometry":{"type":"LineString","coordinates":[[19.0599419,47.494309],[19.0599919,47.4942086],[19.0600405,47.4941162],[19.0603532,47.4935481],[19.0608615,47.4926709],[19.0610583,47.4922926],[19.0612632,47.4918839],[19.0613174,47.491779],[19.0614,47.4916191],[19.0614436,47.4915289],[19.0614776,47.4914366],[19.0616143,47.4908626],[19.0616536,47.490675],[19.061709,47.4904105],[19.0617366,47.4902638]]}},
{"type":"Feature","properties":{"id":"way/55492813","railway":"tram"},"geometry":{"type":"LineString","coordinates":[[19.061792,47.4902594],[19.0617591,47.4904214],[19.061665,47.4908658],[19.0615325,47.4914394],[19.0614979,47.4915362],[19.061455,47.4916295],[19.0613657,47.4918028],[19.0613412,47.4918504],[19.0613173,47.4918968],[19.061106,47.4922954],[19.0609087,47.4926675],[19.0607417,47.4929744],[19.0603997,47.4935603],[19.0600854,47.4941266]]}},
{"type":"Feature","properties":{"id":"way/55492814","railway":"tram"},"geometry":{"type":"LineString","coordinates":[[19.060335,47.4885487],[19.0602726,47.4885139],[19.0602466,47.4884994],[19.058374,47.4875355],[19.058021,47.4873663],[19.0579324,47.4873238]]}},
{"type":"Feature","properties":{"id":"way/55492815","railway":"tram"},"geometry":{"type":"LineString","coordinates":[[19.0579833,47.4872794],[19.0580807,47.487334],[19.0584204,47.4875245],[19.0584694,47.4875507],[19.0585248,47.4875804],[19.0599238,47.4882922],[19.060274,47.4884764],[19.0602985,47.4884895],[19.0603685,47.488527]]}},
{"type":"Feature","properties":{"id":"way/55492816","railway":"tram"},"geometry":{"type":"LineString","coordinates":[[19.0603685,47.488527],[19.060684,47.4886896],[19.0608477,47.4887833],[19.0609664,47.4888669],[19.0610566,47.488938],[19.0611548,47.4890305],[19.0611949,47.4890713],[19.0612678,47.4891588],[19.061335,47.4892419],[19.0615115,47.4894746],[19.0615509,47.489523],[19.0616406,47.4896434],[19.0616772,47.4897005],[19.0616973,47.4897312],[19.0617357,47.4898131],[19.061772,47.4899015],[19.0617923,47.4899988],[19.0618028,47.4900964],[19.0618011,47.4901745],[19.0617977,47.4902201],[19.061792,47.4902594]]}},
{"type":"Feature","properties":{"id":"way/55492817","railway":"tram"},"geometry":{"type":"LineString","coordinates":[[19.0617366,47.4902638],[19.0617383,47.490153],[19.0617238,47.4900445],[19.0616853,47.489932],[19.0616532,47.489852],[19.0615936,47.4897505],[19.0615331,47.4896666],[19.0614539,47.4895583],[19.0613318,47.4894057],[19.0612271,47.4892666],[19.0611781,47.4891968],[19.0610973,47.4890961],[19.0610485,47.4890428],[19.0609977,47.488982],[19.0609375,47.4889233],[19.0608592,47.4888594],[19.0607419,47.4887719],[19.0605314,47.4886465],[19.060335,47.4885487]]}},
{"type":"Feature","properties":{"id":"way/55492818","railway":"tram"},"geometry":{"type":"LineString","coordinates":[[19.0531613,47.4833223],[19.0531953,47.4833643],[19.053221,47.4833924],[19.053249,47.4834228],[19.0534911,47.4836525],[19.0535338,47.4836915]]}},
{"type":"Feature","properties":{"id":"way/55492819","railway":"tram"},"geometry":{"type":"LineString","coordinates":[[19.0579324,47.4873238],[19.057772,47.4872499],[19.0571919,47.4869517],[19.0569086,47.4867829],[19.0567693,47.4866999],[19.0566839,47.486649]]}},
{"type":"Feature","properties":{"id":"way/55492820","railway":"tram"},"geometry":{"type":"LineString","coordinates":[[19.0600854,47.4941266],[19.0600342,47.4942182],[19.0599834,47.494319],[19.0599537,47.4943788],[19.0599227,47.494439],[19.0598873,47.4944974],[19.059847,47.4945553],[19.0594439,47.4951118],[19.0591064,47.4955872],[19.0589605,47.4957538],[19.0587587,47.4958878],[19.0586525,47.4959462]]}},
{"type":"Feature","properties":{"id":"way/55493763","railway":"tram"},"geometry":{"type":"LineString","coordinates":[[19.0466266,47.5088911],[19.0466251,47.5088706],[19.0466228,47.5088385],[19.0466284,47.5087806],[19.0466419,47.508719],[19.0466559,47.5086543],[19.0466733,47.5086285],[19.0466923,47.5086107],[19.0467248,47.508586],[19.0467624,47.5085613],[19.0468067,47.5085418],[19.0468676,47.508525],[19.0469259,47.5085179],[19.0470054,47.5085101],[19.0474215,47.5084691],[19.0475,47.5084565],[19.0475561,47.5084373],[19.0475877,47.5084187],[19.0476142,47.5083944],[19.0476461,47.5083568],[19.0476524,47.5083433],[19.0476775,47.5082902],[19.0476866,47.5082513],[19.0476937,47.5082137],[19.0477363,47.5073447],[19.0477742,47.5065701],[19.0477998,47.5060472],[19.0477938,47.5060008],[19.0477754,47.5059586],[19.0477322,47.5059005],[19.0477073,47.5058787],[19.0476839,47.5058616],[19.0476674,47.5058516],[19.0476367,47.5058349],[19.0476084,47.5058236],[19.0475751,47.5058132],[19.0475207,47.5058019],[19.0474649,47.5057942],[19.0473757,47.5057848],[19.046797,47.5057241],[19.0465777,47.505702],[19.0463375,47.5056769],[19.0462769,47.5056667],[19.0462391,47.505655],[19.0462013,47.5056409],[19.0461689,47.505625],[19.0461383,47.5056078],[19.0461024,47.5055786],[19.0460701,47.5055494],[19.0460498,47.5055159],[19.0460332,47.5054811],[19.046021,47.5054443],[19.0459646,47.505113],[19.0459559,47.5050903],[19.0459447,47.5050685],[19.0459313,47.5050456],[19.0459131,47.5050236],[19.0458884,47.5050014],[19.0458613,47.504981],[19.0458357,47.5049684],[19.0458076,47.5049566],[19.045772,47.5049442],[19.0457364,47.5049334],[19.0456985,47.5049264],[19.0456594,47.504921],[19.0454148,47.5049017],[19.0453778,47.5048977],[19.0453359,47.5048905],[19.0452865,47.5048786],[19.04525,47.504868],[19.0452136,47.5048567],[19.0451771,47.5048417],[19.0451462,47.504826],[19.0451392,47.5048224],[19.0451051,47.5047988],[19.0450746,47.5047754],[19.0450405,47.5047425],[19.0450103,47.5046705]]}},
{"type":"Feature","properties":{"id":"way/55493766","railway":"tram"},"geometry":{"type":"LineString","coordinates":[[19.0601001,47.4845065],[19.0602816,47.484465],[19.0604108,47.4844283],[19.0605256,47.4843866],[19.0606294,47.4843335],[19.0607494,47.4842549],[19.0611966,47.4839346],[19.0619513,47.483408],[19.0624763,47.483049],[19.0625323,47.4830081],[19.0626217,47.4829395],[19.0628468,47.4827618],[19.0630293,47.4826319],[19.0637955,47.4821001],[19.0641508,47.4818403],[19.0642798,47.481726],[19.0645538,47.4814339]]}},
{"type":"Feature","properties":{"id":"way/55493767","railway":"tram"},"geometry":{"type":"LineString","coordinates":[[19.0679342,47.4788473],[19.0678222,47.4789088],[19.0677515,47.478936],[19.0677399,47.4789405],[19.0676583,47.4789718],[19.0672022,47.4791195],[19.0670718,47.4791885],[19.0669522,47.479272]]}},
{"type":"Feature","properties":{"id":"way/55493768","railway":"tram"},"geometry":{"type":"LineString","coordinates":[[19.0654887,47.4804625],[19.0657048,47.4802457],[19.0662802,47.4797143],[19.0665274,47.4794586],[19.0666187,47.4793803]]}},
{"type":"Feature","properties":{"id":"way/55493769","railway":"tram"},"geometry":{"type":"LineString","coordinates":[[19.0656353,47.4805252],[19.0656208,47.4805392],[19.0648833,47.4812509]]}},
{"type":"Feature","properties":{"id":"way/55493770","railway":"tram"},"geometry":{"type":"LineString","coordinates":[[19.0468644,47.4992093],[19.0468458,47.4991307],[19.0468412,47.4990426],[19.0468673,47.498896],[19.0470842,47.4983623]]}},
{"type":"Feature","properties":{"id":"way/55493772","bridge":"yes","layer":"1","railway":"tram"},"geometry":{"type":"LineString","coordinates":[[19.0481797,47.4958543],[19.0476757,47.4967026],[19.0473975,47.4972412],[19.0472399,47.4975635]]}},
{"type":"Feature","properties":{"id":"way/55493775","railway":"tram"},"geometry":{"type":"LineString","coordinates":[[19.0450103,47.5046705],[19.0450105,47.5045867],[19.0450585,47.5042834]]}},
{"type":"Feature","properties":{"id":"way/55493777","railway":"tram"},"geometry":{"type":"LineString","coordinates":[[19.0600918,47.4845358],[19.0599299,47.484561],[19.0599095,47.4845658],[19.0598177,47.4845875],[19.059647,47.4846244],[19.0594309,47.4846821],[19.0593189,47.4847208],[19.059148,47.4847875],[19.0589927,47.4848639],[19.0589271,47.4849065],[19.0588386,47.484964],[19.0588023,47.4849923],[19.0587509,47.4850324],[19.0587293,47.4850503]]}},
{"type":"Feature","properties":{"id":"way/55494138","railway":"tram"},"geometry":{"type":"LineString","coordinates":[[19.0496257,47.493633],[19.0495485,47.4937491]]}},
{"type":"Feature","properties":{"id":"way/55494139","railway":"tram"},"geometry":{"type":"LineString","coordinates":[[19.0504089,47.4926448],[19.0496257,47.493633]]}},
{"type":"Feature","properties":{"id":"way/55494140","railway":"tram"},"geometry":{"type":"LineString","coordinates":[[19.0495917,47.4936237],[19.0503751,47.4926351]]}},
{"type":"Feature","properties":{"id":"way/55494141","railway":"tram"},"geometry":{"type":"LineString","coordinates":[[19.0514126,47.4910733],[19.0515804,47.4908516]]}},
{"type":"Feature","properties":{"id":"way/55494142","railway":"tram"},"geometry":{"type":"LineString","coordinates":[[19.0514482,47.4910863],[19.0511826,47.4914402],[19.0508473,47.4918806]]}},
{"type":"Feature","properties":{"id":"way/55494143","railway":"tram"},"geometry":{"type":"LineString","coordinates":[[19.0505927,47.4923807],[19.0506695,47.4922759],[19.0506846,47.492205],[19.0506899,47.492174],[19.0507381,47.4919865],[19.0508134,47.4918668]]}},
{"type":"Feature","properties":{"id":"way/55499023","railway":"tram"},"geometry":{"type":"LineString","coordinates":[[19.0552135,47.497496],[19.0551783,47.4975127]]}},
{"type":"Feature","properties":{"id":"way/55532880","railway":"tram"},"geometry":{"type":"LineString","coordinates":[[19.0466936,47.4747814],[19.0467049,47.4748207],[19.0467214,47.4748656],[19.0467273,47.4748819],[19.046782,47.4750179],[19.0468112,47.4750913],[19.0469794,47.475629],[19.0470793,47.4759721],[19.04712,47.4761422],[19.0471377,47.4762107],[19.0471533,47.4762712],[19.0471982,47.4764692],[19.0472184,47.4766222],[19.0472274,47.4766869],[19.0472705,47.4769849]]}},
{"type":"Feature","properties":{"id":"way/55532881","railway":"tram"},"geometry":{"type":"LineString","coordinates":[[19.0463604,47.4907664],[19.0465003,47.4906696],[19.0466157,47.4905826],[19.0468089,47.4904031],[19.0469821,47.4902516]]}},
{"type":"Feature","properties":{"id":"way/55532882","railway":"tram"},"geometry":{"type":"LineString","coordinates":[[19.0258676,47.5073297],[19.0257504,47.5072369],[19.0255558,47.5070927],[19.0253645,47.5069296],[19.0252415,47.5068254],[19.0249673,47.5065887],[19.0248727,47.5065052],[19.0248265,47.506467],[19.0247839,47.5064286],[19.0247491,47.506396],[19.0246833,47.5063136]]}},
{"type":"Feature","properties":{"id":"way/55532883","railway":"tram"},"geometry":{"type":"LineString","coordinates":[[19.0453536,47.4779961],[19.044904,47.4780531],[19.0447434,47.4780734],[19.0439549,47.4781723],[19.0438529,47.478186],[19.0437422,47.4782009],[19.0431084,47.4782794],[19.0427646,47.4783229],[19.0425428,47.4783523],[19.0423006,47.4783874],[19.0421087,47.4784228],[19.0419439,47.478456],[19.0418266,47.4784818],[19.0416726,47.4785202],[19.0410018,47.4786975],[19.0405648,47.478813],[19.0404763,47.4788361],[19.0403891,47.4788583],[19.0403061,47.4788805],[19.0400155,47.4789596],[19.039781,47.4790293],[19.038303,47.4794584],[19.0381472,47.4795113],[19.0379838,47.479573],[19.0369931,47.4799953],[19.0369156,47.480028],[19.0365261,47.4801926],[19.0364453,47.4802264],[19.0363631,47.4802616],[19.0362777,47.4802974],[19.0358802,47.4804675],[19.0332432,47.4815901],[19.0329254,47.4817245],[19.0326126,47.4818559],[19.0325292,47.4818913],[19.0324439,47.4819276],[19.0323655,47.4819609],[19.0307494,47.482648],[19.0300796,47.4829329],[19.0300068,47.4829631],[19.0299102,47.4830032],[19.0298872,47.4830128],[19.0298318,47.4830389],[19.0296551,47.483122],[19.029544,47.4831717],[19.0294241,47.4832153],[19.0292946,47.4832576],[19.0288704,47.4833892],[19.0274947,47.4838457],[19.0272643,47.4839221],[19.0270178,47.4840033],[19.0269614,47.4840233],[19.0268962,47.4840491],[19.0268387,47.4840745],[19.0267888,47.4840988],[19.0267512,47.4841187],[19.0267368,47.484127],[19.0264377,47.4843134],[19.0262477,47.4844295]]}},
{"type":"Feature","properties":{"id":"way/55532884","railway":"tram"},"geometry":{"type":"LineString","coordinates":[[19.047323,47.4773676],[19.0473336,47.4774305],[19.0473517,47.4775717],[19.0473689,47.4776399],[19.0473987,47.4776923],[19.0474253,47.4777224],[19.0474541,47.4777475],[19.0474873,47.4777709],[19.0475264,47.4777918],[19.0475819,47.4778155]]}},
{"type":"Feature","properties":{"id":"way/55532889","railway":"tram"},"geometry":{"type":"LineString","coordinates":[[19.0247232,47.5063004],[19.0247908,47.5063778],[19.0248388,47.5064252],[19.0249094,47.5064851],[19.0249763,47.5065445],[19.0252671,47.5067957],[19.0253457,47.5068653],[19.0253995,47.5069117],[19.0254619,47.5069642],[19.0256031,47.5070856],[19.0257827,47.507217],[19.0259102,47.5073127],[19.0259771,47.5073704],[19.0261866,47.5075504]]}},
{"type":"Feature","properties":{"id":"way/55532891","railway":"tram"},"geometry":{"type":"LineString","coordinates":[[19.0457846,47.4779123],[19.0462726,47.4778485]]}},
{"type":"Feature","properties":{"id":"way/564142267","railway":"tram"},"geometry":{"type":"LineString","coordinates":[[19.0463965,47.490782],[19.0463005,47.4908606],[19.0462593,47.4908993],[19.0462053,47.490956],[19.0461545,47.4910217],[19.0461034,47.4910976],[19.0460216,47.4912222],[19.0459315,47.4913613],[19.045862,47.4914535],[19.0458251,47.4915004]]}},
{"type":"Feature","properties":{"id":"way/564142268","railway":"tram"},"geometry":{"type":"LineString","coordinates":[[19.0457882,47.4914868],[19.0458265,47.4914313],[19.0458891,47.491351],[19.0459673,47.4912353],[19.0460621,47.4910849],[19.0461146,47.4910096],[19.0461654,47.4909442],[19.0462194,47.4908855],[19.046265,47.490842],[19.0463604,47.4907664]]}},
{"type":"Feature","properties":{"id":"way/58426128","railway":"tram"},"geometry":{"type":"LineString","coordinates":[[19.04174,47.497273],[19.0417672,47.4972086],[19.041782,47.4971728],[19.0418,47.4971186],[19.0418179,47.4970645],[19.0418313,47.4970289],[19.0418592,47.496969]]}},
{"type":"Feature","properties":{"id":"way/58426129","railway":"tram"},"geometry":{"type":"LineString","coordinates":[[19.0469821,47.4902516],[19.0468864,47.4903889]]}},
{"type":"Feature","properties":{"id":"way/58426131","railway":"tram"},"geometry":{"type":"LineString","coordinates":[[19.0400158,47.4927996],[19.0403102,47.4926575]]}},
{"type":"Feature","properties":{"id":"way/584422095","railway":"tram"},"geometry":{"type":"LineString","coordinates":[[19.0408358,47.4991432],[19.0407266,47.4994201],[19.040655,47.499619],[19.040594,47.4997888],[19.0405329,47.4999585],[19.040507,47.5000306],[19.0402733,47.5008013],[19.0400966,47.5014441],[19.0399959,47.5018618],[19.0399808,47.5019179],[19.0399543,47.5020334],[19.0399365,47.5021175],[19.0399091,47.5022294],[19.0398312,47.5025652],[19.0396709,47.5034602],[19.0396601,47.5035679],[19.039501,47.504859],[19.0394998,47.5048685],[19.039469,47.5051758]]}},
{"type":"Feature","properties":{"id":"way/584422096","railway":"tram"},"geometry":{"type":"LineString","coordinates":[[19.0394087,47.5053715],[19.0394202,47.5052286],[19.0394528,47.5048658],[19.0394534,47.5048566],[19.0394621,47.5047141],[19.0396138,47.5035634],[19.0396269,47.5034578],[19.0397901,47.5025621],[19.0398552,47.5022624],[19.0398642,47.5022232],[19.0398921,47.5021121],[19.0399093,47.5020273],[19.039936,47.5019113],[19.0400506,47.5014396],[19.0402257,47.5007962],[19.0404614,47.5000247],[19.0406077,47.4996179],[19.0406819,47.4994117],[19.0407675,47.4992028],[19.0407943,47.4991374],[19.0408167,47.4990864],[19.0408362,47.4990472],[19.040857,47.4990055],[19.0408784,47.4989642]]}},
{"type":"Feature","properties":{"id":"way/58507832","layer":"1","railway":"tram"},"geometry":{"type":"LineString","coordinates":[[19.0627698,47.5352627],[19.0623567,47.5354266],[19.0620247,47.5355485],[19.0615786,47.53569],[19.0604799,47.5359659]]}},
{"type":"Feature","properties":{"id":"way/58507838","layer":"1","railway":"tram"},"geometry":{"type":"LineString","coordinates":[[19.0427389,47.5400501],[19.042983,47.5399849],[19.0431976,47.5399315],[19.0441994,47.5397386],[19.0445615,47.5396698],[19.0447184,47.5396381],[19.0448284,47.5396146],[19.0449638,47.5395802],[19.0451516,47.5395231],[19.0454247,47.5394471],[19.0456339,47.5393973],[19.0458995,47.5393421],[19.0461315,47.5393031],[19.0464414,47.5392581],[19.046463,47.5392545],[19.0465646,47.5392377]]}},
{"type":"Feature","properties":{"id":"way/58680396","railway":"tram"},"geometry":{"type":"LineString","coordinates":[[19.0236758,47.5071248],[19.0234966,47.5072231],[19.023393,47.5072771],[19.0232997,47.5073155],[19.0231776,47.5073522],[19.0230311,47.5073869],[19.0228397,47.5074336],[19.0226554,47.5074778],[19.0226058,47.5074887],[19.0225263,47.5075063],[19.0224726,47.5075194],[19.0223686,47.5075455],[19.022262,47.5075749],[19.0221738,47.5076064],[19.0220665,47.5076463],[19.0220097,47.5076764],[19.0219672,47.5077051],[19.0219001,47.5077584],[19.0217823,47.5078558],[19.0215997,47.5079943],[19.0213646,47.5081445]]}},
{"type":"Feature","properties":{"id":"way/58680401","railway":"tram"},"geometry":{"type":"LineString","coordinates":[[19.0239658,47.4989215],[19.0239643,47.4988045],[19.0239634,47.4987335],[19.0239507,47.4986262],[19.0239499,47.4986082]]}},
{"type":"Feature","properties":{"id":"way/59097912","railway":"tram"},"geometry":{"type":"LineString","coordinates":[[19.0365018,47.5326068],[19.0362968,47.5327711],[19.0361414,47.5328955],[19.0358752,47.5330975],[19.0357311,47.5332267],[19.0356276,47.5333187],[19.0355997,47.533345],[19.0355632,47.5333801],[19.0354274,47.5335214],[19.0350047,47.5340556],[19.0347599,47.5343653],[19.0344865,47.5347072],[19.0338614,47.5354922],[19.033603,47.5358123],[19.0335766,47.535852],[19.0335179,47.535942],[19.0334768,47.5359999],[19.0332094,47.5363717],[19.0329137,47.5367737],[19.0327582,47.5369941],[19.0326381,47.5371784],[19.032494,47.5374002],[19.0323484,47.5376247],[19.0321976,47.5378588],[19.0320916,47.5380218],[19.0319387,47.538259],[19.0318394,47.5384258],[19.0318301,47.5384414],[19.0318061,47.5384964],[19.0317588,47.5386047],[19.0317047,47.5387284],[19.031498,47.5392062],[19.0314177,47.539392],[19.0312762,47.5397112],[19.0311864,47.5399189],[19.0311242,47.5400682],[19.0310894,47.5401519],[19.0310556,47.5402331],[19.0310343,47.5402894],[19.030885,47.5406445],[19.0307998,47.5408395],[19.0307455,47.5409784],[19.0306436,47.5412242],[19.0305705,47.5414189],[19.0305651,47.5414379],[19.0304994,47.5416611],[19.03025,47.5426732],[19.0301297,47.5431449],[19.0300963,47.5432762],[19.0300459,47.5434741],[19.0299552,47.5438298],[19.0297412,47.5446002],[19.0296228,47.5451222],[19.0296166,47.5451421],[19.029581,47.5452597],[19.0294833,47.545579],[19.0293805,47.5459769],[19.0291672,47.5467756],[19.0291559,47.5468349],[19.0290887,47.5470965]]}},
{"type":"Feature","properties":{"id":"way/595421862","railway":"tram"},"geometry":{"type":"LineString","coordinates":[[19.0243711,47.5073697],[19.0242242,47.5073772],[19.0241416,47.5073814]]}},
{"type":"Feature","properties":{"id":"way/595421863","railway":"tram"},"geometry":{"type":"LineString","coordinates":[[19.0230976,47.5074151],[19.0234072,47.5073955],[19.0241358,47.5073495]]}},
{"type":"Feature","properties":{"id":"way/595819860","layer":"-1","railway":"tram","tunnel":"yes"},"geometry":{"type":"LineString","coordinates":[[19.0246833,47.5063136],[19.0246041,47.506228]]}},
{"type":"Feature","properties":{"id":"way/595819861","layer":"-1","railway":"tram","tunnel":"yes"},"geometry":{"type":"LineString","coordinates":[[19.0246736,47.5063152],[19.0246349,47.5062664],[19.0246041,47.506228]]}},
{"type":"Feature","properties":{"id":"way/598220662","railway":"tram"},"geometry":{"type":"LineString","coordinates":[[19.0708114,47.4958571],[19.0708346,47.4956461],[19.0708466,47.4955071],[19.0708848,47.4951953],[19.0709586,47.4945],[19.0710514,47.4936476],[19.0710615,47.4935669],[19.0711129,47.4931],[19.0711167,47.4929982],[19.071116,47.4929079],[19.0710501,47.4924064],[19.0710423,47.4923539],[19.0710301,47.4922487],[19.0707762,47.4905807],[19.0707708,47.4905183],[19.0707637,47.4904355]]}},
{"type":"Feature","properties":{"id":"way/598220663","railway":"tram"},"geometry":{"type":"LineString","coordinates":[[19.0707952,47.4903674],[19.0708028,47.4904386],[19.070813,47.4905225],[19.0708291,47.4906543],[19.0710719,47.4922432],[19.0710857,47.492352],[19.0711564,47.4928742],[19.0711571,47.4929065],[19.0711585,47.4930015],[19.0711542,47.4931032],[19.0711043,47.4935743],[19.0710931,47.4936541],[19.0710021,47.494502],[19.0709265,47.4951996],[19.0708907,47.4955087],[19.0708759,47.4956483],[19.070848,47.4958605],[19.0708396,47.4959622],[19.0708217,47.4961402],[19.0707973,47.4962439],[19.0706533,47.496743]]}},
{"type":"Feature","properties":{"id":"way/598220664","railway":"tram"},"geometry":{"type":"LineString","coordinates":[[19.0629638,47.5055791],[19.062416,47.505998],[19.0622621,47.5061022],[19.0621516,47.506177],[19.0618411,47.5063872],[19.0614505,47.5066646]]}},
{"type":"Feature","properties":{"id":"way/598220665","railway":"tram"},"geometry":{"type":"LineString","coordinates":[[19.0618015,47.5063584],[19.0620252,47.5062011],[19.062097,47.5061452],[19.0622046,47.5060667],[19.0623429,47.5059598],[19.0628955,47.5055425]]}},
{"type":"Feature","properties":{"id":"way/616382888","railway":"tram"},"geometry":{"type":"LineString","coordinates":[[19.0261866,47.5075504],[19.0262278,47.5075906],[19.0262548,47.5076175],[19.0263536,47.5077013],[19.0264021,47.5077454],[19.0265979,47.5079157],[19.026775,47.5080693],[19.0272857,47.50851],[19.027343,47.5085596],[19.0273774,47.5085892],[19.0276621,47.5088374],[19.0282322,47.5093299],[19.0284228,47.509494],[19.0285058,47.5095614],[19.0286124,47.5096391],[19.0286938,47.5096947],[19.0288227,47.5097697],[19.0290394,47.5098788],[19.0294344,47.5100361],[19.0296402,47.5101206],[19.0301288,47.5103009],[19.030714,47.5104966],[19.0311096,47.5106187],[19.0314271,47.5107103],[19.0314986,47.5107325]]}},
{"type":"Feature","properties":{"id":"way/616382889","railway":"tram"},"geometry":{"type":"LineString","coordinates":[[19.031497,47.5108095],[19.0313855,47.5107658],[19.0313034,47.5107356],[19.0311184,47.5106684],[19.0305466,47.5104715],[19.0301111,47.5103262],[19.029912,47.5102582],[19.0295106,47.5101014],[19.029391,47.5100547],[19.0291277,47.5099515],[19.0289511,47.5098736],[19.0287939,47.5097946],[19.0286556,47.5097122],[19.0285703,47.5096558],[19.0284764,47.5095858],[19.0283865,47.5095144],[19.0281993,47.509353],[19.0276302,47.5088564],[19.0274246,47.5086817],[19.0273391,47.5086074],[19.0273076,47.5085789],[19.0268216,47.5081578],[19.0267826,47.5081241],[19.0267172,47.5080694],[19.026514,47.5078908],[19.0263099,47.5077167],[19.0262883,47.5076964],[19.0262026,47.5076227],[19.0261313,47.5075613]]}},
{"type":"Feature","properties":{"id":"way/626503008","railway":"tram"},"geometry":{"type":"LineString","coordinates":[[19.0331657,47.5461189],[19.0332373,47.546061],[19.0333136,47.5459995],[19.0333232,47.5459916],[19.0335635,47.5457986],[19.0347212,47.544915],[19.034829,47.5448363],[19.0348638,47.5448109],[19.0349779,47.5447292],[19.0349962,47.5447165],[19.0351643,47.544588],[19.0364249,47.5437257],[19.0369411,47.543381],[19.0372898,47.5431485],[19.0373532,47.5431049],[19.0375815,47.5429509],[19.0385001,47.5423909],[19.0393744,47.5418446],[19.0394352,47.5418058],[19.0395193,47.5417487],[19.0395629,47.5417164],[19.0396501,47.5416604],[19.0400795,47.5413796],[19.0405334,47.5410897],[19.0408338,47.5409093],[19.0409163,47.5408623],[19.0410304,47.5408029],[19.0411209,47.5407565],[19.0412106,47.5407102],[19.0412738,47.5406772],[19.0413736,47.5406265],[19.0416291,47.5404976],[19.0418592,47.5403841],[19.0421368,47.5402601],[19.0422776,47.5402058],[19.0424439,47.5401451],[19.0427389,47.5400501]]}},
{"type":"Feature","properties":{"id":"way/626503010","railway":"tram"},"geometry":{"type":"LineString","coordinates":[[19.0640498,47.5344512],[19.0646264,47.5340715],[19.0648665,47.5339016],[19.0654638,47.533449],[19.0661038,47.5329813],[19.0662744,47.5328589],[19.0665045,47.532688],[19.0666548,47.5325786],[19.0667764,47.5324895],[19.0668411,47.5324329],[19.0669463,47.5323583],[19.0670082,47.5323133],[19.0671692,47.5322025],[19.067475,47.5320195],[19.0681128,47.531658],[19.0682983,47.5315445],[19.0683675,47.5314977],[19.0684428,47.5314586],[19.0685844,47.5313682],[19.0687793,47.5312457],[19.069524,47.5307902],[19.0697578,47.5306429],[19.0698889,47.5305662],[19.0700459,47.5304702],[19.0706795,47.5300597],[19.0712646,47.5296714],[19.0716284,47.5294435],[19.0717211,47.5293855],[19.0718355,47.5293173],[19.0725837,47.5289193],[19.072953,47.5286824],[19.0736477,47.5282431],[19.0740929,47.5279662],[19.0743392,47.5278088],[19.0755618,47.5270216],[19.0758244,47.5268549],[19.0759189,47.5267949],[19.0764844,47.5264324],[19.0767735,47.5262436],[19.0774973,47.5257963]]}},
{"type":"Feature","properties":{"id":"way/626503011","railway":"tram"},"geometry":{"type":"LineString","coordinates":[[19.0776158,47.5258288],[19.0770223,47.5261878],[19.0769108,47.5262624],[19.0767875,47.5263423],[19.0759874,47.5268576],[19.0757831,47.5269787],[19.0756099,47.5270813],[19.0748649,47.5275329],[19.0743657,47.5278484],[19.0736985,47.5282632],[19.0726212,47.5289591],[19.0720249,47.5293255],[19.0719285,47.5293847],[19.0717203,47.5295082],[19.0708788,47.5300389],[19.0702381,47.5304451],[19.0701877,47.530477],[19.0701205,47.5305224],[19.0699334,47.5306245],[19.0698203,47.5306912],[19.0686974,47.5313839],[19.0685932,47.5314496],[19.0685343,47.531488],[19.0684469,47.5315576],[19.0673518,47.5322586],[19.0669715,47.5325134],[19.0668548,47.5326007],[19.0667245,47.5326959],[19.0665714,47.5328123],[19.0663165,47.533014],[19.0660164,47.5332205],[19.0656808,47.5334477],[19.0653022,47.5336741],[19.0649921,47.5338806],[19.0641001,47.5345004]]}},
{"type":"Feature","properties":{"id":"way/629301639","railway":"tram"},"geometry":{"type":"LineString","coordinates":[[19.0394901,47.5148106],[19.0394898,47.5148255],[19.039481,47.5148629],[19.0394765,47.5148741],[19.0394687,47.5148931],[19.0394508,47.5149187],[19.0394247,47.5149503],[19.0393945,47.5149816],[19.0393556,47.5150119],[19.0393227,47.5150337],[19.0392912,47.5150504],[19.039261,47.5150645],[19.0392359,47.5150732],[19.0392128,47.5150803]]}},
{"type":"Feature","properties":{"id":"way/629301640","railway":"tram"},"geometry":{"type":"LineString","coordinates":[[19.0375531,47.5151484],[19.0374519,47.5151404],[19.0373667,47.5151532],[19.0372818,47.5151817],[19.0372476,47.5151989],[19.0372219,47.5152226],[19.0372181,47.5152275],[19.0371991,47.5152515],[19.0371769,47.5152895]]}},
{"type":"Feature","properties":{"id":"way/629301641","railway":"tram"},"geometry":{"type":"LineString","coordinates":[[19.0381495,47.515224],[19.0375531,47.5151484]]}},
{"type":"Feature","properties":{"id":"way/629301643","railway":"tram"},"geometry":{"type":"LineString","coordinates":[[19.0375947,47.5151156],[19.0380879,47.5151828],[19.0381527,47.5151913]]}},
{"type":"Feature","properties":{"id":"way/629301644","railway":"tram"},"geometry":{"type":"LineString","coordinates":[[19.0383949,47.5152224],[19.0383737,47.5152248],[19.0382916,47.5152315],[19.0381967,47.5152294],[19.0381495,47.515224]]}},
{"type":"Feature","properties":{"id":"way/629301645","railway":"tram"},"geometry":{"type":"LineString","coordinates":[[19.0391961,47.5150578],[19.0392203,47.5150504],[19.0392439,47.515042],[19.0392785,47.5150269],[19.03931,47.5150101],[19.0393388,47.5149934],[19.0393764,47.5149671],[19.0394072,47.5149399],[19.03943,47.5149137],[19.0394526,47.5148829],[19.03946,47.5148701],[19.0394709,47.5148513],[19.0394781,47.5148299],[19.0394837,47.5148105]]}},
{"type":"Feature","properties":{"id":"way/629301646","railway":"tram"},"geometry":{"type":"LineString","coordinates":[[19.0381527,47.5151913],[19.0382008,47.5151974],[19.0382931,47.5151988],[19.0383222,47.5151979],[19.038375,47.5151957],[19.0383967,47.5151936]]}},
{"type":"Feature","properties":{"id":"way/629301647","railway":"tram"},"geometry":{"type":"LineString","coordinates":[[19.0383967,47.5151936],[19.0389659,47.5151002],[19.039051,47.5150867],[19.0391054,47.5150778],[19.0391621,47.5150671]]}},
{"type":"Feature","properties":{"id":"way/629301648","railway":"tram"},"geometry":{"type":"LineString","coordinates":[[19.0371349,47.5152641],[19.0371539,47.5152337],[19.0371563,47.5152307],[19.0371679,47.5152139],[19.037177,47.5152008],[19.0372252,47.5151736],[19.037254,47.5151602],[19.0372916,47.5151455],[19.0373587,47.5151224],[19.0374512,47.5151066],[19.0375458,47.5151098],[19.0375947,47.5151156]]}},
{"type":"Feature","properties":{"id":"way/629301649","railway":"tram"},"geometry":{"type":"LineString","coordinates":[[19.0371769,47.5152895],[19.037157,47.5153265]]}},
{"type":"Feature","properties":{"id":"way/629301650","railway":"tram"},"geometry":{"type":"LineString","coordinates":[[19.0391692,47.5150925],[19.0391123,47.5151023],[19.0390541,47.5151127],[19.0383949,47.5152224]]}},
{"type":"Feature","properties":{"id":"way/629567326","railway":"tram"},"geometry":{"type":"LineString","coordinates":[[19.0368693,47.5164719],[19.0367367,47.5167067],[19.0366988,47.5167659],[19.0366482,47.516848],[19.0364527,47.5171796],[19.0364078,47.5172573],[19.0363536,47.5173649],[19.0363257,47.5174408]]}},
{"type":"Feature","properties":{"id":"way/629567327","railway":"tram"},"geometry":{"type":"LineString","coordinates":[[19.0368364,47.5164526],[19.0369562,47.5160317],[19.0370701,47.5154679],[19.0371092,47.5153227],[19.0371213,47.5152918],[19.0371349,47.5152641]]}},
{"type":"Feature","properties":{"id":"way/629936182","railway":"tram"},"geometry":{"type":"LineString","coordinates":[[19.0778754,47.5255513],[19.0779334,47.5255114],[19.0782969,47.5252645],[19.0788337,47.5249221],[19.0792812,47.5246559],[19.079596,47.5244508]]}},
{"type":"Feature","properties":{"id":"way/641316408","railway":"tram"},"geometry":{"type":"LineString","coordinates":[[19.0396991,47.5138429],[19.0397008,47.5139488],[19.0397008,47.5139493],[19.0397018,47.5139727],[19.0397029,47.5140235],[19.0397001,47.5140539],[19.039694,47.5140923],[19.0396775,47.514142],[19.0396579,47.5141746],[19.0395576,47.5143426],[19.0395276,47.5143928],[19.039506,47.5144448],[19.0394982,47.5144803],[19.0394962,47.5144996]]}},
{"type":"Feature","properties":{"id":"way/658270242","railway":"tram"},"geometry":{"type":"LineString","coordinates":[[19.0768436,47.4765287],[19.0771352,47.4763168],[19.0772392,47.4762303],[19.0772763,47.4761882],[19.0773101,47.4761536],[19.0773428,47.4761184],[19.0773668,47.4760926],[19.0774257,47.4760336],[19.0775308,47.4759289]]}},
{"type":"Feature","properties":{"id":"way/658270245","railway":"tram"},"geometry":{"type":"LineString","coordinates":[[19.0769708,47.4761043],[19.0770254,47.4761122],[19.0772058,47.4761379],[19.077213,47.4761388],[19.0773101,47.4761536],[19.0773664,47.4761613],[19.0775354,47.4761848],[19.0777082,47.4762096],[19.0779543,47.4762451]]}},
{"type":"Feature","properties":{"id":"way/67068803","railway":"tram"},"geometry":{"type":"LineString","coordinates":[[19.0663699,47.4798232],[19.066081,47.4801032],[19.0656353,47.4805252]]}},
{"type":"Feature","properties":{"id":"way/674540418","railway":"tram"},"geometry":{"type":"LineString","coordinates":[[19.0247127,47.5063043],[19.0247291,47.5063333],[19.0247484,47.5063755],[19.0247491,47.506396],[19.0247486,47.5064258],[19.0247447,47.5064474],[19.0247371,47.5064766],[19.0247287,47.5064976],[19.024718,47.5065152],[19.0247071,47.50653],[19.0246954,47.5065451],[19.024679,47.5065623],[19.0246613,47.5065797],[19.0246376,47.506599],[19.0246154,47.5066124],[19.0245729,47.5066359],[19.024166,47.5068544]]}},
{"type":"Feature","properties":{"id":"way/687271038","railway":"tram"},"geometry":{"type":"LineString","coordinates":[[19.0470241,47.4760688],[19.0470121,47.4760011],[19.0470137,47.475941],[19.0470019,47.4758795]]}},
{"type":"Feature","properties":{"id":"way/68741620","bridge":"yes","layer":"1","railway":"tram"},"geometry":{"type":"LineString","coordinates":[[19.0394035,47.5146117],[19.0395122,47.514615],[19.0396179,47.5146182],[19.0398772,47.514626],[19.0423878,47.5146761],[19.042565,47.5146796],[19.0433228,47.5146947]]}},
{"type":"Feature","properties":{"id":"way/68741649","railway":"tram"},"geometry":{"type":"LineString","coordinates":[[19.070848,47.4958605],[19.0708346,47.4956461]]}},
{"type":"Feature","properties":{"id":"way/68741650","railway":"tram"},"geometry":{"type":"LineString","coordinates":[[19.0618015,47.5063584],[19.0614505,47.5066646]]}},
{"type":"Feature","properties":{"id":"way/688197625","railway":"tram"},"geometry":{"type":"LineString","coordinates":[[19.0362889,47.5145225],[19.0369434,47.5145512]]}},
{"type":"Feature","properties":{"id":"way/688197626","railway":"tram"},"geometry":{"type":"LineString","coordinates":[[19.0358175,47.5143964],[19.0358789,47.5144338],[19.0359497,47.5144657],[19.0359737,47.5144751],[19.0360006,47.5144834],[19.0360465,47.514496],[19.0361058,47.5145068],[19.036173,47.5145143],[19.0362889,47.5145225]]}},
{"type":"Feature","properties":{"id":"way/688197627","railway":"tram"},"geometry":{"type":"LineString","coordinates":[[19.0344817,47.5120288],[19.0345165,47.512088],[19.0349259,47.5129179],[19.035043,47.5131542],[19.0350581,47.5131843],[19.0350957,47.5132608]]}},
{"type":"Feature","properties":{"id":"way/688197628","railway":"tram"},"geometry":{"type":"LineString","coordinates":[[19.0340685,47.5116799],[19.0341089,47.5117001],[19.0342003,47.5117554],[19.0342437,47.5117831],[19.034352,47.5118726],[19.0343972,47.5119193],[19.0344817,47.5120288]]}},
{"type":"Feature","properties":{"id":"way/688521387","railway":"tram"},"geometry":{"type":"LineString","coordinates":[[19.0365485,47.5325209],[19.0367656,47.5323498],[19.0368035,47.5323143],[19.0369198,47.5321911],[19.0370264,47.5320573],[19.0370434,47.5320306],[19.0370926,47.5319562],[19.037148,47.5318653],[19.0373244,47.5314494],[19.0375348,47.5309534],[19.0375834,47.5308389],[19.0377233,47.5305112],[19.037769,47.5304041],[19.0378176,47.5302462],[19.0378212,47.5302298],[19.0378645,47.5300347],[19.0379246,47.5294641],[19.0377702,47.5287864],[19.0376065,47.5280682],[19.037559,47.5278595],[19.0375275,47.5277142],[19.0375151,47.5276579],[19.0375026,47.5275919],[19.037493,47.5275447]]}},
{"type":"Feature","properties":{"id":"way/688521388","railway":"tram"},"geometry":{"type":"LineString","coordinates":[[19.0375236,47.5275425],[19.0375298,47.5275737],[19.0375333,47.5275892],[19.0375479,47.5276551],[19.0376286,47.5280139],[19.0379628,47.5294657],[19.0379461,47.5296323],[19.0379055,47.5300391],[19.0378812,47.5301995],[19.0378695,47.5302345],[19.0378045,47.5304293],[19.0377672,47.5305156],[19.0376156,47.5308663],[19.0375942,47.5309179],[19.0372605,47.5317214],[19.0371929,47.5318842],[19.0371583,47.5319356],[19.0370852,47.532044],[19.0370601,47.5320813],[19.036989,47.5321785],[19.0368383,47.5323324],[19.0367513,47.5324052],[19.0365018,47.5326068]]}},
{"type":"Feature","properties":{"id":"way/696727180","railway":"tram"},"geometry":{"type":"LineString","coordinates":[[19.0551783,47.4975127],[19.0550567,47.4975751],[19.0549808,47.4976378],[19.0548978,47.4977279]]}},
{"type":"Feature","properties":{"id":"way/696728486","railway":"tram"},"geometry":{"type":"LineString","coordinates":[[19.0566609,47.5099795],[19.0567314,47.5099411],[19.0567995,47.5099024],[19.0568136,47.5098944],[19.0568589,47.5098675],[19.0569122,47.5098328],[19.0569849,47.5097822],[19.0570356,47.5097447],[19.0570861,47.5097058],[19.0578487,47.5090991],[19.0579315,47.5090352],[19.058023,47.5089667]]}},
{"type":"Feature","properties":{"id":"way/696728487","railway":"tram"},"geometry":{"type":"LineString","coordinates":[[19.058056,47.5089869],[19.0579648,47.5090548],[19.0578892,47.509115],[19.0570154,47.5098056],[19.0569647,47.5098409],[19.0569238,47.5098683],[19.0568741,47.5098993],[19.0568288,47.5099262],[19.0567995,47.509942],[19.0567622,47.5099619],[19.0567147,47.5099873],[19.0566439,47.5100239],[19.0561483,47.5102613]]}},
{"type":"Feature","properties":{"id":"way/696728488","railway":"tram"},"geometry":{"type":"LineString","coordinates":[[19.0362484,47.5145514],[19.0361299,47.5145437],[19.0360529,47.5145321],[19.0359794,47.5145132],[19.0359164,47.5144925],[19.0358466,47.5144597],[19.0357775,47.5144198],[19.0357003,47.5143482]]}},
{"type":"Feature","properties":{"id":"way/696728489","railway":"tram"},"geometry":{"type":"LineString","coordinates":[[19.0340256,47.5116571],[19.0340469,47.5116678],[19.0340685,47.5116799]]}},
{"type":"Feature","properties":{"id":"way/696728490","railway":"tram"},"geometry":{"type":"LineString","coordinates":[[19.0338858,47.511601],[19.0339224,47.5116168],[19.0339759,47.5116373],[19.0340256,47.5116571]]}},
{"type":"Feature","properties":{"id":"way/69969511","railway":"tram"},"geometry":{"type":"LineString","coordinates":[[19.0241416,47.5073814],[19.0240257,47.5073891],[19.0228305,47.5074603],[19.0227601,47.5074635],[19.0226554,47.5074778]]}},
{"type":"Feature","properties":{"id":"way/69969514","railway":"tram"},"geometry":{"type":"LineString","coordinates":[[19.0243678,47.5073386],[19.0251821,47.5072936],[19.0254209,47.5072801],[19.0255295,47.5072846],[19.0256455,47.5072982],[19.0257414,47.5073204],[19.0258261,47.5073513],[19.0258674,47.507368],[19.0259587,47.507411],[19.0260297,47.5074499],[19.0260982,47.5074925],[19.0261866,47.5075504]]}},
{"type":"Feature","properties":{"id":"way/700236028","railway":"tram"},"geometry":{"type":"LineString","coordinates":[[19.0703272,47.4874748],[19.070216,47.4866957]]}},
{"type":"Feature","properties":{"id":"way/700236029","railway":"tram"},"geometry":{"type":"LineString","coordinates":[[19.0707637,47.4904355],[19.0706318,47.489613],[19.0706236,47.4895049],[19.0706115,47.4894227],[19.0706017,47.4893144],[19.0703365,47.4875299],[19.0703272,47.4874748]]}},
{"type":"Feature","properties":{"id":"way/700236030","railway":"tram"},"geometry":{"type":"LineString","coordinates":[[19.0703886,47.4875897],[19.0706453,47.4893156],[19.0706747,47.4894239],[19.070684,47.4895053],[19.0707952,47.4903674]]}},
{"type":"Feature","properties":{"id":"way/702045865","bridge":"yes","layer":"1","railway":"tram"},"geometry":{"type":"LineString","coordinates":[[19.0385381,47.5145964],[19.038855,47.5146007],[19.0389731,47.5146022],[19.0391822,47.514605],[19.0394035,47.5146117]]}},
{"type":"Feature","properties":{"id":"way/702045867","bridge":"yes","layer":"1","railway":"tram"},"geometry":{"type":"LineString","coordinates":[[19.0394015,47.5146449],[19.0391808,47.5146381],[19.0385307,47.514629]]}},
{"type":"Feature","properties":{"id":"way/702045868","railway":"tram"},"geometry":{"type":"LineString","coordinates":[[19.0373702,47.5145667],[19.0374354,47.51457],[19.0381724,47.5145939]]}},
{"type":"Feature","properties":{"id":"way/724431307","railway":"tram"},"geometry":{"type":"LineString","coordinates":[[19.0415333,47.4976893],[19.0414954,47.4977627],[19.0414147,47.4979108]]}},
{"type":"Feature","properties":{"id":"way/724431308","railway":"tram"},"geometry":{"type":"LineString","coordinates":[[19.0523587,47.4853418],[19.0518203,47.4858138],[19.0500116,47.4875105],[19.0499147,47.4875977],[19.0498258,47.4876655]]}},
{"type":"Feature","properties":{"id":"way/724431309","railway":"tram"},"geometry":{"type":"LineString","coordinates":[[19.0535338,47.4836915],[19.0535467,47.483706],[19.0535747,47.4837379]]}},
{"type":"Feature","properties":{"id":"way/724431310","railway":"tram"},"geometry":{"type":"LineString","coordinates":[[19.0535338,47.4836915],[19.0535491,47.4837049],[19.0535813,47.4837348]]}},
{"type":"Feature","properties":{"id":"way/724431311","railway":"tram"},"geometry":{"type":"LineString","coordinates":[[19.0535183,47.4841145],[19.053048,47.4844703]]}},
{"type":"Feature","properties":{"id":"way/724431312","railway":"tram"},"geometry":{"type":"LineString","coordinates":[[19.0535571,47.4841359],[19.0530933,47.4844839],[19.053082,47.4844924]]}},
{"type":"Feature","properties":{"id":"way/724431313","railway":"tram"},"geometry":{"type":"LineString","coordinates":[[19.053082,47.4844924],[19.0530402,47.4845301],[19.0530213,47.484554],[19.0530096,47.4845741],[19.0529978,47.484609],[19.0529995,47.4846588],[19.053011,47.4846892],[19.0530458,47.4847376],[19.0530919,47.4847729],[19.0531548,47.4848073]]}},
{"type":"Feature","properties":{"id":"way/733015566","railway":"tram"},"geometry":{"type":"LineString","coordinates":[[19.052322,47.4853238],[19.0523779,47.4852719],[19.0524396,47.4852055],[19.052505,47.4851155],[19.0525488,47.4850397],[19.0526774,47.4848052],[19.0527052,47.4847574],[19.0527342,47.4847169],[19.0527655,47.4846792],[19.0528035,47.4846343],[19.0528591,47.4845768],[19.0529173,47.4845229],[19.0530718,47.4844085]]}},
{"type":"Feature","properties":{"id":"way/733015567","railway":"tram"},"geometry":{"type":"LineString","coordinates":[[19.0530718,47.4844085],[19.053468,47.4841051]]}},
{"type":"Feature","properties":{"id":"way/733015568","railway":"tram"},"geometry":{"type":"LineString","coordinates":[[19.0535135,47.4837259],[19.053207,47.4834356],[19.0531794,47.4834054],[19.0531526,47.4833738],[19.0531209,47.4833357]]}},
{"type":"Feature","properties":{"id":"way/743441880","bridge":"yes","layer":"1","railway":"tram"},"geometry":{"type":"LineString","coordinates":[[19.0654191,47.4797753],[19.065626,47.4798735],[19.0660959,47.4800695],[19.0666999,47.480386],[19.066886,47.480487],[19.0670472,47.4805598]]}},
{"type":"Feature","properties":{"id":"way/747130875","railway":"tram"},"geometry":{"type":"LineString","coordinates":[[19.0366168,47.5168431],[19.0366564,47.5167543],[19.036669,47.5167152],[19.0366773,47.5166795],[19.0366873,47.5166297],[19.0366948,47.5165815],[19.0366981,47.5165194],[19.0366937,47.5164705],[19.0366868,47.5164286],[19.0366707,47.5163775]]}},
{"type":"Feature","properties":{"id":"way/747910283","railway":"tram"},"geometry":{"type":"LineString","coordinates":[[19.0600632,47.4772465],[19.0596988,47.4770712],[19.0595462,47.4769972],[19.0589558,47.4767117]]}},
{"type":"Feature","properties":{"id":"way/747910284","railway":"tram"},"geometry":{"type":"LineString","coordinates":[[19.0672636,47.4806842],[19.0673849,47.480756],[19.0676015,47.4808972],[19.0677505,47.4810169],[19.0678874,47.4811656],[19.0680398,47.4813701],[19.0681694,47.4815543]]}},
{"type":"Feature","properties":{"id":"way/749333949","railway":"tram"},"geometry":{"type":"LineString","coordinates":[[19.0487528,47.488675],[19.0475069,47.4898143],[19.0471927,47.4900995]]}},
{"type":"Feature","properties":{"id":"way/779107096","railway":"tram"},"geometry":{"type":"LineString","coordinates":[[19.0614505,47.5066646],[19.0595509,47.5079252],[19.0594591,47.5079854],[19.0593783,47.5080433],[19.0582831,47.5088235],[19.0582422,47.5088534],[19.0581805,47.5088991]]}},
{"type":"Feature","properties":{"id":"way/779107097","railway":"tram"},"geometry":{"type":"LineString","coordinates":[[19.0581484,47.5088775],[19.0582105,47.5088329],[19.0582865,47.5087783],[19.0593497,47.5080266],[19.0594297,47.5079699],[19.0595232,47.5079078],[19.0614283,47.5066358],[19.0618015,47.5063584]]}},
{"type":"Feature","properties":{"id":"way/779107098","railway":"tram"},"geometry":{"type":"LineString","coordinates":[[19.0581805,47.5088991],[19.0581488,47.5089215],[19.058056,47.5089869]]}},
{"type":"Feature","properties":{"id":"way/779107099","railway":"tram"},"geometry":{"type":"LineString","coordinates":[[19.058023,47.5089667],[19.0581148,47.5089014],[19.0581484,47.5088775]]}},
{"type":"Feature","properties":{"id":"way/779378806","railway":"tram"},"geometry":{"type":"LineString","coordinates":[[19.0470019,47.4758795],[19.047042,47.4759945],[19.0470667,47.4760436],[19.0470967,47.4760857],[19.04712,47.4761422]]}},
{"type":"Feature","properties":{"id":"way/781639138","railway":"tram"},"geometry":{"type":"LineString","coordinates":[[19.0587021,47.4850342],[19.058741,47.4850029],[19.0587746,47.4849784],[19.0588563,47.4849188],[19.0589808,47.4848345],[19.0591102,47.4847737],[19.059299,47.4846965],[19.0594147,47.4846521],[19.0595927,47.4846071],[19.0597988,47.4845618],[19.0598357,47.4845527],[19.0599298,47.4845352],[19.0601001,47.4845065]]}},
{"type":"Feature","properties":{"id":"way/781643175","railway":"tram"},"geometry":{"type":"LineString","coordinates":[[19.0413664,47.4978996],[19.0414541,47.4977509],[19.0416182,47.4974282],[19.0416552,47.4973546],[19.0418592,47.496969]]}},
{"type":"Feature","properties":{"id":"way/784153624","railway":"tram"},"geometry":{"type":"LineString","coordinates":[[19.0283394,47.4705426],[19.0284257,47.4705803],[19.0285149,47.4706208],[19.0291624,47.4708993],[19.0292597,47.4709421],[19.0295626,47.471075],[19.030708,47.4715726],[19.0308835,47.4716489],[19.0326347,47.4724097],[19.0330501,47.4725885],[19.0336819,47.4728639],[19.0336999,47.4728718],[19.033725,47.4728828],[19.0339339,47.4729712],[19.033951,47.4729774],[19.0340203,47.4730066],[19.0340721,47.4730282],[19.0342298,47.4730931],[19.0343424,47.4731375],[19.0348057,47.4733115],[19.034837,47.4733224],[19.035173,47.4734435],[19.0355281,47.4735709],[19.0386661,47.474692],[19.0393259,47.4749271],[19.0394257,47.4749628],[19.0401517,47.4752226],[19.040251,47.4752557],[19.0404429,47.4753253],[19.040591,47.4753798],[19.0407472,47.4754345],[19.0409351,47.475501],[19.0414044,47.4756696],[19.0429295,47.4762148],[19.0432504,47.4763295],[19.0433647,47.4763688],[19.0434169,47.4763857],[19.0435566,47.4764364],[19.0455292,47.4771414],[19.0456909,47.4771938],[19.045869,47.4772487],[19.0459728,47.4772776],[19.0460917,47.4773122]]}},
{"type":"Feature","properties":{"id":"way/784899472","railway":"tram"},"geometry":{"type":"LineString","coordinates":[[19.0395992,47.5132372],[19.039604,47.5132629],[19.0396116,47.5133028],[19.0396582,47.5135529],[19.0396706,47.5136242],[19.0396991,47.5138429]]}},
{"type":"Feature","properties":{"id":"way/785624054","railway":"tram"},"geometry":{"type":"LineString","coordinates":[[19.0394962,47.5144996],[19.0394901,47.5147793],[19.0394901,47.5148106]]}},
{"type":"Feature","properties":{"id":"way/797676925","railway":"tram"},"geometry":{"type":"LineString","coordinates":[[19.0362506,47.5177256],[19.0362492,47.5177597],[19.0362484,47.5180275],[19.0362521,47.5181996]]}},
{"type":"Feature","properties":{"id":"way/797676926","railway":"tram"},"geometry":{"type":"LineString","coordinates":[[19.037493,47.5275447],[19.0374832,47.5274925],[19.0374131,47.5272314]]}},
{"type":"Feature","properties":{"id":"way/797676927","railway":"tram"},"geometry":{"type":"LineString","coordinates":[[19.0368051,47.5207832],[19.0368652,47.5210236],[19.0369075,47.5212486],[19.0369158,47.521329],[19.0369194,47.5213939],[19.0369223,47.5214572],[19.0369217,47.5217438],[19.0369212,47.5220928],[19.0369214,47.5221432],[19.0369166,47.5224838],[19.0369332,47.5227602],[19.0368966,47.5239068],[19.0369011,47.5242989],[19.0369032,47.5243582],[19.0369118,47.5244702],[19.0369159,47.5245216],[19.0369284,47.5246235],[19.0369537,47.5247722],[19.0370439,47.5252276],[19.0370529,47.5252729],[19.0370692,47.5253524],[19.0373326,47.5266393],[19.0373369,47.5266599],[19.0374323,47.5271183],[19.0374544,47.527227],[19.0375131,47.5274897],[19.0375236,47.5275425]]}},
{"type":"Feature","properties":{"id":"way/797676929","railway":"tram"},"geometry":{"type":"LineString","coordinates":[[19.0362543,47.5183353],[19.0362543,47.5184638],[19.0362611,47.5185527]]}},
{"type":"Feature","properties":{"id":"way/797676931","railway":"tram"},"geometry":{"type":"LineString","coordinates":[[19.0366057,47.5202479],[19.0365884,47.5201599],[19.0365173,47.5198835],[19.0364227,47.5194872],[19.0363199,47.5190902],[19.0362487,47.5187976],[19.0362261,47.5186378],[19.036216,47.5184973],[19.0362064,47.5180682],[19.0362017,47.5178536],[19.0362006,47.5177655],[19.0362074,47.5177051]]}},
{"type":"Feature","properties":{"id":"way/797676932","railway":"tram"},"geometry":{"type":"LineString","coordinates":[[19.0362611,47.5185527],[19.0362667,47.5186363],[19.0362936,47.5187915],[19.0363655,47.5190844],[19.0364636,47.5194729],[19.0365658,47.5198756],[19.0366925,47.5203763],[19.0367324,47.5205085],[19.0367773,47.5206665],[19.0367924,47.5207412],[19.0368051,47.5207832]]}},
{"type":"Feature","properties":{"id":"way/810863559","railway":"tram"},"geometry":{"type":"LineString","coordinates":[[19.0739626,47.4756695],[19.0753142,47.475867],[19.0757623,47.4759304],[19.0768865,47.4760923],[19.0769708,47.4761043]]}},
{"type":"Feature","properties":{"id":"way/815730594","railway":"tram"},"geometry":{"type":"LineString","coordinates":[[19.0507705,47.4793003],[19.0508802,47.4793682],[19.0509612,47.479433]]}},
{"type":"Feature","properties":{"id":"way/815730595","railway":"tram"},"geometry":{"type":"LineString","coordinates":[[19.0475819,47.4778155],[19.0478719,47.4779148],[19.0480042,47.477962],[19.0480735,47.4779877],[19.0482035,47.4780378],[19.0482747,47.4780663],[19.0488974,47.4783157],[19.0493161,47.4784823],[19.0494885,47.4785575],[19.0495991,47.4786096],[19.0497516,47.4786927],[19.0498138,47.4787284],[19.0499691,47.4788215],[19.0501756,47.4789445],[19.0503896,47.4790727],[19.0506697,47.4792396],[19.0507705,47.4793003]]}},
{"type":"Feature","properties":{"id":"way/815730596","railway":"tram"},"geometry":{"type":"LineString","coordinates":[[19.0509319,47.4794568],[19.0508743,47.479412],[19.0508068,47.4793642],[19.0507405,47.4793226]]}},
{"type":"Feature","properties":{"id":"way/815730597","railway":"tram"},"geometry":{"type":"LineString","coordinates":[[19.0507405,47.4793226],[19.0506652,47.4792786],[19.0497677,47.4787421],[19.049672,47.4786867],[19.049577,47.4786368],[19.0494671,47.4785832]]}},
{"type":"Feature","properties":{"id":"way/817730061","railway":"tram"},"geometry":{"type":"LineString","coordinates":[[19.0589944,47.4766393],[19.0596011,47.4769305],[19.0597631,47.4770097],[19.0601273,47.4771886]]}},
{"type":"Feature","properties":{"id":"way/817730062","railway":"tram"},"geometry":{"type":"LineString","coordinates":[[19.0589558,47.4767117],[19.0588278,47.4766474],[19.0587107,47.4765834],[19.0586586,47.4765521]]}},
{"type":"Feature","properties":{"id":"way/817730063","railway":"tram"},"geometry":{"type":"LineString","coordinates":[[19.0689537,47.476698],[19.0684933,47.4779526],[19.068365,47.4782971],[19.0682804,47.4784863],[19.0681809,47.4786338]]}},
{"type":"Feature","properties":{"id":"way/817730064","railway":"tram"},"geometry":{"type":"LineString","coordinates":[[19.0689901,47.4764943],[19.0690998,47.4761967]]}},
{"type":"Feature","properties":{"id":"way/817730065","railway":"tram"},"geometry":{"type":"LineString","coordinates":[[19.0682398,47.4784785],[19.068327,47.4782858],[19.0684054,47.4780805],[19.0689901,47.4764943]]}},
{"type":"Feature","properties":{"id":"way/826619498","railway":"tram"},"geometry":{"type":"LineString","coordinates":[[19.0681694,47.4815543],[19.0683322,47.4817888],[19.068398,47.4818925],[19.0685196,47.4821144],[19.0687814,47.4827479],[19.0688197,47.4828458],[19.068925,47.4831118],[19.0694801,47.484468],[19.069545,47.4846621],[19.0696345,47.4848969]]}},
{"type":"Feature","properties":{"id":"way/826619499","railway":"tram"},"geometry":{"type":"LineString","coordinates":[[19.070216,47.4866957],[19.0701701,47.4864128],[19.0701197,47.4862097]]}},
{"type":"Feature","properties":{"id":"way/826619500","railway":"tram"},"geometry":{"type":"LineString","coordinates":[[19.0674095,47.4808111],[19.0672258,47.4807131],[19.0669945,47.4806099]]}},
{"type":"Feature","properties":{"id":"way/826619501","railway":"tram"},"geometry":{"type":"LineString","coordinates":[[19.0670472,47.4805598],[19.0672636,47.4806842]]}},
{"type":"Feature","properties":{"id":"way/826619504","railway":"tram"},"geometry":{"type":"LineString","coordinates":[[19.0691858,47.4838839],[19.0688841,47.4831221],[19.0688629,47.483065]]}},
{"type":"Feature","properties":{"id":"way/826619506","bridge":"yes","layer":"1","railway":"tram"},"geometry":{"type":"LineString","coordinates":[[19.0608416,47.4776046],[19.0606093,47.4774903],[19.0603746,47.477387],[19.0600632,47.4772465]]}},
{"type":"Feature","properties":{"id":"way/828938869","railway":"tram"},"geometry":{"type":"LineString","coordinates":[[19.0690998,47.4761967],[19.0691073,47.4761764]]}},
{"type":"Feature","properties":{"id":"way/828938870","railway":"tram"},"geometry":{"type":"LineString","coordinates":[[19.0691362,47.4762007],[19.0689537,47.476698]]}},
{"type":"Feature","properties":{"id":"way/867900044","railway":"tram"},"geometry":{"type":"LineString","coordinates":[[19.0697819,47.4751076],[19.0695604,47.4753523],[19.0694144,47.4755564],[19.0693509,47.4756641],[19.0693356,47.4756951],[19.0692913,47.4757856],[19.0692597,47.4758643],[19.0691362,47.4762007]]}},
{"type":"Feature","properties":{"id":"way/888609391","railway":"tram"},"geometry":{"type":"LineString","coordinates":[[19.065591,47.5034134],[19.0656678,47.5033517]]}},
{"type":"Feature","properties":{"id":"way/888609392","railway":"tram"},"geometry":{"type":"LineString","coordinates":[[19.0656992,47.5033693],[19.0656305,47.5034317]]}},
{"type":"Feature","properties":{"id":"way/888609393","railway":"tram"},"geometry":{"type":"LineString","coordinates":[[19.0656305,47.5034317],[19.0656189,47.5034425],[19.0639852,47.5048327],[19.0637861,47.5049804],[19.0637126,47.5050386],[19.06339,47.5052638],[19.063267,47.505352],[19.0630834,47.5054871],[19.0630042,47.5055482],[19.0629638,47.5055791]]}},
{"type":"Feature","properties":{"id":"way/888609394","railway":"tram"},"geometry":{"type":"LineString","coordinates":[[19.0628955,47.5055425],[19.062943,47.5055114],[19.0630304,47.5054525],[19.0632184,47.5053265],[19.0633516,47.5052385],[19.0636775,47.5050174],[19.063753,47.504963],[19.0639404,47.5048085],[19.0655813,47.5034222],[19.065591,47.5034134]]}},
{"type":"Feature","properties":{"id":"way/888609608","railway":"tram"},"geometry":{"type":"LineString","coordinates":[[19.0688277,47.5004435],[19.0687558,47.5005452],[19.0686639,47.5006324]]}},
{"type":"Feature","properties":{"id":"way/888609609","railway":"tram"},"geometry":{"type":"LineString","coordinates":[[19.0686307,47.5006153],[19.0687252,47.5005202],[19.0687952,47.5004234]]}},
{"type":"Feature","properties":{"id":"way/888609610","railway":"tram"},"geometry":{"type":"LineString","coordinates":[[19.0656678,47.5033517],[19.0657296,47.5032985],[19.0661936,47.50287],[19.0662208,47.5028443],[19.0672642,47.5018642],[19.0673476,47.5017898],[19.0680061,47.5011807],[19.0682929,47.5009184],[19.0686187,47.500628],[19.0686307,47.5006153]]}},
{"type":"Feature","properties":{"id":"way/888609611","railway":"tram"},"geometry":{"type":"LineString","coordinates":[[19.0686639,47.5006324],[19.0686504,47.500645],[19.0683227,47.5009347],[19.0680345,47.5012012],[19.0673851,47.5018093],[19.0673002,47.5018841],[19.0662464,47.5028596],[19.0657909,47.5032834],[19.0657567,47.5033143],[19.0656992,47.5033693]]}},
{"type":"Feature","properties":{"id":"way/888610571","railway":"tram"},"geometry":{"type":"LineString","coordinates":[[19.0702439,47.4983409],[19.0701693,47.4985783],[19.0701292,47.4986736],[19.0700903,47.4987292],[19.0700751,47.4987497]]}},
{"type":"Feature","properties":{"id":"way/888610572","railway":"tram"},"geometry":{"type":"LineString","coordinates":[[19.0700376,47.4987352],[19.0700529,47.4987148],[19.0700933,47.498653],[19.0701314,47.498568],[19.070202,47.4983366]]}},
{"type":"Feature","properties":{"id":"way/888610573","railway":"tram"},"geometry":{"type":"LineString","coordinates":[[19.0700751,47.4987497],[19.0693758,47.4996936],[19.069294,47.4997951],[19.0688684,47.5003839],[19.0688277,47.5004435]]}},
{"type":"Feature","properties":{"id":"way/888610574","railway":"tram"},"geometry":{"type":"LineString","coordinates":[[19.0687952,47.5004234],[19.0688357,47.5003715],[19.0691918,47.4998674],[19.0692491,47.4997842],[19.0693544,47.4996451],[19.0700376,47.4987352]]}},
{"type":"Feature","properties":{"id":"way/888613920","railway":"tram"},"geometry":{"type":"LineString","coordinates":[[19.0577324,47.476059],[19.0576464,47.4760203],[19.0575685,47.4759903]]}},
{"type":"Feature","properties":{"id":"way/888731138","railway":"tram"},"geometry":{"type":"LineString","coordinates":[[19.0362074,47.5177051],[19.0362318,47.5175802],[19.0362566,47.5175016],[19.0362815,47.5174224]]}},
{"type":"Feature","properties":{"id":"way/888731139","railway":"tram"},"geometry":{"type":"LineString","coordinates":[[19.0363257,47.5174408],[19.0363059,47.5175049],[19.0362827,47.5175803],[19.0362506,47.5177256]]}},
{"type":"Feature","properties":{"id":"way/888735864","railway":"tram"},"geometry":{"type":"LineString","coordinates":[[19.0344438,47.5120417],[19.0343601,47.5119335],[19.0343039,47.5118783],[19.0341949,47.5117918],[19.0341279,47.5117475],[19.0340038,47.5116816]]}},
{"type":"Feature","properties":{"id":"way/888735865","railway":"tram"},"geometry":{"type":"LineString","coordinates":[[19.0338624,47.511625],[19.0333208,47.5114268],[19.0324979,47.5111268],[19.032346,47.5110764],[19.032295,47.5110629],[19.0321572,47.5110231],[19.031497,47.5108095]]}},
{"type":"Feature","properties":{"id":"way/937668296","railway":"tram"},"geometry":{"type":"LineString","coordinates":[[19.0381724,47.5145939],[19.0385381,47.5145964]]}},
{"type":"Feature","properties":{"id":"way/937668297","railway":"tram"},"geometry":{"type":"LineString","coordinates":[[19.0385307,47.514629],[19.0382116,47.5146264]]}},
{"type":"Feature","properties":{"id":"way/95151054","railway":"tram"},"geometry":{"type":"LineString","coordinates":[[19.0606801,47.5173416],[19.0609706,47.5172534],[19.0612907,47.5171561],[19.0613325,47.5171434]]}},
{"type":"Feature","properties":{"id":"way/95151094","railway":"tram"},"geometry":{"type":"LineString","coordinates":[[19.0786884,47.5266117],[19.078571,47.5264122],[19.0782864,47.5259811],[19.0782236,47.525881],[19.0781963,47.5258463],[19.0781664,47.525818],[19.0781295,47.5257888],[19.0780647,47.5257445],[19.0780013,47.5257057],[19.0779693,47.5256842],[19.0778927,47.5256423],[19.0778089,47.5255975],[19.0777184,47.5255517],[19.077681,47.5255332],[19.0776239,47.5255],[19.0774541,47.5254119],[19.0772627,47.5253095],[19.0763579,47.5248138],[19.0752317,47.5242046],[19.075195,47.5241852],[19.0750666,47.5241136],[19.0749341,47.5240416],[19.07371,47.5233798],[19.0723537,47.5226491],[19.0713952,47.5221311],[19.0699196,47.521326],[19.0693496,47.5210189],[19.0692622,47.5209719],[19.0691335,47.5209063],[19.0690124,47.5208434],[19.0678479,47.5201924],[19.0666865,47.5195809],[19.0666229,47.5195469],[19.0654289,47.5189079],[19.0653916,47.5188869],[19.0652409,47.5188013],[19.0647589,47.51855],[19.0647082,47.5185184],[19.0639656,47.5180965],[19.0636343,47.517942],[19.0634978,47.5178783],[19.0634739,47.5178672]]}},
{"type":"Feature","properties":{"id":"way/95194441","railway":"tram"},"geometry":{"type":"LineString","coordinates":[[19.0722365,47.4958145],[19.0721251,47.4958541],[19.0720123,47.4958956]]}},
{"type":"Feature","properties":{"id":"way/95194459","railway":"tram"},"geometry":{"type":"LineString","coordinates":[[19.0720009,47.4958665],[19.0721251,47.4958541],[19.0722477,47.4958462]]}},
{"type":"Feature","properties":{"id":"way/95275871","railway":"tram"},"geometry":{"type":"LineString","coordinates":[[19.0803113,47.4940268],[19.0802156,47.4940461],[19.079654,47.4941722],[19.0795318,47.4941998],[19.0776979,47.4946032],[19.0772907,47.4946976],[19.0771585,47.4947282],[19.0769949,47.49477],[19.0768933,47.4947959],[19.0767632,47.4948279],[19.0765219,47.4948827],[19.0757052,47.4950594],[19.0755067,47.4951056],[19.0748781,47.4952495],[19.0737111,47.495509],[19.0730404,47.4956738]]}},
{"type":"Feature","properties":{"id":"way/95275878","railway":"tram"},"geometry":{"type":"LineString","coordinates":[[19.0802561,47.4940741],[19.0796631,47.4942117],[19.0794875,47.4942499],[19.0775933,47.4946709],[19.0773124,47.4947338],[19.0771809,47.4947644],[19.0770198,47.4948002],[19.0769124,47.494825],[19.0765371,47.4949077],[19.0757408,47.4950885],[19.0752295,47.4952033],[19.074941,47.4952709],[19.0736898,47.4955516],[19.0730549,47.4957037]]}},
{"type":"Feature","properties":{"id":"way/95455513","railway":"tram"},"geometry":{"type":"LineString","coordinates":[[19.0613325,47.5171434],[19.0613675,47.5171346],[19.0614028,47.5171267],[19.0614385,47.517121],[19.0614731,47.5171177],[19.0616147,47.5171019]]}},
{"type":"Feature","properties":{"id":"way/95455516","railway":"tram"},"geometry":{"type":"LineString","coordinates":[[19.0613585,47.517179],[19.0614731,47.5171177],[19.0614985,47.5171041],[19.0615249,47.5170914],[19.0615544,47.5170788],[19.061585,47.5170672]]}},
{"type":"Feature","properties":{"id":"way/986590035","railway":"tram"},"geometry":{"type":"LineString","coordinates":[[19.0394947,47.5144996],[19.0394971,47.5144802],[19.0395049,47.5144444],[19.0395264,47.5143925],[19.0395574,47.5143405],[19.0396576,47.5141728],[19.0396762,47.5141417],[19.0396926,47.5140921],[19.0396987,47.5140538],[19.0397015,47.5140235],[19.0396998,47.5139729],[19.0396991,47.5139487],[19.0396978,47.5138429]]}},
{"type":"Feature","properties":{"id":"way/987178474","railway":"tram"},"geometry":{"type":"LineString","coordinates":[[19.0586525,47.4959462],[19.0585744,47.4959931],[19.0576219,47.4964211],[19.056738,47.4968355]]}},
{"type":"Feature","properties":{"id":"way/987178475","railway":"tram"},"geometry":{"type":"LineString","coordinates":[[19.0565228,47.4968092],[19.0565933,47.4967769],[19.0575356,47.4963362],[19.0585734,47.4958562]]}},
{"type":"Feature","properties":{"id":"way/987178476","railway":"tram"},"geometry":{"type":"LineString","coordinates":[[19.0562845,47.4969464],[19.0563575,47.4969053],[19.0565228,47.4968092]]}},
{"type":"Feature","properties":{"id":"way/987178477","railway":"tram"},"geometry":{"type":"LineString","coordinates":[[19.0556201,47.4972668],[19.0558699,47.4971468],[19.0561211,47.4970368],[19.0562845,47.4969464]]}},
{"type":"Feature","properties":{"id":"way/987178478","railway":"tram"},"geometry":{"type":"LineString","coordinates":[[19.056738,47.4968355],[19.056681,47.4968611],[19.056482,47.4969447]]}},
{"type":"Feature","properties":{"id":"way/987178479","railway":"tram"},"geometry":{"type":"LineString","coordinates":[[19.056482,47.4969447],[19.056418,47.4969652],[19.0561505,47.4970646],[19.0558956,47.4971823]]}},
{"type":"Feature","properties":{"id":"way/988450022","railway":"tram"},"geometry":{"type":"LineString","coordinates":[[19.0418592,47.496969],[19.0422782,47.4962222],[19.0422841,47.4962117],[19.0422899,47.4962014],[19.0427112,47.4954505],[19.0429484,47.4950385],[19.043203,47.4946909],[19.0433707,47.494483],[19.0440118,47.493677],[19.0440457,47.4936346],[19.0444071,47.4931825],[19.0444734,47.4931007],[19.0444853,47.4930856],[19.0449512,47.4925023],[19.0449846,47.492462],[19.0450239,47.4924147],[19.0452323,47.4921637],[19.0457424,47.4915397],[19.0457882,47.4914868]]}}
]}
